:020000040800F2
:1000000000000120198B00084D5600084F560008CB
:1000100051560008535600085556000800000000CD
:10002000000000000000000000000000575600081B
:1000300059560008000000005B5600085D56000895
:10004000618B0008618B0008618B0008618B0008E0
:10005000618B0008618B0008618B0008618B0008D0
:10006000618B0008618B0008618B0008618B0008C0
:10007000618B0008618B0008618B0008618B0008B0
:10008000618B0008618B0008618B000865560008D1
:1000900075560008618B0008618B000885560008C2
:1000A000618B0008618B0008618B0008618B000880
:1000B00091560008A1560008618B0008618B00086A
:1000C000618B0008618B0008618B0008B156000845
:1000D000618B0008618B0008618B0008618B000850
:1000E000618B0008618B0008618B00080000000034
:1000F0000000000000000000000000000000000000
:100100000000000000000000618B0008C1560008DC
:10011000618B0008618B0008618B0008618B00080F
:10012000618B0008618B0008618B0008618B0008FF
:10013000618B00080000000000000000D15600089C
:10014000618B0008E1560008618B0008618B000894
:10015000000000000000000000000000000000009F
:10016000000000000000000000000000000000008F
:10017000000000000000000000000000000000007F
:10018000000000000000000000000000000000006F
:10019000000000000000000000000000000000005F
:1001A000000000000000000000000000000000004F
:1001B000000000000000000000000000000000003F
:1001C000000000000000000000000000000000002F
:1001D000000000000000000000000000000000001F
:0401E0005FF8E0F1F3
:1001E80081F0004102E000BF83F0004330B54FEAE0
:1001F80041044FEA430594EA050F08BF90EA020F4D
:100208001FBF54EA000C55EA020C7FEA645C7FEADF
:10021800655C00F0E2804FEA5454D4EB5555B8BF02
:100228006D420CDD2C4480EA020281EA030382EA73
:10023800000083EA010180EA020281EA0303362D05
:1002480088BF30BD11F0004F4FEA01314FF4801CD8
:100258004CEA113102D0404261EB410113F0004FEA
:100268004FEA03334CEA133302D0524263EB4303A1
:1002780094EA050F00F0A780A4F10104D5F1200E3F
:100288000DDB02FA0EFC22FA05F2801841F100019A
:1002980003FA0EF2801843FA05F359410EE0A5F16E
:1002A80020050EF1200E012A03FA0EFC28BF4CF09F
:1002B800020C43FA05F3C01851EBE37101F0004555
:1002C80007D54FF0000EDCF1000C7EEB00006EEB62
:1002D8000101B1F5801F1BD3B1F5001F0CD34908EC
:1002E8005FEA30004FEA3C0C04F101044FEA445243
:1002F80012F5800F80F09A80BCF1004F08BF5FEACA
:10030800500C50F1000041EB045141EA050130BDA9
:100318005FEA4C0C404141EB0101013C28BFB1F5BB
:10032800801FE9D291F0000F04BF01460020B1FA06
:1003380081F308BF2033A3F10B03B3F120020CDAD9
:100348000C3208DD02F1140CC2F10C0201FA0CF0B7
:1003580021FA02F10CE002F11402D8BFC2F1200C1C
:1003680001FA02F120FA0CFCDCBF41EA0C019040D2
:10037800E41AA2BF01EB0451294330BD6FEA04041B
:100388001F3C1CDA0C340EDC04F11404C4F1200206
:1003980020FA04F001FA02F340EA030021FA04F318
:1003A80045EA030130BDC4F10C04C4F1200220FA6F
:1003B80002F001FA04F340EA0300294630BD21FAAD
:1003C80004F0294630BD94F0000F83F4801306BF73
:1003D80081F480110134013D4EE77FEA645C18BF67
:1003E8007FEA655C29D094EA050F08BF90EA020FFE
:1003F80005D054EA000C04BF1946104630BD91EAF6
:10040800030F1EBF0021002030BD5FEA545C05D1F8
:100418004000494128BF41F0004130BD14F5800437
:100428003CBF01F5801130BD01F0004545F0FE41AB
:1004380041F470014FF0000030BD7FEA645C1ABFE0
:10044800194610467FEA655C1CBF0B46024650EA17
:10045800013406BF52EA033591EA030F41F4002143
:1004680030BD00BF90F0000F04BF0021704730B5C9
:100478004FF4806404F132044FF000054FF000019E
:1004880050E700BF90F0000F04BF0021704730B55F
:100498004FF4806404F1320410F0004548BF404234
:1004A8004FF000013EE700BF42004FEAE2014FEA89
:1004B80031014FEA02701FBF12F07F4393F07F4F64
:1004C80081F06051704732F07F4208BF704793F067
:1004D8007F4F04BF41F40021704730B54FF460747A
:1004E80001F0004521F000411CE700BF50EA01027D
:1004F80008BF704730B54FF000050AE050EA010226
:1005080008BF704730B511F0004502D5404261EB95
:1005180041014FF4806404F132045FEA915C3FF4D6
:10052800D8AE4FF003025FEADC0C18BF03325FEA73
:10053800DC0C18BF033202EBDC02C2F1200300FA24
:1005480003FC20FA02F001FA03FE40EA0E0021FA49
:1005580002F11444BDE600BF70B54FF0FF0C4CF437
:10056800E06C1CEA11541DBF1CEA135594EA0C0FE9
:1005780095EA0C0F00F0DEF82C4481EA030621EA24
:100588004C5123EA4C5350EA013518BF52EA03355F
:1005980041F4801143F4801338D0A0FB02CE4FF011
:1005A8000005E1FB02E506F00042E0FB03E54FF041
:1005B8000006E1FB03569CF0000F18BF4EF0010E39
:1005C800A4F1FF04B6F5007F64F5407404D25FEA35
:1005D8004E0E6D4146EB060642EAC62141EA5551E8
:1005E8004FEAC52040EA5E504FEACE2EB4F1FD0C2A
:1005F80088BFBCF5E06F1ED8BEF1004F08BF5FEAA8
:10060800500E50F1000041EB045170BD06F0004659
:1006180046EA010140EA020081EA0301B4EB5C0406
:10062800C2BFD4EB0C0541EA045170BD41F48011FE
:100638004FF0000E013C00F3AB8014F1360FDEBF23
:10064800002001F0004170BDC4F10004203C35DAFF
:100658000C341BDC04F11404C4F1200500FA05F382
:1006680020FA04F001FA05F240EA020001F0004223
:1006780021F0004110EBD37021FA04F642EB060199
:100688005EEA430E08BF20EAD37070BDC4F10C04C3
:10069800C4F1200500FA04F320FA05F001FA04F287
:1006A80040EA020001F0004110EBD37041F1000173
:1006B8005EEA430E08BF20EAD37070BDC4F120057E
:1006C80000FA05F24EEA020E20FA04F301FA05F2E6
:1006D80043EA020321FA04F001F0004121FA04F28E
:1006E80020EA020000EBD3705EEA430E08BF20EA5E
:1006F800D37070BD94F0000F0FD101F00046400098
:1007080041EB010111F4801F08BF013CF7D041EA19
:10071800060195F0000F18BF704703F0004652001D
:1007280043EB030313F4801F08BF013DF7D043EAEE
:100738000603704794EA0C0F0CEA135518BF95EAA4
:100748000C0F0CD050EA410618BF52EA4306D1D12B
:1007580081EA030101F000414FF0000070BD50EA4A
:10076800410606BF1046194652EA430619D094EAD4
:100778000C0F02D150EA013613D195EA0C0F05D1BE
:1007880052EA03361CBF104619460AD181EA030112
:1007980001F0004141F0FE4141F470014FF00000CA
:1007A80070BD41F0FE4141F4780170BD70B54FF065
:1007B800FF0C4CF4E06C1CEA11541DBF1CEA1355E5
:1007C80094EA0C0F95EA0C0F00F0A7F8A4EB0504C7
:1007D80081EA030E52EA03354FEA013100F08880BE
:1007E8004FEA03334FF0805545EA131343EA126387
:1007F8004FEA022245EA111545EA10654FEA00263C
:100808000EF000419D4208BF964244F1FD0404F5F4
:10081800407402D25B084FEA3202B61A65EB030550
:100828005B084FEA32024FF480104FF4002CB6EB0D
:10083800020E75EB030E22BFB61A754640EA0C008D
:100848005B084FEA3202B6EB020E75EB030E22BFCD
:10085800B61A754640EA5C005B084FEA3202B6EB0E
:10086800020E75EB030E22BFB61A754640EA9C00CD
:100878005B084FEA3202B6EB020E75EB030E22BF9D
:10088800B61A754640EADC0055EA060E18D04FEA5B
:10089800051545EA16754FEA06164FEAC30343EAFB
:1008A80052734FEAC2025FEA1C1CC0D111F4801FC8
:1008B8000BD141EA00014FF000004FF0004CB6E7C1
:1008C80011F4801F04BF01430020B4F1FD0C88BF60
:1008D800BCF5E06F3FF6AFAEB5EB030C04BFB6EB6B
:1008E800020C5FEA500C50F1000041EB045170BD5E
:1008F8000EF0004E4EEA113114EB5C04C2BFD4EB8B
:100908000C0541EA045170BD41F480114FF0000E0E
:10091800013C90E645EA060E8DE60CEA135594EA8A
:100928000C0F08BF95EA0C0F3FF43BAF94EA0C0F8D
:100938000AD150EA01347FF434AF95EA0C0F7FF402
:1009480025AF104619462CE795EA0C0F06D152EA56
:1009580003353FF4FDAE1046194622E750EA41063A
:1009680018BF52EA43067FF4C5AE50EA41047FF44B
:100978000DAF52EA43057FF4EBAE12E74FF0FF3CB0
:1009880006E000BF4FF0010C02E000BF4FF0010C81
:100998004DF804CD4FEA410C7FEA6C5C4FEA430CFA
:1009A80018BF7FEA6C5C1BD001B050EA410C0CBF49
:1009B80052EA430C91EA030F02BF90EA020F0020AB
:1009C800704710F1000F91EA030F58BF994208BF12
:1009D80090422CBFD8176FEAE37040F001007047CF
:1009E8004FEA410C7FEA6C5C02D150EA013C07D126
:1009F8004FEA430C7FEA6C5CD6D152EA033CD3D071
:100A08005DF8040B704700BF8446104662468C466A
:100A18001946634600E000BF01B5FFF7B7FF00289D
:100A280048BF10F1000F01BD4DF808EDFFF7F4FFC6
:100A38000CBF012000205DF808FB00BF4DF808ED51
:100A4800FFF7EAFF34BF012000205DF808FB00BF74
:100A58004DF808EDFFF7E0FF94BF012000205DF896
:100A680008FB00BF4DF808EDFFF7CEFF94BF01204B
:100A780000205DF808FB00BF4DF808EDFFF7C4FF44
:100A880034BF012000205DF808FB00BF4FEA410297
:100A9800B2F1E04324BFB3F5001CDCF1FE5C0DD9D4
:100AA80001F0004C4FEAC0024CEA5070B2F1004F1E
:100AB80040EB830008BF20F00100704711F0804F21
:100AC80021D113F13872BCBF01F00040704741F4E6
:100AD80080114FEA5252C2F11802C2F1200C10FAEA
:100AE8000CF320FA02F018BF40F001004FEAC123CE
:100AF8004FEAD32303FA0CFC40EA0C0023FA02F372
:100B08004FEA4303CCE77FEA625307D150EA013347
:100B18001EBF4FF0FE4040F44000704701F0004017
:100B280040F0FE4040F40000704700BF80F00040F5
:100B380002E000BF81F0004142001FBF5FEA4103AD
:100B480092EA030F7FEA226C7FEA236C6AD04FEAAD
:100B58001262D2EB1363C1BFD218414048404140F2
:100B6800B8BF5B42192B88BF704710F0004F40F4A4
:100B7800000020F07F4018BF404211F0004F41F4C0
:100B8800000121F07F4118BF494292EA030F3FD08C
:100B9800A2F1010241FA03FC10EB0C00C3F120039F
:100BA80001FA03F100F0004302D5494260EB40002E
:100BB800B0F5000F13D3B0F1807F06D340084FEA99
:100BC800310102F10102FE2A51D2B1F1004F40EB8E
:100BD800C25008BF20F0010040EA030070474900F6
:100BE80040EB0000013A28BFB0F5000FEDD2B0FA93
:100BF80080FCACF1080CB2EB0C0200FA0CF0AABFB6
:100C080000EBC25052421843BCBFD0401843704753
:100C180092F0000F81F4000106BF80F40000013259
:100C2800013BB5E74FEA41037FEA226C18BF7FEA30
:100C3800236C21D092EA030F04D092F0000F08BF72
:100C48000846704790EA010F1CBF0020704712F059
:100C58007F4F04D1400028BF40F00040704712F198
:100C680000723CBF00F50000704700F0004343F0FD
:100C7800FE4040F4000070477FEA226216BF084633
:100C88007FEA23630146420206BF5FEA412390EAF6
:100C9800010F40F4800070474FF0000304E000BFEC
:100CA80010F0004348BF40425FEA000C08BF70479D
:100CB80043F0964301464FF000001CE050EA010261
:100CC80008BF70474FF000030AE000BF50EA010276
:100CD80008BF704711F0004302D5404261EB410163
:100CE8005FEA010C02BF84460146002043F0B64388
:100CF80008BFA3F18053A3F50003BCFA8CF2083AAD
:100D0800A3EBC25310DB01FA02FC634400FA02FCB5
:100D1800C2F12002BCF1004F20FA02F243EB0200BC
:100D280008BF20F00100704702F1200201FA02FC1E
:100D3800C2F1200250EA4C0021FA02F243EB020011
:100D480008BF20EADC7070474FF0FF0C1CEAD05255
:100D58001EBF1CEAD15392EA0C0F93EA0C0F6FD016
:100D68001A4480EA010C400218BF5FEA41211ED0F4
:100D78004FF0006343EA501043EA5111A0FB0131E0
:100D88000CF00040B1F5000F3EBF490041EAD371B5
:100D98005B0040EA010062F17F02FD2A1DD8B3F131
:100DA800004F40EBC25008BF20F00100704790F0A0
:100DB800000F0CF0004C08BF49024CEA502040EAF2
:100DC80051207F3AC2BFD2F1FF0340EAC2507047B8
:100DD80040F400004FF00003013A5DDC12F1190FF6
:100DE800DCBF00F000407047C2F10002410021FA68
:100DF80002F1C2F1200200FA02FC5FEA310040F180
:100E0800000053EA4C0308BF20EADC70704792F0F8
:100E1800000F00F0004C02BF400010F4000F013A30
:100E2800F9D040EA0C0093F0000F01F0004C02BF2B
:100E3800490011F4000F013BF9D041EA0C018FE79A
:100E48000CEAD15392EA0C0F18BF93EA0C0F0AD0A0
:100E580030F0004C18BF31F0004CD8D180EA0100C6
:100E680000F00040704790F0000F17BF90F0004F5F
:100E7800084691F0000F91F0004F14D092EA0C0F41
:100E880001D142020FD193EA0C0F03D14B0218BFD4
:100E9800084608D180EA010000F0004040F0FE401A
:100EA80040F40000704740F0FE4040F440007047B6
:100EB8004FF0FF0C1CEAD0521EBF1CEAD15392EA35
:100EC8000C0F93EA0C0F69D0A2EB030280EA010C25
:100ED80049024FEA402037D04FF0805343EA1111BE
:100EE80043EA10130CF000408B4238BF5B0042F11C
:100EF8007D024FF4000C8B4224BF5B1A40EA0C00C1
:100F0800B3EB510F24BFA3EB510340EA5C00B3EBF2
:100F1800910F24BFA3EB910340EA9C00B3EBD10FE0
:100F280024BFA3EBD10340EADC001B0118BF5FEA32
:100F38001C1CE0D1FD2A3FF650AF8B4240EBC2505B
:100F480008BF20F0010070470CF0004C4CEA50201C
:100F58007F32C2BFD2F1FF0340EAC250704740F46B
:100F680000004FF00003013A37E792F0000F00F05D
:100F7800004C02BF400010F4000F013AF9D040EADB
:100F88000C0093F0000F01F0004C02BF490011F46F
:100F9800000F013BF9D041EA0C0195E70CEAD15367
:100FA80092EA0C0F08D142027FF47DAF93EA0C0F4E
:100FB8007FF470AF084676E793EA0C0F04D14B0232
:100FC8003FF44CAF08466EE730F0004C18BF31F0E4
:100FD800004CCAD130F000427FF45CAF31F00043DE
:100FE8007FF43CAF5FE700BF4FF0FF3C06E000BF77
:100FF8004FF0010C02E000BF4FF0010C4DF804CD9A
:101008004FEA40024FEA41037FEA226C18BF7FEAA9
:10101800236C11D001B052EA530C18BF90EA010FAB
:1010280058BFB2EB030088BFC81738BF6FEAE1703A
:1010380018BF40F0010070477FEA226C02D15FEAD6
:10104800402C05D17FEA236CE4D15FEA412CE1D042
:101058005DF8040B704700BF844608466146FFE709
:101068000FB5FFF7C9FF002848BF10F1000F0FBDEB
:101078004DF808EDFFF7F4FF0CBF012000205DF8E4
:1010880008FB00BF4DF808EDFFF7EAFF34BF012069
:1010980000205DF808FB00BF4DF808EDFFF7E0FF02
:1010A80094BF012000205DF808FB00BF4DF808ED53
:1010B800FFF7D2FF94BF012000205DF808FB00BFB6
:1010C8004DF808EDFFF7C8FF34BF012000205DF898
:1010D80008FB00BF42000ED2B2F1FE4F0BD34FF017
:1010E8009E03B3EB126209D44FEA002343F0004396
:1010F80023FA02F070474FF00000704712F1610FB9
:1011080001D1420202D14FF0FF3070474FF000008A
:10111800704700BF53B94AB9002908BF00281CBF4F
:101128004FF0FF314FF0FF3000F00CB8ADF1080C74
:101138006DE904CE07F04AFEDDF804E0DDE902239C
:1011480004B07047704700BF0348044B834202D085
:10115800034B03B11847704780020020800200202B
:10116800000000000548064B1B1AD90F01EBA3012C
:10117800491002D0034B03B1184770478002002082
:10118800800200200000000010B5064C237843B907
:10119800FFF7DAFF044B13B10448AFF300800123D3
:1011A800237010BD8002002000000000A0900008FD
:1011B80008B5054B1BB105490548AFF30080BDE8EC
:1011C8000840FFF7CFBF00BF0000000084020020E6
:1011D800A0900008F0B585B00E4600230193029355
:1011E80003930190012302930523039301A9144853
:1011F80004F04AFC10B90024274606E002F03AFE43
:10120800F9E7013CE4B20134E4B2B44213D20C4D24
:10121800284604F01FFD4FF4FA71284604F06EFBCF
:10122800284604F0D1FC10F4007FEAD0284604F0E8
:1012380027FC0744E7E7B7FBF6F080B205B0F0BD3E
:101248009C02002008B504280AD8DFE800F0030B48
:10125800121920000020FFF7BDFF03460F4A108037
:1012680098B208BD0120FFF7B5FF03460B4A50802E
:10127800F6E70820FFF7AEFF0346084A9080EFE73D
:101288000E20FFF7A7FF0346044AD080E8E70F20A7
:10129800FFF7A0FF0346014A1081E1E7841A002006
:1012A80010B514210020FFF7CDFFFFF7EBF800225F
:1012B800114BFFF751F90CA3D3E90023FFF74CF9C1
:1012C8000BA3D3E90023FFF771FA00220B4BFFF7BA
:1012D80043F9FFF7DBFB0446FFF7FCFE80B2084B3F
:1012E8001881204610BD00BF6666666666660A40BD
:1012F800333333333333E33F0000303F00408F4014
:10130800A41800200000000010B514210120FFF7E8
:1013180099FFFFF7B7F80022114BFFF71DF90CA34F
:10132800D3E90023FFF718F90BA3D3E90023FFF74C
:101338003DFA00220B4BFFF70FF9FFF7A7FB044616
:10134800FFF7C8FE80B2084BD880204610BD00BF0A
:101358006666666666660A40333333333333E33F83
:101368000000303F00408F40A418002008B5142129
:101378000320FFF767FF40F24573984204D8012025
:10138800044B83F8340108BD0020024B83F8340174
:10139800F9E700BFA418002008B50A210420FFF7C8
:1013A80051FF40F24573984204D80120044B83F85A
:1013B800350108BD0020024B83F83501F9E700BF6D
:1013C800A418002008B50A210220FFF73BFF40F2CD
:1013D8004573984204D80120044B83F8360108BDB0
:1013E8000020024B83F83601F9E700BFA41800205B
:1013F80000B585B000230193029303931148124A64
:1014080002608360037303754FF46022C261436016
:101418000123036104F0BEFC68B900230193012392
:1014280002930523039301A9064804F02DFB28B96C
:1014380005B05DF804FB02F01DFDEEE702F01AFDB1
:10144800F6E700BF9C0200200024014010B588B0D8
:10145800002304930593069307930268204B9A424E
:1014680001D008B010BD03F56C439A6942F40072CC
:101478009A619A6902F400720092009A9A6942F09D
:1014880004029A619A6902F004020192019A9A6927
:1014980042F010029A619A6902F010020292029ACE
:1014A8009A6942F008029A619B6903F00803039362
:1014B800039B03240494059404A90A4805F06CFAD4
:1014C80030230493059404A9074805F065FA01231D
:1014D8000493059404A9054805F05EFAC1E700BF26
:1014E800002401400008014000100140000C0140A8
:1014F80000B58BB00023059306930793114A009219
:1015080047F6600201920293039304930123089320
:1015180069460D4804F0E8FD58B90B4804F082FE0E
:1015280050B90221084804F0D4FF40B90BB05DF867
:1015380004FB02F09FFCF0E702F09CFCF1E702F0EC
:1015480099FCF3E7E0FF1F00D402002000B58BB040
:101558000E2205920123069307934CF2FA7100912B
:1015680048F22C7101910021029103910493089390
:10157800099269460C4804F0B7FD58B90A4804F0C6
:1015880051FE50B91021084804F0A3FF40B90BB030
:101598005DF804FB02F06EFCF0E702F06BFCF1E78B
:1015A80002F068FCF3E700BFFC02002010B58AB027
:1015B800044608AB01AA012104F0E0FEA0BB1C4BC5
:1015C8009C4201D00AB010BD029A1A4B9A42F9D136
:1015D8009DF820309DF8212002EB032292B2164B91
:1015E800A3F838219DF822109DF8232002EB012250
:1015F80092B2A3F83A219DF8242083F83C210122D5
:101608001A7493F83C31DBB2082B03D00A4B93F8D9
:101618003C311BB9094B00221A70D3E7064B83F8FB
:101628004E2103F037F9F5E702F024FCCAE700BFC2
:10163800FC020020E550FF18A4180020341C0020EC
:1016480070B588B005461E4601230793022306930A
:101658000091019100230393082104910293012A28
:1016680013D004230293012E1FD008B070BD01349B
:10167800A4B207AB2A4669460D4804F001FE0028CB
:10168800EFD0B4F57A7FF2D3EBE70024F1E7013429
:10169800A4B206AB2A466946064804F0F1FD0028C4
:1016A800E3D0B4F57A7FF2D3DFE70024F1E700BF97
:1016B800D4020020FC0200202DE9F84306460C461F
:1016C800174698469DF8209000250AE04B4642466A
:1016D80021463046FFF7B4FF08360134A4B201357D
:1016E800EDB2BD42F2D3BDE8F883000070B58CB00E
:1016F80005460AAB03AA002104F040FE002840F08A
:10170800C1800446614B9D4201D00CB070BD039A64
:1017180040F201139A4230D0039BB3F5997F3DD034
:101728005B4B1B889BB2039A9A4257D0039BB3F535
:10173800A77F78D0039AB2F5A87F7ED040F2C33352
:101748009A42E2D19DF828209DF829301B0403EB2A
:1017580002639DF82A2003EB02239DF82B201344F3
:101768004FF6FF72934200F0888003F10043494A24
:101778001360494B00221A70C7E7464D0026EE73E6
:1017880001F0B6FC01F02CFD009601230E224FF467
:10179800A07105F5B470FFF78FFFBDE79DF82830FD
:1017A8009DF8292003EB02239DF82A2003EB02432E
:1017B8009DF82B2003EB0263364AC2F8403101F052
:1017C800AFFCADE7354A04F130036B4413F8081C4D
:1017D800136803F8011B13600134E4B2072CF1D934
:1017E8002B4A13889BB201339BB2138013889BB298
:1017F800B3F5A77F9AD313464FF4A0721A80284CEA
:10180800264B1C600125A4F5B47404F80F5F03206F
:1018180001F090FB2A464FF44051204601F0E8FBC6
:1018280001F0D0FC82E70023009301230E224FF43D
:10183800A0711B48FFF740FF7CE79DF82810154B67
:1018480083F8D8119DF8291083F8D9119DF82A102A
:1018580083F8DA119DF82B1083F8DB119DF82C1012
:1018680083F8DC119DF82D1083F8DD119DF82E10FA
:1018780083F8DE110A21997360E7064B012283F889
:10188800512142E702F0F6FA3FE700BFD4020020F8
:1018980004000020A4180020B81A0020000000202E
:1018A8000C1A002070B582B004460D46324E0091E5
:1018B800034602224FF480713046FFF7FDFE009583
:1018C800234618224FF4827106F11400FFF7F4FE44
:1018D8000095234609224FF48E7106F1D400FFF7D4
:1018E800EBFE00952346012240F2251106F58E7085
:1018F800FFF7E2FE0095234602224FF4937106F5A6
:101908009270FFF7D9FE0095234601224FF4947197
:1019180006F59870FFF7D0FE0095234601224FF494
:10192800987106F59A70FFF7C7FE009523460122C5
:1019380040F2311106F59C70FFF7BEFE0095234674
:1019480003224FF4997106F5A070FFF7B5FE0095D4
:101958002346022240F2351106F5AB70FFF7ACFEC4
:1019680000952346012240F2371106F26310FFF773
:10197800A3FE02B070BD00BFA418002010B58AB045
:1019880002230193404B03930423049300230593FC
:101998000823069301280DD000238DF820308DF8F8
:1019A80021308DF822308DF8233001238DF8243032
:1019B800052356E010238DF820304A238DF8213076
:1019C80000238DF82430052307E003F128026A4438
:1019D800002102F8081C0133DBB2072BF5D92B4B89
:1019E8001B78DBB2042B0BD800238DF8223014238C
:1019F8008DF82330254A13780133DBB2137032E0B7
:101A0800224B1B78DBB2092B0BD800238DF8223030
:101A18001E238DF823301D4A13780133DBB213706F
:101A280021E01A4B1B78DBB20E2B0BD800238DF864
:101A3800223028238DF82330144A13780133DBB27F
:101A4800137010E000238DF8223032238DF82330F4
:101A580009E003F128026A44002102F8081C013356
:101A6800DBB2072BF5D9002401AB08AA02A9084864
:101A780004F006FC28B1B4F57A7F02D20134A4B28E
:101A8800F2E70AB010BD00BFF4E50618CC0200204A
:101A9800FC02002008B50E480E4B03600423436087
:101AA80000238360C3604FF4002202614FF4E00218
:101AB80042610376012242768376C27603774377C2
:101AC80004F06CFA00B908BD02F0D4F9FBE700BFD6
:101AD800D40200200064004008B50E480E4B036095
:101AE8000823436000238360C3604FF4002202612F
:101AF8004FF4E00242610376012242768376C27691
:101B08000377437704F04AFA00B908BD02F0B2F946
:101B1800FBE700BFFC0200200068004010B58AB057
:101B2800002306930793089309930368494A93424D
:101B380004D0494A934240D00AB010BD474A1368BE
:101B480001331360012B2DD0454B9A6942F00402F2
:101B58009A619B6903F004030293029B4FF40063AC
:101B68000693404C06A9204604F016FF4FF4805314
:101B78000693022307930323099306A9204604F03A
:101B88000BFF00221146132004F0F8FD132004F087
:101B98002DFE00221146142004F0F0FD142004F05C
:101BA80025FEC9E72E4BDA6942F00072DA61DB697B
:101BB80003F000730193019BC6E7294BDA6942F0F1
:101BC8008062DA61DB6903F080630393039B234A35
:101BD800136801331360012B30D0214B9A6942F00E
:101BE80008029A619B6903F008030593059B20236B
:101BF80006931D4C06A9204604F0CEFE402306930A
:101C0800022307930323099306A9204604F0C4FE80
:101C1800164A536843F0E8635360002211463F2098
:101C280004F0ACFD3F2004F0E1FD00221146412004
:101C380004F0A4FD412004F0D9FD7DE7084BDA69E2
:101C480042F00072DA61DB6903F000730493049BCD
:101C5800C3E700BF0064004000680040D0020020D5
:101C68000010024000080140000C01400000014043
:101C780010B50C464FF0000E20E000EBCE124FF4EA
:101C88007A6C22F813C00133DBB20F2BF5D900238D
:101C980008E000EBCE1203F1100C1A2122F81C10F8
:101CA8000133DBB2042BF4D900EBCE134022DA6205
:101CB80000221A630EF1010E5FFA8EFEA64501D2CC
:101CC8000023E2E710BD70B505460E4601F07EFC24
:101CD80001F06EFF02F04BF8284601F077FC012472
:101CE8000BE0284601F072FC22460021022001F098
:101CF80001FE01F045FE0134E4B2062CF1D902F0F0
:101D080044F8284601F062FC32462946002001F0DA
:101D180067FF01F04DFF70BDF0B514461E46002563
:101D28001CE04FF0E80E0EFB024E0CF10C070EEB18
:101D3800470EBEF806E00E4FA7FB0E7E4FEADE0EFA
:101D480023F81CE0DF6A7744DF620CF1010C5FFACC
:101D58008CFC8F5C6745E4D80135EDB2854206D22C
:101D68002A4606EBC5130027DF62BC46F1E7F0BD43
:101D7800CDCCCCCC00239C46834210D200B512F8BF
:101D880003E0F4441FFA8CFC0133DBB28342F6D340
:101D98000CEB010080B20130C0B25DF804FB5818AA
:101DA80080B20130C0B270472DE9F04F83B0019086
:101DB800884693469946DDF834A01388A9F8003080
:101DC800AAF8003000250C9B1D800E9B1D8031E079
:101DD8000134E4B218F80530A34229D90BEBC51633
:101DE800274636F81430BAF8002093420CD240F651
:101DF8005432934208D9AAF8003042462146284670
:101E0800FFF7B8FF0E9B188036F81730B9F8002096
:101E18009342DDD941F22F129342D9D8A9F8003064
:101E2800424621462846FFF7A5FF0C9B1880CFE7BE
:101E38000135EDB2019B9D4201D20024CAE703B0EF
:101E4800BDE8F08F38B504460D4601F0BFFB01F040
:101E5800BBFE204601F0BAFB0021022001F061FD23
:101E680001F08EFD204601F0B1FB2A4621460020F4
:101E780001F00CFF38BD00002DE9F04F85B003904C
:101E88000D469146984600242BE0E82303FB049373
:101E98000AF1240233F812B05846FEF7F3FA00228A
:101EA800454BFEF759FBCDE9000108EBC416CBF50D
:101EB800EA403030FEF7E6FA02460B46DDE900015B
:101EC800FEF774FCFEF7E2FD0AF1100206EB82034E
:101ED80058600AF1010A5FFA8AFAAA45D5D3013493
:101EE800E4B2039B9C4263D2092DF8D8052D02D990
:101EF8004FF0000A2AE04FF0000AEEE7E82303FB60
:101F080004930AF1240233F812B05846FEF7BAFADD
:101F18000022294BFEF720FBCDE9000108EBC4168F
:101F2800CBF5EA403030FEF7ADFA02460B46DDE964
:101F38000001FEF73BFCFEF7A9FD0AF1100206EBD3
:101F4800820358600AF1010A5FFA8AFABAF1040FAB
:101F5800D4D94FF0050A28E0E82303FB04930AF1DB
:101F680001060AF1250233F812B05846FEF78AFA3C
:101F78000022114BFEF7F0FACDE9000108EBC41777
:101F8800CBF5EA403030FEF77DFA02460B46DDE934
:101F98000001FEF70BFCFEF779FD0AF1100A07EBCA
:101FA8008A0ACAF804005FFA86FAAA45D4D396E7E3
:101FB80005B0BDE8F08F00BF000024402DE9F04FC8
:101FC80087B005900291039200230193CCE0013C75
:101FD800E5B2AF4200F29A805346002B00F093809E
:101FE800EC19C4F34704009B10330BEB83035E68C2
:101FF800624B53F8248041463046FFF743F80028E7
:102008003CD004F101095D4B53F82970394630463C
:10201800FFF756F800282FD0594B33F8190033F83A
:1020280014A0A0EB0A00FEF73BFE81464146384665
:10203800FEF780FD01464846FEF73AFF0746504640
:10204800FEF72EFE814639464046FEF77DFE0146E4
:102058004846FEF76FFD804639463046FEF774FE67
:102068004146FEF769FD009B03F11007FFF732F8C0
:102078002BF8170000239A46671CFFB23F4B53F812
:10208800248041463046FFF71BF80028A1D004F110
:10209800FF393A4B53F8295029463046FEF7F2FFEC
:1020A800002894D0364B33F814A033F81900AAEB63
:1020B8000000FEF7F5FD814629464046FEF73AFD49
:1020C80001464846FEF7F4FE05465046FEF7E8FD91
:1020D800814629464046FEF737FE01464846FEF748
:1020E80029FD804629463046FEF72EFE4146FEF77A
:1020F80023FD009B03F11005FEF7ECFF2BF81500FC
:1021080000239A4663E7DDF8109001E0DDF81090AF
:1021180009F101095FFA89F9029B994520D2039BCD
:10212800019A03EBC21BCDF8009009F110030BEBE9
:1021380083035C68114B19682046FEF7A3FF00284B
:10214800E6D00E4BD3F818112046FEF7B9FF002849
:10215800DED001239A4646250027CDF8109038E7AF
:10216800019B0133DBB20193019B059A934202D292
:102178004FF00009D0E707B0BDE8F08F0800002055
:10218800240100202DE9F04705460E46144619465D
:10219800DDF8208009980A9F2B8C0B8003804FF074
:1021A800000EA8F800E0A7F800E02BE00CF1010C05
:1021B8005FFA8CFCA44521D205EBCE1263460CF1E4
:1021C800100932F81990B0F800A0D14508D2A0F84B
:1021D80000900EEB8E09E14409F10109A7F800907F
:1021E800103332F813300A889342DFD90B800EEB94
:1021F8008E0363440133A8F80030D7E70EF1010ECF
:102208005FFA8EFEB64502D24FF0000CD2E7BDE869
:10221800F087000070B50E46144602880988551AE2
:10222800ADB2B4F89E319BB29A4238D9614803786E
:102238000133DBB20370B4F8A6319BB2994232D2B3
:102248005D490B780133DBB20B70B4F8AE319BB249
:10225800AB422CD259490B780133DBB20B70554B8A
:102268001B78DBB2032B2ED9B4F898319BB29A4273
:1022780021D9012384F84431514BD3F8403113F06C
:10228800010F20D14E4B9B7BDBB2082B1BD04C4B54
:102298009B7BDBB2092B16D002F0FCFA13E0454B0E
:1022A80000201870C7E7444B00211970CDE7434B55
:1022B80000211970D3E7B4F89A319BB29A422AD90F
:1022C800022384F844313C4B1B78DBB2032B0ED934
:1022D8003288B4F8A0319BB29A4231D2012384F8F3
:1022E8004531374BD3F8403113F0020F25D0334B2B
:1022F8001B78DBB2032B0DD9B4F8A8319BB2AB42E3
:102308003CD2012384F84A312D4BD3F8403113F0E5
:10231800400F30D070BDB4F89C319BB29A4203D9BB
:10232800032384F84431CEE7B4F89E319BB29A4235
:10233800C9D9042384F84431C5E702F0ABFAD6E7DB
:10234800B4F8A2319BB29A4203D2022384F84531F1
:10235800CDE7B4F8A4319BB29A4203D2032384F8A0
:102368004531C4E7B4F8A6319BB29A42BFD20423E0
:1023780084F84531BBE702F08DFACBE7B4F8AA310F
:102388009BB2AB4203D2022384F84A31C2E7B4F8C5
:10239800AC319BB2AB4203D2032384F84A31B9E78C
:1023A800B4F8AE319BB2AB42B4D2042384F84A31BC
:1023B800B0E700BFA70B0020A90B0020A50B002049
:1023C800A418002070B50E46144602880B88D51A4A
:1023D800ADB294F8B3118A424ED95648017801310A
:1023E800C9B2017094F8B7118B4249D252490B789F
:1023F8000133DBB20B7094F8BB31AB4244D24F4986
:102408000B780133DBB20B704A4B1B78DBB2032B22
:102418000CD994F8B0319A423DD9012384F8463159
:10242800474BD3F8403113F0040F31D0424B1B789F
:10243800DBB2032B0DD9338894F8B421934245D2EB
:10244800012384F847313E4BD3F8403113F0080F8D
:1024580039D03A4B1B78DBB2032B0CD994F8B8313E
:10246800AB424ED2012384F84B31354BD3F840317F
:1024780013F0800F42D070BD2E4900200870B1E7DC
:102488002D4B00211970B6E72C4B00211970BBE7C2
:1024980002F000FACAE794F8B1319A4203D902234C
:1024A80084F84631C2E794F8B2319A4203D903233B
:1024B80084F84631BAE794F8B3319A42B6D904237E
:1024C80084F84631B2E702F0E5F9C2E794F8B5219D
:1024D800934203D2022384F84731BAE794F8B6212D
:1024E800934203D2032384F84731B2E794F8B72123
:1024F8009342AED2042384F84731AAE702F0CAF91E
:10250800B9E794F8B931AB4203D2022384F84B31CE
:10251800B1E794F8BA31AB4203D2032384F84B31C4
:10252800A9E794F8BB31AB42A5D2042384F84B3118
:10253800A1E700BFA60B0020A80B0020A40B0020D9
:10254800A41800202DE9F04104460D4616461F4602
:10255800002305E0E218002182F856110133DBB2AE
:102568000C2BF7D900200146024623E00CF1010CA0
:102578005FFA8CFC335C63451AD904EB010898F8C0
:1025880056E107EBC013634493F8583093404EEA82
:10259800030E5FFA8EFE88F856E102F1010E5FFA2B
:1025A8008EF21EF0070EE1D10131C9B27246DDE7A5
:1025B8000130C0B2A84202D24FF0000CDAE7002383
:1025C8001A4608E007EBC31191F87D1099400A43B9
:1025D800D2B20133DBB2AB42F4D384F86221BDE856
:1025E800F0810000000000002DE9F04F85B0824620
:1025F80003910293002306E00AEB0302002182F80C
:1026080063110133DBB2042BF6D94FF0000BD94626
:10261800D8465A465DE001228AF849213D4485F8AA
:1026280078200AEB090191F8633102FA08F21343A2
:10263800DBB281F863310136F6B208F101035FFAC3
:1026480083F813F0070304D109F101095FFA89F946
:1026580098460134E4B2042C36D8029B03EBCB1520
:1026680027462B19002283F8782004F1100305EB84
:1026780083035868FDF718FF02460B46CDE900238F
:1026880025A3D3E90023FEF7F7F90028C3D124A333
:10269800D3E90023DDE90001FEF7D0F90028BAD11B
:1026A8000AEB090292F86331DBB282F8633108F170
:1026B80001035FFA83F813F00703CAD109F101098E
:1026C8005FFA89F99846C4E732460BF101035FFACD
:1026D80083FB039B9B4502D200241646BBE7C2B18D
:1026E800114B1B78DBB2012B10D901238AF8493131
:1026F800DAF8403113F0200F05D00B4A1378013374
:10270800DBB2137005E002F0C5F802E0064B0022C8
:102718001A7005B0BDE8F08F9A99999999E96940BE
:10272800AE47E17A14AE2540B00B002070B582B0F8
:102738000C4615461E464FF0000ECDF804E07246D2
:1027480015E004EBC21333F81C100EF1080300EB7C
:10275800430399800EF1010E5FFA8EFE0CF1010C15
:102768005FFA8CFCB35C6345EBD80132D2B2AA4263
:1027780002D24FF0000CF5E7002307E004EBC31288
:10278800D26A01990A4401920133DBB2AB42F5D314
:10279800019B0C4AA2FB0323C3F34F138380069BC0
:1027A8001B88A0F81C31079B1B7880F83031089BE8
:1027B8001B88A0F81E31099B1B7880F8313102B0C4
:1027C80070BD00BF1F85EB5170B50C4615461E46FF
:1027D8000022964617E004EBC2130CF1100133F8FF
:1027E80011100EF1680300EB430399800EF1010EFE
:1027F8005FFA8EFE0CF1010C5FFA8CFCBCF1040F41
:10280800E9D90132D2B2AA4202D24FF0000CF5E760
:102818003388A0F82031049B1B7880F83231059B5F
:102828001B88A0F82231069B1B7880F8333170BDD5
:102838002DE9F04784B01A4E31460620FFF743FAD7
:10284800184C194D2346324629460620FFF764FAEC
:10285800164EDFF85CA0CDF808A0164F0197DFF8F8
:102868005890CDF800903346224629460620FFF7B7
:102878009BFADFF84880424639463046FFF7CAFCE3
:10288800CDF80CA00297CDF8049000962B460622AE
:1028980021464046FFF74AFF04B0BDE8F08700BF75
:1028A80024030020A4080020B40B00209608002070
:1028B800A20800209E0800209A080020A4180020E2
:1028C8002DE9F04385B01B4D29460620FFF7BAFADB
:1028D800194C23462A4605210620FFF7CDFA224641
:1028E80005210620FFF76AFB144DDFF85490CDF858
:1028F8000890144E0196DFF85080CDF800802B46E2
:10290800052206212046FFF73DFC104F3A46314686
:102918002846FFF757FDCDF808900196CDF80080BE
:102928002B46062221463846FFF74EFF05B0BDE884
:10293800F08300BF24030020A4080020940800208E
:10294800A00800209C08002098080020A418002057
:102958002DE9F04F87B00590039104920193084642
:1029680000F034FE01F024F9012500240AE00023D8
:102978002A460121022000F0E7FF01F001F8044493
:102988000135EDB2062DF2D9039800F01FFE01259E
:102998000AE000232A460121022000F0D5FF00F0BA
:1029A800EFFF04440135EDB2062DF2D9039D284608
:1029B80000F00CFE9E4A2946002001F011F9284635
:1029C80000F004FE01F0F4F801250AE000232A468D
:1029D8001946022000F0B8FF00F0D2FF0444013588
:1029E800EDB2062DF2D9039800F0F0FD01250AE0BA
:1029F80000232A461946022000F0A6FF00F0C0FF77
:102A080004440135EDB2062DF2D900F0B9FF204497
:102A1800FEF742F9874B1860874A0399002001F0B6
:102A2800DFF801F0C5F800263546A2E0742303FB61
:102A380006130C337E4A02EB4303DB882AF8113075
:102A48000131C9B2A142F1D300210BE0742303FB89
:102A580006130C33784A02EB4303DB8827F811305E
:102A68000131C9B2A142F1D3002307E0521A29F873
:102A78001320002228F813200133DBB2A3420CD222
:102A880037F813103AF813209142EFD9891A28F829
:102A98001310002229F81320EEE700230296DDF830
:102AA80004C001E00133DBB21946621E93421FDA0B
:102AB8000CEBCB12D018002680F8586018465E1C24
:102AC80038F81660B6F57A6F06D956184FF0010E29
:102AD80086F858E07544EDB239F81000B0F57A6F11
:102AE800E0D90A44012182F858100D44EDB2D9E723
:102AF800029E04F10043013B37F81330002B52D1FA
:102B0800019B03EBCB131344012283F8582015448F
:102B1800EDB204F10043023B37F813304BB9019B87
:102B280003EBCB13A21E1344012283F8582015444B
:102B3800EDB2B8F80030B3F57A6F3CD9019B03EBDE
:102B4800CB13012283F87D201544EDB23A884FF665
:102B5800FF739A4243D0504606F02CF8384606F0E8
:102B680029F8404606F026F8484606F023F80136CC
:102B7800F6B2039B9E4235D2B346049B9C5D4FEA56
:102B88004408404606F00EF88246404606F00AF829
:102B98000746404606F006F88146404606F002F829
:102BA800804600214EE7019B03EBCB131344002220
:102BB80083F85820ADE7019B03EBCB13002283F881
:102BC8007D20C3E700EBCB121A44012182F858108C
:102BD8000B44DBB2A342F5D30135EDB2BBE70023CA
:102BE8000198F7E7F5B1154B1B78DBB2012B13D928
:102BF800134B012283F84821059BD3F8403113F089
:102C0800100F06D00F4B104A06210598FFF79AFCC3
:102C18000BE001F03FFEF5E7084A13780133DBB219
:102C2800137002E0054B00221A7007B0BDE8F08F60
:102C3800BC0B0020AC0B00202C110020B10B002095
:102C4800A4180020A4080020B40B002010B500F040
:102C5800CDFC06212348FFF70BF8234C214606201C
:102C680000F028FE2146062001F060F8062000F05A
:102C7800ADFC2146062001F096F82146062001F019
:102C8800B8F8002304E0194A1021D1540133DBB20B
:102C9800052B25D8052BF9D801A252F823F000BF3F
:102CA8008F2C0008C12C0008C92C0008D12C000862
:102CB800D92C0008E12C00080C4A1021D154E5E772
:102CC8000A4A1021D154E1E7084A1021D154DDE71E
:102CD800064A1021D154D9E7044A1021D154D5E726
:102CE80010BD00BFA408002024030020B40B00205E
:102CF80010B500F07BFC06216348FEF7B9FF0023FE
:102D080004E0624A1021D1540133DBB2052B25D8E7
:102D1800052BF9D801A252F823F000BF0B2D0008AB
:102D28003D2D0008452D00084D2D0008552D0008A3
:102D38005D2D0008554A1021D154E5E7534A10216A
:102D4800D154E1E7514A1021D154DDE74F4A10210F
:102D5800D154D9E74D4A1021D154D5E74C4C2146DE
:102D6800062000F0A7FD2146062000F0DFFF062020
:102D780000F010FC2146062001F015F82146062037
:102D880001F037F8FEF7B4FBFEF7E0FB414B0122F8
:102D98009A734FF45E725A81002308E003F1080128
:102DA8003C4A02EB4102002191800133DBB25F2BE8
:102DB800F4D9002308E003F16801364A02EB410226
:102DC800002191800133DBB2232BF4D9002306E0E4
:102DD800304A1A44002182F824110133DBB20B2B4C
:102DE800F6D92C4A0023A2F81C31A2F81E31A2F809
:102DF8002031A2F8223182F8303182F8313182F85C
:102E0800323182F8333182F8343182F8353182F840
:102E1800363182F8443182F8453182F8463182F8F9
:102E2800473182F84A3182F84B3182F84C3182F8C6
:102E38004D3182F84F3182F8503182F8513182F8A1
:102E4800523182F8533182F8543182F8553106E014
:102E5800104A1A44002182F856110133DBB20C2BB8
:102E6800F6D9002306E00B4A1A44002182F86311C0
:102E78000133DBB2042BF6D9064B0022DA7300F0DB
:102E8800AFF900F043F910BDA4080020B40B0020EE
:102E980024030020A418002030B583B005238DF842
:102EA80004300F4C00220421204603F08EFE0D4D05
:102EB8004FF47A73012201A9284605F09CF84FF4D3
:102EC8007A7301220DF10301284605F08CFA0122DC
:102ED8000421204603F079FE9DF8030003B030BDBD
:102EE80000140140DC1B002008B5FFF7D5FF10F0E7
:102EF800010FFAD108BD000010B582B006238DF885
:102F080004300A4C00220421204603F05EFE4FF4F0
:102F18007A73012201A9064805F06DF801220421FF
:102F2800204603F052FE02B010BD00BF001401405D
:102F3800DC1B002010B582B00446FFF7DDFF20231C
:102F48008DF8043023098DF8053024018DF80640EA
:102F580000228DF807200B4C0421204603F035FE93
:102F68004FF47A7304220DEB0201074805F043F889
:102F780001220421204603F028FEFFF7B5FF02B026
:102F880010BD00BF00140140DC1B0020F0B583B069
:102F98000446154603238DF80430C1F307438DF822
:102FA8000530C1F307238DF806308DF807100E4E53
:102FB80000220421304603F008FE0C4F4FF47A73C8
:102FC80004220DEB0201384605F015F84FF47A7328
:102FD8002A462146384605F006FA012204213046E1
:102FE80003F0F3FD03B0F0BD00140140DC1B00202A
:102FF8002DE9F04383B081460F46904600242BE02C
:10300800FFF77AFF02238DF80430C7F307438DF8E2
:103018000530C7F307238DF806308DF807702B4D60
:1030280000220421284603F0D0FD294E4FF47A737C
:1030380004220DEB0201304604F0DDFF4FF47A73F1
:1030480042464946304604F0D6FF0122042128466C
:1030580003F0BBFD0134A4B2B4EB182FD0D3FFF7B3
:1030680043FF18F0FF0F04D1FFF73EFF03B0BDE8A0
:10307800F083FFF741FF07EB042102238DF80430AA
:10308800C1F307438DF80530C1F307238DF80630E7
:103098008DF807100D4C00220421204603F095FD01
:1030A8000B4D4FF47A7304220DEB0201284604F00D
:1030B800A2FF4FF47A7342464946284604F09BFF24
:1030C80001220421204603F080FDCDE700140140D1
:1030D800DC1B002010B5054C01224FF4405120465E
:1030E800FFF754FF0F3CE07B10BD00BFB318002072
:1030F80008B50320FFF71EFF01224FF44051024894
:10310800FFF776FF08BD00BFB318002008B50422FA
:103118004FF480510148FFF739FF08BDE41900203A
:1031280008B50120FFF706FF04224FF4805102483A
:10313800FFF75EFF08BD00BFE419002000B583B0AB
:103148000021ADF8061002220DF10600FFF71EFF60
:10315800BDF806309BB2024A538103B05DF804FB08
:10316800A418002010B582B00024ADF80640084B22
:103178005B899BB2ADF806302046FFF7DBFE0222E2
:1031880021460DF10600FFF733FF02B010BD00BF66
:10319800A418002008B50E224FF400510148FFF78B
:1031A800F5FE08BD601B002008B50220FFF7C2FE2F
:1031B8000E224FF400510248FFF71AFF08BD00BF66
:1031C800601B002008B50420FFF7B4FE70224FF4FE
:1031D80080410248FFF70CFF08BD00BF0C1A002011
:1031E80038B5FFF777FF002840F0EA80784B41F2C6
:1031F8004A02A3F868214FF48152A3F86A214FF4D8
:103208007A65A3F86C5140F63862A3F86E214FF442
:103218003462A3F8702140F6B834A3F872414FF431
:103228004862A3F8742140F64852A3F876214FF477
:10323800FA62A3F878214FF4D262A3F87A214FF406
:103248007A71A3F87C1140F2B632A3F87E2164208B
:10325800A3F880014FF0500CA3F882C13F22A3F8D5
:1032680084213E22A3F88621A3F888114FF46172C5
:10327800A3F88A2140F25232A3F88C214FF4487205
:10328800A3F88E213222A3F89021A3F892014FF0DF
:10329800960EA3F894E14FF0C80EA3F896E141F218
:1032A800FE0EA3F898E141F2CC0EA3F89AE141F2A0
:1032B800040EA3F89CE1A3F89E51A3F8A04140F6A0
:1032C8001C44A3F8A24140F6B244A3F8A44140F636
:1032D8004E44A3F8A641A3F8A8114FF4FA71A3F835
:1032E800AA114FF49671A3F8AC11A3F8AE013C21D2
:1032F80083F8B01183F8B121282183F8B211232172
:1033080083F8B311002183F8B4110A2183F8B511A9
:103318000F2483F8B641142483F8B74183F8B81111
:10332800052483F8B941042583F8BA514FF0030EF8
:1033380083F8BBE183F8C40183F8C5C183F8C621CB
:1033480083F8C71183F8BC0183F8BDC183F8BE2197
:1033580083F8BF1183F8C00183F8C1C183F8C22183
:1033680083F8C31183F8C40183F8C5C183F8C62163
:1033780083F8C711062083F8C80183F8C94183F888
:10338800CA5183F8CBE183F8CC11082183F8CD1119
:1033980083F8CE0183F8CFE183F8D7415F2083F823
:1033A800D60183F8D4211E2283F8D521202083F862
:1033B800D00183F8D12183F8D21183F8D3E138BD45
:1033C80070224FF480410348FFF7E0FDF7E700BFA4
:1033D800A41800200C1A00202DE9F04788B000241A
:1033E80004940594069407944A4B9A6942F0100293
:1033F8009A619A6902F010020092009A9A6942F062
:1034080020029A619A6902F020020192019A9A694F
:1034180042F004029A619A6902F004020292029A46
:103428009A6942F008029A619B6903F008030393C2
:10343800039BDFF8E480012240F21471404603F058
:10344800C4FB364E22468021304603F0BEFB0122E3
:103458004FF40071304603F0B8FBDFF8C490012246
:103468000421484603F0B1FB40F2047304934FF083
:10347800110ACDF814A006940327079704A940461B
:1034880003F08AFA102304930125059506940797FB
:103498000DEB0301404603F07FFA4FF08008CDF8AA
:1034A8001080059506940223079304A9304603F07B
:1034B80073FA4FF4807304931A4B0593069404A986
:1034C800304603F069FA4FF400730493CDF814A062
:1034D8000694079704A9304603F05EFA0423049380
:1034E80005950695079704A9484603F055FACDF8BF
:1034F80010800594069404A90B4803F04DFA22465F
:103508002946172003F03AF9172003F06FF908B09D
:10351800BDE8F0870010024000080140001001409B
:103528000014014000002110000C014008B50022E1
:103538001021024803F049FB08BD00BF0008014004
:1035480008B501221021024803F03FFB08BD00BF67
:103558000008014070B514461D46084E4FF47A73B2
:103568000A460146304604F046FD4FF47A732A466F
:103578002146304604F037FF70BD00BF841B002091
:1035880008B502464FF47A73014804F034FD08BDCB
:10359800841B002030B583B00546FF238DF8073023
:1035A80000240DE0FFF7C2FF4FF47A7301220DF1FA
:1035B8000701054804F01FFDFFF7C2FF0134E4B21C
:1035C800AC42EFD303B030BD841B002038B50546AC
:1035D800002407E0FFF7AAFF012002F07BF9FFF7BC
:1035E800AFFF0134A542F5DC38BD00004FF0000CF8
:1035F8001BE05B0012490B80013A002A0EDD104BDC
:10360800B3F9003013F4804FF3D05B001BB20C49C0
:103618000B800C48008843400B80EDE7084B1A8864
:10362800094B23F81C200CF1010CBCF1FF0F05DC41
:103638004FEACC13024A13800822DEE7704700BF26
:10364800A0180020B2010020A0160020114B102263
:103658001A800022914218DD30B40E4CB4F900C033
:10366800835C83EAEC13DBB20B4D2B800B4D35F9F1
:10367800133083EA0C23238001329142EDDC054BA1
:103688001888400080B230BC7047024B1888400050
:1036980080B27047A01800209C160020A0160020B9
:1036A80030B5042915D8DFE801F0154C6D912900D3
:1036B800E82303FB0423B3F8C050997B0D44A3F817
:1036C800C050B3F8C2502944A3F8C2100134A04234
:1036D800EEDC30BD0024FAE7E82303FB0423B3F84B
:1036E800C050597F0D44A3F8C050B3F8C2502944C4
:1036F800A3F8C2100134A042EEDCEAE70024FAE79E
:10370800E82303FB0423B3F8C0C003EB010E9EF8C3
:103718004250AC44A3F8C0C001F1600C03EB4C0369
:10372800B3F804C09EF842E0F444A3F804C00131A1
:1037380092F8DF308B42E3DC0134A042C9DD00217E
:10374800F6E70024F9E7E82303FB0E23B3F8C0C02B
:103758005D1895F86040A444A3F8C0C001F168045E
:1037680033F814C095F86050AC4423F814C0013104
:1037780092F8E0308B42E6DC0EF1010E7045A8DDD0
:103788000021F5E74FF0000EF8E70EF1010E704545
:103798009FDD002192F8E130013B8B42F5DDE82303
:1037A80003FB0E23B3F8C04003EB010C9CF87150E7
:1037B8002C44A3F8C04001F16C0533F815409CF87F
:1037C80071C0644423F815400131E3E74FF0000E5F
:1037D800DDE700B583B003788DF8043043788DF8C1
:1037E8000530022101A8FFF731FFC0F307238DF848
:1037F80006308DF80700FFF799FE01A90420FFF7AE
:10380800BFFEFFF79DFE03B05DF804FB2DE9F04114
:1038180082B005460C46174606238DF807304FEA56
:10382800C0085FFA88F808F104085FFA88F840468B
:1038380005F0B8F9064623780370637843700221CF
:10384800FFF704FFC0F30723B370F070042420E0EF
:103858006B1E03EB430302EB4303FB5C335501345C
:10386800E4B20132D2B29DF80730DBB29342EFD80E
:10387800013D05EB45009DF8071007EB4000FFF7F9
:10388800E5FEC0F307233355631CF0540234E4B259
:10389800EDB20DB10022E6E7FFF748FE314640469B
:1038A800FFF76EFEFFF74CFE304605F083F902B0D5
:1038B800BDE8F0814FF0000C84451AD200B514E041
:1038C800E82202FB0C124FF0000E02F803E001336D
:1038D800052BF5DDE82303FB0CF3FE22CA540CF19B
:1038E800010C5FFA8CFC844501D20123F0E75DF8F6
:1038F80004FB704700B583B0C0F3400302338DF872
:103908000430C001C0B20901C9B20144C9B21144AE
:1039180060318DF8051001A8FFF75BFF03B05DF873
:1039280004FB00B583B0C0F3400304338DF80430C2
:10393800C001C0B2084460308DF8050001A8FFF747
:1039480048FF03B05DF804FB00B583B0C0F3400C3A
:103958000CF1020C8DF804C0C001C0B28901C9B2D3
:103968000144C9B21144C9B21B01DBB21944283160
:103978008DF8051001A8FFF72CFF03B05DF804FBD4
:1039880030B583B000248DF8074007238DF8003048
:1039980014238DF8013002216846FFF757FEC0F363
:1039A80007238DF802308DF80300FFF7BFFD694645
:1039B8000420FFF7E5FD254600E001250B4B9C425E
:1039C8000ED86DB94FF47A7301220DF1070108483A
:1039D80004F009FD9DF80730002BEED10A34EDE71D
:1039E800FFF7AEFD204603B030BD00BF3F0D03001A
:1039F800841B002070B582B00C4606218DF8071094
:103A080003218DF8061000FA01FC5FFA8CFC0025F2
:103A180014E012F80C1002EB0C06767801EB062184
:103A280004F1FF3E9DF8066006FB0E5E23F81E10AB
:103A38000CF1020C5FFA8CFC691CCDB29DF806E013
:103A48005FFA8EFEAE45E4D812F80C3094449CF828
:103A5800015045EA03259DF8071002EBC000FFF767
:103A6800F5FD854205D0013C0120069B185502B0A2
:103A780070BD013C0020069B1855F8E730B583B0AF
:103A88000C46154608238DF80730012807D0023860
:103A980004280AD8DFE800F0232A31383F0004233D
:103AA8008DF8013000238DF8003002216846FFF7B9
:103AB800CDFDC0F307238DF802308DF80300FFF722
:103AC80035FD9DF8073004FB03F3DBB22A460421D9
:103AD8006846FFF73FFDFFF733FD03B030BD06230F
:103AE8008DF8013000238DF80030DEE708238DF8CB
:103AF800013000238DF80030D7E70A238DF8013014
:103B080000238DF80030D0E709238DF80130002319
:103B18008DF80030C9E70B238DF8013000238DF8AC
:103B28000030C2E730B583B00C461546013803288B
:103B380037D8DFE800F00221282F0C238DF8053054
:103B480000238DF80430022101A8FFF77FFDC0F3A0
:103B580007238DF806308DF80700FFF7E7FCE30030
:103B680003F0F8032A4604210DEB0100FFF7F2FCED
:103B7800FFF7DCFC03B030BD0E238DF805300023C1
:103B88008DF80430DFE70D238DF8053000238DF81C
:103B98000430D8E70F238DF8053000238DF8043062
:103BA800D1E70C238DF8053000238DF80430CAE7DF
:103BB80000B583B041F20713ADF8043001A8FFF750
:103BC80008FE03B05DF804FB00B583B041F207239B
:103BD800ADF8043001A8FFF7FCFD03B05DF804FB65
:103BE8002DE9F04383B005460E469046C80004F020
:103BF800D9FF07460DBB01254FF0000914E0E0B2DC
:103C0800E82303FB008303F1420200921E333A4685
:103C18002946FFF7EFFEC3B24B444FFA83F901344C
:103C2800A642ECDC0135EDB2062D22D83A463146E3
:103C38002846FFF723FF0024F2E7024631462846CC
:103C4800FFF71CFF0024A14611E0E0B2E82303FBC4
:103C5800008303F1420200921E3307EBC00229469B
:103C6800FFF7C8FEC3B24B444FFA83F90134A642AA
:103C7800EBDC424601213046FFF712FD384604F0DE
:103C880099FF5FFA89F003B0BDE8F0832DE9F043AE
:103C980083B005460E469046C80004F083FF0746E9
:103CA80005BB01254FF0000911E0E0B2E82303FB52
:103CB800008303F16002009248333A462946FFF731
:103CC80099FE81460134A642EFDC0135EDB2042DA0
:103CD80020D83A4631462846FFF724FFFFF774FFFD
:103CE8000024F0E7024631462846FFF71BFF002470
:103CF800A1460DE0E0B2E82303FB008303F1600274
:103D0800009248333A462946FFF774FE814601344B
:103D1800A642EFDC424602213046FFF7C1FC384696
:103D280004F048FF484603B0BDE8F0834FF0000CAC
:103D380084451BD200B515E0E82303FB0C1313449C
:103D48004FF0000E83F80FE00132052AF4DDE82376
:103D580003FB0C130F22DA730CF1010C5FFA8CFCD5
:103D6800844501D20022F0E75DF804FB704700B5F6
:103D780083B000238DF8043028238DF8053001A87E
:103D8800FFF727FD03B05DF804FB00B583B00023FF
:103D98008DF8043029238DF8053001A8FFF719FDA7
:103DA80003B05DF804FB10B5C2B00C464FF4807345
:103DB800ADF8043100210A4611E04FF0E80C0CFB85
:103DC800014C1CF803E00DF1040C0CF802E0013280
:103DD800D2B20133DBB2052BEFD90131C9B281422E
:103DE80001D20023F7E701AA41A9FFF70FFD42B06E
:103DF80010BD10B5C2B00C464FF41053ADF80431E5
:103E080000218C4612E0E82202FB01421A4492F893
:103E18000FE001AA02F80CE00CF1010C5FFA8CFC2F
:103E28000133DBB2052BEED90131C9B2814201D28F
:103E38000023F7E701AA41A9FFF7E8FC42B010BD4B
:103E48007047000010B504460268084B1B689A4288
:103E580005D02268064B1B689A4203D010BD00F0BB
:103E6800F5F8F6E700F068FEF8E700BF381C002018
:103E7800801C002072B6FEE700B59DB038220021F4
:103E88000DEB020004F09EFE002109910A910B91AE
:103E98000C910D91202201A804F094FE05230E93A5
:103EA8004FF4803310930122129213920222169239
:103EB80017934FF4E01318930EA802F0B7FEF8B961
:103EC8000F23099302210A9100230B934FF4806278
:103ED8000C920D9309A803F095F998B9032301935F
:103EE8004FF4807302934FF40043039301A803F047
:103EF80055FA48B9054B01221A671DB05DF804FB55
:103F0800FFF7B8FFFFF7B6FFFFF7B4FF0000424224
:103F180008B501F0BBFCFFF7AFFFFFF75DFAFDF74F
:103F280067FAFDF7B7FDFDF7D7FD00F035FE00F0A5
:103F38009FFE00F0C1FE01F0D9FB01F00FFC234801
:103F480001F0ACFF224804F0C5FBFEF7D1FE00F0FB
:103F580059FF00231F4A4FF6FF711F4800F05EF813
:103F680000231E4A4FF47A711D4800F057F80023C9
:103F78001C4A32211C4800F051F800231B4A6421D6
:103F88001B4800F04BF800231A4A64211A4800F035
:103F980045F80023194AC821194800F03FF80023C2
:103FA800184AFA21184800F039F80023174A642102
:103FB800174800F033F80023164A4FF4FA711648F0
:103FC80000F02CF800F05AF8FCE700BF9C02002033
:103FD800381C0020B9400008F81A0020694300087E
:103FE800381B0020BD550008A41A0020B143000862
:103FF800BC1A0020D5460008201B002011470008E5
:104008000C1B002025470008E41A0020554700082B
:10401800901A002075470008D01A0020818041803E
:104028008260C360002303700361074B5B6843B180
:10403800054B5B6801E0186103461A69002AFAD14A
:104048007047014B58607047501B00200A4B5B6853
:1040580000E00B46196969B11A78002AF9D15A8823
:10406800013A92B25A80002AF3D19A885A800222E1
:104078001A70EEE7704700BF501B002038B50B4B95
:104088005C6800E02469236973B101232370074D3C
:104098002C60A368E068984700232B602378012BE5
:1040A800F0D100232370EDE738BD00BF501B00207E
:1040B800A74B9B7BDBB2042B02D0A64B5B683AE193
:1040C80070B5FDF721F9FDF705F880B2A04CE08046
:1040D800FDF7E6F8FCF7FEFF80B22081D4F8403106
:1040E80013F4004F70D0237C03F0FF044BB925462E
:1040F8003DE000F065FB0134E4B2632CF9D90024FB
:1041080005E00024F9E700F06FFB0134E4B2632C0A
:10411800F9D9002403E000F085FB0134E4B2632CF4
:10412800F9D9642001F0D6FB002403E000F048FB35
:104138000134E4B2632CF9D9002403E000F054FB05
:104148000134E4B2632CF9D901F0A6F8002800F094
:10415800F0807F4B93F84E31002B40F0EA807C4B87
:1041680008229A73E5E000F02BFB0135EDB2632DD0
:10417800F9D9254603E000F037FB0135EDB2632D90
:10418800F9D9254603E000F04DFB0135EDB2632D6A
:10419800F9D9642001F09EFB254603E000F010FBEE
:1041A8000135EDB2632DF9D903E000F01DFB0134B0
:1041B800E4B2632CF9D900F093FF002800F0B9802D
:1041C800634B05229A73B4E0614E308980B2FCF7E4
:1041D80059F90022604BFCF7BFF904460D46F088F8
:1041E80080B2FCF74FF902460B4620462946FCF7F9
:1041F800DDFA04460D4696F8D601FCF743F9024667
:104208000B4620462946FCF737FC002800F08B8037
:10421800337C03F0FF045BB92546632D4FD800F0CB
:10422800CFFA00F0E1FA00F0FDFA0135EDB2F4E75B
:104238000024632C08D800F0C3FA00F0D5FA00F087
:10424800F1FA0134E4B2F4E7642001F043FB0024FE
:10425800632C04D800F0B4FA0134E4B2F8E700247F
:10426800632C04D800F0C0FA0134E4B2F8E7002463
:10427800632C04D800F0D6FA0134E4B2F8E76420DD
:1042880001F028FB0024632C04D800F099FA0134CB
:10429800E4B2F8E70024632C04D800F0A5FA01344E
:1042A800E4B2F8E700F0F8FF002842D0284B93F872
:1042B8004E31002B3DD1264B08229A7339E06420F9
:1042C80001F008FB2546632D04D800F079FA013582
:1042D800EDB2F8E72546632D04D800F085FA0135DC
:1042E800EDB2F8E72546632D04D800F09BFA0135B6
:1042F800EDB2F8E7642001F0EDFA2546632D04D805
:1043080000F05EFA0135EDB2F8E7632C04D800F04E
:104318006BFA0134E4B2F8E700F0E2FE48B10C4B66
:1043280005229A7305E00A4B012283F8532100F015
:10433800B1FA70BD13461A6942B19868074989688D
:104348008842F7D14FF6FF719980F3E7704700BFB5
:10435800A4180020501B002000005940F81A002023
:1043680008B5104B9B7BDBB2082B0AD00D4B9B7B0F
:10437800DBB2092B09D00B4B9B7BDBB2072B08D098
:1043880008BD0120FDF7FAFAFAE70020FDF7F6FA72
:10439800F6E7044B1B7CDBB2012BF1D10020FDF7C3
:1043A800EDFAEDE7A418002008B522490B7801338F
:1043B800DBB20B70204B93F8C821D2B20B78DBB27A
:1043C8009A421FD31C4B93F8C921D2B2194B1B78C0
:1043D800DBB29A4223D3184B93F8CA21D2B2154BB9
:1043E8001B78DBB29A421FD3134B93F8CB21D2B27E
:1043F800104B1B78DBB29A420DD20F4B042283F884
:10440800502108E00C4B012283F85021D3F84031A9
:1044180013F4805F00D008BD00F03CFAFBE7064BC0
:10442800022283F85021F6E7034B032283F8502138
:10443800F1E700BFB81A0020A418002000B583B027
:104448000023ADF80630384BDA8892B29B889BB2CD
:104458009A4237D9344AD3889BB2928892B29B1A2F
:104468009BB2ADF80630BDF806309BB22E49CA881B
:1044780092B2B3FBF2F303EB830303EB83039A00DB
:10448800D2B291F8CF31DBB2934225D227490B78CB
:104498000133DBB20B70254B1B78DBB2022B0ED934
:1044A800214B93F8CC31DBB293421CD21E4B012234
:1044B80083F85521D3F8403113F4003F10D003B0EE
:1044C8005DF804FB184A93889BB2D28892B29B1A73
:1044D8009BB2ADF80630C6E7144B00211970DAE735
:1044E80000F0D8F9EBE7104B93F8CD31DBB29342EB
:1044F80004D20D4B022283F85521E0E70A4B93F8CA
:10450800CE31DBB2934204D2074B032283F8552104
:10451800D5E7054B93F8CF31DBB29342CFD2024BAC
:10452800042283F85521CAE7A4180020341B002070
:1045380082B0454B1B68454A82FB0312DB17C3EB6D
:1045480062131BB2ADF80630BDF8063013F4004F05
:104558000BD13D4B9B7BDBB2052B0DD03A4B9B7BA4
:10456800DBB2082B38D002B07047BDF806305B428A
:104578001BB2ADF80630ECE7334B1A68B3F8783164
:104588009BB29A4219DC304B1A68B3F87A319BB265
:104598009A4217DC2C4B1A68B3F87C319BB29A42CA
:1045A80015DC294B1A68B3F87E319BB29A42DADDE2
:1045B800254B042283F84C21D5E7234B012283F8AD
:1045C8004C21D0E7204B022283F84C21CBE71E4B2D
:1045D800032283F84C21C6E7BDF8062012B21A4B15
:1045E800B3F880319BB29A421FDCBDF8062012B2A4
:1045F800154BB3F882319BB29A421BDCBDF80620FA
:1046080012B2114BB3F884319BB29A4217DCBDF851
:10461800062012B20C4BB3F886319BB29A42A2DD47
:10462800094B042283F84D219DE7074B012283F8AB
:104638004D2198E7044B022283F84D2193E7024B62
:10464800032283F84D218EE7A41800201F85EB5123
:1046580008B51D4AB2F820319BB292F8D021934296
:104668000CD8194AB2F820319BB2B2F8221189B29B
:104678005B1A92F8D221D2B2934204DD124B9B7B93
:10468800DBB20A2B1CD1104AB2F820319BB292F847
:10469800D121934216D20C4AB2F820319BB2B2F81B
:1046A800221189B25B1A92F8D321D2B2934209DA65
:1046B800054B9B7BDBB20A2B04D000F0C7F801E066
:1046C80000F0BAF808BD00BFA418002010B5FCF728
:1046D8001BFEFCF7FFFC80B20A4CE080FCF7E0FD13
:1046E800FCF7F8FC80B22081FCF740FEFCF754FE92
:1046F800FCF768FEFFF7A2FEFFF71AFFFFF7A8FF17
:1047080010BD00BFA418002008B50620FEF75EFF04
:10471800FEF78EF8FEF7D4F808BD000070B5084E15
:10472800084D094C33462A4606212046FEF710F963
:1047380033462A4606212046FDF756FF70BD00BFC6
:10474800A4080020B40B0020A418002008B5064BCC
:104758001B7C23B100210120FDF7A4F808BD01212D
:104768000846FDF79FF8F9E7A418002008B5114B93
:104778001B78052B03D801330E4A137008BD00F0CF
:1047880081F80028FAD00C4B1B78002BF6D00520B6
:1047980001F0A0F800F076F838B1084B012283F850
:1047A8004F21054B00221A70E8E7034B01221A70CB
:1047B800E4E700BF4C1B0020B4010020A41800202F
:1047C80008B500224FF40071014802F0FEF908BD57
:1047D8000010014008B501224FF40071014802F0B1
:1047E800F4F908BD0010014008B500224FF400712B
:1047F800014802F0EAF908BD0008014008B50122A5
:104808004FF40071014802F0E0F908BD00080140CA
:1048180008B500224FF48071014802F0D6F908BDAE
:104828000008014008B501224FF48071014802F0E8
:10483800CCF908BD0008014008B500224FF480619A
:10484800014802F0C2F908BD0008014008B501227C
:104858004FF48061014802F0B8F908BD0008014032
:1048680008B5FFF7DFFFFFF7C9FFFFF7B3FF08BD84
:1048780008B54FF48071024802F0A0F908BD00BFE6
:104888000010014008B58021014802F097F908BDE1
:10489800000C014008B50C4B9B7BDBB20A2B0CD0FB
:1048A8000A4B1B7853B100220421094802F08DF904
:1048B800054B07229A73FFF7D3FF08BD0122802119
:1048C800044802F082F9EEE7A4180020D690000808
:1048D800000801400010014010B5204C0122802141
:1048E800204602F072F9642000F0F4FF00228021D3
:1048F800204602F06AF9642000F0ECFF01228021D2
:10490800204602F062F9642000F0E4FF00228021D2
:10491800204602F05AF9642000F0DCFF01228021D1
:10492800204602F052F9642000F0D4FF00228021D2
:10493800204602F04AF9642000F0CCFF01228021D1
:10494800204602F042F94FF47A7000F0C3FF0022CB
:104958008021204602F039F910BD00BF0010014047
:1049680008B501221146024803F026FA08BD00BF27
:10497800701B002038B5084D084C002229462046F7
:1049880003F07CF80022E91C204603F067F9FEF7E3
:10499800E9FBFEF709FC38BD601B0020701B0020F6
:1049A80038B5074D074C0022E91D204603F066F88C
:1049B800002205F10A01204603F050F938BD00BF76
:1049C800601B0020701B00202DE9F0470446FEF70D
:1049D800E1FBFFF7E5FF4449CA790B7AC2EB021203
:1049E800C2EB0212C3EB03139B0003EB02139BB24F
:1049F8004A7A13449BB208784A78C0EB0010C0EB9F
:104A08000010C2EB0212920002EB001292B28978F7
:104A18000A4492B2934203D99B1AB3F5167F09DB75
:104A280041F2EE039C4208D9304B4FF47A725A8116
:104A3800BDE8F087FEF782FBFAE740F6EA339C42CE
:104A480050D82A4B00225A81F2E70135EDB2092DE0
:104A5800EED82046FCF724F90746254B03EBC5039F
:104A68005E683146FCF718FB0028EED005F1010915
:104A78001F4B03EBC903D3F804A051463846FCF793
:104A88001FFB0028E1D01A4B53F83970394653F808
:104A98003500FCF74FF81749FCF756F9044651461C
:104AA8003046FCF747F801462046FCF701FAFCF7C8
:104AB80011FB85B20F493846FCF746F904462846EB
:104AC800FCF7EEF85146FCF73FF901462046FCF7A3
:104AD80033F80849FCF7ECF9FCF7FCFA80B2034B11
:104AE8005881A5E70025B2E7601B0020A418002024
:104AF800B801002000007A4408B50D4B9B7BDBB25F
:104B0800072B0AD0092B05D0062B00D008BDFFF7CC
:104B180031FFFBE7FFF72EFFF8E7064B1B78002B6A
:104B2800F4D1FFF727FF034B01221A70EEE700BF0D
:104B3800A41800205C1B0020124B1868124B19782F
:104B4800124A136800FB01331360114A93420ADDCD
:104B5800104A1A440D4B1A600A4A53899BB2013B0A
:104B68009BB2538170470B4A934209DA084A1A44A8
:104B7800064B1A60034A53899BB201339BB2538197
:104B8800704700BFA4180020B5010020581B002062
:104B980000DA9A03002665FC00B583B00023ADF85F
:104BA80004308DF8063000931F48204B03604FF007
:104BB800FF3343604FF48073836003F09FF848BB72
:104BC8000121194803F000F9012820D015238DF898
:104BD800043029238DF8053000238DF80630012292
:104BE80001A9114802F0E9FEB8B904238DF8003094
:104BF80007238DF8013028238DF8023022238DF801
:104C0800033001226946084802F0BEFF40B903B0EC
:104C18005DF804FBFFF72EF9D2E7FFF72BF9E4E77D
:104C2800FFF728F9F3E700BF701B002000280040B9
:104C380002680C4B9A4200D0704700B583B001F06F
:104C4800D9FF094BDA6942F00062DA61DB6903F0E7
:104C580000630193019B054B0122C3F83C2403B078
:104C68005DF804FB002800400010024000004242AA
:104C780008B50F480F4B03604FF48273436000235D
:104C88008360C36002220261012242614FF4007214
:104C980082612822C2610362436283620A23C3627B
:104CA80003F04EF900B908BDFFF7E4F8FBE700BFD1
:104CB800841B00200030014008B50E480E4B0360ED
:104CC8004FF48273436000238360C36003614361D0
:104CD8004FF4007282610822C261036243628362F8
:104CE8000A23C36203F02CF900B908BDFFF7C2F824
:104CF800FBE700BFDC1B0020003C004030B589B05A
:104D0800002304930593069307930368374A934255
:104D180004D0374A934231D009B030BD354B9A6937
:104D280042F480529A619A6902F480520092009A81
:104D38009A6942F004029A619B6903F004030193A3
:104D4800019BA023049302230593032307932A4D71
:104D580004A9284601F020FE40230493002405946A
:104D6800069404A9284601F017FE2246214623206E
:104D780001F004FD232001F039FDCDE71D4BDA6970
:104D880042F40042DA61DA6902F400420292029ABD
:104D98009A6942F010029A619B6903F01003039329
:104DA800039B4FF4A0530493022305930323079313
:104DB800124D04A9284601F0EFFD4FF40063049357
:104DC80000240594069404A9284601F0E5FD0C4A40
:104DD800536843F0B853536022462146332001F00C
:104DE800CDFC332001F002FD96E700BF0030014002
:104DF800003C004000100240000801400010014043
:104E08000000014010B5444B02229A73D3F8403198
:104E1800002B65D0414C01228021204601F0D5FEAF
:104E2800642000F057FD00228021204601F0CDFECD
:104E3800322000F04FFD01228021204601F0C5FEFE
:104E4800642000F047FD00228021204601F0BDFECD
:104E5800322000F03FFD01228021204601F0B5FEFE
:104E6800642000F037FD00228021204601F0ADFECD
:104E7800322000F02FFD01228021204601F0A5FEFE
:104E8800642000F027FD00228021204601F09DFECD
:104E9800322000F01FFD01228021204601F095FEFE
:104EA800642000F017FD00228021204601F08DFECD
:104EB800FCF72AFAFCF7F4F9FDF7C8FEFDF7B8FC91
:104EC800FDF7FEFC144C164B164A06212046FDF74A
:104ED8003FFDFFF745FDA37BDBB2072B10D110BDCB
:104EE8000E4C01228021204601F06FFE4FF4FA702B
:104EF80000F0F0FC00228021204601F066FED7E792
:104F0800B4F81E0180B2FFF75FFD074803F0E2FB2B
:104F18000323A373E3E700BFA41800200010014097
:104F2800A4080020B40B0020801C002008B5FFF75F
:104F380097FCFCF71BFA40B1184B012283F8542167
:104F4800D3F8403113F4803F19D0FCF725FA40B16B
:104F5800124B012283F85421D3F8403113F4803FD7
:104F680011D0FCF72FFAB0B10C4B012283F8542171
:104F7800D3F8403113F4803F09D001200CE0FFF74B
:104F880089FC002008E0FFF785FC002004E0FFF71B
:104F980081FC002000E0012008BD00BFA41800200B
:104FA80010B5002403E0FFF715FC0134E4B2632CCC
:104FB800F9D9002403E0FFF717FC0134E4B2632CAD
:104FC800F9D9642000F086FC002403E0FFF720FCF8
:104FD8000134E4B2632CF9D910BD000008B5FCF720
:104FE800C5F940B1184B012283F85421D3F8403158
:104FF80013F4803F1BD0FCF7CFF9012808D0124BDF
:10500800012283F85421D3F8403113F4803F12D0A1
:10501800FCF7D8F9012809D00B4B012283F8542159
:10502800D3F8403113F4803F09D0012008BDFFF7C1
:1050380031FC0020FAE7FFF72DFC0020F6E7FFF728
:1050480029FC0020F2E700BFA418002008B5FFF7EC
:105058006DFFFFF70DFC20B11C4B9B7BDBB2032BD4
:1050680000D008BDFFF738FCFFF702FC0028F8D095
:10507800164B9B7BDBB2032BF3D1144BB3F81E0109
:1050880080B2FFF7A1FCFFF78BFFFFF7A7FF00280F
:10509800E7D00E4B04229A730D4B5B681A461B69C6
:1050A800002BDED090680B4989688842F6D100232E
:1050B8001370064B93F8D731C3EB431103EB81030D
:1050C800DB009BB293805380CBE700BFA41800207D
:1050D800501B0020F81A002008B5FFF77FFF08BD15
:1050E80008B5FCF743F9012808D0194B012283F8C9
:1050F8005421D3F8403113F4803F1AD0FCF74CF90F
:10510800012808D0124B012283F85421D3F84031EA
:1051180013F4803F11D0FCF755F9B0B10C4B0122C4
:1051280083F85421D3F8403113F4803F09D001208B
:105138000CE0FFF7AFFB002008E0FFF7ABFB002017
:1051480004E0FFF7A7FB002000E0012008BD00BF36
:10515800A4180020F8B5FFF7C3FF374B1B78DBB264
:10516800042B04D8344A13780133DBB21370334B61
:10517800D3F8403113F4004F22D1304E308980B239
:10518800FBF780F900222E4BFBF7E6F904460D46A3
:10519800F08880B2FBF776F902460B46204629468E
:1051A800FBF704FB04460D4696F8D601FBF76AF9AF
:1051B80002460B4620462946FBF740FC38B9F8BDA5
:1051C800FFF712FBFFF7FCFAFFF72CFBD5E7C82027
:1051D80000F080FBFCF798F8FBF77CFF80B23446C0
:1051E800F080FCF75DF8FBF775FF80B230813089FD
:1051F80080B2FBF747F90022114BFBF7ADF90646E1
:105208000F46E08880B2FBF73DF902460B46304670
:105218003946FBF7CBFA06460F4694F8D601FBF75A
:1052280031F902460B4630463946FBF707FC0028A1
:10523800C5D00622A273C2E7351C0020A41800209E
:105248000000594008B5FFF70BFBFFF755FCFFF7C7
:105258006DFE0C4B03229A730B4B1B78DBB2042BAD
:1052680008D8084B012283F85321D3F8403113F4AE
:10527800004F03D0044B00221A7008BDFFF70AFB49
:10528800F8E700BFA4180020351C002008B5FFF778
:1052980001FBFFF731FC08BD10B5454B1B78642BAB
:1052A8000CD9444B012283F84E21FFF7F3FA414B06
:1052B8009B7BDBB2072B79D0012010BDFCF756F899
:1052C80001280BD03B4B012283F85421D3F84031FD
:1052D80013F4803FEBD1FFF7DDFAE8E7FCF75CF861
:1052E80001280BD0334B012283F85421D3F84031E5
:1052F80013F4803FDBD1FFF7CDFAD8E7FCF762F86B
:1053080058B12C4B012283F85421D3F8403113F4BF
:10531800803FCCD1FFF7BEFAC9E7264B93F8463158
:10532800DBB2012B2CD0234B93F84431DBB2012B99
:105338002FD0204B93F84431DBB2012BB7D11D4B52
:10534800D3F8403113F0010FB1D1FFF789FAFFF715
:10535800EDFD184B9B7BDBB2072BA8D0154C09231E
:10536800A373FFF7C9FBA3889BB2B3F5D07F01D322
:1053780064226281FDF7F6FE0F4B00221A7096E751
:105388000C4BD3F8403113F0040FCCD1FFF782FA5D
:105398008DE7084BD3F8403113F4004FC9D0FFF71D
:1053A80023FAFFF70DFAFFF73DFA80E7002084E7BC
:1053B800341C0020A4180020CC02002008B5FFF7F8
:1053C8006BFF024A13780133137008BD341C0020A8
:1053D80008B5FFF745FAFFF7A9FD064B9B889BB276
:1053E800B3F5D07F02D3034B64225A81FDF7BAFE8E
:1053F80008BD00BFA418002008B56C4B93F8D8313D
:105408003BB16A4B93F8D831DBB2012B5AD0022B4F
:105418005BD0664B93F8D9313BB1644B93F8D931E3
:10542800DBB2012B54D0022B55D0604B93F8D83106
:10543800DBB2012B52D05D4B93F8DA313BB15B4BB9
:1054480093F8DA31DBB2012B58D0022B59D0574BE5
:1054580093F8DB313BB1554B93F8DB31DBB2012BD1
:1054680052D0022B56D0514B93F8DC313BB14F4B05
:1054780093F8DC31DBB2012B52D0022B53D04B4BCB
:1054880093F8DD313BB1494B93F8DD31DBB2012BA9
:105498004CD0022B4ED0454B93F8DE312BB1434B09
:1054A80093F8DE31DBB2012B51D0404B93F8DD315C
:1054B800DBB2022B4FD03D4B93F8DE31DBB2012B30
:1054C80058D008BDFFF77CF9A3E7FFF783F9A0E7F9
:1054D800FFF78AF9A9E7FFF791F9A6E7334B93F8A5
:1054E800DA31DBB2012BA6D1304B012283F85421EB
:1054F80007229A73002283F8DD21E2E7FFF788F993
:10550800A5E7FFF78FF9A2E701228021284801F0DB
:105518005CFBA8E700228021254801F056FBA2E7A2
:10552800FFF78AF9ABE7FFF791F9A8E71F4B0A22C3
:105538009A73B0E71D4B03229A73FFF791F9FFF7AF
:1055480085F9002280211A4801F03FFBA3E7174B99
:1055580005229A73A9E7154B93F8DE31DBB2012BCC
:10556800A9D1124B07229A73002283F8DD2183F810
:10557800DE21A6E70D4B93F8D831DBB2012B0BD116
:105588000A4B93F8D931DBB2012B05D1074B93F8BD
:10559800DA31DBB2022B94D0044B07229A73002233
:1055A80083F8DD2183F8DE218BE700BFA4180020F3
:1055B8000010014008B5114B9B7B033B072B07D814
:1055C800DFE803F004070A0D10131619FFF73EFD74
:1055D80008BDFFF781FDFBE7FFF7BCFDF8E7FFF724
:1055E80031FEF5E7FFF752FEF2E7FFF7E7FEEFE7D8
:1055F800FFF7EEFEECE7FFF7FFFEE9E7A41800204F
:1056080082B00E4B9A6942F001029A619A6902F0DF
:1056180001020092009ADA6942F08052DA61DB698D
:1056280003F080530193019B054A536823F0E0631C
:1056380043F00073536002B0704700BF001002408F
:1056480000000140FEE7FEE7FEE7FEE7FEE77047E1
:105658007047704708B500F02BF908BD08B5024837
:1056680000F054FF08BD00BFD402002008B502486E
:1056780000F04CFF08BD00BFD402002008B54FF46D
:10568800807001F0A9FA08BD08B5024803F05EF879
:1056980008BD00BF381C002008B5024803F056F8C2
:1056A80008BD00BF801C002008B5024802F05CFF5E
:1056B80008BD00BF841B002008B5024802F054FF53
:1056C80008BD00BFDC1B002008B5024800F01EFF23
:1056D80008BD00BFFC02002008B5024800F016FF14
:1056E80008BD00BFFC0200207047000000B587B06D
:1056F80000230293039304930593009301931648A0
:105708004FF08042026040F2671242608360C72215
:10571800C26003618023836103F018F990B94FF4E4
:105728008053029302A90C4803F048F968B9002392
:10573800009301936946084803F0AEF940B907B0F1
:105748005DF804FBFEF796FBE9E7FEF793FBEEE74F
:10575800FEF790FBF3E700BF381C002000B587B0C8
:10576800002302930393049305930093019316482F
:10577800164A026040F267124260836040F2CF72BC
:10578800C26003618023836103F0E0F890B94FF4AD
:105798008053029302A90C4803F010F968B900235A
:1057A800009301936946084803F076F940B907B0B9
:1057B8005DF804FBFEF75EFBE9E7FEF75BFBEEE74F
:1057C800FEF758FBF3E700BF801C002000040040F0
:1057D80000B583B00368B3F1804F05D0164A9342F1
:1057E80016D003B05DF804FB03F50433DA6942F020
:1057F8000102DA61DB6903F001030093009B0022D8
:1058080011461C2000F0BAFF1C2000F0EFFFE8E76B
:105818000A4BDA6942F00202DA61DB6903F002033B
:105828000193019B002211461D2000F0A7FF1D20B7
:1058380000F0DCFFD5E700BF000400400010024084
:1058480010B504460E4B1A784FF47A73B3FBF2F393
:105858000C4A1068B0FBF3F000F0D6FF68B90F2CC3
:1058680001D901200AE0002221464FF0FF3000F064
:1058780085FF054B1C60002000E0012010BD00BF23
:1058880014020020100200201802002008B5074A60
:10589800136843F010031360032000F05DFF00203D
:1058A800FFF7CEFFFFF7ACFE002008BD0020024046
:1058B800034A1168034B1B780B441360704700BF01
:1058C800C81C002014020020014B1868704700BF54
:1058D800C81C002038B50446FFF7F6FF0546B4F1AA
:1058E800FF3F02D0044B1B781C44FFF7EDFF401B21
:1058F800A042FAD338BD00BF14020020F0B583B02F
:1059080005460C4600230193FFF7DEFF2B689A68D3
:1059180012F4807F23D107465A6812F4807F03D19E
:10592800DB6A13F4700F29D0504B1E68022001F077
:105938001FFEB6FBF0F62B6819694D4A114236D1A5
:10594800D96802F15C42114231D11969494A1142C0
:1059580040D1DA68484B1A423ED0292341E0AB6A6D
:1059680043F02003AB62002385F82430012003B004
:10597800F0BD2B681B6813F0020F0FD02B681B6853
:1059880013F0020F4FD1B4F1FF3FF7D0002CF0D045
:10599800FFF79AFFC31BA342F0D9EAE7AB6A43F0CB
:1059A8000403AB62002385F824300320DFE719697C
:1059B800304A114204D1D96802F16E4211420DD029
:1059C80019692E4A0A405AB9DA682C4B13405BB160
:1059D800FC2306E0292304E0142302E0542300E01A
:1059E800FC2303FB06F607E05423FAE7019BB342C6
:1059F80010D3019B01330193019BB34213D2B4F13D
:105A0800FF3FF6D0002CF1D0FFF75EFFC01BA0428D
:105A1800EFD9EBE7AB6A43F00403AB62002385F8E8
:105A280024300320A3E72B686FF012021A60AB6AD8
:105A380043F40073AB622B689B6803F46023B3F5EF
:105A4800602F01D0002092E7287B60B9AB6A23F46D
:105A58008073AB62AB6A13F4805F88D1AB6A43F0A2
:105A68000103AB6283E7002081E700BF100200203A
:105A780024499224922449129224490049922400EC
:105A88000368D86C7047000030B482B000220192DD
:105A980090F82420012A00F08F800346012280F824
:105AA80024204A68062A2DD80468606B02EB82021B
:105AB800053A4FF01F0C0CFA02FC20EA0C000D68A6
:105AC80005FA02F2024362630A68092A38D91C6897
:105AD800E06802EB42021E3A4FF0070C0CFA02FC97
:105AE80020EA0C008D6805FA02F20243E2600A68B7
:105AF800103A012A34D90020002283F8242002B069
:105B080030BC70470C2A0DD80568286B02EB82025E
:105B1800233A1F24944020EA04000C689440204350
:105B28002863D1E70568E86A02EB8202413A1F243C
:105B3800944020EA04000C6894402043E862C3E7DC
:105B48001C68206902EB42024FF0070C0CFA02FCB9
:105B580020EA0C008D6805FA02F202432261C6E7CA
:105B68001A681648824205D09A6A42F020029A6260
:105B78000120C1E7906810F4000F1BD1906840F431
:105B8800000090600A68102A01D00020B4E70C4A8F
:105B980012680C49A1FB0212920C02EB820252001D
:105BA800019202E0019A013A0192019A002AF9D180
:105BB8000020A1E700209FE70220A0E70024014081
:105BC8001002002083DE1B43806A704730B583B023
:105BD8000023019303689A6812F0010F33D1044639
:105BE8009A6842F001029A60184B1B68184AA2FB97
:105BF80003239B0C019302E0019B013B0193019B52
:105C0800002BF9D1FFF760FE054623689B6813F067
:105C1800010F16D1FFF758FE431B022BF5D9236855
:105C28009B6813F0010FF0D1A36A43F01003A3623D
:105C3800E36A43F00103E362002384F8243001207F
:105C480002E0002000E0002003B030BD1002002078
:105C580083DE1B4390F82430012B68D010B504462E
:105C6800012380F82430FFF7B1FF00285BD1A36A35
:105C780023F4407323F0010343F48073A362236881
:105C88002C4A934227D0A26A22F48012A2625A6850
:105C980012F4806F05D0A26A22F4405242F4805276
:105CA800A262A26A12F4805F2BD0E26A22F0060296
:105CB800E262002284F824206FF002021A6023684E
:105CC8009A6802F46022B2F5602F1DD09A6842F4F7
:105CD80080129A602AE0A2F58062526812F4702F4E
:105CE800D1D0A26A42F48012A262134A526812F416
:105CF800806FD6D0A26A22F4405242F48052A26247
:105D0800CFE70022E262D4E70A4A934204D09A68B5
:105D180042F4A0029A6009E0A2F58062526812F487
:105D2800702FD3D1F3E7002384F8243010BD02206C
:105D3800704700BF002801400024014038B50368BF
:105D48009A6812F0010F01D1002038BD04469A6804
:105D580022F001029A60FFF7B7FD054623689B68A9
:105D680013F0010F13D0FFF7AFFD431B022BF5D93A
:105D780023689B6813F0010FF0D0A36A43F0100367
:105D8800A362E36A43F00103E3620120DDE7002038
:105D9800DBE7000000287BD070B50446836A002B3F
:105DA8004DD02046FFF7CAFFA36A13F0100369D14C
:105DB800002867D1A26A22F4885222F0020242F037
:105DC8000202A2626268E1690A43217B42EA410257
:105DD800A568B5F5807F02D0012D36D01D46267DF9
:105DE800012E35D02668716821F469412943716014
:105DF8002568AE68274931401143A960A168B1F50B
:105E0800807F01D0012902D12369013B1B05256848
:105E1800E96A21F470010B43EB62236899681E4B11
:105E28000B409A4225D0A36A23F0120343F01003D3
:105E3800A362E36A43F00103E362012027E0C3623F
:105E480080F82430FBF702FBABE74FF48075C6E718
:105E580031B9A169013945EA413141F40065C1E729
:105E6800A16A41F02001A162E16A41F00101E16209
:105E7800B8E70023E362A36A23F0030343F00103B6
:105E8800A36204E0A36A43F01003A362012070BD7B
:105E980001207047FDF7E1FFFE0E1FFF70B582B0CD
:105EA8000023019390F82430012B72D0044601237B
:105EB80080F82430FFF742FF054628B1002384F814
:105EC8002430284602B070BDA36A23F4885323F017
:105ED800020343F00203A3622F4B1E68022001F065
:105EE80047FBB6FBF0F67600019602E0019B013B0A
:105EF8000193019B002BF9D12046FFF767FE22682A
:105F0800936843F008039360FFF7DEFC06462368B6
:105F18009A6812F0080F14D0FFF7D6FC801B0A28E5
:105F2800F5D923689B6813F0080FF0D0A36A23F013
:105F3800120343F01003A362002384F824300125E0
:105F4800BFE79A6842F004029A60FFF7BDFC064674
:105F580023689B6813F0040F14D0FFF7B5FC801B6F
:105F68000A28F5D923689B6813F0040FF0D0A36AB8
:105F780023F0120343F01003A362002384F82430B3
:105F880001259EE7A36A23F0030343F00103A362FC
:105F980094E7022595E700BF10020020002800F0D2
:105FA800A18038B5044690F82030D3B12268136830
:105FB80043F001031360FFF787FC054623685A681E
:105FC80012F0010F10D1FFF77FFC401B0A28F5D90A
:105FD800636A43F400336362052384F820300120A8
:105FE80038BDFBF79BFDE1E71A6822F002021A6050
:105FF800FFF76AFC054623685A6812F0020F0DD0B5
:10600800FFF762FC401B0A28F5D9636A43F40033A2
:106018006362052384F820300120E1E7227E012A0B
:106028003DD01A6822F080021A60637E012B3BD0B3
:106038002268136823F040031360A37E012B39D034
:106048002268136823F020031360E37E012B37D006
:106058002268136843F010031360237F012B35D0A7
:106068002268136823F008031360637F012B33D081
:106078002268136823F004031360A368E2681343DB
:1060880022691343626913436268013A2168134322
:10609800CB6100206062012384F82030A0E71A68F1
:1060A80042F080021A60C0E72268136843F0400398
:1060B8001360C2E72268136843F020031360C4E743
:1060C8002268136823F010031360C6E72268136878
:1060D80043F008031360C8E72268136843F0040319
:1060E8001360CAE70120704790F82030013BDBB20B
:1060F800012B05D9436A43F480234362012070478A
:1061080010B5474BD3F8002242F00102C3F8002231
:10611800D3F8002222F47C52C3F80022D3F80022DC
:10612800486A42EA0022C3F800224A6902F01F02C4
:10613800012000FA02F2D3F81C026FEA020C20EAEE
:106148000200C3F81C02CB69CBB9354BD3F80C025B
:106158000CEA0000C3F80C028C884869D1F80CE0FE
:1061680044EA0E44483043F830408C68088840EAD6
:1061780004404C6904F1480E03EBCE035860CB6928
:10618800012B1ED08B69002B35D12548D0F804325D
:106198000CEA0303C0F804320B699BBB2048D0F813
:1061A80014320CEA0303C0F814320B6A012B30D006
:1061B8001B4AD2F8003223F00103C2F80032002053
:1061C80010BD174BD3F80C021043C3F80C028C888F
:1061D8004869D1F800E044EA0E44483043F83040BA
:1061E80088894C69D1F808E040EA0E40483403EB4E
:1061F800C4035860C6E70A48D0F804321343C0F80D
:106208000432C9E70648D0F814321343C0F81432F0
:10621800CBE70349D1F81C321343C1F81C32C7E756
:106228000064004070B5044690F82050EDB2012D8E
:1062380006D0436A43F4002343620125284670BD13
:10624800022380F820300268136823F001031360EA
:10625800FFF73AFB064623685B6813F0010F0CD082
:10626800FFF732FB831B0A2BF5D9636A43F400332B
:106278006362052384F82030E0E700256562DDE7E6
:1062880030B590F820C00468A4680CF1FF3C5FFAB0
:106298008CFCBCF1010F6BD814F0E05F62D0C4F342
:1062A800016CBCF1020F05D9436A43F40003436251
:1062B800012062E0012404FA0CF41C608B68002BB6
:1062C8003DD10D68CB68046843EA45550CF11803C5
:1062D8001B01E55003680C690CF1180E03EB0E1353
:1062E8005C600B7D012B35D0D17993791B0443EA8F
:1062F8000163517943EA012314790168234301EBCF
:106308000C11C1F88C31D17893781B0443EA0163EE
:10631800517843EA0123117802680B4302EB0C120F
:10632800C2F8883102680CF1180C4FEA0C1C52F8BC
:106338000C3043F0010342F80C3000201DE04C689B
:1063480043EAC403CC6823430CF11804240105680C
:106358002B51BFE7036803EB0E13596841F48071B2
:106368005960C1E7436A43F400134362012004E023
:10637800436A43F480234362012030BD90F820C073
:106388000CF1FF3C5FFA8CFCBCF1010F00F29B8022
:1063980010B451B90468E46814F0030F10D1436ACB
:1063A80043F40013436201207BE00468246914F07D
:1063B800030F05D1436A43F400134362012070E0E0
:1063C80001F11B042401D0F800C05CF8044004F07B
:1063D80004049460002C66D101F11B042401D0F858
:1063E80000C05CF80440640D1460046801F11B0CE3
:1063F8004FEA0C1C54F80C4004F00204D460046802
:106408006444646804F00F041461046864446468B4
:10641800C4F307249461046864446468240C5461D8
:10642800026802EB0112D2F8B8211A70026802EB76
:106438000112D2F8B821C2F307225A70026802EB9F
:106448000112D2F8B821C2F307429A70026802EB2F
:106458000112D2F8B821120EDA70026802EB0112AA
:10646800D2F8BC211A71026802EB0112D2F8BC21E1
:10647800C2F307225A71026802EB0112D2F8BC215A
:10648800C2F307429A71026802EB0112D2F8BC21EA
:10649800120EDA7189B90268D36843F02003D36019
:1064A800002010BC704701F11B042401D0F800C083
:1064B8005CF80440E408546097E70268136943F005
:1064C80020031361ECE7436A43F48023436201200D
:1064D800704790F82030013BDBB2012B05D9436AA5
:1064E80043F48023436201207047026853690B43D9
:1064F8005361002070477047704770477047704776
:106508007047704770477047704770472DE9F84FDC
:10651800054603685C69D3F804809F68D3F80CB01B
:10652800D3F810A0D3F8189014F001063BD017F058
:10653800010616D001229A6017F0020F08D117F051
:10654800040F0CD117F0080606D04FF4805608E067
:10655800FFF7D1FF002604E0FFF7D0FF01E04FF47A
:10656800006617F4807F0DD02B684FF480729A6014
:1065780017F4007F40F0868017F4806F00F0868063
:1065880046F4005617F4803F0DD02B684FF4803244
:106598009A6017F4003F40F0838017F4802F00F0D2
:1065A800838046F4004614F0080F07D01BF0100F44
:1065B80004D046F400762B681022DA6014F0040F39
:1065C80002D01BF0080F79D114F0020F04D02B6809
:1065D800DB6813F0030F78D114F0400F07D01AF0DE
:1065E800100F04D046F480662B6810221A6114F04C
:1065F800200F02D01AF0080F6BD114F0100F04D03E
:106608002B681B6913F0030F6AD114F4003F02D002
:1066180018F0100F68D114F4803F02D018F0080F5A
:1066280069D114F4004F7AD018F0040F74D014F420
:10663800807F04D019F0010F01D046F0010614F450
:10664800007F04D019F0020F01D046F0020614F4BE
:10665800806F04D019F0040F01D046F0040614F43A
:10666800006F59D019F0700956D0B9F1400F65D0B4
:1066780058D8B9F1200F5ED0B9F1300F42D146F0A9
:10668800200644E02846FFF737FF7BE717F4006F42
:1066980002D046F4804675E72846FFF730FF71E7D9
:1066A8002846FFF72AFF7EE717F4002F02D046F4AA
:1066B800803678E72846FFF723FF74E72B6808221F
:1066C800DA602846FFF71DFF7EE72846FBF70EF83D
:1066D80082E72B6808221A612846FFF713FF8CE728
:1066E8002846FAF763FF90E72B6810225A6028467D
:1066F800FFF709FF8FE72B6808225A602846FFF743
:1067080003FF8EE7B9F1100F01D146F008062A6899
:10671800936923F0700393612B6804225A609EB931
:10672800BDE8F88FB9F1500F0BD0B9F1600FEED179
:1067380046F48076EBE746F01006E8E746F04006B8
:10674800E5E746F08006E2E76B6A33436B6228466A
:10675800FFF7DBFEE4E70000074AD36823F4E063B1
:106768001B041B0C000200F4E060034343F0BF630A
:1067780043F40033D360704700ED00E000B5194BD7
:10678800DB68C3F30223C3F1070CBCF1040F28BF75
:106798004FF0040C03F1040EBEF1060F18D9033BA9
:1067A8004FF0FF3E0EFA0CFC21EA0C0199400EFA5C
:1067B80003FE22EA0E020A4300280BDB1201D2B2C2
:1067C80000F1604000F5614080F800235DF804FBAB
:1067D8000023E5E700F00F001201D2B2024B1A5471
:1067E800F4E700BF00ED00E014ED00E0002807DB4F
:1067F80000F01F02400901239340024A42F820306A
:10680800704700BF00E100E00138B0F1807F0BD293
:106818004FF0E0235861054AF02182F82310002048
:10682800986107221A6170470120704700ED00E067
:1068380008B590F82130022B03D00423836301208C
:1068480008BD0268136823F00E031360026813681A
:1068580023F00103136003684B4A93424ED9783AF8
:10686800934224D01432934230D0143293422FD022
:10687800143293422FD0143293422FD014329342C1
:106888002FD0143293422FD002F5627293422ED049
:10689800143293422DD0143293422CD014329342A6
:1068A80002D04FF4803203E04FF4805200E001221E
:1068B800364B5A60012380F82130002380F82030BD
:1068C800436B002B5ED098470020B9E71022EFE712
:1068D8004FF48072ECE74FF48052E9E74FF48032CE
:1068E800E6E74FF48012E3E74FF08072E0E7012219
:1068F800DEE71022DCE74FF48072D9E7244A93429E
:1069080024D01432934225D01432934224D0143226
:10691800934224D01432934224D01432934224D088
:106928001432934224D002F56272934223D0143277
:10693800934222D01432934221D01432934202D08F
:106948004FF4803203E04FF4805200E00122114BF3
:106958005A60AFE71022FAE74FF48072F7E74FF476
:106968008052F4E74FF48032F1E74FF48012EEE7FB
:106978004FF08072EBE70122E9E71022E7E74FF4D6
:106988008072E4E700205BE78000024000040240D8
:10699800080002400000024070B582B00024A446FE
:1069A800A6E0804DAB4210D007D97F4DAB420CD04A
:1069B80005F58035AB4208D013E0A5F58015AB424C
:1069C80003D005F57025AB4207D18B68002B58D052
:1069D800012B51D04261082403E0A5F58015AB4294
:1069E800F3D0BEF1FF0F4ED80646BEF1FF0F4CD8CC
:1069F8004FEA8C0233680F25954023EA050304FA11
:106A080002F2134333604B6813F0805F6ED0674B1C
:106A18009A6942F001029A619B6903F001030193AC
:106A2800019B4FEA9C02951C614B53F825600CF0C2
:106A38000305AD000F23AB4026EA03065D4B9842E1
:106A480029D003F58063984200F08E8003F58063B7
:106A5800984200F08B8003F58063984219D0042394
:106A68001AE0CC68BDE7CC680434BAE7CC680834CF
:106A7800B7E7CC680C34B4E702610824B1E7002416
:106A8800AFE70424ADE7061DAFE7ACF108029200BA
:106A9800B0E7032300E00023AB4033430232444D08
:106AA80045F822304B6813F4803F61D0424A13689E
:106AB80043EA0E0313604B6813F4003F5ED03E4A6E
:106AC800536843EA0E0353604B6813F4801F5BD08E
:106AD800394A936843EA0E0393604B6813F4001F26
:106AE80058D0354AD36843EA0E03D3600CF1010C41
:106AF8000B6833FA0CF253D0012202FA0CF203EAC3
:106B0800020E32EA0303F1D14B68122B3FF649AF6C
:106B1800122B3FF666AF01A555F823F0D36900089C
:106B28006B6A0008756A0008876A0008EB69000844
:106B3800EB690008EB690008EB690008EB690008DD
:106B4800EB690008EB690008EB690008EB690008CD
:106B5800EB690008EB690008EB690008EB690008BD
:106B68006F6A00087B6A0008012395E7022393E710
:106B7800114A136823EA0E0313609CE70E4A536810
:106B880023EA0E0353609FE70B4A936823EA0E0338
:106B98009360A2E7084AD36823EA0E03D360A5E707
:106BA80002B070BD00002210000031100010024039
:106BB80000000140000801400004014083681942B8
:106BC80001D001207047002070470AB10161704769
:106BD800090401617047000008B5054B5B69034271
:106BE80000D108BD024B5861FDF72AF9F9E700BF4B
:106BF80000040140014B01221A62704700000E4256
:106C080082B0084B1B68084AA2FB03235B0A00FBFF
:106C180003F3019300BF019B5A1E0192002BF9D187
:106C280002B0704710020020D34D6210002800F017
:106C3800618270B582B00446036813F0010F2CD04E
:106C4800994B5B6803F00C03042B1DD0964B5B68D3
:106C580003F00C03082B12D0A368B3F5803F41D092
:106C6800002B55D103F1804303F504331A6822F44D
:106C780080321A601A6822F480221A6037E08A4B40
:106C88005B6813F4803FE7D0874B1B6813F4003F21
:106C980003D0A368002B00F02F82236813F0020FA3
:106CA80075D0814B5B6813F00C0F5FD07E4B5B682F
:106CB80003F00C03082B54D06369002B00F08A8082
:106CC8007A4B01221A60FEF7FFFD0546764B1B68DA
:106CD80013F0020F75D1FEF7F7FD401B0228F5D916
:106CE800032010E2704A136843F480331360A368EA
:106CF80043B3FEF7E9FD05466B4B1B6813F4003FF1
:106D0800CBD1FEF7E1FD401B6428F5D90320FAE159
:106D1800B3F5A02F09D0644B1A6822F480321A60A8
:106D28001A6822F480221A60E1E703F18043A3F590
:106D38003C331A6842F480221A601A6842F480329E
:106D48001A60D4E7FEF7C0FD0546574B1B6813F4DD
:106D5800003FA2D0FEF7B8FD401B6428F5D90320F8
:106D6800D1E1514B5B6813F4803FA5D14E4B1B68B2
:106D780013F0020F03D06369012B40F0BF814A4A28
:106D8800136823F0F803A16943EAC1031360236879
:106D980013F0080F33D0E369002B5CD0434B01227A
:106DA800C3F88024FEF790FD05463F4B5B6A13F05D
:106DB800020F21D1FEF788FD401B0228F5D90320D8
:106DC800A1E1394A136823F0F803A16943EAC10332
:106DD8001360DCE7354B00221A60FEF775FD0546A7
:106DE800314B1B6813F0020FD1D0FEF76DFD401B2D
:106DF8000228F5D9032086E10120FFF701FF236867
:106E080013F0040F00F09680274BDB6913F0805FC6
:106E180034D1254BDA6942F08052DA61DB6903F03C
:106E280080530193019B0125214B1B6813F4807F3C
:106E380026D02369012B3DD0002B53D103F1804389
:106E480003F504331A6A22F001021A621A6A22F060
:106E580004021A6233E0154B0022C3F88024FEF7BF
:106E680033FD0546104B5B6A13F0020FC7D0FEF7DF
:106E78002BFD401B0228F5D9032044E10025D3E768
:106E88000B4A136843F480731360FEF71DFD064632
:106E9800074B1B6813F4807FCBD1FEF715FD801BD1
:106EA8006428F5D903202EE1001002400000424278
:106EB80000700040984A136A43F001031362236983
:106EC80033B3FEF701FD0646934B1B6A13F0020F1E
:106ED8002FD1FEF7F9FC801B41F288339842F3D991
:106EE800032010E1052B09D08B4B1A6A22F001020E
:106EF8001A621A6A22F004021A62E0E7864B1A6ADA
:106F080042F004021A621A6A42F001021A62D6E7D3
:106F1800FEF7DAFC0646804B1B6A13F0020F08D016
:106F2800FEF7D2FC801B41F288339842F3D9032044
:106F3800E9E075BBE36A002B6ED0774A526812F419
:106F4800803F05D0744A526802F00C02082A26D005
:106F5800022B4AD1704B1B6813F0805F07D06E4B31
:106F6800DB6A03F0F003626B934240F0C9806B4B1D
:106F780000229A66FEF7A8FC0546674B1B6813F0CB
:106F8800006F13D0FEF7A0FC401B6428F5D903203E
:106F9800B9E0614AD36923F08053D361CAE75E4AF6
:106FA800D26A12F4803FD3D00120ACE05A4AD36AA7
:106FB80023F0F003616B0B43D362D36A23F470634D
:106FC800216B0B43D362554B01229A66FEF77CFC7A
:106FD8000546514B1B6813F0006F1DD1FEF774FC7A
:106FE800401B6428F5D903208DE04B4AD36A23F46B
:106FF8008033D362494B00229A66FEF765FC05464A
:10700800454B1B6813F0006F06D0FEF75DFC401B74
:107018006428F5D9032076E0236A002B72D03E4A13
:10702800526802F00C02082A54D0022B11D03B4BB4
:1070380000221A66FEF748FC0446374B1B6813F01B
:10704800007F45D0FEF740FC001B0228F5D903203D
:1070580059E0324B00221A66FEF736FC05462E4BE5
:107068001B6813F0007F06D0FEF72EFC401B022899
:10707800F5D9032047E0636AB3F5803F1AD0264963
:107088004B6823F47413626AA06A024313434B608B
:10709800224B01221A66FEF717FC04461E4B1B689A
:1070A80013F0007F12D1FEF70FFC001B0228F5D960
:1070B800032028E0184AD36A61680B43D362D36A75
:1070C80023F00F03E1680B43D362D8E700201AE0EE
:1070D800002018E0012B18D00F4B5B6803F48031B7
:1070E800626A914213D103F47013A26A934210D1D9
:1070F800002008E001207047012004E0012002E0A0
:10710800012000E0002002B070BD0120FBE7012053
:10711800F9E70120F7E700BF0010024000004242F3
:1071280070B588B0324B0DF1100C0FCBACE80700EE
:10713800ACF800302F4BEC460FCB8CE80F002E4BF1
:107148005B6803F00C02082A02D02C4808B070BD16
:10715800C3F3834220326A4412F8104C13F4803F80
:1071680041D0254AD36A03F00F0320336B4413F848
:10717800203CD26A12F4803F2FD01F49CA6AC2F35A
:1071880003120132C86AC0F303200230A0FB040EC8
:107198004FEA4E1141EAD06145012D1A61EB0E0606
:1071A8004FEA861C4CEA956CA901491B6CEB060C4E
:1071B8004FEACC0C4CEA517CC90009184EEB0C0E76
:1071C8004FEA4E2EA2FB032348024EEAD151F9F7AB
:1071D800A1FF0D2CBAD14008B8E7084804FB00F01D
:1071E800B0FBF3F0F5E7064804FB00F0AEE700BF9C
:1071F800B8900008F09000080010024000127A00D1
:1072080000093D00002800F0A08070B50D46044636
:10721800524B1B6803F007038B420BD24F4A13688B
:1072280023F007030B431360136803F007038B4233
:1072380040F08D80236813F0020F17D013F0040F6D
:1072480004D0474A536843F4E0635360236813F05B
:10725800080F04D0424A536843F460535360404ACD
:10726800536823F0F003A1680B435360236813F0BD
:10727800010F31D06368012B20D0022B25D0384A6A
:10728800126812F0020F64D035494A6822F00302EE
:1072980013434B60FEF718FB0646314B5B6803F05F
:1072A8000C036268B3EB820F16D0FEF70DFB801B50
:1072B80041F288339842F0D9032045E0284A126801
:1072C80012F4003FE0D101203EE0254A126812F096
:1072D800007FD9D1012037E0204B1B6803F007035A
:1072E800AB420AD91D4A136823F007032B431360E6
:1072F800136803F00703AB422DD1236813F0040F82
:1073080006D0174A536823F4E063E1680B435360DF
:10731800236813F0080F07D0114A536823F4605309
:10732800216943EAC1035360FFF7FAFE0C4B5B681F
:10733800C3F303130B4AD35CD8400B4B18600B4BB9
:107348001868FEF77DFA002070BD01207047012003
:10735800FAE70120F8E70120F6E700BF0020024025
:1073680000100240D89000081002002018020020E7
:10737800014B1868704700BF1002002008B5FFF7DE
:10738800F7FF044B5B68C3F3C223034AD35CD840BE
:1073980008BD00BF00100240E890000870B582B038
:1073A8000446036813F0010F39D06E4BDB6913F004
:1073B800805F0BD16B4BDA6942F08052DA61DB698E
:1073C80003F080530193019B012500E00025664BE3
:1073D8001B6813F4807F7DD0624B1B6A13F44073E3
:1073E80013D0626802F440729A420ED05D4A136A62
:1073F80023F440705D490126C1F840640026C1F8B5
:107408004064106213F0010F79D1564A136A23F4CD
:10741800407361680B431362002D40F0828023683B
:1074280013F0020F06D04F4A536823F44043A16873
:107438000B435360236813F0040F06D0494AD36AFC
:1074480023F40033E1680B43D362236813F0080F79
:1074580006D0444AD36A23F4802321690B43D362BC
:10746800404BDB6A13F4003F04D13E4BDB6A13F454
:10747800802F62D03B4B1B6813F0805F56D1394B8D
:107488001B6813F0806F06D0364BDB6A03F0F003FD
:10749800A26993425FD1334AD36A23F0F003A1690A
:1074A8000B43D362D36A23F4704361690B43D362FD
:1074B8002E4B01221A67FEF707FA0546294B1B686F
:1074C80013F0005F39D1FEF7FFF9401B6428F5D9A6
:1074D80003203EE0244A136843F480731360FEF7E8
:1074E800F3F90646204B1B6813F4807F7FF474AFD2
:1074F800FEF7EAF9801B6428F4D9032029E0FEF797
:10750800E3F90646174B1B6A13F0020F7FF47DAFB1
:10751800FEF7DAF9801B41F288339842F2D903204A
:1075280017E0D36923F08053D36178E70D4BDB6A0A
:1075380003F47043626993420FD1236813F0100F6C
:107548000DD0084A536823F48003E1690B43536064
:10755800002002B070BD0120FBE70120F9E7002000
:10756800F7E700BF001002400070004000004242F0
:1075780000B589B08646674B0DF1100C0FCBACE80F
:107588000700ACF80030644BEC460FCB8CE80F00DA
:107598000EF1FF300F2800F2B580DFE800F086A872
:1075A800B34EB3B3B36AB3B3B3B3B3B3B3085B4BBC
:1075B8005A68186810F0807000F0A580C2F3834301
:1075C80020336B4413F8101C12F4803F27D0534A21
:1075D800D36A03F00F0320336B4413F820CCD36A2B
:1075E80013F4803F15D01346D26AC2F30312013256
:1075F800DB6AC3F3032302334948B0FBF2F003FB11
:1076080000F0B0FBFCF001FB00F00D290AD14008A6
:1076180008E04348B0FBFCF001FB00F0F5E7414807
:1076280001FB00F03D4B5B6813F4800F6BD1400009
:107638003D4BA3FB0030400865E0384BDB6A13F490
:10764800003F13D0354B186810F080505BD0DA6AD1
:10765800C2F303120132DB6AC3F303330233304847
:10766800B0FBF2F003FB00F040004CE0FFF758FDE0
:1076780049E02A4BDB6A13F4802F13D0274B186894
:1076880010F080503FD0DA6AC2F303120132DB6A8D
:10769800C3F3033302332248B0FBF2F003FB00F0DC
:1076A800400030E0FFF73CFD2DE01C4B1B6A40F228
:1076B80002321A40B2F5817F28D003F44073B3F543
:1076C800007F04D0B3F5407F09D000201BE0134AA7
:1076D800526A12F0020FF5D049F6404013E00F4B02
:1076E800186810F400300ED04FF224400BE0FFF77A
:1076F80045FE0A4B5B68C3F3813301335B00B0FB83
:10770800F3F000E0002009B05DF804FB4FF40040FE
:10771800F9E700BFC8900008F09000080010024088
:1077280000127A0000093D00ABAAAAAA00B50368B6
:1077380099691FFA81FED8699A691FFA82FCE645A1
:1077480005D0D86980B240EA02405DF804FB80B2F7
:1077580040EA0140F9E70368186A5B6A9BB243EAAA
:1077680000407047002302E001330A38C0B20928FC
:10777800FAD81B01DBB218437047030903EB8303F4
:1077880000F00F0000EB4300C0B2704710F0030F89
:1077980014D10D4BA3FB00235B09642202FB1303E6
:1077A8009BB26BB9084BA3FB0023DB094FF4C872EB
:1077B80002FB130080B228B90120704700207047EF
:1077C80001207047002070471F85EB5100F5FA6CC7
:1077D800022921D801EB4103C1EBC3011E4BA3FBD6
:1077E800013102EB5103634400F2CF7003EB9003C5
:1077F8001A4AA2FB0020A3EB501303EBD013043367
:107808001748A0FB03201A1A00EB52008008C0EBAF
:10781800C000181AC0B2704701EB4103C1EBC301A5
:107828000D4BA3FB013102EB5103634403EB9C03B3
:107838000A4AA2FB0C12A3EB521303EBD213023336
:107848000748A0FB03201A1A00EB52008008C0EB7F
:10785800C000181ADEE700BF398EE3381F85EB51E8
:10786800254992242DE9F8430746894690F80F8068
:10787800457B867B002406E013F4256F11D01D2E6E
:1078880020D8013601344C4530D20C2DFAD80123CA
:10789800AB4041F2AA521342EED01E2E08D8013650
:1078A800F0E713F0040FEDD01B2E0ED80136E9E7F0
:1078B8000C2D02D001350126E4E708F10108012664
:1078C8003546DFE701350126DCE71C2E04D01D2EE6
:1078D800D8D101350126D5E71FFA88F0FFF756FF02
:1078E80008B10136CEE701350126CBE787F80F80CE
:1078F800E9B27973F2B2BA734046FFF767FF38739B
:10790800BDE8F88338B50446FDF7DEFF0546236871
:107918005A6812F0200F07D1FDF7D6FF401BB0F5CB
:107928007A7FF4D9032004E05A6842F010025A60C2
:10793800002038BD38B504460268536823F01003A8
:107948005360FDF7C1FF054623685B6813F0200FFD
:1079580007D1FDF7B9FF401BB0F57A7FF4D90320B2
:1079680000E0002038BD38B505460C46FFF7CAFFD1
:1079780008B1012038BD2B68220C9A612B68A4B28B
:10798800DC612846FFF7D6FF0028F3D00120F1E795
:1079980038B505460C46FFF7B5FF08B1012038BDDC
:1079A8002B68220C1A622B68A4B25C622846FFF787
:1079B800C1FF0028F3D00120F1E770B5002857D0A7
:1079C8000D460646002955D0037C012B54D00123CF
:1079D800037402234374BAB90B784C78C4EB0414CB
:1079E800A4004FF4616202FB03448B781C442146D7
:1079F8003046FFF7B8FF0546C8B104237374002367
:107A080033740125284670BD0878FFF7B6FE4FF499
:107A1800616303FB00F46878FFF7AFFEC0EB00106A
:107A280004EB8004A878FFF7A8FE0444DFE7326877
:107A3800536823F0050353603046FFF78CFEB0F11E
:107A4800FF3F01D0844204D80123737400233374A8
:107A5800D8E700F5A83101F5C0713046FFF798FF67
:107A68000028F1D004237374002333740125C9E777
:107A78000125C7E70125C5E70225C3E700286FD020
:107A88002DE9F8430C461546074600296AD00368D5
:107A98005B6813F0040F02D00120BDE8F883FFF7FC
:107AA80045FE0646334BA3FB0023DB0A4FF4616215
:107AB80002FB13023049A1FB02014809C1F3471137
:107AC8006170C0EB0010A2EB8002A2702B4A9642B4
:107AD80010D82370002D4BD02078FFF743FE20707C
:107AE8006078FFF73FFE6070A078FFF73BFEA0705C
:107AF8000020D2E7224AA2FB03284FEA181808EB15
:107B08004802A3EBC20323703846FFF724FE8146E0
:107B1800B0F1FF3F06D0864202D2A0EB060901E091
:107B28004FF0FF39174B03FB186631463846FFF70D
:107B38001AFFC8B9B9F1FF3F0AD009EB0601384668
:107B4800FFF726FF90B941463846FFF78BFEC1E79D
:107B580049463846FFF71CFF0028F4D001209CE76F
:107B680001207047012098E7012096E7012094E75B
:107B7800002092E7C5B3A291898888887F510100C7
:107B8800ABAAAAAA8051010000285AD038B50D46E0
:107B98000446002957D0037C012B56D001230374D7
:107BA80002234374BAB9CB78C3734B7843738B7889
:107BB8008373A27B617BE07BFFF708FE207328704C
:107BC8002046FFF7B3FD224B984211D80123637476
:107BD8000020207438BDC878FFF7CFFDE0736878BF
:107BE800FFF7CBFD6073A878FFF7C7FDA073E0E748
:107BF800184DA5FB00352D0C174B03FB1505294621
:107C08002046FFF7B0FE28B10423637400232374D1
:107C18000120DFE72046FFF79EFDB0F1FF3FD5D0FA
:107C28008542D3D900F5A83101F5C0712046FFF788
:107C3800AFFE0028CAD004236374002323740120F4
:107C4800C8E7012070470120C4E70220C2E700BF4F
:107C58008F5F010007452EC2805101002DE9F041D8
:107C680082B00023ADF804308DF8063000B30C461E
:107C780017460546F1B11A4601A9FFF7FFFE064669
:107C8800E8B92B7B2370E87BE07095F80D8084F8C9
:107C98000180AD7BA57077B1FFF764FDE0704046C9
:107CA800FFF760FD60702846FFF75CFDA07002E0FA
:107CB800012600E00126304602B0BDE8F081012629
:107CC800F9E7C0B138B505460268536823F00803E0
:107CD8005360FDF7F9FD04462B685B6813F0080F45
:107CE80007D1FDF7F1FD001BB0F57A7FF4D9032029
:107CF80000E0002038BD012070470000002857D060
:107D080010B50446437C4BB1022363742046FFF749
:107D1800D8FF38B104236374012010BD0374FCF745
:107D280087FFF1E72046FFF7EDFD60BB2268536847
:107D380023F007035360A36823B11E4A136B23F093
:107D4800010313631B4AD36A23F46073A1680B43CE
:107D5800D3626268B2F1FF3F19D021688B6823F0C3
:107D68000F0343EA12438B602168CB681B0C1B048A
:107D780092B21343CB602046FFF7DCFD88B10423A1
:107D880063740120C9E7042363740120C5E7012057
:107D9800FFF7EEFB08B1421EDFE7042363740120FE
:107DA800BBE70023E37301236373A3736374B4E72E
:107DB80001207047006C0040890001F1804101F505
:107DC800D84192B20A607047890001F1804101F5FB
:107DD800D841086880B270472DE9F04782B005465F
:107DE800884617461E46FDF76FFD0A9B1B1A03EBD4
:107DF8000609FDF769FD82462A4B1B68C3F3CB339E
:107E080009FB03F301932B689C6838EA04040CBF50
:107E180001230023BB4240D0B6F1FF3FF3D0FDF76A
:107E280053FDA0EB0A0048450AD2B9F1000F07D06C
:107E3800019A02B14A46019B013B01939146E2E750
:107E48002A68536823F0E00353606B68B3F5827FB8
:107E58000BD0AB6AB3F5005F14D0012385F851301D
:107E6800002385F85030032018E0AB68B3F5004FC5
:107E780002D0B3F5806FECD12A68136823F0400371
:107E88001360E6E72A68136823F4005313602A682E
:107E9800136843F400531360DFE7002002B0BDE825
:107EA800F08700BF1002002010B582B004460B46D0
:107EB800009200228021FFF78FFF08B902B010BDA1
:107EC800636D43F0200363650320F7E710B582B0C4
:107ED80004460B464168B1F5827F10D06168B1F560
:107EE800827F03D1A168B1F5806F15D0009200227E
:107EF80080212046FFF770FFE0B902B010BD81680D
:107F0800B1F5004F02D0B1F5806FE7D12068016864
:107F180021F040010160E1E70092002201212046A2
:107F2800FFF75AFF0028E8D0636D43F0200363652C
:107F38000320E2E7636D43F0200363650320DCE779
:107F4800002856D010B50446436A33B94368B3F5E0
:107F5800827F05D00023C36102E0002303614361EF
:107F68000023A36294F85130002B3CD0022384F8FC
:107F780051302268136823F040031360636803F4E8
:107F88008273A26802F404421343E26802F40062B6
:107F98001343226902F002021343626902F00102EC
:107FA8001343A26902F400721343E26902F0380233
:107FB8001343226A02F080021343A26A02F40052B9
:107FC800216813430B60638B226803F0040353603A
:107FD8002268D36923F40063D3610020606501231C
:107FE80084F8513010BD84F850302046FCF786FEE6
:107FF800BCE7012070472DE9F04383B01D4690F897
:108008005030012B00F0D180044688469146012368
:1080180080F85030FDF758FC074694F85160F6B2E6
:10802800012E40F0AF80B8F1000F00F0AC80B9F13C
:10803800000F00F0A880032384F851300023636503
:10804800C4F83080A4F83490A4F83690A363A387CA
:10805800E38763642364A368B3F5004F1ED02368E5
:108068001A6812F0400F03D11A6842F040021A60F1
:10807800E368B3F5006F1CD0636813B1B9F1010F61
:1080880052D1226B236812781A73236B013323634E
:10809800E38E9BB2013B9BB2E38645E022681368FE
:1080A80023F0400313602268136843F4804313608D
:1080B800D5E7636813B1B9F1010F16D1226B2368B4
:1080C8001288DA60236B02332363E38E9BB2013B91
:1080D8009BB2E38609E0FDF7F7FBC01BA84202D379
:1080E800B5F1FF3F59D1002D59D0E38E9BB2002B3B
:1080F80033D023689A6812F0020FECD0226B1288F2
:10810800DA60236B02332363E38E9BB2013B9BB29D
:10811800E386EAE7FDF7D8FBC01BA84202D3B5F116
:10812800FF3F3ED1002D3ED0E38E9BB2ABB123681A
:108138009A6812F0020FEDD0226B12781A73236B33
:1081480001332363B4F836C01FFA8CFC0CF1FF3CF2
:108158001FFA8CFCA4F836C0E6E73A4629462046C2
:10816800FFF7A2FE08B120236365A36833B9019322
:108178002368DA6801929B680193019B636D13B9C8
:10818800002600E00226012384F85130002384F8F9
:108198005030304603B0BDE8F0830326F3E70326EA
:1081A800F1E70326EFE70326EDE70226F1E72DE9DD
:1081B800F04383B01F460A9D90F85030012B00F021
:1081C8001081044688469146012380F85030FDF717
:1081D8007BFB064694F85130DBB26268012B0AD06B
:1081E800B2F5827F40F0E380A268002A40F0E9807F
:1081F800042B40F0E880B8F1000F00F0E680B9F1F8
:10820800000F00F0E480002F00F0E38094F8513074
:10821800DBB2042B02D0052384F8513000236365B8
:10822800C4F83890E787A787C4F83080E786A78620
:108238002364636423681A6812F0400F03D11A6834
:1082480042F040021A60E368B3F5006F11D063682A
:108258000BB1012F0BD1226B236812781A73236B91
:1082680001332363E38E9BB2013B9BB2E386012774
:108278006BE063680BB1012F0BD1226B2368128866
:10828800DA60236B02332363E38E9BB2013B9BB21C
:10829800E38601271CE023689A6812F0010F0ED0CC
:1082A800E28F92B25AB1DA68A36B1A80A36B0233D9
:1082B800A363E38F9BB2013B9BB2E3870127FDF7E2
:1082C80003FB801BA84203D3B5F1FF3F40F0838036
:1082D800E38E9BB21BB9E38F9BB2002B53D023686C
:1082E8009A6812F0020FD6D0E28E92B2002AD2D04B
:1082F800002FD0D0226B1288DA60236B02332363FD
:10830800E38E9BB2013B9BB2E3860027C3E7236859
:108318009A6812F0010F0ED0E28F92B25AB1DA6861
:10832800A36B1A70A36B0133A363E38F9BB2013B6A
:108338009BB2E3870127FDF7C7FA831BAB4202D341
:10834800B5F1FF3F49D1002D49D0E38E9BB213B957
:10835800E38F9BB2BBB123689A6812F0020FD6D0A4
:10836800E28E92B2002AD2D0002FD0D0226B12789F
:108378001A73236B01332363E38E9BB2013B9BB2D9
:10838800E3860027C3E7324629462046FFF78CFDDF
:1083980048B9A36863B901932368DA6801929B68B6
:1083A8000193019B04E020236365012000E0022083
:1083B800012384F85130002384F8503003B0BDE81D
:1083C800F0830220F4E70220F2E70120F0E7012021
:1083D800EEE70120ECE70320EAE70320E8E70320C3
:1083E800E6E70220EAE72DE9F04383B00446884631
:1083F80091461D464068B0F5827F38D094F85030D9
:10840800012B00F0AE80012384F85030FDF75CFAB0
:10841800074694F85160F6B2012E40F08F80B8F10B
:10842800000F00F08C80B9F1000F00F08880042361
:1084380084F8513000236365C4F83880A4F83C9070
:10844800A4F83E902363A386E38623646364A36849
:10845800B3F5004F19D023681A6812F0400F03D102
:108468001A6842F040021A60E3681BB341E0A3684F
:10847800002BC3D1042384F85130009513460A46D3
:108488002046FFF794FE06465FE02268136823F053
:10849800400313602268136823F480431360DAE70B
:1084A800FDF712FAC01BA84202D3B5F1FF3F50D125
:1084B800002D50D0E38F9BB2002B33D023689A68ED
:1084C80012F0010FECD0A26B1B7B1370A36B01336E
:1084D800A363E38F9BB2013B9BB2E387EAE7FDF717
:1084E800F3F9C01BA84202D3B5F1FF3F35D1002DE7
:1084F80035D0E38F9BB2ABB123689A6812F0010FB5
:10850800EDD0DA68A36B1A80A36B0233A363B4F8C7
:108518003EC01FFA8CFC0CF1FF3C1FFA8CFCA4F83F
:108528003EC0E6E73A4629462046FFF7CFFC08B1A9
:1085380020236365636D13B9002600E0022601233A
:1085480084F85130002384F85030304603B0BDE839
:10855800F0830326F3E70326F1E70326EFE7032674
:10856800EDE70226F1E7704710B584B004460268CB
:108578005168936803F0410001285AD013F0020FA4
:1085880002D011F0800F5BD113F0600F5BD011F0B7
:10859800200F58D013F0400F0FD094F85100C0B2FC
:1085A800032852D0606D40F00400606500200190FF
:1085B800D068019090680190019813F0200F0CD0BA
:1085C800636D43F00103636500230393936803938A
:1085D800136823F040031360039B636D002B32D0B4
:1085E8002268536823F0E0035360012384F8513074
:1085F80011F0030F31D02268536823F0030353604E
:10860800E36C4BB1174A5A63E06CFEF711F918B1E5
:10861800636D43F040036365A36CA3B1114A5A63C9
:10862800A06CFEF705F970B1636D43F04003636514
:1086380009E011F0400FA1D0236C2046984702E0D2
:10864800636C2046984704B010BD00230293D3689A
:10865800029393680293029BF5E72046FFF783FF96
:10866800F1E700BF7186000808B5406A0023C38798
:10867800C386FFF778FF08BD10B4036A046A24F0C4
:1086880001040462846924F0F00C4CEA021223F01D
:108698000A030B438261036210BC704710B4036A7B
:1086A80023F0100303628469036A24F4704C4CEAD3
:1086B800023223F0A00343EA01138261036210BC73
:1086C8007047836823F070030B4343F0070383600C
:1086D8007047000090F83D30DBB2012B2BD102230C
:1086E80080F83D300268D36843F00103D360036823
:1086F800134A934214D0B3F1804F11D0A2F59432AB
:1087080093420DD002F58062934209D002F580624F
:10871800934205D01A6842F001021A60002070479F
:108728009A6802F00702062A07D01A6842F0010286
:108738001A6000207047012070470020704700BF72
:10874800002C0140704770477047704710B50446C9
:1087580003681A6912F0020F11D0DA6812F0020FDA
:108768000DD06FF002021A610123037703689B6939
:1087780013F0030F70D0FFF7E6FF00232377236879
:108788001A6912F0040F12D0DA6812F0040F0ED032
:108798006FF004021A610223237723689B6913F49C
:1087A800407F5FD02046FFF7CEFF00232377236862
:1087B8001A6912F0080F12D0DA6812F0080F0ED0FA
:1087C8006FF008021A61042323772368DB6913F02A
:1087D800030F4ED02046FFF7B6FF00232377236808
:1087E8001A6912F0100F12D0DA6812F0100F0ED0BA
:1087F8006FF010021A61082323772368DB6913F4EA
:10880800407F3DD02046FFF79EFF00232377236853
:108818001A6912F0010F03D0DA6812F0010F36D18D
:1088280023681A6912F0800F03D0DA6812F0800FFB
:1088380034D123681A6912F0400F03D0DA6812F0B5
:10884800400F32D123681A6912F0200F03D0DA687A
:1088580012F0200F30D110BDFFF774FF2046FFF74C
:1088680073FF8AE72046FFF76DFF2046FFF76CFF8E
:108878009BE72046FFF766FF2046FFF765FFACE75A
:108888002046FFF75FFF2046FFF75EFFBDE76FF06A
:1088980001021A612046FBF7D5FAC1E76FF08002A2
:1088A8001A61204600F033F9C3E76FF040021A61FD
:1088B8002046FFF74AFFC5E76FF020021A612046FD
:1088C80000F024F9C7E7000003681F4A90420ED061
:1088D800B0F1804F0BD0A2F59432904207D002F548
:1088E8008062904203D002F58062904203D123F067
:1088F80070034A681343144A90420ED0B0F1804F77
:108908000BD0A2F59432904207D002F580629042D3
:1089180003D002F58062904203D123F44073CA6801
:10892800134323F080034A69134303608B68C362CF
:108938000B688362044B984202D00123436170475D
:108948000B690363F9E700BF002C014040B310B581
:10895800044690F83D30F3B1022384F83D302146B7
:1089680051F8040BFFF7B0FF012384F8463084F870
:108978003E3084F83F3084F8403084F8413084F841
:10898800423084F8433084F8443084F8453084F821
:108998003D30002010BD80F83C30FCF719FFDBE7C4
:1089A8000120704710B4846824F47F4C42EA032203
:1089B8000A4342EA0C02826010BC704790F83C30CF
:1089C800012B66D010B50446012380F83C30022301
:1089D80080F83D300268936823F47F4323F07703DF
:1089E80093600B68602B40D022D8402B47D00BD91E
:1089F800502B0ED1CA6849680068FFF73DFE502128
:108A08002068FFF75EFE04E0202B0CD008D9302B3D
:108A180009D0012384F83D30002084F83C0010BDC3
:108A28000BB1102BF5D119462068FFF74AFEF0E785
:108A3800702B0ED0B3F5005FEBD1CB684A6889681C
:108A48000068FFF7AFFF2268936843F480439360A0
:108A5800DFE7CB684A6889680068FFF7A3FF2268E8
:108A6800936843F077039360D3E7CA68496800685E
:108A7800FFF714FE60212068FFF723FEC9E7CA68E4
:108A880049680068FFF7F8FD40212068FFF719FEE4
:108A9800BFE702207047000090F83C20012A30D040
:108AA80010B40346012280F83C20022280F83D20C1
:108AB80002685068946820F0700C086840EA0C005E
:108AC80050601A68104882420ED0B2F1804F0BD025
:108AD800A0F59430824207D000F58060824203D02E
:108AE80000F58060824204D124F080044968214363
:108AF8009160012283F83D20002083F83C0010BCDF
:108B080070470220704700BF002C01407047704733
:108B18000C480D490D4A002302E0D458C4500433D0
:108B2800C4188C42F9D30A4A0A4C002301E01360A6
:108B38000432A242FBD3FCF7D7FD00F00FF8FBF795
:108B4800E7F9704700000020800200201491000817
:108B580080020020DC1C0020FEE7000070B5002623
:108B68000C4D0D4C641BA410A64209D100F094FAD8
:108B780000260A4D0A4C641BA410A64205D170BDFC
:108B880055F8043B98470136EEE755F8043B9847FB
:108B98000136F2E70C9100080C9100080C910008CE
:108BA80010910008024B0146186800F07BB800BF1E
:108BB8001C020020024B0146186800F00BB800BFE9
:108BC8001C02002003460244934200D1704703F878
:108BD800011BF9E738B50546002940D051F8043C97
:108BE8000C1F002BB8BFE41800F0E0F81C4A13680B
:108BF80033B9636014602846BDE8384000F0D7B840
:108C0800A34208D9206821188B4201BF19685B6804
:108C180009182160EDE71A465B680BB1A342FAD93F
:108C280011685018A0420BD12068014450188342A3
:108C38001160E0D118685B68084410605360DAE797
:108C480002D90C232B60D6E7206821188B4201BF7C
:108C580019685B680918216063605460CBE738BD08
:108C6800CC1C002070B50E4E0C463168054611B973
:108C780000F08CF830602146284600F087F8431C45
:108C88000AD0C41C24F00304A04207D0211A2846A5
:108C980000F07CF8013001D14FF0FF34204670BD60
:108CA800D01C00202DE9F041CD1C25F00305083526
:108CB8000C2D38BF0C25002D074601DBA94205D92C
:108CC8000C2300263B603046BDE8F0812E4E00F0B4
:108CD8006DF833681C4634BB29463846FFF7C2FF97
:108CE800431C04464DD134682646002E40D12368E3
:108CF8003146384604EB030800F048F880453AD17D
:108D080023680335ED1A25F0030508350C2D38BF07
:108D18000C2538462946FFF7A5FF01302BD02368DC
:108D28002B4423600EE02268521B1ED40B2A16D94E
:108D38006119A342256018BF5960636808BF316094
:108D480062514B60384604F10B0600F030F826F00B
:108D58000706231DF21AB6D09B1BA350B3E762681F
:108D6800A3420CBF32605A60ECE723466468B2E75E
:108D780034467668B9E70C2338463B6000F017F8AC
:108D8800A1E72560DEE700BFCC1C002038B5002332
:108D9800054D044608462B6000F00AF8431C02D132
:108DA8002B6803B1236038BDD41C0020704770477E
:108DB800044A05491368002B08BF0B461844106085
:108DC80018467047D81C0020E01C00202DE9F04709
:108DD800089E0D4604468E46002B4CD18A42944686
:108DE80067D9B2FA82F353B102FA03FCC3F1200245
:108DF80001FA03FE20FA02F242EA0E0E9C404FEA04
:108E08001C47BEFBF7F11FFA8CF507FB11EE01FBBF
:108E180005F0220C42EA0E4290420AD91CEB0202EB
:108E280001F1FF3E80F01981904240F2168102392B
:108E38006244121AB2FBF7F007FB102200FB05F59B
:108E4800A4B244EA0244A5420AD91CEB040400F186
:108E5800FF3280F00481A54240F201816444023867
:108E680040EA01400021641B1EB1DC400023C6E932
:108E78000043BDE8F0878B4208D9002E00F0EA8055
:108E88000021C6E900050846BDE8F087B3FA83F17A
:108E9800002948D1AB4202D3824200F2F880841AFA
:108EA80065EB030201209646002EE2D0C6E9004E8B
:108EB800DFE702B9FFDEB2FA82F3002B40F08E80C2
:108EC800881A0121170C1FFA82FEB0FBF7F507FB81
:108ED8001500220C42EA00420EFB05F0904208D928
:108EE8001CEB020205F1FF3802D2904200F2CC805E
:108EF8004546121AB2FBF7F007FB10220EFB00FEE4
:108F0800A4B244EA0244A64508D91CEB040400F1C3
:108F1800FF3202D2A64500F2B4801046A4EB0E043C
:108F280040EA0540A0E7C1F120078B4022FA07FC80
:108F38004CEA030C25FA07FA4FEA1C49BAFBF9F880
:108F48008D4020FA07F309FB18AA1FFA8CFE2B4361
:108F580000FA01F508FB0EF01C0C44EA0A44A04292
:108F680002FA01F20BD91CEB040408F1FF3A80F075
:108F78008680A04240F28380A8F102086444241A43
:108F880098B2B4FBF9F309FB134403FB0EFE40EA65
:108F98000444A64508D91CEB040403F1FF306AD247
:108FA800A64568D9023B644443EA0840A0FB029303
:108FB800A4EB0E049C42C8469E4654D351D0002EC2
:108FC80067D0B5EB080364EB0E04CB4004FA07F74F
:108FD8001F43CC40C6E9007400214AE702FA03FCAB
:108FE800C3F12000C1409D4024FA00F04FEA1C471D
:108FF8002843B1FBF7F507FB15111FFA8CFE020C8D
:1090080042EA014205FB0EF1914204FA03F408D941
:109018001CEB020205F1FF382FD291422DD9023DF7
:109028006244521AB2FBF7F107FB112280B240EA00
:10903800024001FB0EF2824208D91CEB000001F14C
:10904800FF3816D2824214D902396044801A41EAA4
:1090580005413AE7314630460BE77146E9E61046E6
:10906800FEE64D45ABD2B9EB020863EB0C0E0138B6
:10907800A5E74146EAE7034696E74546D1E7D046E5
:109088007DE76444023849E7023D624431E7084617
:109098000AE73146EDE600BFF8B500BFF8BC08BCEA
:1090A8009E467047F8B500BFF8BC08BC9E4670479E
:1090B800000004050607080900000000000D000074
:1090C800000004050607080900000000000D000064
:1090D8000000000000000000010203040607080960
:1090E800000000000102030401020304050607084A
:0C90F800090A0B0C0D0E0F100000000008
:08910400D0FCFF7F0100000018
:04910C00B91100088D
:0491100091110008B1
:109114000C1A002040010000CD4C4F439A194543DE
:1091240000803B43CD4C324333B329430080214379
:10913400CDCC19436666124300800B4366E60443B4
:109144006666FD426666F1423333E6429A99DB4233
:109154009A99D1420000C84285EBBE42AE47B6425E
:109164009A19AE42EC51A64285EB9E4266E69742BE
:109174003333914229DC8A42ECD18442B81E7E42C8
:10918400F62873428FC268420AD75E426666554229
:1091940066664C420AD74342D7A33B4248E1334276
:1091A400A4702C42295C25429A991E42F628184242
:1091B40000001242B81E0C421F850642F6280142E6
:1091C4007B14F841EC51EE41C3F5E4410000DC416D
:1091D4001F85D341295CCB411F85C3410000BC419D
:1091E40048E1B4417B14AE411F85A7413333A1410B
:1091F40033339B41A470954185EB8F41D7A38A41BA
:109204009A99854152B88041F628784133336F41A9
:1092140052B8664166665E415C8F56413D0A4F41D5
:1092240014AE4741CDCC40417B143A4114AE334196
:10923400A4702D410A000B000C000D000E000F005D
:10924400100011001200130014001500160017007E
:10925400180019001A001B001C001D001E001F002E
:1092640020002100220023002400250026002700DE
:10927400280029002A002B002C002D002E002F008E
:10928400300031003200330034003500360037003E
:10929400380039003A003B003C003D003E003F00EE
:1092A400400041004200430044004500460047009E
:1092B400480049004A004B004C004D004E004F004E
:1092C40050009945010A000000007A440070874567
:1092D4000000614400D883450000484400388045BC
:1092E40000002F4400207A450000164400207445F5
:1092F4000000FA4300806F450000C84300D06C456D
:109304000000964300106B45000048430050684538
:109314000000C84200D065450000000000A03E45A2
:109324000024F400010000001000000020020020CE
:109334000000000000000000000000000000000029
:109344000000000000000000000000000000000019
:109354000000000000000000000000000000000009
:1093640000000000000000000000000000000000F9
:1093740000000000000000000000000000000000E9
:1093840000000000000000000000000000000000D9
:0400000508008B194B
:00000001FF
