ARM GAS  C:\Users\ride_pig\AppData\Local\Temp\ccAMFt1h.s 			page 1


   1              		.cpu cortex-m3
   2              		.arch armv7-m
   3              		.fpu softvfp
   4              		.eabi_attribute 20, 1
   5              		.eabi_attribute 21, 1
   6              		.eabi_attribute 23, 3
   7              		.eabi_attribute 24, 1
   8              		.eabi_attribute 25, 1
   9              		.eabi_attribute 26, 1
  10              		.eabi_attribute 30, 1
  11              		.eabi_attribute 34, 1
  12              		.eabi_attribute 18, 4
  13              		.file	"stm32f1xx_hal_can.c"
  14              		.text
  15              	.Ltext0:
  16              		.cfi_sections	.debug_frame
  17              		.section	.text.HAL_CAN_MspInit,"ax",%progbits
  18              		.align	1
  19              		.weak	HAL_CAN_MspInit
  20              		.syntax unified
  21              		.thumb
  22              		.thumb_func
  24              	HAL_CAN_MspInit:
  25              	.LVL0:
  26              	.LFB67:
  27              		.file 1 "Drivers/STM32F1xx_HAL_Driver/Src/stm32f1xx_hal_can.c"
   1:Drivers/STM32F1xx_HAL_Driver/Src/stm32f1xx_hal_can.c **** /**
   2:Drivers/STM32F1xx_HAL_Driver/Src/stm32f1xx_hal_can.c ****   ******************************************************************************
   3:Drivers/STM32F1xx_HAL_Driver/Src/stm32f1xx_hal_can.c ****   * @file    stm32f1xx_hal_can.c
   4:Drivers/STM32F1xx_HAL_Driver/Src/stm32f1xx_hal_can.c ****   * @author  MCD Application Team
   5:Drivers/STM32F1xx_HAL_Driver/Src/stm32f1xx_hal_can.c ****   * @brief   CAN HAL module driver.
   6:Drivers/STM32F1xx_HAL_Driver/Src/stm32f1xx_hal_can.c ****   *          This file provides firmware functions to manage the following
   7:Drivers/STM32F1xx_HAL_Driver/Src/stm32f1xx_hal_can.c ****   *          functionalities of the Controller Area Network (CAN) peripheral:
   8:Drivers/STM32F1xx_HAL_Driver/Src/stm32f1xx_hal_can.c ****   *           + Initialization and de-initialization functions
   9:Drivers/STM32F1xx_HAL_Driver/Src/stm32f1xx_hal_can.c ****   *           + Configuration functions
  10:Drivers/STM32F1xx_HAL_Driver/Src/stm32f1xx_hal_can.c ****   *           + Control functions
  11:Drivers/STM32F1xx_HAL_Driver/Src/stm32f1xx_hal_can.c ****   *           + Interrupts management
  12:Drivers/STM32F1xx_HAL_Driver/Src/stm32f1xx_hal_can.c ****   *           + Callbacks functions
  13:Drivers/STM32F1xx_HAL_Driver/Src/stm32f1xx_hal_can.c ****   *           + Peripheral State and Error functions
  14:Drivers/STM32F1xx_HAL_Driver/Src/stm32f1xx_hal_can.c ****   *
  15:Drivers/STM32F1xx_HAL_Driver/Src/stm32f1xx_hal_can.c ****   @verbatim
  16:Drivers/STM32F1xx_HAL_Driver/Src/stm32f1xx_hal_can.c ****   ==============================================================================
  17:Drivers/STM32F1xx_HAL_Driver/Src/stm32f1xx_hal_can.c ****                         ##### How to use this driver #####
  18:Drivers/STM32F1xx_HAL_Driver/Src/stm32f1xx_hal_can.c ****   ==============================================================================
  19:Drivers/STM32F1xx_HAL_Driver/Src/stm32f1xx_hal_can.c ****     [..]
  20:Drivers/STM32F1xx_HAL_Driver/Src/stm32f1xx_hal_can.c ****       (#) Initialize the CAN low level resources by implementing the
  21:Drivers/STM32F1xx_HAL_Driver/Src/stm32f1xx_hal_can.c ****           HAL_CAN_MspInit():
  22:Drivers/STM32F1xx_HAL_Driver/Src/stm32f1xx_hal_can.c ****          (++) Enable the CAN interface clock using __HAL_RCC_CANx_CLK_ENABLE()
  23:Drivers/STM32F1xx_HAL_Driver/Src/stm32f1xx_hal_can.c ****          (++) Configure CAN pins
  24:Drivers/STM32F1xx_HAL_Driver/Src/stm32f1xx_hal_can.c ****              (+++) Enable the clock for the CAN GPIOs
  25:Drivers/STM32F1xx_HAL_Driver/Src/stm32f1xx_hal_can.c ****              (+++) Configure CAN pins as alternate function open-drain
  26:Drivers/STM32F1xx_HAL_Driver/Src/stm32f1xx_hal_can.c ****          (++) In case of using interrupts (e.g. HAL_CAN_ActivateNotification())
  27:Drivers/STM32F1xx_HAL_Driver/Src/stm32f1xx_hal_can.c ****              (+++) Configure the CAN interrupt priority using
  28:Drivers/STM32F1xx_HAL_Driver/Src/stm32f1xx_hal_can.c ****                    HAL_NVIC_SetPriority()
  29:Drivers/STM32F1xx_HAL_Driver/Src/stm32f1xx_hal_can.c ****              (+++) Enable the CAN IRQ handler using HAL_NVIC_EnableIRQ()
  30:Drivers/STM32F1xx_HAL_Driver/Src/stm32f1xx_hal_can.c ****              (+++) In CAN IRQ handler, call HAL_CAN_IRQHandler()
  31:Drivers/STM32F1xx_HAL_Driver/Src/stm32f1xx_hal_can.c **** 
ARM GAS  C:\Users\ride_pig\AppData\Local\Temp\ccAMFt1h.s 			page 2


  32:Drivers/STM32F1xx_HAL_Driver/Src/stm32f1xx_hal_can.c ****       (#) Initialize the CAN peripheral using HAL_CAN_Init() function. This
  33:Drivers/STM32F1xx_HAL_Driver/Src/stm32f1xx_hal_can.c ****           function resorts to HAL_CAN_MspInit() for low-level initialization.
  34:Drivers/STM32F1xx_HAL_Driver/Src/stm32f1xx_hal_can.c **** 
  35:Drivers/STM32F1xx_HAL_Driver/Src/stm32f1xx_hal_can.c ****       (#) Configure the reception filters using the following configuration
  36:Drivers/STM32F1xx_HAL_Driver/Src/stm32f1xx_hal_can.c ****           functions:
  37:Drivers/STM32F1xx_HAL_Driver/Src/stm32f1xx_hal_can.c ****             (++) HAL_CAN_ConfigFilter()
  38:Drivers/STM32F1xx_HAL_Driver/Src/stm32f1xx_hal_can.c **** 
  39:Drivers/STM32F1xx_HAL_Driver/Src/stm32f1xx_hal_can.c ****       (#) Start the CAN module using HAL_CAN_Start() function. At this level
  40:Drivers/STM32F1xx_HAL_Driver/Src/stm32f1xx_hal_can.c ****           the node is active on the bus: it receive messages, and can send
  41:Drivers/STM32F1xx_HAL_Driver/Src/stm32f1xx_hal_can.c ****           messages.
  42:Drivers/STM32F1xx_HAL_Driver/Src/stm32f1xx_hal_can.c **** 
  43:Drivers/STM32F1xx_HAL_Driver/Src/stm32f1xx_hal_can.c ****       (#) To manage messages transmission, the following Tx control functions
  44:Drivers/STM32F1xx_HAL_Driver/Src/stm32f1xx_hal_can.c ****           can be used:
  45:Drivers/STM32F1xx_HAL_Driver/Src/stm32f1xx_hal_can.c ****             (++) HAL_CAN_AddTxMessage() to request transmission of a new
  46:Drivers/STM32F1xx_HAL_Driver/Src/stm32f1xx_hal_can.c ****                  message.
  47:Drivers/STM32F1xx_HAL_Driver/Src/stm32f1xx_hal_can.c ****             (++) HAL_CAN_AbortTxRequest() to abort transmission of a pending
  48:Drivers/STM32F1xx_HAL_Driver/Src/stm32f1xx_hal_can.c ****                  message.
  49:Drivers/STM32F1xx_HAL_Driver/Src/stm32f1xx_hal_can.c ****             (++) HAL_CAN_GetTxMailboxesFreeLevel() to get the number of free Tx
  50:Drivers/STM32F1xx_HAL_Driver/Src/stm32f1xx_hal_can.c ****                  mailboxes.
  51:Drivers/STM32F1xx_HAL_Driver/Src/stm32f1xx_hal_can.c ****             (++) HAL_CAN_IsTxMessagePending() to check if a message is pending
  52:Drivers/STM32F1xx_HAL_Driver/Src/stm32f1xx_hal_can.c ****                  in a Tx mailbox.
  53:Drivers/STM32F1xx_HAL_Driver/Src/stm32f1xx_hal_can.c ****             (++) HAL_CAN_GetTxTimestamp() to get the timestamp of Tx message
  54:Drivers/STM32F1xx_HAL_Driver/Src/stm32f1xx_hal_can.c ****                  sent, if time triggered communication mode is enabled.
  55:Drivers/STM32F1xx_HAL_Driver/Src/stm32f1xx_hal_can.c **** 
  56:Drivers/STM32F1xx_HAL_Driver/Src/stm32f1xx_hal_can.c ****       (#) When a message is received into the CAN Rx FIFOs, it can be retrieved
  57:Drivers/STM32F1xx_HAL_Driver/Src/stm32f1xx_hal_can.c ****           using the HAL_CAN_GetRxMessage() function. The function
  58:Drivers/STM32F1xx_HAL_Driver/Src/stm32f1xx_hal_can.c ****           HAL_CAN_GetRxFifoFillLevel() allows to know how many Rx message are
  59:Drivers/STM32F1xx_HAL_Driver/Src/stm32f1xx_hal_can.c ****           stored in the Rx Fifo.
  60:Drivers/STM32F1xx_HAL_Driver/Src/stm32f1xx_hal_can.c **** 
  61:Drivers/STM32F1xx_HAL_Driver/Src/stm32f1xx_hal_can.c ****       (#) Calling the HAL_CAN_Stop() function stops the CAN module.
  62:Drivers/STM32F1xx_HAL_Driver/Src/stm32f1xx_hal_can.c **** 
  63:Drivers/STM32F1xx_HAL_Driver/Src/stm32f1xx_hal_can.c ****       (#) The deinitialization is achieved with HAL_CAN_DeInit() function.
  64:Drivers/STM32F1xx_HAL_Driver/Src/stm32f1xx_hal_can.c **** 
  65:Drivers/STM32F1xx_HAL_Driver/Src/stm32f1xx_hal_can.c **** 
  66:Drivers/STM32F1xx_HAL_Driver/Src/stm32f1xx_hal_can.c ****       *** Polling mode operation ***
  67:Drivers/STM32F1xx_HAL_Driver/Src/stm32f1xx_hal_can.c ****       ==============================
  68:Drivers/STM32F1xx_HAL_Driver/Src/stm32f1xx_hal_can.c ****     [..]
  69:Drivers/STM32F1xx_HAL_Driver/Src/stm32f1xx_hal_can.c ****       (#) Reception:
  70:Drivers/STM32F1xx_HAL_Driver/Src/stm32f1xx_hal_can.c ****             (++) Monitor reception of message using HAL_CAN_GetRxFifoFillLevel()
  71:Drivers/STM32F1xx_HAL_Driver/Src/stm32f1xx_hal_can.c ****                  until at least one message is received.
  72:Drivers/STM32F1xx_HAL_Driver/Src/stm32f1xx_hal_can.c ****             (++) Then get the message using HAL_CAN_GetRxMessage().
  73:Drivers/STM32F1xx_HAL_Driver/Src/stm32f1xx_hal_can.c **** 
  74:Drivers/STM32F1xx_HAL_Driver/Src/stm32f1xx_hal_can.c ****       (#) Transmission:
  75:Drivers/STM32F1xx_HAL_Driver/Src/stm32f1xx_hal_can.c ****             (++) Monitor the Tx mailboxes availability until at least one Tx
  76:Drivers/STM32F1xx_HAL_Driver/Src/stm32f1xx_hal_can.c ****                  mailbox is free, using HAL_CAN_GetTxMailboxesFreeLevel().
  77:Drivers/STM32F1xx_HAL_Driver/Src/stm32f1xx_hal_can.c ****             (++) Then request transmission of a message using
  78:Drivers/STM32F1xx_HAL_Driver/Src/stm32f1xx_hal_can.c ****                  HAL_CAN_AddTxMessage().
  79:Drivers/STM32F1xx_HAL_Driver/Src/stm32f1xx_hal_can.c **** 
  80:Drivers/STM32F1xx_HAL_Driver/Src/stm32f1xx_hal_can.c **** 
  81:Drivers/STM32F1xx_HAL_Driver/Src/stm32f1xx_hal_can.c ****       *** Interrupt mode operation ***
  82:Drivers/STM32F1xx_HAL_Driver/Src/stm32f1xx_hal_can.c ****       ================================
  83:Drivers/STM32F1xx_HAL_Driver/Src/stm32f1xx_hal_can.c ****     [..]
  84:Drivers/STM32F1xx_HAL_Driver/Src/stm32f1xx_hal_can.c ****       (#) Notifications are activated using HAL_CAN_ActivateNotification()
  85:Drivers/STM32F1xx_HAL_Driver/Src/stm32f1xx_hal_can.c ****           function. Then, the process can be controlled through the
  86:Drivers/STM32F1xx_HAL_Driver/Src/stm32f1xx_hal_can.c ****           available user callbacks: HAL_CAN_xxxCallback(), using same APIs
  87:Drivers/STM32F1xx_HAL_Driver/Src/stm32f1xx_hal_can.c ****           HAL_CAN_GetRxMessage() and HAL_CAN_AddTxMessage().
  88:Drivers/STM32F1xx_HAL_Driver/Src/stm32f1xx_hal_can.c **** 
ARM GAS  C:\Users\ride_pig\AppData\Local\Temp\ccAMFt1h.s 			page 3


  89:Drivers/STM32F1xx_HAL_Driver/Src/stm32f1xx_hal_can.c ****       (#) Notifications can be deactivated using
  90:Drivers/STM32F1xx_HAL_Driver/Src/stm32f1xx_hal_can.c ****           HAL_CAN_DeactivateNotification() function.
  91:Drivers/STM32F1xx_HAL_Driver/Src/stm32f1xx_hal_can.c **** 
  92:Drivers/STM32F1xx_HAL_Driver/Src/stm32f1xx_hal_can.c ****       (#) Special care should be taken for CAN_IT_RX_FIFO0_MSG_PENDING and
  93:Drivers/STM32F1xx_HAL_Driver/Src/stm32f1xx_hal_can.c ****           CAN_IT_RX_FIFO1_MSG_PENDING notifications. These notifications trig
  94:Drivers/STM32F1xx_HAL_Driver/Src/stm32f1xx_hal_can.c ****           the callbacks HAL_CAN_RxFIFO0MsgPendingCallback() and
  95:Drivers/STM32F1xx_HAL_Driver/Src/stm32f1xx_hal_can.c ****           HAL_CAN_RxFIFO1MsgPendingCallback(). User has two possible options
  96:Drivers/STM32F1xx_HAL_Driver/Src/stm32f1xx_hal_can.c ****           here.
  97:Drivers/STM32F1xx_HAL_Driver/Src/stm32f1xx_hal_can.c ****             (++) Directly get the Rx message in the callback, using
  98:Drivers/STM32F1xx_HAL_Driver/Src/stm32f1xx_hal_can.c ****                  HAL_CAN_GetRxMessage().
  99:Drivers/STM32F1xx_HAL_Driver/Src/stm32f1xx_hal_can.c ****             (++) Or deactivate the notification in the callback without
 100:Drivers/STM32F1xx_HAL_Driver/Src/stm32f1xx_hal_can.c ****                  getting the Rx message. The Rx message can then be got later
 101:Drivers/STM32F1xx_HAL_Driver/Src/stm32f1xx_hal_can.c ****                  using HAL_CAN_GetRxMessage(). Once the Rx message have been
 102:Drivers/STM32F1xx_HAL_Driver/Src/stm32f1xx_hal_can.c ****                  read, the notification can be activated again.
 103:Drivers/STM32F1xx_HAL_Driver/Src/stm32f1xx_hal_can.c **** 
 104:Drivers/STM32F1xx_HAL_Driver/Src/stm32f1xx_hal_can.c **** 
 105:Drivers/STM32F1xx_HAL_Driver/Src/stm32f1xx_hal_can.c ****       *** Sleep mode ***
 106:Drivers/STM32F1xx_HAL_Driver/Src/stm32f1xx_hal_can.c ****       ==================
 107:Drivers/STM32F1xx_HAL_Driver/Src/stm32f1xx_hal_can.c ****     [..]
 108:Drivers/STM32F1xx_HAL_Driver/Src/stm32f1xx_hal_can.c ****       (#) The CAN peripheral can be put in sleep mode (low power), using
 109:Drivers/STM32F1xx_HAL_Driver/Src/stm32f1xx_hal_can.c ****           HAL_CAN_RequestSleep(). The sleep mode will be entered as soon as the
 110:Drivers/STM32F1xx_HAL_Driver/Src/stm32f1xx_hal_can.c ****           current CAN activity (transmission or reception of a CAN frame) will
 111:Drivers/STM32F1xx_HAL_Driver/Src/stm32f1xx_hal_can.c ****           be completed.
 112:Drivers/STM32F1xx_HAL_Driver/Src/stm32f1xx_hal_can.c **** 
 113:Drivers/STM32F1xx_HAL_Driver/Src/stm32f1xx_hal_can.c ****       (#) A notification can be activated to be informed when the sleep mode
 114:Drivers/STM32F1xx_HAL_Driver/Src/stm32f1xx_hal_can.c ****           will be entered.
 115:Drivers/STM32F1xx_HAL_Driver/Src/stm32f1xx_hal_can.c **** 
 116:Drivers/STM32F1xx_HAL_Driver/Src/stm32f1xx_hal_can.c ****       (#) It can be checked if the sleep mode is entered using
 117:Drivers/STM32F1xx_HAL_Driver/Src/stm32f1xx_hal_can.c ****           HAL_CAN_IsSleepActive().
 118:Drivers/STM32F1xx_HAL_Driver/Src/stm32f1xx_hal_can.c ****           Note that the CAN state (accessible from the API HAL_CAN_GetState())
 119:Drivers/STM32F1xx_HAL_Driver/Src/stm32f1xx_hal_can.c ****           is HAL_CAN_STATE_SLEEP_PENDING as soon as the sleep mode request is
 120:Drivers/STM32F1xx_HAL_Driver/Src/stm32f1xx_hal_can.c ****           submitted (the sleep mode is not yet entered), and become
 121:Drivers/STM32F1xx_HAL_Driver/Src/stm32f1xx_hal_can.c ****           HAL_CAN_STATE_SLEEP_ACTIVE when the sleep mode is effective.
 122:Drivers/STM32F1xx_HAL_Driver/Src/stm32f1xx_hal_can.c **** 
 123:Drivers/STM32F1xx_HAL_Driver/Src/stm32f1xx_hal_can.c ****       (#) The wake-up from sleep mode can be triggered by two ways:
 124:Drivers/STM32F1xx_HAL_Driver/Src/stm32f1xx_hal_can.c ****             (++) Using HAL_CAN_WakeUp(). When returning from this function,
 125:Drivers/STM32F1xx_HAL_Driver/Src/stm32f1xx_hal_can.c ****                  the sleep mode is exited (if return status is HAL_OK).
 126:Drivers/STM32F1xx_HAL_Driver/Src/stm32f1xx_hal_can.c ****             (++) When a start of Rx CAN frame is detected by the CAN peripheral,
 127:Drivers/STM32F1xx_HAL_Driver/Src/stm32f1xx_hal_can.c ****                  if automatic wake up mode is enabled.
 128:Drivers/STM32F1xx_HAL_Driver/Src/stm32f1xx_hal_can.c **** 
 129:Drivers/STM32F1xx_HAL_Driver/Src/stm32f1xx_hal_can.c ****   *** Callback registration ***
 130:Drivers/STM32F1xx_HAL_Driver/Src/stm32f1xx_hal_can.c ****   =============================================
 131:Drivers/STM32F1xx_HAL_Driver/Src/stm32f1xx_hal_can.c **** 
 132:Drivers/STM32F1xx_HAL_Driver/Src/stm32f1xx_hal_can.c ****   The compilation define  USE_HAL_CAN_REGISTER_CALLBACKS when set to 1
 133:Drivers/STM32F1xx_HAL_Driver/Src/stm32f1xx_hal_can.c ****   allows the user to configure dynamically the driver callbacks.
 134:Drivers/STM32F1xx_HAL_Driver/Src/stm32f1xx_hal_can.c ****   Use Function @ref HAL_CAN_RegisterCallback() to register an interrupt callback.
 135:Drivers/STM32F1xx_HAL_Driver/Src/stm32f1xx_hal_can.c **** 
 136:Drivers/STM32F1xx_HAL_Driver/Src/stm32f1xx_hal_can.c ****   Function @ref HAL_CAN_RegisterCallback() allows to register following callbacks:
 137:Drivers/STM32F1xx_HAL_Driver/Src/stm32f1xx_hal_can.c ****     (+) TxMailbox0CompleteCallback   : Tx Mailbox 0 Complete Callback.
 138:Drivers/STM32F1xx_HAL_Driver/Src/stm32f1xx_hal_can.c ****     (+) TxMailbox1CompleteCallback   : Tx Mailbox 1 Complete Callback.
 139:Drivers/STM32F1xx_HAL_Driver/Src/stm32f1xx_hal_can.c ****     (+) TxMailbox2CompleteCallback   : Tx Mailbox 2 Complete Callback.
 140:Drivers/STM32F1xx_HAL_Driver/Src/stm32f1xx_hal_can.c ****     (+) TxMailbox0AbortCallback      : Tx Mailbox 0 Abort Callback.
 141:Drivers/STM32F1xx_HAL_Driver/Src/stm32f1xx_hal_can.c ****     (+) TxMailbox1AbortCallback      : Tx Mailbox 1 Abort Callback.
 142:Drivers/STM32F1xx_HAL_Driver/Src/stm32f1xx_hal_can.c ****     (+) TxMailbox2AbortCallback      : Tx Mailbox 2 Abort Callback.
 143:Drivers/STM32F1xx_HAL_Driver/Src/stm32f1xx_hal_can.c ****     (+) RxFifo0MsgPendingCallback    : Rx Fifo 0 Message Pending Callback.
 144:Drivers/STM32F1xx_HAL_Driver/Src/stm32f1xx_hal_can.c ****     (+) RxFifo0FullCallback          : Rx Fifo 0 Full Callback.
 145:Drivers/STM32F1xx_HAL_Driver/Src/stm32f1xx_hal_can.c ****     (+) RxFifo1MsgPendingCallback    : Rx Fifo 1 Message Pending Callback.
ARM GAS  C:\Users\ride_pig\AppData\Local\Temp\ccAMFt1h.s 			page 4


 146:Drivers/STM32F1xx_HAL_Driver/Src/stm32f1xx_hal_can.c ****     (+) RxFifo1FullCallback          : Rx Fifo 1 Full Callback.
 147:Drivers/STM32F1xx_HAL_Driver/Src/stm32f1xx_hal_can.c ****     (+) SleepCallback                : Sleep Callback.
 148:Drivers/STM32F1xx_HAL_Driver/Src/stm32f1xx_hal_can.c ****     (+) WakeUpFromRxMsgCallback      : Wake Up From Rx Message Callback.
 149:Drivers/STM32F1xx_HAL_Driver/Src/stm32f1xx_hal_can.c ****     (+) ErrorCallback                : Error Callback.
 150:Drivers/STM32F1xx_HAL_Driver/Src/stm32f1xx_hal_can.c ****     (+) MspInitCallback              : CAN MspInit.
 151:Drivers/STM32F1xx_HAL_Driver/Src/stm32f1xx_hal_can.c ****     (+) MspDeInitCallback            : CAN MspDeInit.
 152:Drivers/STM32F1xx_HAL_Driver/Src/stm32f1xx_hal_can.c ****   This function takes as parameters the HAL peripheral handle, the Callback ID
 153:Drivers/STM32F1xx_HAL_Driver/Src/stm32f1xx_hal_can.c ****   and a pointer to the user callback function.
 154:Drivers/STM32F1xx_HAL_Driver/Src/stm32f1xx_hal_can.c **** 
 155:Drivers/STM32F1xx_HAL_Driver/Src/stm32f1xx_hal_can.c ****   Use function @ref HAL_CAN_UnRegisterCallback() to reset a callback to the default
 156:Drivers/STM32F1xx_HAL_Driver/Src/stm32f1xx_hal_can.c ****   weak function.
 157:Drivers/STM32F1xx_HAL_Driver/Src/stm32f1xx_hal_can.c ****   @ref HAL_CAN_UnRegisterCallback takes as parameters the HAL peripheral handle,
 158:Drivers/STM32F1xx_HAL_Driver/Src/stm32f1xx_hal_can.c ****   and the Callback ID.
 159:Drivers/STM32F1xx_HAL_Driver/Src/stm32f1xx_hal_can.c ****   This function allows to reset following callbacks:
 160:Drivers/STM32F1xx_HAL_Driver/Src/stm32f1xx_hal_can.c ****     (+) TxMailbox0CompleteCallback   : Tx Mailbox 0 Complete Callback.
 161:Drivers/STM32F1xx_HAL_Driver/Src/stm32f1xx_hal_can.c ****     (+) TxMailbox1CompleteCallback   : Tx Mailbox 1 Complete Callback.
 162:Drivers/STM32F1xx_HAL_Driver/Src/stm32f1xx_hal_can.c ****     (+) TxMailbox2CompleteCallback   : Tx Mailbox 2 Complete Callback.
 163:Drivers/STM32F1xx_HAL_Driver/Src/stm32f1xx_hal_can.c ****     (+) TxMailbox0AbortCallback      : Tx Mailbox 0 Abort Callback.
 164:Drivers/STM32F1xx_HAL_Driver/Src/stm32f1xx_hal_can.c ****     (+) TxMailbox1AbortCallback      : Tx Mailbox 1 Abort Callback.
 165:Drivers/STM32F1xx_HAL_Driver/Src/stm32f1xx_hal_can.c ****     (+) TxMailbox2AbortCallback      : Tx Mailbox 2 Abort Callback.
 166:Drivers/STM32F1xx_HAL_Driver/Src/stm32f1xx_hal_can.c ****     (+) RxFifo0MsgPendingCallback    : Rx Fifo 0 Message Pending Callback.
 167:Drivers/STM32F1xx_HAL_Driver/Src/stm32f1xx_hal_can.c ****     (+) RxFifo0FullCallback          : Rx Fifo 0 Full Callback.
 168:Drivers/STM32F1xx_HAL_Driver/Src/stm32f1xx_hal_can.c ****     (+) RxFifo1MsgPendingCallback    : Rx Fifo 1 Message Pending Callback.
 169:Drivers/STM32F1xx_HAL_Driver/Src/stm32f1xx_hal_can.c ****     (+) RxFifo1FullCallback          : Rx Fifo 1 Full Callback.
 170:Drivers/STM32F1xx_HAL_Driver/Src/stm32f1xx_hal_can.c ****     (+) SleepCallback                : Sleep Callback.
 171:Drivers/STM32F1xx_HAL_Driver/Src/stm32f1xx_hal_can.c ****     (+) WakeUpFromRxMsgCallback      : Wake Up From Rx Message Callback.
 172:Drivers/STM32F1xx_HAL_Driver/Src/stm32f1xx_hal_can.c ****     (+) ErrorCallback                : Error Callback.
 173:Drivers/STM32F1xx_HAL_Driver/Src/stm32f1xx_hal_can.c ****     (+) MspInitCallback              : CAN MspInit.
 174:Drivers/STM32F1xx_HAL_Driver/Src/stm32f1xx_hal_can.c ****     (+) MspDeInitCallback            : CAN MspDeInit.
 175:Drivers/STM32F1xx_HAL_Driver/Src/stm32f1xx_hal_can.c **** 
 176:Drivers/STM32F1xx_HAL_Driver/Src/stm32f1xx_hal_can.c ****   By default, after the @ref HAL_CAN_Init() and when the state is HAL_CAN_STATE_RESET,
 177:Drivers/STM32F1xx_HAL_Driver/Src/stm32f1xx_hal_can.c ****   all callbacks are set to the corresponding weak functions:
 178:Drivers/STM32F1xx_HAL_Driver/Src/stm32f1xx_hal_can.c ****   example @ref HAL_CAN_ErrorCallback().
 179:Drivers/STM32F1xx_HAL_Driver/Src/stm32f1xx_hal_can.c ****   Exception done for MspInit and MspDeInit functions that are
 180:Drivers/STM32F1xx_HAL_Driver/Src/stm32f1xx_hal_can.c ****   reset to the legacy weak function in the @ref HAL_CAN_Init()/ @ref HAL_CAN_DeInit() only when
 181:Drivers/STM32F1xx_HAL_Driver/Src/stm32f1xx_hal_can.c ****   these callbacks are null (not registered beforehand).
 182:Drivers/STM32F1xx_HAL_Driver/Src/stm32f1xx_hal_can.c ****   if not, MspInit or MspDeInit are not null, the @ref HAL_CAN_Init()/ @ref HAL_CAN_DeInit()
 183:Drivers/STM32F1xx_HAL_Driver/Src/stm32f1xx_hal_can.c ****   keep and use the user MspInit/MspDeInit callbacks (registered beforehand)
 184:Drivers/STM32F1xx_HAL_Driver/Src/stm32f1xx_hal_can.c **** 
 185:Drivers/STM32F1xx_HAL_Driver/Src/stm32f1xx_hal_can.c ****   Callbacks can be registered/unregistered in HAL_CAN_STATE_READY state only.
 186:Drivers/STM32F1xx_HAL_Driver/Src/stm32f1xx_hal_can.c ****   Exception done MspInit/MspDeInit that can be registered/unregistered
 187:Drivers/STM32F1xx_HAL_Driver/Src/stm32f1xx_hal_can.c ****   in HAL_CAN_STATE_READY or HAL_CAN_STATE_RESET state,
 188:Drivers/STM32F1xx_HAL_Driver/Src/stm32f1xx_hal_can.c ****   thus registered (user) MspInit/DeInit callbacks can be used during the Init/DeInit.
 189:Drivers/STM32F1xx_HAL_Driver/Src/stm32f1xx_hal_can.c ****   In that case first register the MspInit/MspDeInit user callbacks
 190:Drivers/STM32F1xx_HAL_Driver/Src/stm32f1xx_hal_can.c ****   using @ref HAL_CAN_RegisterCallback() before calling @ref HAL_CAN_DeInit()
 191:Drivers/STM32F1xx_HAL_Driver/Src/stm32f1xx_hal_can.c ****   or @ref HAL_CAN_Init() function.
 192:Drivers/STM32F1xx_HAL_Driver/Src/stm32f1xx_hal_can.c **** 
 193:Drivers/STM32F1xx_HAL_Driver/Src/stm32f1xx_hal_can.c ****   When The compilation define USE_HAL_CAN_REGISTER_CALLBACKS is set to 0 or
 194:Drivers/STM32F1xx_HAL_Driver/Src/stm32f1xx_hal_can.c ****   not defined, the callback registration feature is not available and all callbacks
 195:Drivers/STM32F1xx_HAL_Driver/Src/stm32f1xx_hal_can.c ****   are set to the corresponding weak functions.
 196:Drivers/STM32F1xx_HAL_Driver/Src/stm32f1xx_hal_can.c **** 
 197:Drivers/STM32F1xx_HAL_Driver/Src/stm32f1xx_hal_can.c ****   @endverbatim
 198:Drivers/STM32F1xx_HAL_Driver/Src/stm32f1xx_hal_can.c ****   ******************************************************************************
 199:Drivers/STM32F1xx_HAL_Driver/Src/stm32f1xx_hal_can.c ****   * @attention
 200:Drivers/STM32F1xx_HAL_Driver/Src/stm32f1xx_hal_can.c ****   *
 201:Drivers/STM32F1xx_HAL_Driver/Src/stm32f1xx_hal_can.c ****   * <h2><center>&copy; Copyright (c) 2016 STMicroelectronics.
 202:Drivers/STM32F1xx_HAL_Driver/Src/stm32f1xx_hal_can.c ****   * All rights reserved.</center></h2>
ARM GAS  C:\Users\ride_pig\AppData\Local\Temp\ccAMFt1h.s 			page 5


 203:Drivers/STM32F1xx_HAL_Driver/Src/stm32f1xx_hal_can.c ****   *
 204:Drivers/STM32F1xx_HAL_Driver/Src/stm32f1xx_hal_can.c ****   * This software component is licensed by ST under BSD 3-Clause license,
 205:Drivers/STM32F1xx_HAL_Driver/Src/stm32f1xx_hal_can.c ****   * the "License"; You may not use this file except in compliance with the
 206:Drivers/STM32F1xx_HAL_Driver/Src/stm32f1xx_hal_can.c ****   * License. You may obtain a copy of the License at:
 207:Drivers/STM32F1xx_HAL_Driver/Src/stm32f1xx_hal_can.c ****   *                        opensource.org/licenses/BSD-3-Clause
 208:Drivers/STM32F1xx_HAL_Driver/Src/stm32f1xx_hal_can.c ****   *
 209:Drivers/STM32F1xx_HAL_Driver/Src/stm32f1xx_hal_can.c ****   ******************************************************************************
 210:Drivers/STM32F1xx_HAL_Driver/Src/stm32f1xx_hal_can.c ****   */
 211:Drivers/STM32F1xx_HAL_Driver/Src/stm32f1xx_hal_can.c **** 
 212:Drivers/STM32F1xx_HAL_Driver/Src/stm32f1xx_hal_can.c **** /* Includes ------------------------------------------------------------------*/
 213:Drivers/STM32F1xx_HAL_Driver/Src/stm32f1xx_hal_can.c **** #include "stm32f1xx_hal.h"
 214:Drivers/STM32F1xx_HAL_Driver/Src/stm32f1xx_hal_can.c **** 
 215:Drivers/STM32F1xx_HAL_Driver/Src/stm32f1xx_hal_can.c **** /** @addtogroup STM32F1xx_HAL_Driver
 216:Drivers/STM32F1xx_HAL_Driver/Src/stm32f1xx_hal_can.c ****   * @{
 217:Drivers/STM32F1xx_HAL_Driver/Src/stm32f1xx_hal_can.c ****   */
 218:Drivers/STM32F1xx_HAL_Driver/Src/stm32f1xx_hal_can.c **** 
 219:Drivers/STM32F1xx_HAL_Driver/Src/stm32f1xx_hal_can.c **** #if defined(CAN1)
 220:Drivers/STM32F1xx_HAL_Driver/Src/stm32f1xx_hal_can.c **** 
 221:Drivers/STM32F1xx_HAL_Driver/Src/stm32f1xx_hal_can.c **** /** @defgroup CAN CAN
 222:Drivers/STM32F1xx_HAL_Driver/Src/stm32f1xx_hal_can.c ****   * @brief CAN driver modules
 223:Drivers/STM32F1xx_HAL_Driver/Src/stm32f1xx_hal_can.c ****   * @{
 224:Drivers/STM32F1xx_HAL_Driver/Src/stm32f1xx_hal_can.c ****   */
 225:Drivers/STM32F1xx_HAL_Driver/Src/stm32f1xx_hal_can.c **** 
 226:Drivers/STM32F1xx_HAL_Driver/Src/stm32f1xx_hal_can.c **** #ifdef HAL_CAN_MODULE_ENABLED
 227:Drivers/STM32F1xx_HAL_Driver/Src/stm32f1xx_hal_can.c **** 
 228:Drivers/STM32F1xx_HAL_Driver/Src/stm32f1xx_hal_can.c **** #ifdef HAL_CAN_LEGACY_MODULE_ENABLED
 229:Drivers/STM32F1xx_HAL_Driver/Src/stm32f1xx_hal_can.c ****   #error "The CAN driver cannot be used with its legacy, Please enable only one CAN module at once"
 230:Drivers/STM32F1xx_HAL_Driver/Src/stm32f1xx_hal_can.c **** #endif
 231:Drivers/STM32F1xx_HAL_Driver/Src/stm32f1xx_hal_can.c **** 
 232:Drivers/STM32F1xx_HAL_Driver/Src/stm32f1xx_hal_can.c **** /* Private typedef -----------------------------------------------------------*/
 233:Drivers/STM32F1xx_HAL_Driver/Src/stm32f1xx_hal_can.c **** /* Private define ------------------------------------------------------------*/
 234:Drivers/STM32F1xx_HAL_Driver/Src/stm32f1xx_hal_can.c **** /** @defgroup CAN_Private_Constants CAN Private Constants
 235:Drivers/STM32F1xx_HAL_Driver/Src/stm32f1xx_hal_can.c ****   * @{
 236:Drivers/STM32F1xx_HAL_Driver/Src/stm32f1xx_hal_can.c ****   */
 237:Drivers/STM32F1xx_HAL_Driver/Src/stm32f1xx_hal_can.c **** #define CAN_TIMEOUT_VALUE 10U
 238:Drivers/STM32F1xx_HAL_Driver/Src/stm32f1xx_hal_can.c **** /**
 239:Drivers/STM32F1xx_HAL_Driver/Src/stm32f1xx_hal_can.c ****   * @}
 240:Drivers/STM32F1xx_HAL_Driver/Src/stm32f1xx_hal_can.c ****   */
 241:Drivers/STM32F1xx_HAL_Driver/Src/stm32f1xx_hal_can.c **** /* Private macro -------------------------------------------------------------*/
 242:Drivers/STM32F1xx_HAL_Driver/Src/stm32f1xx_hal_can.c **** /* Private variables ---------------------------------------------------------*/
 243:Drivers/STM32F1xx_HAL_Driver/Src/stm32f1xx_hal_can.c **** /* Private function prototypes -----------------------------------------------*/
 244:Drivers/STM32F1xx_HAL_Driver/Src/stm32f1xx_hal_can.c **** /* Exported functions --------------------------------------------------------*/
 245:Drivers/STM32F1xx_HAL_Driver/Src/stm32f1xx_hal_can.c **** 
 246:Drivers/STM32F1xx_HAL_Driver/Src/stm32f1xx_hal_can.c **** /** @defgroup CAN_Exported_Functions CAN Exported Functions
 247:Drivers/STM32F1xx_HAL_Driver/Src/stm32f1xx_hal_can.c ****   * @{
 248:Drivers/STM32F1xx_HAL_Driver/Src/stm32f1xx_hal_can.c ****   */
 249:Drivers/STM32F1xx_HAL_Driver/Src/stm32f1xx_hal_can.c **** 
 250:Drivers/STM32F1xx_HAL_Driver/Src/stm32f1xx_hal_can.c **** /** @defgroup CAN_Exported_Functions_Group1 Initialization and de-initialization functions
 251:Drivers/STM32F1xx_HAL_Driver/Src/stm32f1xx_hal_can.c ****  *  @brief    Initialization and Configuration functions
 252:Drivers/STM32F1xx_HAL_Driver/Src/stm32f1xx_hal_can.c ****  *
 253:Drivers/STM32F1xx_HAL_Driver/Src/stm32f1xx_hal_can.c **** @verbatim
 254:Drivers/STM32F1xx_HAL_Driver/Src/stm32f1xx_hal_can.c ****   ==============================================================================
 255:Drivers/STM32F1xx_HAL_Driver/Src/stm32f1xx_hal_can.c ****               ##### Initialization and de-initialization functions #####
 256:Drivers/STM32F1xx_HAL_Driver/Src/stm32f1xx_hal_can.c ****   ==============================================================================
 257:Drivers/STM32F1xx_HAL_Driver/Src/stm32f1xx_hal_can.c ****     [..]  This section provides functions allowing to:
 258:Drivers/STM32F1xx_HAL_Driver/Src/stm32f1xx_hal_can.c ****       (+) HAL_CAN_Init                       : Initialize and configure the CAN.
 259:Drivers/STM32F1xx_HAL_Driver/Src/stm32f1xx_hal_can.c ****       (+) HAL_CAN_DeInit                     : De-initialize the CAN.
ARM GAS  C:\Users\ride_pig\AppData\Local\Temp\ccAMFt1h.s 			page 6


 260:Drivers/STM32F1xx_HAL_Driver/Src/stm32f1xx_hal_can.c ****       (+) HAL_CAN_MspInit                    : Initialize the CAN MSP.
 261:Drivers/STM32F1xx_HAL_Driver/Src/stm32f1xx_hal_can.c ****       (+) HAL_CAN_MspDeInit                  : DeInitialize the CAN MSP.
 262:Drivers/STM32F1xx_HAL_Driver/Src/stm32f1xx_hal_can.c **** 
 263:Drivers/STM32F1xx_HAL_Driver/Src/stm32f1xx_hal_can.c **** @endverbatim
 264:Drivers/STM32F1xx_HAL_Driver/Src/stm32f1xx_hal_can.c ****   * @{
 265:Drivers/STM32F1xx_HAL_Driver/Src/stm32f1xx_hal_can.c ****   */
 266:Drivers/STM32F1xx_HAL_Driver/Src/stm32f1xx_hal_can.c **** 
 267:Drivers/STM32F1xx_HAL_Driver/Src/stm32f1xx_hal_can.c **** /**
 268:Drivers/STM32F1xx_HAL_Driver/Src/stm32f1xx_hal_can.c ****   * @brief  Initializes the CAN peripheral according to the specified
 269:Drivers/STM32F1xx_HAL_Driver/Src/stm32f1xx_hal_can.c ****   *         parameters in the CAN_InitStruct.
 270:Drivers/STM32F1xx_HAL_Driver/Src/stm32f1xx_hal_can.c ****   * @param  hcan pointer to a CAN_HandleTypeDef structure that contains
 271:Drivers/STM32F1xx_HAL_Driver/Src/stm32f1xx_hal_can.c ****   *         the configuration information for the specified CAN.
 272:Drivers/STM32F1xx_HAL_Driver/Src/stm32f1xx_hal_can.c ****   * @retval HAL status
 273:Drivers/STM32F1xx_HAL_Driver/Src/stm32f1xx_hal_can.c ****   */
 274:Drivers/STM32F1xx_HAL_Driver/Src/stm32f1xx_hal_can.c **** HAL_StatusTypeDef HAL_CAN_Init(CAN_HandleTypeDef *hcan)
 275:Drivers/STM32F1xx_HAL_Driver/Src/stm32f1xx_hal_can.c **** {
 276:Drivers/STM32F1xx_HAL_Driver/Src/stm32f1xx_hal_can.c ****   uint32_t tickstart;
 277:Drivers/STM32F1xx_HAL_Driver/Src/stm32f1xx_hal_can.c **** 
 278:Drivers/STM32F1xx_HAL_Driver/Src/stm32f1xx_hal_can.c ****   /* Check CAN handle */
 279:Drivers/STM32F1xx_HAL_Driver/Src/stm32f1xx_hal_can.c ****   if (hcan == NULL)
 280:Drivers/STM32F1xx_HAL_Driver/Src/stm32f1xx_hal_can.c ****   {
 281:Drivers/STM32F1xx_HAL_Driver/Src/stm32f1xx_hal_can.c ****     return HAL_ERROR;
 282:Drivers/STM32F1xx_HAL_Driver/Src/stm32f1xx_hal_can.c ****   }
 283:Drivers/STM32F1xx_HAL_Driver/Src/stm32f1xx_hal_can.c **** 
 284:Drivers/STM32F1xx_HAL_Driver/Src/stm32f1xx_hal_can.c ****   /* Check the parameters */
 285:Drivers/STM32F1xx_HAL_Driver/Src/stm32f1xx_hal_can.c ****   assert_param(IS_CAN_ALL_INSTANCE(hcan->Instance));
 286:Drivers/STM32F1xx_HAL_Driver/Src/stm32f1xx_hal_can.c ****   assert_param(IS_FUNCTIONAL_STATE(hcan->Init.TimeTriggeredMode));
 287:Drivers/STM32F1xx_HAL_Driver/Src/stm32f1xx_hal_can.c ****   assert_param(IS_FUNCTIONAL_STATE(hcan->Init.AutoBusOff));
 288:Drivers/STM32F1xx_HAL_Driver/Src/stm32f1xx_hal_can.c ****   assert_param(IS_FUNCTIONAL_STATE(hcan->Init.AutoWakeUp));
 289:Drivers/STM32F1xx_HAL_Driver/Src/stm32f1xx_hal_can.c ****   assert_param(IS_FUNCTIONAL_STATE(hcan->Init.AutoRetransmission));
 290:Drivers/STM32F1xx_HAL_Driver/Src/stm32f1xx_hal_can.c ****   assert_param(IS_FUNCTIONAL_STATE(hcan->Init.ReceiveFifoLocked));
 291:Drivers/STM32F1xx_HAL_Driver/Src/stm32f1xx_hal_can.c ****   assert_param(IS_FUNCTIONAL_STATE(hcan->Init.TransmitFifoPriority));
 292:Drivers/STM32F1xx_HAL_Driver/Src/stm32f1xx_hal_can.c ****   assert_param(IS_CAN_MODE(hcan->Init.Mode));
 293:Drivers/STM32F1xx_HAL_Driver/Src/stm32f1xx_hal_can.c ****   assert_param(IS_CAN_SJW(hcan->Init.SyncJumpWidth));
 294:Drivers/STM32F1xx_HAL_Driver/Src/stm32f1xx_hal_can.c ****   assert_param(IS_CAN_BS1(hcan->Init.TimeSeg1));
 295:Drivers/STM32F1xx_HAL_Driver/Src/stm32f1xx_hal_can.c ****   assert_param(IS_CAN_BS2(hcan->Init.TimeSeg2));
 296:Drivers/STM32F1xx_HAL_Driver/Src/stm32f1xx_hal_can.c ****   assert_param(IS_CAN_PRESCALER(hcan->Init.Prescaler));
 297:Drivers/STM32F1xx_HAL_Driver/Src/stm32f1xx_hal_can.c **** 
 298:Drivers/STM32F1xx_HAL_Driver/Src/stm32f1xx_hal_can.c **** #if USE_HAL_CAN_REGISTER_CALLBACKS == 1
 299:Drivers/STM32F1xx_HAL_Driver/Src/stm32f1xx_hal_can.c ****   if (hcan->State == HAL_CAN_STATE_RESET)
 300:Drivers/STM32F1xx_HAL_Driver/Src/stm32f1xx_hal_can.c ****   {
 301:Drivers/STM32F1xx_HAL_Driver/Src/stm32f1xx_hal_can.c ****     /* Reset callbacks to legacy functions */
 302:Drivers/STM32F1xx_HAL_Driver/Src/stm32f1xx_hal_can.c ****     hcan->RxFifo0MsgPendingCallback  =  HAL_CAN_RxFifo0MsgPendingCallback;  /* Legacy weak RxFifo0M
 303:Drivers/STM32F1xx_HAL_Driver/Src/stm32f1xx_hal_can.c ****     hcan->RxFifo0FullCallback        =  HAL_CAN_RxFifo0FullCallback;        /* Legacy weak RxFifo0F
 304:Drivers/STM32F1xx_HAL_Driver/Src/stm32f1xx_hal_can.c ****     hcan->RxFifo1MsgPendingCallback  =  HAL_CAN_RxFifo1MsgPendingCallback;  /* Legacy weak RxFifo1M
 305:Drivers/STM32F1xx_HAL_Driver/Src/stm32f1xx_hal_can.c ****     hcan->RxFifo1FullCallback        =  HAL_CAN_RxFifo1FullCallback;        /* Legacy weak RxFifo1F
 306:Drivers/STM32F1xx_HAL_Driver/Src/stm32f1xx_hal_can.c ****     hcan->TxMailbox0CompleteCallback =  HAL_CAN_TxMailbox0CompleteCallback; /* Legacy weak TxMailbo
 307:Drivers/STM32F1xx_HAL_Driver/Src/stm32f1xx_hal_can.c ****     hcan->TxMailbox1CompleteCallback =  HAL_CAN_TxMailbox1CompleteCallback; /* Legacy weak TxMailbo
 308:Drivers/STM32F1xx_HAL_Driver/Src/stm32f1xx_hal_can.c ****     hcan->TxMailbox2CompleteCallback =  HAL_CAN_TxMailbox2CompleteCallback; /* Legacy weak TxMailbo
 309:Drivers/STM32F1xx_HAL_Driver/Src/stm32f1xx_hal_can.c ****     hcan->TxMailbox0AbortCallback    =  HAL_CAN_TxMailbox0AbortCallback;    /* Legacy weak TxMailbo
 310:Drivers/STM32F1xx_HAL_Driver/Src/stm32f1xx_hal_can.c ****     hcan->TxMailbox1AbortCallback    =  HAL_CAN_TxMailbox1AbortCallback;    /* Legacy weak TxMailbo
 311:Drivers/STM32F1xx_HAL_Driver/Src/stm32f1xx_hal_can.c ****     hcan->TxMailbox2AbortCallback    =  HAL_CAN_TxMailbox2AbortCallback;    /* Legacy weak TxMailbo
 312:Drivers/STM32F1xx_HAL_Driver/Src/stm32f1xx_hal_can.c ****     hcan->SleepCallback              =  HAL_CAN_SleepCallback;              /* Legacy weak SleepCal
 313:Drivers/STM32F1xx_HAL_Driver/Src/stm32f1xx_hal_can.c ****     hcan->WakeUpFromRxMsgCallback    =  HAL_CAN_WakeUpFromRxMsgCallback;    /* Legacy weak WakeUpFr
 314:Drivers/STM32F1xx_HAL_Driver/Src/stm32f1xx_hal_can.c ****     hcan->ErrorCallback              =  HAL_CAN_ErrorCallback;              /* Legacy weak ErrorCal
 315:Drivers/STM32F1xx_HAL_Driver/Src/stm32f1xx_hal_can.c **** 
 316:Drivers/STM32F1xx_HAL_Driver/Src/stm32f1xx_hal_can.c ****     if (hcan->MspInitCallback == NULL)
ARM GAS  C:\Users\ride_pig\AppData\Local\Temp\ccAMFt1h.s 			page 7


 317:Drivers/STM32F1xx_HAL_Driver/Src/stm32f1xx_hal_can.c ****     {
 318:Drivers/STM32F1xx_HAL_Driver/Src/stm32f1xx_hal_can.c ****       hcan->MspInitCallback = HAL_CAN_MspInit; /* Legacy weak MspInit */
 319:Drivers/STM32F1xx_HAL_Driver/Src/stm32f1xx_hal_can.c ****     }
 320:Drivers/STM32F1xx_HAL_Driver/Src/stm32f1xx_hal_can.c **** 
 321:Drivers/STM32F1xx_HAL_Driver/Src/stm32f1xx_hal_can.c ****     /* Init the low level hardware: CLOCK, NVIC */
 322:Drivers/STM32F1xx_HAL_Driver/Src/stm32f1xx_hal_can.c ****     hcan->MspInitCallback(hcan);
 323:Drivers/STM32F1xx_HAL_Driver/Src/stm32f1xx_hal_can.c ****   }
 324:Drivers/STM32F1xx_HAL_Driver/Src/stm32f1xx_hal_can.c **** 
 325:Drivers/STM32F1xx_HAL_Driver/Src/stm32f1xx_hal_can.c **** #else
 326:Drivers/STM32F1xx_HAL_Driver/Src/stm32f1xx_hal_can.c ****   if (hcan->State == HAL_CAN_STATE_RESET)
 327:Drivers/STM32F1xx_HAL_Driver/Src/stm32f1xx_hal_can.c ****   {
 328:Drivers/STM32F1xx_HAL_Driver/Src/stm32f1xx_hal_can.c ****     /* Init the low level hardware: CLOCK, NVIC */
 329:Drivers/STM32F1xx_HAL_Driver/Src/stm32f1xx_hal_can.c ****     HAL_CAN_MspInit(hcan);
 330:Drivers/STM32F1xx_HAL_Driver/Src/stm32f1xx_hal_can.c ****   }
 331:Drivers/STM32F1xx_HAL_Driver/Src/stm32f1xx_hal_can.c **** #endif /* (USE_HAL_CAN_REGISTER_CALLBACKS) */
 332:Drivers/STM32F1xx_HAL_Driver/Src/stm32f1xx_hal_can.c **** 
 333:Drivers/STM32F1xx_HAL_Driver/Src/stm32f1xx_hal_can.c ****   /* Request initialisation */
 334:Drivers/STM32F1xx_HAL_Driver/Src/stm32f1xx_hal_can.c ****   SET_BIT(hcan->Instance->MCR, CAN_MCR_INRQ);
 335:Drivers/STM32F1xx_HAL_Driver/Src/stm32f1xx_hal_can.c **** 
 336:Drivers/STM32F1xx_HAL_Driver/Src/stm32f1xx_hal_can.c ****   /* Get tick */
 337:Drivers/STM32F1xx_HAL_Driver/Src/stm32f1xx_hal_can.c ****   tickstart = HAL_GetTick();
 338:Drivers/STM32F1xx_HAL_Driver/Src/stm32f1xx_hal_can.c **** 
 339:Drivers/STM32F1xx_HAL_Driver/Src/stm32f1xx_hal_can.c ****   /* Wait initialisation acknowledge */
 340:Drivers/STM32F1xx_HAL_Driver/Src/stm32f1xx_hal_can.c ****   while ((hcan->Instance->MSR & CAN_MSR_INAK) == 0U)
 341:Drivers/STM32F1xx_HAL_Driver/Src/stm32f1xx_hal_can.c ****   {
 342:Drivers/STM32F1xx_HAL_Driver/Src/stm32f1xx_hal_can.c ****     if ((HAL_GetTick() - tickstart) > CAN_TIMEOUT_VALUE)
 343:Drivers/STM32F1xx_HAL_Driver/Src/stm32f1xx_hal_can.c ****     {
 344:Drivers/STM32F1xx_HAL_Driver/Src/stm32f1xx_hal_can.c ****       /* Update error code */
 345:Drivers/STM32F1xx_HAL_Driver/Src/stm32f1xx_hal_can.c ****       hcan->ErrorCode |= HAL_CAN_ERROR_TIMEOUT;
 346:Drivers/STM32F1xx_HAL_Driver/Src/stm32f1xx_hal_can.c **** 
 347:Drivers/STM32F1xx_HAL_Driver/Src/stm32f1xx_hal_can.c ****       /* Change CAN state */
 348:Drivers/STM32F1xx_HAL_Driver/Src/stm32f1xx_hal_can.c ****       hcan->State = HAL_CAN_STATE_ERROR;
 349:Drivers/STM32F1xx_HAL_Driver/Src/stm32f1xx_hal_can.c **** 
 350:Drivers/STM32F1xx_HAL_Driver/Src/stm32f1xx_hal_can.c ****       return HAL_ERROR;
 351:Drivers/STM32F1xx_HAL_Driver/Src/stm32f1xx_hal_can.c ****     }
 352:Drivers/STM32F1xx_HAL_Driver/Src/stm32f1xx_hal_can.c ****   }
 353:Drivers/STM32F1xx_HAL_Driver/Src/stm32f1xx_hal_can.c **** 
 354:Drivers/STM32F1xx_HAL_Driver/Src/stm32f1xx_hal_can.c ****   /* Exit from sleep mode */
 355:Drivers/STM32F1xx_HAL_Driver/Src/stm32f1xx_hal_can.c ****   CLEAR_BIT(hcan->Instance->MCR, CAN_MCR_SLEEP);
 356:Drivers/STM32F1xx_HAL_Driver/Src/stm32f1xx_hal_can.c **** 
 357:Drivers/STM32F1xx_HAL_Driver/Src/stm32f1xx_hal_can.c ****   /* Get tick */
 358:Drivers/STM32F1xx_HAL_Driver/Src/stm32f1xx_hal_can.c ****   tickstart = HAL_GetTick();
 359:Drivers/STM32F1xx_HAL_Driver/Src/stm32f1xx_hal_can.c **** 
 360:Drivers/STM32F1xx_HAL_Driver/Src/stm32f1xx_hal_can.c ****   /* Check Sleep mode leave acknowledge */
 361:Drivers/STM32F1xx_HAL_Driver/Src/stm32f1xx_hal_can.c ****   while ((hcan->Instance->MSR & CAN_MSR_SLAK) != 0U)
 362:Drivers/STM32F1xx_HAL_Driver/Src/stm32f1xx_hal_can.c ****   {
 363:Drivers/STM32F1xx_HAL_Driver/Src/stm32f1xx_hal_can.c ****     if ((HAL_GetTick() - tickstart) > CAN_TIMEOUT_VALUE)
 364:Drivers/STM32F1xx_HAL_Driver/Src/stm32f1xx_hal_can.c ****     {
 365:Drivers/STM32F1xx_HAL_Driver/Src/stm32f1xx_hal_can.c ****       /* Update error code */
 366:Drivers/STM32F1xx_HAL_Driver/Src/stm32f1xx_hal_can.c ****       hcan->ErrorCode |= HAL_CAN_ERROR_TIMEOUT;
 367:Drivers/STM32F1xx_HAL_Driver/Src/stm32f1xx_hal_can.c **** 
 368:Drivers/STM32F1xx_HAL_Driver/Src/stm32f1xx_hal_can.c ****       /* Change CAN state */
 369:Drivers/STM32F1xx_HAL_Driver/Src/stm32f1xx_hal_can.c ****       hcan->State = HAL_CAN_STATE_ERROR;
 370:Drivers/STM32F1xx_HAL_Driver/Src/stm32f1xx_hal_can.c **** 
 371:Drivers/STM32F1xx_HAL_Driver/Src/stm32f1xx_hal_can.c ****       return HAL_ERROR;
 372:Drivers/STM32F1xx_HAL_Driver/Src/stm32f1xx_hal_can.c ****     }
 373:Drivers/STM32F1xx_HAL_Driver/Src/stm32f1xx_hal_can.c ****   }
ARM GAS  C:\Users\ride_pig\AppData\Local\Temp\ccAMFt1h.s 			page 8


 374:Drivers/STM32F1xx_HAL_Driver/Src/stm32f1xx_hal_can.c **** 
 375:Drivers/STM32F1xx_HAL_Driver/Src/stm32f1xx_hal_can.c ****   /* Set the time triggered communication mode */
 376:Drivers/STM32F1xx_HAL_Driver/Src/stm32f1xx_hal_can.c ****   if (hcan->Init.TimeTriggeredMode == ENABLE)
 377:Drivers/STM32F1xx_HAL_Driver/Src/stm32f1xx_hal_can.c ****   {
 378:Drivers/STM32F1xx_HAL_Driver/Src/stm32f1xx_hal_can.c ****     SET_BIT(hcan->Instance->MCR, CAN_MCR_TTCM);
 379:Drivers/STM32F1xx_HAL_Driver/Src/stm32f1xx_hal_can.c ****   }
 380:Drivers/STM32F1xx_HAL_Driver/Src/stm32f1xx_hal_can.c ****   else
 381:Drivers/STM32F1xx_HAL_Driver/Src/stm32f1xx_hal_can.c ****   {
 382:Drivers/STM32F1xx_HAL_Driver/Src/stm32f1xx_hal_can.c ****     CLEAR_BIT(hcan->Instance->MCR, CAN_MCR_TTCM);
 383:Drivers/STM32F1xx_HAL_Driver/Src/stm32f1xx_hal_can.c ****   }
 384:Drivers/STM32F1xx_HAL_Driver/Src/stm32f1xx_hal_can.c **** 
 385:Drivers/STM32F1xx_HAL_Driver/Src/stm32f1xx_hal_can.c ****   /* Set the automatic bus-off management */
 386:Drivers/STM32F1xx_HAL_Driver/Src/stm32f1xx_hal_can.c ****   if (hcan->Init.AutoBusOff == ENABLE)
 387:Drivers/STM32F1xx_HAL_Driver/Src/stm32f1xx_hal_can.c ****   {
 388:Drivers/STM32F1xx_HAL_Driver/Src/stm32f1xx_hal_can.c ****     SET_BIT(hcan->Instance->MCR, CAN_MCR_ABOM);
 389:Drivers/STM32F1xx_HAL_Driver/Src/stm32f1xx_hal_can.c ****   }
 390:Drivers/STM32F1xx_HAL_Driver/Src/stm32f1xx_hal_can.c ****   else
 391:Drivers/STM32F1xx_HAL_Driver/Src/stm32f1xx_hal_can.c ****   {
 392:Drivers/STM32F1xx_HAL_Driver/Src/stm32f1xx_hal_can.c ****     CLEAR_BIT(hcan->Instance->MCR, CAN_MCR_ABOM);
 393:Drivers/STM32F1xx_HAL_Driver/Src/stm32f1xx_hal_can.c ****   }
 394:Drivers/STM32F1xx_HAL_Driver/Src/stm32f1xx_hal_can.c **** 
 395:Drivers/STM32F1xx_HAL_Driver/Src/stm32f1xx_hal_can.c ****   /* Set the automatic wake-up mode */
 396:Drivers/STM32F1xx_HAL_Driver/Src/stm32f1xx_hal_can.c ****   if (hcan->Init.AutoWakeUp == ENABLE)
 397:Drivers/STM32F1xx_HAL_Driver/Src/stm32f1xx_hal_can.c ****   {
 398:Drivers/STM32F1xx_HAL_Driver/Src/stm32f1xx_hal_can.c ****     SET_BIT(hcan->Instance->MCR, CAN_MCR_AWUM);
 399:Drivers/STM32F1xx_HAL_Driver/Src/stm32f1xx_hal_can.c ****   }
 400:Drivers/STM32F1xx_HAL_Driver/Src/stm32f1xx_hal_can.c ****   else
 401:Drivers/STM32F1xx_HAL_Driver/Src/stm32f1xx_hal_can.c ****   {
 402:Drivers/STM32F1xx_HAL_Driver/Src/stm32f1xx_hal_can.c ****     CLEAR_BIT(hcan->Instance->MCR, CAN_MCR_AWUM);
 403:Drivers/STM32F1xx_HAL_Driver/Src/stm32f1xx_hal_can.c ****   }
 404:Drivers/STM32F1xx_HAL_Driver/Src/stm32f1xx_hal_can.c **** 
 405:Drivers/STM32F1xx_HAL_Driver/Src/stm32f1xx_hal_can.c ****   /* Set the automatic retransmission */
 406:Drivers/STM32F1xx_HAL_Driver/Src/stm32f1xx_hal_can.c ****   if (hcan->Init.AutoRetransmission == ENABLE)
 407:Drivers/STM32F1xx_HAL_Driver/Src/stm32f1xx_hal_can.c ****   {
 408:Drivers/STM32F1xx_HAL_Driver/Src/stm32f1xx_hal_can.c ****     CLEAR_BIT(hcan->Instance->MCR, CAN_MCR_NART);
 409:Drivers/STM32F1xx_HAL_Driver/Src/stm32f1xx_hal_can.c ****   }
 410:Drivers/STM32F1xx_HAL_Driver/Src/stm32f1xx_hal_can.c ****   else
 411:Drivers/STM32F1xx_HAL_Driver/Src/stm32f1xx_hal_can.c ****   {
 412:Drivers/STM32F1xx_HAL_Driver/Src/stm32f1xx_hal_can.c ****     SET_BIT(hcan->Instance->MCR, CAN_MCR_NART);
 413:Drivers/STM32F1xx_HAL_Driver/Src/stm32f1xx_hal_can.c ****   }
 414:Drivers/STM32F1xx_HAL_Driver/Src/stm32f1xx_hal_can.c **** 
 415:Drivers/STM32F1xx_HAL_Driver/Src/stm32f1xx_hal_can.c ****   /* Set the receive FIFO locked mode */
 416:Drivers/STM32F1xx_HAL_Driver/Src/stm32f1xx_hal_can.c ****   if (hcan->Init.ReceiveFifoLocked == ENABLE)
 417:Drivers/STM32F1xx_HAL_Driver/Src/stm32f1xx_hal_can.c ****   {
 418:Drivers/STM32F1xx_HAL_Driver/Src/stm32f1xx_hal_can.c ****     SET_BIT(hcan->Instance->MCR, CAN_MCR_RFLM);
 419:Drivers/STM32F1xx_HAL_Driver/Src/stm32f1xx_hal_can.c ****   }
 420:Drivers/STM32F1xx_HAL_Driver/Src/stm32f1xx_hal_can.c ****   else
 421:Drivers/STM32F1xx_HAL_Driver/Src/stm32f1xx_hal_can.c ****   {
 422:Drivers/STM32F1xx_HAL_Driver/Src/stm32f1xx_hal_can.c ****     CLEAR_BIT(hcan->Instance->MCR, CAN_MCR_RFLM);
 423:Drivers/STM32F1xx_HAL_Driver/Src/stm32f1xx_hal_can.c ****   }
 424:Drivers/STM32F1xx_HAL_Driver/Src/stm32f1xx_hal_can.c **** 
 425:Drivers/STM32F1xx_HAL_Driver/Src/stm32f1xx_hal_can.c ****   /* Set the transmit FIFO priority */
 426:Drivers/STM32F1xx_HAL_Driver/Src/stm32f1xx_hal_can.c ****   if (hcan->Init.TransmitFifoPriority == ENABLE)
 427:Drivers/STM32F1xx_HAL_Driver/Src/stm32f1xx_hal_can.c ****   {
 428:Drivers/STM32F1xx_HAL_Driver/Src/stm32f1xx_hal_can.c ****     SET_BIT(hcan->Instance->MCR, CAN_MCR_TXFP);
 429:Drivers/STM32F1xx_HAL_Driver/Src/stm32f1xx_hal_can.c ****   }
 430:Drivers/STM32F1xx_HAL_Driver/Src/stm32f1xx_hal_can.c ****   else
ARM GAS  C:\Users\ride_pig\AppData\Local\Temp\ccAMFt1h.s 			page 9


 431:Drivers/STM32F1xx_HAL_Driver/Src/stm32f1xx_hal_can.c ****   {
 432:Drivers/STM32F1xx_HAL_Driver/Src/stm32f1xx_hal_can.c ****     CLEAR_BIT(hcan->Instance->MCR, CAN_MCR_TXFP);
 433:Drivers/STM32F1xx_HAL_Driver/Src/stm32f1xx_hal_can.c ****   }
 434:Drivers/STM32F1xx_HAL_Driver/Src/stm32f1xx_hal_can.c **** 
 435:Drivers/STM32F1xx_HAL_Driver/Src/stm32f1xx_hal_can.c ****   /* Set the bit timing register */
 436:Drivers/STM32F1xx_HAL_Driver/Src/stm32f1xx_hal_can.c ****   WRITE_REG(hcan->Instance->BTR, (uint32_t)(hcan->Init.Mode           |
 437:Drivers/STM32F1xx_HAL_Driver/Src/stm32f1xx_hal_can.c ****                                             hcan->Init.SyncJumpWidth  |
 438:Drivers/STM32F1xx_HAL_Driver/Src/stm32f1xx_hal_can.c ****                                             hcan->Init.TimeSeg1       |
 439:Drivers/STM32F1xx_HAL_Driver/Src/stm32f1xx_hal_can.c ****                                             hcan->Init.TimeSeg2       |
 440:Drivers/STM32F1xx_HAL_Driver/Src/stm32f1xx_hal_can.c ****                                             (hcan->Init.Prescaler - 1U)));
 441:Drivers/STM32F1xx_HAL_Driver/Src/stm32f1xx_hal_can.c **** 
 442:Drivers/STM32F1xx_HAL_Driver/Src/stm32f1xx_hal_can.c ****   /* Initialize the error code */
 443:Drivers/STM32F1xx_HAL_Driver/Src/stm32f1xx_hal_can.c ****   hcan->ErrorCode = HAL_CAN_ERROR_NONE;
 444:Drivers/STM32F1xx_HAL_Driver/Src/stm32f1xx_hal_can.c **** 
 445:Drivers/STM32F1xx_HAL_Driver/Src/stm32f1xx_hal_can.c ****   /* Initialize the CAN state */
 446:Drivers/STM32F1xx_HAL_Driver/Src/stm32f1xx_hal_can.c ****   hcan->State = HAL_CAN_STATE_READY;
 447:Drivers/STM32F1xx_HAL_Driver/Src/stm32f1xx_hal_can.c **** 
 448:Drivers/STM32F1xx_HAL_Driver/Src/stm32f1xx_hal_can.c ****   /* Return function status */
 449:Drivers/STM32F1xx_HAL_Driver/Src/stm32f1xx_hal_can.c ****   return HAL_OK;
 450:Drivers/STM32F1xx_HAL_Driver/Src/stm32f1xx_hal_can.c **** }
 451:Drivers/STM32F1xx_HAL_Driver/Src/stm32f1xx_hal_can.c **** 
 452:Drivers/STM32F1xx_HAL_Driver/Src/stm32f1xx_hal_can.c **** /**
 453:Drivers/STM32F1xx_HAL_Driver/Src/stm32f1xx_hal_can.c ****   * @brief  Deinitializes the CAN peripheral registers to their default
 454:Drivers/STM32F1xx_HAL_Driver/Src/stm32f1xx_hal_can.c ****   *         reset values.
 455:Drivers/STM32F1xx_HAL_Driver/Src/stm32f1xx_hal_can.c ****   * @param  hcan pointer to a CAN_HandleTypeDef structure that contains
 456:Drivers/STM32F1xx_HAL_Driver/Src/stm32f1xx_hal_can.c ****   *         the configuration information for the specified CAN.
 457:Drivers/STM32F1xx_HAL_Driver/Src/stm32f1xx_hal_can.c ****   * @retval HAL status
 458:Drivers/STM32F1xx_HAL_Driver/Src/stm32f1xx_hal_can.c ****   */
 459:Drivers/STM32F1xx_HAL_Driver/Src/stm32f1xx_hal_can.c **** HAL_StatusTypeDef HAL_CAN_DeInit(CAN_HandleTypeDef *hcan)
 460:Drivers/STM32F1xx_HAL_Driver/Src/stm32f1xx_hal_can.c **** {
 461:Drivers/STM32F1xx_HAL_Driver/Src/stm32f1xx_hal_can.c ****   /* Check CAN handle */
 462:Drivers/STM32F1xx_HAL_Driver/Src/stm32f1xx_hal_can.c ****   if (hcan == NULL)
 463:Drivers/STM32F1xx_HAL_Driver/Src/stm32f1xx_hal_can.c ****   {
 464:Drivers/STM32F1xx_HAL_Driver/Src/stm32f1xx_hal_can.c ****     return HAL_ERROR;
 465:Drivers/STM32F1xx_HAL_Driver/Src/stm32f1xx_hal_can.c ****   }
 466:Drivers/STM32F1xx_HAL_Driver/Src/stm32f1xx_hal_can.c **** 
 467:Drivers/STM32F1xx_HAL_Driver/Src/stm32f1xx_hal_can.c ****   /* Check the parameters */
 468:Drivers/STM32F1xx_HAL_Driver/Src/stm32f1xx_hal_can.c ****   assert_param(IS_CAN_ALL_INSTANCE(hcan->Instance));
 469:Drivers/STM32F1xx_HAL_Driver/Src/stm32f1xx_hal_can.c **** 
 470:Drivers/STM32F1xx_HAL_Driver/Src/stm32f1xx_hal_can.c ****   /* Stop the CAN module */
 471:Drivers/STM32F1xx_HAL_Driver/Src/stm32f1xx_hal_can.c ****   (void)HAL_CAN_Stop(hcan);
 472:Drivers/STM32F1xx_HAL_Driver/Src/stm32f1xx_hal_can.c **** 
 473:Drivers/STM32F1xx_HAL_Driver/Src/stm32f1xx_hal_can.c **** #if USE_HAL_CAN_REGISTER_CALLBACKS == 1
 474:Drivers/STM32F1xx_HAL_Driver/Src/stm32f1xx_hal_can.c ****   if (hcan->MspDeInitCallback == NULL)
 475:Drivers/STM32F1xx_HAL_Driver/Src/stm32f1xx_hal_can.c ****   {
 476:Drivers/STM32F1xx_HAL_Driver/Src/stm32f1xx_hal_can.c ****     hcan->MspDeInitCallback = HAL_CAN_MspDeInit; /* Legacy weak MspDeInit */
 477:Drivers/STM32F1xx_HAL_Driver/Src/stm32f1xx_hal_can.c ****   }
 478:Drivers/STM32F1xx_HAL_Driver/Src/stm32f1xx_hal_can.c **** 
 479:Drivers/STM32F1xx_HAL_Driver/Src/stm32f1xx_hal_can.c ****   /* DeInit the low level hardware: CLOCK, NVIC */
 480:Drivers/STM32F1xx_HAL_Driver/Src/stm32f1xx_hal_can.c ****   hcan->MspDeInitCallback(hcan);
 481:Drivers/STM32F1xx_HAL_Driver/Src/stm32f1xx_hal_can.c **** 
 482:Drivers/STM32F1xx_HAL_Driver/Src/stm32f1xx_hal_can.c **** #else
 483:Drivers/STM32F1xx_HAL_Driver/Src/stm32f1xx_hal_can.c ****   /* DeInit the low level hardware: CLOCK, NVIC */
 484:Drivers/STM32F1xx_HAL_Driver/Src/stm32f1xx_hal_can.c ****   HAL_CAN_MspDeInit(hcan);
 485:Drivers/STM32F1xx_HAL_Driver/Src/stm32f1xx_hal_can.c **** #endif /* (USE_HAL_CAN_REGISTER_CALLBACKS) */
 486:Drivers/STM32F1xx_HAL_Driver/Src/stm32f1xx_hal_can.c **** 
 487:Drivers/STM32F1xx_HAL_Driver/Src/stm32f1xx_hal_can.c ****   /* Reset the CAN peripheral */
ARM GAS  C:\Users\ride_pig\AppData\Local\Temp\ccAMFt1h.s 			page 10


 488:Drivers/STM32F1xx_HAL_Driver/Src/stm32f1xx_hal_can.c ****   SET_BIT(hcan->Instance->MCR, CAN_MCR_RESET);
 489:Drivers/STM32F1xx_HAL_Driver/Src/stm32f1xx_hal_can.c **** 
 490:Drivers/STM32F1xx_HAL_Driver/Src/stm32f1xx_hal_can.c ****   /* Reset the CAN ErrorCode */
 491:Drivers/STM32F1xx_HAL_Driver/Src/stm32f1xx_hal_can.c ****   hcan->ErrorCode = HAL_CAN_ERROR_NONE;
 492:Drivers/STM32F1xx_HAL_Driver/Src/stm32f1xx_hal_can.c **** 
 493:Drivers/STM32F1xx_HAL_Driver/Src/stm32f1xx_hal_can.c ****   /* Change CAN state */
 494:Drivers/STM32F1xx_HAL_Driver/Src/stm32f1xx_hal_can.c ****   hcan->State = HAL_CAN_STATE_RESET;
 495:Drivers/STM32F1xx_HAL_Driver/Src/stm32f1xx_hal_can.c **** 
 496:Drivers/STM32F1xx_HAL_Driver/Src/stm32f1xx_hal_can.c ****   /* Return function status */
 497:Drivers/STM32F1xx_HAL_Driver/Src/stm32f1xx_hal_can.c ****   return HAL_OK;
 498:Drivers/STM32F1xx_HAL_Driver/Src/stm32f1xx_hal_can.c **** }
 499:Drivers/STM32F1xx_HAL_Driver/Src/stm32f1xx_hal_can.c **** 
 500:Drivers/STM32F1xx_HAL_Driver/Src/stm32f1xx_hal_can.c **** /**
 501:Drivers/STM32F1xx_HAL_Driver/Src/stm32f1xx_hal_can.c ****   * @brief  Initializes the CAN MSP.
 502:Drivers/STM32F1xx_HAL_Driver/Src/stm32f1xx_hal_can.c ****   * @param  hcan pointer to a CAN_HandleTypeDef structure that contains
 503:Drivers/STM32F1xx_HAL_Driver/Src/stm32f1xx_hal_can.c ****   *         the configuration information for the specified CAN.
 504:Drivers/STM32F1xx_HAL_Driver/Src/stm32f1xx_hal_can.c ****   * @retval None
 505:Drivers/STM32F1xx_HAL_Driver/Src/stm32f1xx_hal_can.c ****   */
 506:Drivers/STM32F1xx_HAL_Driver/Src/stm32f1xx_hal_can.c **** __weak void HAL_CAN_MspInit(CAN_HandleTypeDef *hcan)
 507:Drivers/STM32F1xx_HAL_Driver/Src/stm32f1xx_hal_can.c **** {
  28              		.loc 1 507 1 view -0
  29              		.cfi_startproc
  30              		@ args = 0, pretend = 0, frame = 0
  31              		@ frame_needed = 0, uses_anonymous_args = 0
  32              		@ link register save eliminated.
 508:Drivers/STM32F1xx_HAL_Driver/Src/stm32f1xx_hal_can.c ****   /* Prevent unused argument(s) compilation warning */
 509:Drivers/STM32F1xx_HAL_Driver/Src/stm32f1xx_hal_can.c ****   UNUSED(hcan);
  33              		.loc 1 509 3 view .LVU1
 510:Drivers/STM32F1xx_HAL_Driver/Src/stm32f1xx_hal_can.c **** 
 511:Drivers/STM32F1xx_HAL_Driver/Src/stm32f1xx_hal_can.c ****   /* NOTE : This function Should not be modified, when the callback is needed,
 512:Drivers/STM32F1xx_HAL_Driver/Src/stm32f1xx_hal_can.c ****             the HAL_CAN_MspInit could be implemented in the user file
 513:Drivers/STM32F1xx_HAL_Driver/Src/stm32f1xx_hal_can.c ****    */
 514:Drivers/STM32F1xx_HAL_Driver/Src/stm32f1xx_hal_can.c **** }
  34              		.loc 1 514 1 is_stmt 0 view .LVU2
  35 0000 7047     		bx	lr
  36              		.cfi_endproc
  37              	.LFE67:
  39              		.section	.text.HAL_CAN_Init,"ax",%progbits
  40              		.align	1
  41              		.global	HAL_CAN_Init
  42              		.syntax unified
  43              		.thumb
  44              		.thumb_func
  46              	HAL_CAN_Init:
  47              	.LVL1:
  48              	.LFB65:
 275:Drivers/STM32F1xx_HAL_Driver/Src/stm32f1xx_hal_can.c ****   uint32_t tickstart;
  49              		.loc 1 275 1 is_stmt 1 view -0
  50              		.cfi_startproc
  51              		@ args = 0, pretend = 0, frame = 0
  52              		@ frame_needed = 0, uses_anonymous_args = 0
 276:Drivers/STM32F1xx_HAL_Driver/Src/stm32f1xx_hal_can.c **** 
  53              		.loc 1 276 3 view .LVU4
 279:Drivers/STM32F1xx_HAL_Driver/Src/stm32f1xx_hal_can.c ****   {
  54              		.loc 1 279 3 view .LVU5
 279:Drivers/STM32F1xx_HAL_Driver/Src/stm32f1xx_hal_can.c ****   {
  55              		.loc 1 279 6 is_stmt 0 view .LVU6
ARM GAS  C:\Users\ride_pig\AppData\Local\Temp\ccAMFt1h.s 			page 11


  56 0000 0028     		cmp	r0, #0
  57 0002 00F0A180 		beq	.L21
 275:Drivers/STM32F1xx_HAL_Driver/Src/stm32f1xx_hal_can.c ****   uint32_t tickstart;
  58              		.loc 1 275 1 view .LVU7
  59 0006 38B5     		push	{r3, r4, r5, lr}
  60              	.LCFI0:
  61              		.cfi_def_cfa_offset 16
  62              		.cfi_offset 3, -16
  63              		.cfi_offset 4, -12
  64              		.cfi_offset 5, -8
  65              		.cfi_offset 14, -4
  66 0008 0446     		mov	r4, r0
 285:Drivers/STM32F1xx_HAL_Driver/Src/stm32f1xx_hal_can.c ****   assert_param(IS_FUNCTIONAL_STATE(hcan->Init.TimeTriggeredMode));
  67              		.loc 1 285 3 is_stmt 1 view .LVU8
 286:Drivers/STM32F1xx_HAL_Driver/Src/stm32f1xx_hal_can.c ****   assert_param(IS_FUNCTIONAL_STATE(hcan->Init.AutoBusOff));
  68              		.loc 1 286 3 view .LVU9
 287:Drivers/STM32F1xx_HAL_Driver/Src/stm32f1xx_hal_can.c ****   assert_param(IS_FUNCTIONAL_STATE(hcan->Init.AutoWakeUp));
  69              		.loc 1 287 3 view .LVU10
 288:Drivers/STM32F1xx_HAL_Driver/Src/stm32f1xx_hal_can.c ****   assert_param(IS_FUNCTIONAL_STATE(hcan->Init.AutoRetransmission));
  70              		.loc 1 288 3 view .LVU11
 289:Drivers/STM32F1xx_HAL_Driver/Src/stm32f1xx_hal_can.c ****   assert_param(IS_FUNCTIONAL_STATE(hcan->Init.ReceiveFifoLocked));
  71              		.loc 1 289 3 view .LVU12
 290:Drivers/STM32F1xx_HAL_Driver/Src/stm32f1xx_hal_can.c ****   assert_param(IS_FUNCTIONAL_STATE(hcan->Init.TransmitFifoPriority));
  72              		.loc 1 290 3 view .LVU13
 291:Drivers/STM32F1xx_HAL_Driver/Src/stm32f1xx_hal_can.c ****   assert_param(IS_CAN_MODE(hcan->Init.Mode));
  73              		.loc 1 291 3 view .LVU14
 292:Drivers/STM32F1xx_HAL_Driver/Src/stm32f1xx_hal_can.c ****   assert_param(IS_CAN_SJW(hcan->Init.SyncJumpWidth));
  74              		.loc 1 292 3 view .LVU15
 293:Drivers/STM32F1xx_HAL_Driver/Src/stm32f1xx_hal_can.c ****   assert_param(IS_CAN_BS1(hcan->Init.TimeSeg1));
  75              		.loc 1 293 3 view .LVU16
 294:Drivers/STM32F1xx_HAL_Driver/Src/stm32f1xx_hal_can.c ****   assert_param(IS_CAN_BS2(hcan->Init.TimeSeg2));
  76              		.loc 1 294 3 view .LVU17
 295:Drivers/STM32F1xx_HAL_Driver/Src/stm32f1xx_hal_can.c ****   assert_param(IS_CAN_PRESCALER(hcan->Init.Prescaler));
  77              		.loc 1 295 3 view .LVU18
 296:Drivers/STM32F1xx_HAL_Driver/Src/stm32f1xx_hal_can.c **** 
  78              		.loc 1 296 3 view .LVU19
 326:Drivers/STM32F1xx_HAL_Driver/Src/stm32f1xx_hal_can.c ****   {
  79              		.loc 1 326 3 view .LVU20
 326:Drivers/STM32F1xx_HAL_Driver/Src/stm32f1xx_hal_can.c ****   {
  80              		.loc 1 326 11 is_stmt 0 view .LVU21
  81 000a 90F82030 		ldrb	r3, [r0, #32]	@ zero_extendqisi2
 326:Drivers/STM32F1xx_HAL_Driver/Src/stm32f1xx_hal_can.c ****   {
  82              		.loc 1 326 6 view .LVU22
  83 000e D3B1     		cbz	r3, .L26
  84              	.LVL2:
  85              	.L4:
 334:Drivers/STM32F1xx_HAL_Driver/Src/stm32f1xx_hal_can.c **** 
  86              		.loc 1 334 3 is_stmt 1 view .LVU23
  87 0010 2268     		ldr	r2, [r4]
  88 0012 1368     		ldr	r3, [r2]
  89 0014 43F00103 		orr	r3, r3, #1
  90 0018 1360     		str	r3, [r2]
 337:Drivers/STM32F1xx_HAL_Driver/Src/stm32f1xx_hal_can.c **** 
  91              		.loc 1 337 3 view .LVU24
 337:Drivers/STM32F1xx_HAL_Driver/Src/stm32f1xx_hal_can.c **** 
  92              		.loc 1 337 15 is_stmt 0 view .LVU25
  93 001a FFF7FEFF 		bl	HAL_GetTick
ARM GAS  C:\Users\ride_pig\AppData\Local\Temp\ccAMFt1h.s 			page 12


  94              	.LVL3:
  95 001e 0546     		mov	r5, r0
  96              	.LVL4:
 340:Drivers/STM32F1xx_HAL_Driver/Src/stm32f1xx_hal_can.c ****   {
  97              		.loc 1 340 3 is_stmt 1 view .LVU26
  98              	.L5:
 340:Drivers/STM32F1xx_HAL_Driver/Src/stm32f1xx_hal_can.c ****   {
  99              		.loc 1 340 47 view .LVU27
 340:Drivers/STM32F1xx_HAL_Driver/Src/stm32f1xx_hal_can.c ****   {
 100              		.loc 1 340 15 is_stmt 0 view .LVU28
 101 0020 2368     		ldr	r3, [r4]
 340:Drivers/STM32F1xx_HAL_Driver/Src/stm32f1xx_hal_can.c ****   {
 102              		.loc 1 340 25 view .LVU29
 103 0022 5A68     		ldr	r2, [r3, #4]
 340:Drivers/STM32F1xx_HAL_Driver/Src/stm32f1xx_hal_can.c ****   {
 104              		.loc 1 340 47 view .LVU30
 105 0024 12F0010F 		tst	r2, #1
 106 0028 10D1     		bne	.L27
 342:Drivers/STM32F1xx_HAL_Driver/Src/stm32f1xx_hal_can.c ****     {
 107              		.loc 1 342 5 is_stmt 1 view .LVU31
 342:Drivers/STM32F1xx_HAL_Driver/Src/stm32f1xx_hal_can.c ****     {
 108              		.loc 1 342 10 is_stmt 0 view .LVU32
 109 002a FFF7FEFF 		bl	HAL_GetTick
 110              	.LVL5:
 342:Drivers/STM32F1xx_HAL_Driver/Src/stm32f1xx_hal_can.c ****     {
 111              		.loc 1 342 24 view .LVU33
 112 002e 401B     		subs	r0, r0, r5
 342:Drivers/STM32F1xx_HAL_Driver/Src/stm32f1xx_hal_can.c ****     {
 113              		.loc 1 342 8 view .LVU34
 114 0030 0A28     		cmp	r0, #10
 115 0032 F5D9     		bls	.L5
 345:Drivers/STM32F1xx_HAL_Driver/Src/stm32f1xx_hal_can.c **** 
 116              		.loc 1 345 7 is_stmt 1 view .LVU35
 345:Drivers/STM32F1xx_HAL_Driver/Src/stm32f1xx_hal_can.c **** 
 117              		.loc 1 345 23 is_stmt 0 view .LVU36
 118 0034 636A     		ldr	r3, [r4, #36]
 119 0036 43F40033 		orr	r3, r3, #131072
 120 003a 6362     		str	r3, [r4, #36]
 348:Drivers/STM32F1xx_HAL_Driver/Src/stm32f1xx_hal_can.c **** 
 121              		.loc 1 348 7 is_stmt 1 view .LVU37
 348:Drivers/STM32F1xx_HAL_Driver/Src/stm32f1xx_hal_can.c **** 
 122              		.loc 1 348 19 is_stmt 0 view .LVU38
 123 003c 0523     		movs	r3, #5
 124 003e 84F82030 		strb	r3, [r4, #32]
 350:Drivers/STM32F1xx_HAL_Driver/Src/stm32f1xx_hal_can.c ****     }
 125              		.loc 1 350 7 is_stmt 1 view .LVU39
 350:Drivers/STM32F1xx_HAL_Driver/Src/stm32f1xx_hal_can.c ****     }
 126              		.loc 1 350 14 is_stmt 0 view .LVU40
 127 0042 0120     		movs	r0, #1
 128              	.L3:
 450:Drivers/STM32F1xx_HAL_Driver/Src/stm32f1xx_hal_can.c **** 
 129              		.loc 1 450 1 view .LVU41
 130 0044 38BD     		pop	{r3, r4, r5, pc}
 131              	.LVL6:
 132              	.L26:
 329:Drivers/STM32F1xx_HAL_Driver/Src/stm32f1xx_hal_can.c ****   }
 133              		.loc 1 329 5 is_stmt 1 view .LVU42
ARM GAS  C:\Users\ride_pig\AppData\Local\Temp\ccAMFt1h.s 			page 13


 134 0046 FFF7FEFF 		bl	HAL_CAN_MspInit
 135              	.LVL7:
 329:Drivers/STM32F1xx_HAL_Driver/Src/stm32f1xx_hal_can.c ****   }
 136              		.loc 1 329 5 is_stmt 0 view .LVU43
 137 004a E1E7     		b	.L4
 138              	.LVL8:
 139              	.L27:
 355:Drivers/STM32F1xx_HAL_Driver/Src/stm32f1xx_hal_can.c **** 
 140              		.loc 1 355 3 is_stmt 1 view .LVU44
 141 004c 1A68     		ldr	r2, [r3]
 142 004e 22F00202 		bic	r2, r2, #2
 143 0052 1A60     		str	r2, [r3]
 358:Drivers/STM32F1xx_HAL_Driver/Src/stm32f1xx_hal_can.c **** 
 144              		.loc 1 358 3 view .LVU45
 358:Drivers/STM32F1xx_HAL_Driver/Src/stm32f1xx_hal_can.c **** 
 145              		.loc 1 358 15 is_stmt 0 view .LVU46
 146 0054 FFF7FEFF 		bl	HAL_GetTick
 147              	.LVL9:
 148 0058 0546     		mov	r5, r0
 149              	.LVL10:
 361:Drivers/STM32F1xx_HAL_Driver/Src/stm32f1xx_hal_can.c ****   {
 150              		.loc 1 361 3 is_stmt 1 view .LVU47
 151              	.L7:
 361:Drivers/STM32F1xx_HAL_Driver/Src/stm32f1xx_hal_can.c ****   {
 152              		.loc 1 361 47 view .LVU48
 361:Drivers/STM32F1xx_HAL_Driver/Src/stm32f1xx_hal_can.c ****   {
 153              		.loc 1 361 15 is_stmt 0 view .LVU49
 154 005a 2368     		ldr	r3, [r4]
 361:Drivers/STM32F1xx_HAL_Driver/Src/stm32f1xx_hal_can.c ****   {
 155              		.loc 1 361 25 view .LVU50
 156 005c 5A68     		ldr	r2, [r3, #4]
 361:Drivers/STM32F1xx_HAL_Driver/Src/stm32f1xx_hal_can.c ****   {
 157              		.loc 1 361 47 view .LVU51
 158 005e 12F0020F 		tst	r2, #2
 159 0062 0DD0     		beq	.L28
 363:Drivers/STM32F1xx_HAL_Driver/Src/stm32f1xx_hal_can.c ****     {
 160              		.loc 1 363 5 is_stmt 1 view .LVU52
 363:Drivers/STM32F1xx_HAL_Driver/Src/stm32f1xx_hal_can.c ****     {
 161              		.loc 1 363 10 is_stmt 0 view .LVU53
 162 0064 FFF7FEFF 		bl	HAL_GetTick
 163              	.LVL11:
 363:Drivers/STM32F1xx_HAL_Driver/Src/stm32f1xx_hal_can.c ****     {
 164              		.loc 1 363 24 view .LVU54
 165 0068 401B     		subs	r0, r0, r5
 363:Drivers/STM32F1xx_HAL_Driver/Src/stm32f1xx_hal_can.c ****     {
 166              		.loc 1 363 8 view .LVU55
 167 006a 0A28     		cmp	r0, #10
 168 006c F5D9     		bls	.L7
 366:Drivers/STM32F1xx_HAL_Driver/Src/stm32f1xx_hal_can.c **** 
 169              		.loc 1 366 7 is_stmt 1 view .LVU56
 366:Drivers/STM32F1xx_HAL_Driver/Src/stm32f1xx_hal_can.c **** 
 170              		.loc 1 366 23 is_stmt 0 view .LVU57
 171 006e 636A     		ldr	r3, [r4, #36]
 172 0070 43F40033 		orr	r3, r3, #131072
 173 0074 6362     		str	r3, [r4, #36]
 369:Drivers/STM32F1xx_HAL_Driver/Src/stm32f1xx_hal_can.c **** 
 174              		.loc 1 369 7 is_stmt 1 view .LVU58
ARM GAS  C:\Users\ride_pig\AppData\Local\Temp\ccAMFt1h.s 			page 14


 369:Drivers/STM32F1xx_HAL_Driver/Src/stm32f1xx_hal_can.c **** 
 175              		.loc 1 369 19 is_stmt 0 view .LVU59
 176 0076 0523     		movs	r3, #5
 177 0078 84F82030 		strb	r3, [r4, #32]
 371:Drivers/STM32F1xx_HAL_Driver/Src/stm32f1xx_hal_can.c ****     }
 178              		.loc 1 371 7 is_stmt 1 view .LVU60
 371:Drivers/STM32F1xx_HAL_Driver/Src/stm32f1xx_hal_can.c ****     }
 179              		.loc 1 371 14 is_stmt 0 view .LVU61
 180 007c 0120     		movs	r0, #1
 181 007e E1E7     		b	.L3
 182              	.L28:
 376:Drivers/STM32F1xx_HAL_Driver/Src/stm32f1xx_hal_can.c ****   {
 183              		.loc 1 376 3 is_stmt 1 view .LVU62
 376:Drivers/STM32F1xx_HAL_Driver/Src/stm32f1xx_hal_can.c ****   {
 184              		.loc 1 376 17 is_stmt 0 view .LVU63
 185 0080 227E     		ldrb	r2, [r4, #24]	@ zero_extendqisi2
 376:Drivers/STM32F1xx_HAL_Driver/Src/stm32f1xx_hal_can.c ****   {
 186              		.loc 1 376 6 view .LVU64
 187 0082 012A     		cmp	r2, #1
 188 0084 3DD0     		beq	.L29
 382:Drivers/STM32F1xx_HAL_Driver/Src/stm32f1xx_hal_can.c ****   }
 189              		.loc 1 382 5 is_stmt 1 view .LVU65
 190 0086 1A68     		ldr	r2, [r3]
 191 0088 22F08002 		bic	r2, r2, #128
 192 008c 1A60     		str	r2, [r3]
 193              	.L10:
 386:Drivers/STM32F1xx_HAL_Driver/Src/stm32f1xx_hal_can.c ****   {
 194              		.loc 1 386 3 view .LVU66
 386:Drivers/STM32F1xx_HAL_Driver/Src/stm32f1xx_hal_can.c ****   {
 195              		.loc 1 386 17 is_stmt 0 view .LVU67
 196 008e 637E     		ldrb	r3, [r4, #25]	@ zero_extendqisi2
 386:Drivers/STM32F1xx_HAL_Driver/Src/stm32f1xx_hal_can.c ****   {
 197              		.loc 1 386 6 view .LVU68
 198 0090 012B     		cmp	r3, #1
 199 0092 3BD0     		beq	.L30
 392:Drivers/STM32F1xx_HAL_Driver/Src/stm32f1xx_hal_can.c ****   }
 200              		.loc 1 392 5 is_stmt 1 view .LVU69
 201 0094 2268     		ldr	r2, [r4]
 202 0096 1368     		ldr	r3, [r2]
 203 0098 23F04003 		bic	r3, r3, #64
 204 009c 1360     		str	r3, [r2]
 205              	.L12:
 396:Drivers/STM32F1xx_HAL_Driver/Src/stm32f1xx_hal_can.c ****   {
 206              		.loc 1 396 3 view .LVU70
 396:Drivers/STM32F1xx_HAL_Driver/Src/stm32f1xx_hal_can.c ****   {
 207              		.loc 1 396 17 is_stmt 0 view .LVU71
 208 009e A37E     		ldrb	r3, [r4, #26]	@ zero_extendqisi2
 396:Drivers/STM32F1xx_HAL_Driver/Src/stm32f1xx_hal_can.c ****   {
 209              		.loc 1 396 6 view .LVU72
 210 00a0 012B     		cmp	r3, #1
 211 00a2 39D0     		beq	.L31
 402:Drivers/STM32F1xx_HAL_Driver/Src/stm32f1xx_hal_can.c ****   }
 212              		.loc 1 402 5 is_stmt 1 view .LVU73
 213 00a4 2268     		ldr	r2, [r4]
 214 00a6 1368     		ldr	r3, [r2]
 215 00a8 23F02003 		bic	r3, r3, #32
 216 00ac 1360     		str	r3, [r2]
ARM GAS  C:\Users\ride_pig\AppData\Local\Temp\ccAMFt1h.s 			page 15


 217              	.L14:
 406:Drivers/STM32F1xx_HAL_Driver/Src/stm32f1xx_hal_can.c ****   {
 218              		.loc 1 406 3 view .LVU74
 406:Drivers/STM32F1xx_HAL_Driver/Src/stm32f1xx_hal_can.c ****   {
 219              		.loc 1 406 17 is_stmt 0 view .LVU75
 220 00ae E37E     		ldrb	r3, [r4, #27]	@ zero_extendqisi2
 406:Drivers/STM32F1xx_HAL_Driver/Src/stm32f1xx_hal_can.c ****   {
 221              		.loc 1 406 6 view .LVU76
 222 00b0 012B     		cmp	r3, #1
 223 00b2 37D0     		beq	.L32
 412:Drivers/STM32F1xx_HAL_Driver/Src/stm32f1xx_hal_can.c ****   }
 224              		.loc 1 412 5 is_stmt 1 view .LVU77
 225 00b4 2268     		ldr	r2, [r4]
 226 00b6 1368     		ldr	r3, [r2]
 227 00b8 43F01003 		orr	r3, r3, #16
 228 00bc 1360     		str	r3, [r2]
 229              	.L16:
 416:Drivers/STM32F1xx_HAL_Driver/Src/stm32f1xx_hal_can.c ****   {
 230              		.loc 1 416 3 view .LVU78
 416:Drivers/STM32F1xx_HAL_Driver/Src/stm32f1xx_hal_can.c ****   {
 231              		.loc 1 416 17 is_stmt 0 view .LVU79
 232 00be 237F     		ldrb	r3, [r4, #28]	@ zero_extendqisi2
 416:Drivers/STM32F1xx_HAL_Driver/Src/stm32f1xx_hal_can.c ****   {
 233              		.loc 1 416 6 view .LVU80
 234 00c0 012B     		cmp	r3, #1
 235 00c2 35D0     		beq	.L33
 422:Drivers/STM32F1xx_HAL_Driver/Src/stm32f1xx_hal_can.c ****   }
 236              		.loc 1 422 5 is_stmt 1 view .LVU81
 237 00c4 2268     		ldr	r2, [r4]
 238 00c6 1368     		ldr	r3, [r2]
 239 00c8 23F00803 		bic	r3, r3, #8
 240 00cc 1360     		str	r3, [r2]
 241              	.L18:
 426:Drivers/STM32F1xx_HAL_Driver/Src/stm32f1xx_hal_can.c ****   {
 242              		.loc 1 426 3 view .LVU82
 426:Drivers/STM32F1xx_HAL_Driver/Src/stm32f1xx_hal_can.c ****   {
 243              		.loc 1 426 17 is_stmt 0 view .LVU83
 244 00ce 637F     		ldrb	r3, [r4, #29]	@ zero_extendqisi2
 426:Drivers/STM32F1xx_HAL_Driver/Src/stm32f1xx_hal_can.c ****   {
 245              		.loc 1 426 6 view .LVU84
 246 00d0 012B     		cmp	r3, #1
 247 00d2 33D0     		beq	.L34
 432:Drivers/STM32F1xx_HAL_Driver/Src/stm32f1xx_hal_can.c ****   }
 248              		.loc 1 432 5 is_stmt 1 view .LVU85
 249 00d4 2268     		ldr	r2, [r4]
 250 00d6 1368     		ldr	r3, [r2]
 251 00d8 23F00403 		bic	r3, r3, #4
 252 00dc 1360     		str	r3, [r2]
 253              	.L20:
 436:Drivers/STM32F1xx_HAL_Driver/Src/stm32f1xx_hal_can.c ****                                             hcan->Init.SyncJumpWidth  |
 254              		.loc 1 436 3 view .LVU86
 255 00de A368     		ldr	r3, [r4, #8]
 256 00e0 E268     		ldr	r2, [r4, #12]
 257 00e2 1343     		orrs	r3, r3, r2
 258 00e4 2269     		ldr	r2, [r4, #16]
 259 00e6 1343     		orrs	r3, r3, r2
 260 00e8 6269     		ldr	r2, [r4, #20]
ARM GAS  C:\Users\ride_pig\AppData\Local\Temp\ccAMFt1h.s 			page 16


 261 00ea 1343     		orrs	r3, r3, r2
 262 00ec 6268     		ldr	r2, [r4, #4]
 263 00ee 013A     		subs	r2, r2, #1
 264 00f0 2168     		ldr	r1, [r4]
 265 00f2 1343     		orrs	r3, r3, r2
 266 00f4 CB61     		str	r3, [r1, #28]
 443:Drivers/STM32F1xx_HAL_Driver/Src/stm32f1xx_hal_can.c **** 
 267              		.loc 1 443 3 view .LVU87
 443:Drivers/STM32F1xx_HAL_Driver/Src/stm32f1xx_hal_can.c **** 
 268              		.loc 1 443 19 is_stmt 0 view .LVU88
 269 00f6 0020     		movs	r0, #0
 270 00f8 6062     		str	r0, [r4, #36]
 446:Drivers/STM32F1xx_HAL_Driver/Src/stm32f1xx_hal_can.c **** 
 271              		.loc 1 446 3 is_stmt 1 view .LVU89
 446:Drivers/STM32F1xx_HAL_Driver/Src/stm32f1xx_hal_can.c **** 
 272              		.loc 1 446 15 is_stmt 0 view .LVU90
 273 00fa 0123     		movs	r3, #1
 274 00fc 84F82030 		strb	r3, [r4, #32]
 449:Drivers/STM32F1xx_HAL_Driver/Src/stm32f1xx_hal_can.c **** }
 275              		.loc 1 449 3 is_stmt 1 view .LVU91
 449:Drivers/STM32F1xx_HAL_Driver/Src/stm32f1xx_hal_can.c **** }
 276              		.loc 1 449 10 is_stmt 0 view .LVU92
 277 0100 A0E7     		b	.L3
 278              	.L29:
 378:Drivers/STM32F1xx_HAL_Driver/Src/stm32f1xx_hal_can.c ****   }
 279              		.loc 1 378 5 is_stmt 1 view .LVU93
 280 0102 1A68     		ldr	r2, [r3]
 281 0104 42F08002 		orr	r2, r2, #128
 282 0108 1A60     		str	r2, [r3]
 283 010a C0E7     		b	.L10
 284              	.L30:
 388:Drivers/STM32F1xx_HAL_Driver/Src/stm32f1xx_hal_can.c ****   }
 285              		.loc 1 388 5 view .LVU94
 286 010c 2268     		ldr	r2, [r4]
 287 010e 1368     		ldr	r3, [r2]
 288 0110 43F04003 		orr	r3, r3, #64
 289 0114 1360     		str	r3, [r2]
 290 0116 C2E7     		b	.L12
 291              	.L31:
 398:Drivers/STM32F1xx_HAL_Driver/Src/stm32f1xx_hal_can.c ****   }
 292              		.loc 1 398 5 view .LVU95
 293 0118 2268     		ldr	r2, [r4]
 294 011a 1368     		ldr	r3, [r2]
 295 011c 43F02003 		orr	r3, r3, #32
 296 0120 1360     		str	r3, [r2]
 297 0122 C4E7     		b	.L14
 298              	.L32:
 408:Drivers/STM32F1xx_HAL_Driver/Src/stm32f1xx_hal_can.c ****   }
 299              		.loc 1 408 5 view .LVU96
 300 0124 2268     		ldr	r2, [r4]
 301 0126 1368     		ldr	r3, [r2]
 302 0128 23F01003 		bic	r3, r3, #16
 303 012c 1360     		str	r3, [r2]
 304 012e C6E7     		b	.L16
 305              	.L33:
 418:Drivers/STM32F1xx_HAL_Driver/Src/stm32f1xx_hal_can.c ****   }
 306              		.loc 1 418 5 view .LVU97
ARM GAS  C:\Users\ride_pig\AppData\Local\Temp\ccAMFt1h.s 			page 17


 307 0130 2268     		ldr	r2, [r4]
 308 0132 1368     		ldr	r3, [r2]
 309 0134 43F00803 		orr	r3, r3, #8
 310 0138 1360     		str	r3, [r2]
 311 013a C8E7     		b	.L18
 312              	.L34:
 428:Drivers/STM32F1xx_HAL_Driver/Src/stm32f1xx_hal_can.c ****   }
 313              		.loc 1 428 5 view .LVU98
 314 013c 2268     		ldr	r2, [r4]
 315 013e 1368     		ldr	r3, [r2]
 316 0140 43F00403 		orr	r3, r3, #4
 317 0144 1360     		str	r3, [r2]
 318 0146 CAE7     		b	.L20
 319              	.LVL12:
 320              	.L21:
 321              	.LCFI1:
 322              		.cfi_def_cfa_offset 0
 323              		.cfi_restore 3
 324              		.cfi_restore 4
 325              		.cfi_restore 5
 326              		.cfi_restore 14
 281:Drivers/STM32F1xx_HAL_Driver/Src/stm32f1xx_hal_can.c ****   }
 327              		.loc 1 281 12 is_stmt 0 view .LVU99
 328 0148 0120     		movs	r0, #1
 329              	.LVL13:
 450:Drivers/STM32F1xx_HAL_Driver/Src/stm32f1xx_hal_can.c **** 
 330              		.loc 1 450 1 view .LVU100
 331 014a 7047     		bx	lr
 332              		.cfi_endproc
 333              	.LFE65:
 335              		.section	.text.HAL_CAN_MspDeInit,"ax",%progbits
 336              		.align	1
 337              		.weak	HAL_CAN_MspDeInit
 338              		.syntax unified
 339              		.thumb
 340              		.thumb_func
 342              	HAL_CAN_MspDeInit:
 343              	.LVL14:
 344              	.LFB68:
 515:Drivers/STM32F1xx_HAL_Driver/Src/stm32f1xx_hal_can.c **** 
 516:Drivers/STM32F1xx_HAL_Driver/Src/stm32f1xx_hal_can.c **** /**
 517:Drivers/STM32F1xx_HAL_Driver/Src/stm32f1xx_hal_can.c ****   * @brief  DeInitializes the CAN MSP.
 518:Drivers/STM32F1xx_HAL_Driver/Src/stm32f1xx_hal_can.c ****   * @param  hcan pointer to a CAN_HandleTypeDef structure that contains
 519:Drivers/STM32F1xx_HAL_Driver/Src/stm32f1xx_hal_can.c ****   *         the configuration information for the specified CAN.
 520:Drivers/STM32F1xx_HAL_Driver/Src/stm32f1xx_hal_can.c ****   * @retval None
 521:Drivers/STM32F1xx_HAL_Driver/Src/stm32f1xx_hal_can.c ****   */
 522:Drivers/STM32F1xx_HAL_Driver/Src/stm32f1xx_hal_can.c **** __weak void HAL_CAN_MspDeInit(CAN_HandleTypeDef *hcan)
 523:Drivers/STM32F1xx_HAL_Driver/Src/stm32f1xx_hal_can.c **** {
 345              		.loc 1 523 1 is_stmt 1 view -0
 346              		.cfi_startproc
 347              		@ args = 0, pretend = 0, frame = 0
 348              		@ frame_needed = 0, uses_anonymous_args = 0
 349              		@ link register save eliminated.
 524:Drivers/STM32F1xx_HAL_Driver/Src/stm32f1xx_hal_can.c ****   /* Prevent unused argument(s) compilation warning */
 525:Drivers/STM32F1xx_HAL_Driver/Src/stm32f1xx_hal_can.c ****   UNUSED(hcan);
 350              		.loc 1 525 3 view .LVU102
 526:Drivers/STM32F1xx_HAL_Driver/Src/stm32f1xx_hal_can.c **** 
ARM GAS  C:\Users\ride_pig\AppData\Local\Temp\ccAMFt1h.s 			page 18


 527:Drivers/STM32F1xx_HAL_Driver/Src/stm32f1xx_hal_can.c ****   /* NOTE : This function Should not be modified, when the callback is needed,
 528:Drivers/STM32F1xx_HAL_Driver/Src/stm32f1xx_hal_can.c ****             the HAL_CAN_MspDeInit could be implemented in the user file
 529:Drivers/STM32F1xx_HAL_Driver/Src/stm32f1xx_hal_can.c ****    */
 530:Drivers/STM32F1xx_HAL_Driver/Src/stm32f1xx_hal_can.c **** }
 351              		.loc 1 530 1 is_stmt 0 view .LVU103
 352 0000 7047     		bx	lr
 353              		.cfi_endproc
 354              	.LFE68:
 356              		.section	.text.HAL_CAN_ConfigFilter,"ax",%progbits
 357              		.align	1
 358              		.global	HAL_CAN_ConfigFilter
 359              		.syntax unified
 360              		.thumb
 361              		.thumb_func
 363              	HAL_CAN_ConfigFilter:
 364              	.LVL15:
 365              	.LFB69:
 531:Drivers/STM32F1xx_HAL_Driver/Src/stm32f1xx_hal_can.c **** 
 532:Drivers/STM32F1xx_HAL_Driver/Src/stm32f1xx_hal_can.c **** #if USE_HAL_CAN_REGISTER_CALLBACKS == 1
 533:Drivers/STM32F1xx_HAL_Driver/Src/stm32f1xx_hal_can.c **** /**
 534:Drivers/STM32F1xx_HAL_Driver/Src/stm32f1xx_hal_can.c ****   * @brief  Register a CAN CallBack.
 535:Drivers/STM32F1xx_HAL_Driver/Src/stm32f1xx_hal_can.c ****   *         To be used instead of the weak predefined callback
 536:Drivers/STM32F1xx_HAL_Driver/Src/stm32f1xx_hal_can.c ****   * @param  hcan pointer to a CAN_HandleTypeDef structure that contains
 537:Drivers/STM32F1xx_HAL_Driver/Src/stm32f1xx_hal_can.c ****   *         the configuration information for CAN module
 538:Drivers/STM32F1xx_HAL_Driver/Src/stm32f1xx_hal_can.c ****   * @param  CallbackID ID of the callback to be registered
 539:Drivers/STM32F1xx_HAL_Driver/Src/stm32f1xx_hal_can.c ****   *         This parameter can be one of the following values:
 540:Drivers/STM32F1xx_HAL_Driver/Src/stm32f1xx_hal_can.c ****   *           @arg @ref HAL_CAN_TX_MAILBOX0_COMPLETE_CB_ID Tx Mailbox 0 Complete callback ID
 541:Drivers/STM32F1xx_HAL_Driver/Src/stm32f1xx_hal_can.c ****   *           @arg @ref HAL_CAN_TX_MAILBOX1_COMPLETE_CB_ID Tx Mailbox 1 Complete callback ID
 542:Drivers/STM32F1xx_HAL_Driver/Src/stm32f1xx_hal_can.c ****   *           @arg @ref HAL_CAN_TX_MAILBOX2_COMPLETE_CB_ID Tx Mailbox 2 Complete callback ID
 543:Drivers/STM32F1xx_HAL_Driver/Src/stm32f1xx_hal_can.c ****   *           @arg @ref HAL_CAN_TX_MAILBOX0_ABORT_CB_ID Tx Mailbox 0 Abort callback ID
 544:Drivers/STM32F1xx_HAL_Driver/Src/stm32f1xx_hal_can.c ****   *           @arg @ref HAL_CAN_TX_MAILBOX1_ABORT_CB_ID Tx Mailbox 1 Abort callback ID
 545:Drivers/STM32F1xx_HAL_Driver/Src/stm32f1xx_hal_can.c ****   *           @arg @ref HAL_CAN_TX_MAILBOX2_ABORT_CB_ID Tx Mailbox 2 Abort callback ID
 546:Drivers/STM32F1xx_HAL_Driver/Src/stm32f1xx_hal_can.c ****   *           @arg @ref HAL_CAN_RX_FIFO0_MSG_PENDING_CB_ID Rx Fifo 0 message pending callback ID
 547:Drivers/STM32F1xx_HAL_Driver/Src/stm32f1xx_hal_can.c ****   *           @arg @ref HAL_CAN_RX_FIFO0_FULL_CB_ID Rx Fifo 0 full callback ID
 548:Drivers/STM32F1xx_HAL_Driver/Src/stm32f1xx_hal_can.c ****   *           @arg @ref HAL_CAN_RX_FIFO1_MSG_PENDING_CB_ID Rx Fifo 1 message pending callback ID
 549:Drivers/STM32F1xx_HAL_Driver/Src/stm32f1xx_hal_can.c ****   *           @arg @ref HAL_CAN_RX_FIFO1_FULL_CB_ID Rx Fifo 1 full callback ID
 550:Drivers/STM32F1xx_HAL_Driver/Src/stm32f1xx_hal_can.c ****   *           @arg @ref HAL_CAN_SLEEP_CB_ID Sleep callback ID
 551:Drivers/STM32F1xx_HAL_Driver/Src/stm32f1xx_hal_can.c ****   *           @arg @ref HAL_CAN_WAKEUP_FROM_RX_MSG_CB_ID Wake Up from Rx message callback ID
 552:Drivers/STM32F1xx_HAL_Driver/Src/stm32f1xx_hal_can.c ****   *           @arg @ref HAL_CAN_ERROR_CB_ID Error callback ID
 553:Drivers/STM32F1xx_HAL_Driver/Src/stm32f1xx_hal_can.c ****   *           @arg @ref HAL_CAN_MSPINIT_CB_ID MspInit callback ID
 554:Drivers/STM32F1xx_HAL_Driver/Src/stm32f1xx_hal_can.c ****   *           @arg @ref HAL_CAN_MSPDEINIT_CB_ID MspDeInit callback ID
 555:Drivers/STM32F1xx_HAL_Driver/Src/stm32f1xx_hal_can.c ****   * @param  pCallback pointer to the Callback function
 556:Drivers/STM32F1xx_HAL_Driver/Src/stm32f1xx_hal_can.c ****   * @retval HAL status
 557:Drivers/STM32F1xx_HAL_Driver/Src/stm32f1xx_hal_can.c ****   */
 558:Drivers/STM32F1xx_HAL_Driver/Src/stm32f1xx_hal_can.c **** HAL_StatusTypeDef HAL_CAN_RegisterCallback(CAN_HandleTypeDef *hcan, HAL_CAN_CallbackIDTypeDef Callb
 559:Drivers/STM32F1xx_HAL_Driver/Src/stm32f1xx_hal_can.c **** {
 560:Drivers/STM32F1xx_HAL_Driver/Src/stm32f1xx_hal_can.c ****   HAL_StatusTypeDef status = HAL_OK;
 561:Drivers/STM32F1xx_HAL_Driver/Src/stm32f1xx_hal_can.c **** 
 562:Drivers/STM32F1xx_HAL_Driver/Src/stm32f1xx_hal_can.c ****   if (pCallback == NULL)
 563:Drivers/STM32F1xx_HAL_Driver/Src/stm32f1xx_hal_can.c ****   {
 564:Drivers/STM32F1xx_HAL_Driver/Src/stm32f1xx_hal_can.c ****     /* Update the error code */
 565:Drivers/STM32F1xx_HAL_Driver/Src/stm32f1xx_hal_can.c ****     hcan->ErrorCode |= HAL_CAN_ERROR_INVALID_CALLBACK;
 566:Drivers/STM32F1xx_HAL_Driver/Src/stm32f1xx_hal_can.c **** 
 567:Drivers/STM32F1xx_HAL_Driver/Src/stm32f1xx_hal_can.c ****     return HAL_ERROR;
 568:Drivers/STM32F1xx_HAL_Driver/Src/stm32f1xx_hal_can.c ****   }
 569:Drivers/STM32F1xx_HAL_Driver/Src/stm32f1xx_hal_can.c **** 
 570:Drivers/STM32F1xx_HAL_Driver/Src/stm32f1xx_hal_can.c ****   if (hcan->State == HAL_CAN_STATE_READY)
ARM GAS  C:\Users\ride_pig\AppData\Local\Temp\ccAMFt1h.s 			page 19


 571:Drivers/STM32F1xx_HAL_Driver/Src/stm32f1xx_hal_can.c ****   {
 572:Drivers/STM32F1xx_HAL_Driver/Src/stm32f1xx_hal_can.c ****     switch (CallbackID)
 573:Drivers/STM32F1xx_HAL_Driver/Src/stm32f1xx_hal_can.c ****     {
 574:Drivers/STM32F1xx_HAL_Driver/Src/stm32f1xx_hal_can.c ****       case HAL_CAN_TX_MAILBOX0_COMPLETE_CB_ID :
 575:Drivers/STM32F1xx_HAL_Driver/Src/stm32f1xx_hal_can.c ****         hcan->TxMailbox0CompleteCallback = pCallback;
 576:Drivers/STM32F1xx_HAL_Driver/Src/stm32f1xx_hal_can.c ****         break;
 577:Drivers/STM32F1xx_HAL_Driver/Src/stm32f1xx_hal_can.c **** 
 578:Drivers/STM32F1xx_HAL_Driver/Src/stm32f1xx_hal_can.c ****       case HAL_CAN_TX_MAILBOX1_COMPLETE_CB_ID :
 579:Drivers/STM32F1xx_HAL_Driver/Src/stm32f1xx_hal_can.c ****         hcan->TxMailbox1CompleteCallback = pCallback;
 580:Drivers/STM32F1xx_HAL_Driver/Src/stm32f1xx_hal_can.c ****         break;
 581:Drivers/STM32F1xx_HAL_Driver/Src/stm32f1xx_hal_can.c **** 
 582:Drivers/STM32F1xx_HAL_Driver/Src/stm32f1xx_hal_can.c ****       case HAL_CAN_TX_MAILBOX2_COMPLETE_CB_ID :
 583:Drivers/STM32F1xx_HAL_Driver/Src/stm32f1xx_hal_can.c ****         hcan->TxMailbox2CompleteCallback = pCallback;
 584:Drivers/STM32F1xx_HAL_Driver/Src/stm32f1xx_hal_can.c ****         break;
 585:Drivers/STM32F1xx_HAL_Driver/Src/stm32f1xx_hal_can.c **** 
 586:Drivers/STM32F1xx_HAL_Driver/Src/stm32f1xx_hal_can.c ****       case HAL_CAN_TX_MAILBOX0_ABORT_CB_ID :
 587:Drivers/STM32F1xx_HAL_Driver/Src/stm32f1xx_hal_can.c ****         hcan->TxMailbox0AbortCallback = pCallback;
 588:Drivers/STM32F1xx_HAL_Driver/Src/stm32f1xx_hal_can.c ****         break;
 589:Drivers/STM32F1xx_HAL_Driver/Src/stm32f1xx_hal_can.c **** 
 590:Drivers/STM32F1xx_HAL_Driver/Src/stm32f1xx_hal_can.c ****       case HAL_CAN_TX_MAILBOX1_ABORT_CB_ID :
 591:Drivers/STM32F1xx_HAL_Driver/Src/stm32f1xx_hal_can.c ****         hcan->TxMailbox1AbortCallback = pCallback;
 592:Drivers/STM32F1xx_HAL_Driver/Src/stm32f1xx_hal_can.c ****         break;
 593:Drivers/STM32F1xx_HAL_Driver/Src/stm32f1xx_hal_can.c **** 
 594:Drivers/STM32F1xx_HAL_Driver/Src/stm32f1xx_hal_can.c ****       case HAL_CAN_TX_MAILBOX2_ABORT_CB_ID :
 595:Drivers/STM32F1xx_HAL_Driver/Src/stm32f1xx_hal_can.c ****         hcan->TxMailbox2AbortCallback = pCallback;
 596:Drivers/STM32F1xx_HAL_Driver/Src/stm32f1xx_hal_can.c ****         break;
 597:Drivers/STM32F1xx_HAL_Driver/Src/stm32f1xx_hal_can.c **** 
 598:Drivers/STM32F1xx_HAL_Driver/Src/stm32f1xx_hal_can.c ****       case HAL_CAN_RX_FIFO0_MSG_PENDING_CB_ID :
 599:Drivers/STM32F1xx_HAL_Driver/Src/stm32f1xx_hal_can.c ****         hcan->RxFifo0MsgPendingCallback = pCallback;
 600:Drivers/STM32F1xx_HAL_Driver/Src/stm32f1xx_hal_can.c ****         break;
 601:Drivers/STM32F1xx_HAL_Driver/Src/stm32f1xx_hal_can.c **** 
 602:Drivers/STM32F1xx_HAL_Driver/Src/stm32f1xx_hal_can.c ****       case HAL_CAN_RX_FIFO0_FULL_CB_ID :
 603:Drivers/STM32F1xx_HAL_Driver/Src/stm32f1xx_hal_can.c ****         hcan->RxFifo0FullCallback = pCallback;
 604:Drivers/STM32F1xx_HAL_Driver/Src/stm32f1xx_hal_can.c ****         break;
 605:Drivers/STM32F1xx_HAL_Driver/Src/stm32f1xx_hal_can.c **** 
 606:Drivers/STM32F1xx_HAL_Driver/Src/stm32f1xx_hal_can.c ****       case HAL_CAN_RX_FIFO1_MSG_PENDING_CB_ID :
 607:Drivers/STM32F1xx_HAL_Driver/Src/stm32f1xx_hal_can.c ****         hcan->RxFifo1MsgPendingCallback = pCallback;
 608:Drivers/STM32F1xx_HAL_Driver/Src/stm32f1xx_hal_can.c ****         break;
 609:Drivers/STM32F1xx_HAL_Driver/Src/stm32f1xx_hal_can.c **** 
 610:Drivers/STM32F1xx_HAL_Driver/Src/stm32f1xx_hal_can.c ****       case HAL_CAN_RX_FIFO1_FULL_CB_ID :
 611:Drivers/STM32F1xx_HAL_Driver/Src/stm32f1xx_hal_can.c ****         hcan->RxFifo1FullCallback = pCallback;
 612:Drivers/STM32F1xx_HAL_Driver/Src/stm32f1xx_hal_can.c ****         break;
 613:Drivers/STM32F1xx_HAL_Driver/Src/stm32f1xx_hal_can.c **** 
 614:Drivers/STM32F1xx_HAL_Driver/Src/stm32f1xx_hal_can.c ****       case HAL_CAN_SLEEP_CB_ID :
 615:Drivers/STM32F1xx_HAL_Driver/Src/stm32f1xx_hal_can.c ****         hcan->SleepCallback = pCallback;
 616:Drivers/STM32F1xx_HAL_Driver/Src/stm32f1xx_hal_can.c ****         break;
 617:Drivers/STM32F1xx_HAL_Driver/Src/stm32f1xx_hal_can.c **** 
 618:Drivers/STM32F1xx_HAL_Driver/Src/stm32f1xx_hal_can.c ****       case HAL_CAN_WAKEUP_FROM_RX_MSG_CB_ID :
 619:Drivers/STM32F1xx_HAL_Driver/Src/stm32f1xx_hal_can.c ****         hcan->WakeUpFromRxMsgCallback = pCallback;
 620:Drivers/STM32F1xx_HAL_Driver/Src/stm32f1xx_hal_can.c ****         break;
 621:Drivers/STM32F1xx_HAL_Driver/Src/stm32f1xx_hal_can.c **** 
 622:Drivers/STM32F1xx_HAL_Driver/Src/stm32f1xx_hal_can.c ****       case HAL_CAN_ERROR_CB_ID :
 623:Drivers/STM32F1xx_HAL_Driver/Src/stm32f1xx_hal_can.c ****         hcan->ErrorCallback = pCallback;
 624:Drivers/STM32F1xx_HAL_Driver/Src/stm32f1xx_hal_can.c ****         break;
 625:Drivers/STM32F1xx_HAL_Driver/Src/stm32f1xx_hal_can.c **** 
 626:Drivers/STM32F1xx_HAL_Driver/Src/stm32f1xx_hal_can.c ****       case HAL_CAN_MSPINIT_CB_ID :
 627:Drivers/STM32F1xx_HAL_Driver/Src/stm32f1xx_hal_can.c ****         hcan->MspInitCallback = pCallback;
ARM GAS  C:\Users\ride_pig\AppData\Local\Temp\ccAMFt1h.s 			page 20


 628:Drivers/STM32F1xx_HAL_Driver/Src/stm32f1xx_hal_can.c ****         break;
 629:Drivers/STM32F1xx_HAL_Driver/Src/stm32f1xx_hal_can.c **** 
 630:Drivers/STM32F1xx_HAL_Driver/Src/stm32f1xx_hal_can.c ****       case HAL_CAN_MSPDEINIT_CB_ID :
 631:Drivers/STM32F1xx_HAL_Driver/Src/stm32f1xx_hal_can.c ****         hcan->MspDeInitCallback = pCallback;
 632:Drivers/STM32F1xx_HAL_Driver/Src/stm32f1xx_hal_can.c ****         break;
 633:Drivers/STM32F1xx_HAL_Driver/Src/stm32f1xx_hal_can.c **** 
 634:Drivers/STM32F1xx_HAL_Driver/Src/stm32f1xx_hal_can.c ****       default :
 635:Drivers/STM32F1xx_HAL_Driver/Src/stm32f1xx_hal_can.c ****         /* Update the error code */
 636:Drivers/STM32F1xx_HAL_Driver/Src/stm32f1xx_hal_can.c ****         hcan->ErrorCode |= HAL_CAN_ERROR_INVALID_CALLBACK;
 637:Drivers/STM32F1xx_HAL_Driver/Src/stm32f1xx_hal_can.c **** 
 638:Drivers/STM32F1xx_HAL_Driver/Src/stm32f1xx_hal_can.c ****         /* Return error status */
 639:Drivers/STM32F1xx_HAL_Driver/Src/stm32f1xx_hal_can.c ****         status =  HAL_ERROR;
 640:Drivers/STM32F1xx_HAL_Driver/Src/stm32f1xx_hal_can.c ****         break;
 641:Drivers/STM32F1xx_HAL_Driver/Src/stm32f1xx_hal_can.c ****     }
 642:Drivers/STM32F1xx_HAL_Driver/Src/stm32f1xx_hal_can.c ****   }
 643:Drivers/STM32F1xx_HAL_Driver/Src/stm32f1xx_hal_can.c ****   else if (hcan->State == HAL_CAN_STATE_RESET)
 644:Drivers/STM32F1xx_HAL_Driver/Src/stm32f1xx_hal_can.c ****   {
 645:Drivers/STM32F1xx_HAL_Driver/Src/stm32f1xx_hal_can.c ****     switch (CallbackID)
 646:Drivers/STM32F1xx_HAL_Driver/Src/stm32f1xx_hal_can.c ****     {
 647:Drivers/STM32F1xx_HAL_Driver/Src/stm32f1xx_hal_can.c ****       case HAL_CAN_MSPINIT_CB_ID :
 648:Drivers/STM32F1xx_HAL_Driver/Src/stm32f1xx_hal_can.c ****         hcan->MspInitCallback = pCallback;
 649:Drivers/STM32F1xx_HAL_Driver/Src/stm32f1xx_hal_can.c ****         break;
 650:Drivers/STM32F1xx_HAL_Driver/Src/stm32f1xx_hal_can.c **** 
 651:Drivers/STM32F1xx_HAL_Driver/Src/stm32f1xx_hal_can.c ****       case HAL_CAN_MSPDEINIT_CB_ID :
 652:Drivers/STM32F1xx_HAL_Driver/Src/stm32f1xx_hal_can.c ****         hcan->MspDeInitCallback = pCallback;
 653:Drivers/STM32F1xx_HAL_Driver/Src/stm32f1xx_hal_can.c ****         break;
 654:Drivers/STM32F1xx_HAL_Driver/Src/stm32f1xx_hal_can.c **** 
 655:Drivers/STM32F1xx_HAL_Driver/Src/stm32f1xx_hal_can.c ****       default :
 656:Drivers/STM32F1xx_HAL_Driver/Src/stm32f1xx_hal_can.c ****         /* Update the error code */
 657:Drivers/STM32F1xx_HAL_Driver/Src/stm32f1xx_hal_can.c ****         hcan->ErrorCode |= HAL_CAN_ERROR_INVALID_CALLBACK;
 658:Drivers/STM32F1xx_HAL_Driver/Src/stm32f1xx_hal_can.c **** 
 659:Drivers/STM32F1xx_HAL_Driver/Src/stm32f1xx_hal_can.c ****         /* Return error status */
 660:Drivers/STM32F1xx_HAL_Driver/Src/stm32f1xx_hal_can.c ****         status =  HAL_ERROR;
 661:Drivers/STM32F1xx_HAL_Driver/Src/stm32f1xx_hal_can.c ****         break;
 662:Drivers/STM32F1xx_HAL_Driver/Src/stm32f1xx_hal_can.c ****     }
 663:Drivers/STM32F1xx_HAL_Driver/Src/stm32f1xx_hal_can.c ****   }
 664:Drivers/STM32F1xx_HAL_Driver/Src/stm32f1xx_hal_can.c ****   else
 665:Drivers/STM32F1xx_HAL_Driver/Src/stm32f1xx_hal_can.c ****   {
 666:Drivers/STM32F1xx_HAL_Driver/Src/stm32f1xx_hal_can.c ****     /* Update the error code */
 667:Drivers/STM32F1xx_HAL_Driver/Src/stm32f1xx_hal_can.c ****     hcan->ErrorCode |= HAL_CAN_ERROR_INVALID_CALLBACK;
 668:Drivers/STM32F1xx_HAL_Driver/Src/stm32f1xx_hal_can.c **** 
 669:Drivers/STM32F1xx_HAL_Driver/Src/stm32f1xx_hal_can.c ****     /* Return error status */
 670:Drivers/STM32F1xx_HAL_Driver/Src/stm32f1xx_hal_can.c ****     status =  HAL_ERROR;
 671:Drivers/STM32F1xx_HAL_Driver/Src/stm32f1xx_hal_can.c ****   }
 672:Drivers/STM32F1xx_HAL_Driver/Src/stm32f1xx_hal_can.c **** 
 673:Drivers/STM32F1xx_HAL_Driver/Src/stm32f1xx_hal_can.c ****   return status;
 674:Drivers/STM32F1xx_HAL_Driver/Src/stm32f1xx_hal_can.c **** }
 675:Drivers/STM32F1xx_HAL_Driver/Src/stm32f1xx_hal_can.c **** 
 676:Drivers/STM32F1xx_HAL_Driver/Src/stm32f1xx_hal_can.c **** /**
 677:Drivers/STM32F1xx_HAL_Driver/Src/stm32f1xx_hal_can.c ****   * @brief  Unregister a CAN CallBack.
 678:Drivers/STM32F1xx_HAL_Driver/Src/stm32f1xx_hal_can.c ****   *         CAN callabck is redirected to the weak predefined callback
 679:Drivers/STM32F1xx_HAL_Driver/Src/stm32f1xx_hal_can.c ****   * @param  hcan pointer to a CAN_HandleTypeDef structure that contains
 680:Drivers/STM32F1xx_HAL_Driver/Src/stm32f1xx_hal_can.c ****   *         the configuration information for CAN module
 681:Drivers/STM32F1xx_HAL_Driver/Src/stm32f1xx_hal_can.c ****   * @param  CallbackID ID of the callback to be unregistered
 682:Drivers/STM32F1xx_HAL_Driver/Src/stm32f1xx_hal_can.c ****   *         This parameter can be one of the following values:
 683:Drivers/STM32F1xx_HAL_Driver/Src/stm32f1xx_hal_can.c ****   *           @arg @ref HAL_CAN_TX_MAILBOX0_COMPLETE_CB_ID Tx Mailbox 0 Complete callback ID
 684:Drivers/STM32F1xx_HAL_Driver/Src/stm32f1xx_hal_can.c ****   *           @arg @ref HAL_CAN_TX_MAILBOX1_COMPLETE_CB_ID Tx Mailbox 1 Complete callback ID
ARM GAS  C:\Users\ride_pig\AppData\Local\Temp\ccAMFt1h.s 			page 21


 685:Drivers/STM32F1xx_HAL_Driver/Src/stm32f1xx_hal_can.c ****   *           @arg @ref HAL_CAN_TX_MAILBOX2_COMPLETE_CB_ID Tx Mailbox 2 Complete callback ID
 686:Drivers/STM32F1xx_HAL_Driver/Src/stm32f1xx_hal_can.c ****   *           @arg @ref HAL_CAN_TX_MAILBOX0_ABORT_CB_ID Tx Mailbox 0 Abort callback ID
 687:Drivers/STM32F1xx_HAL_Driver/Src/stm32f1xx_hal_can.c ****   *           @arg @ref HAL_CAN_TX_MAILBOX1_ABORT_CB_ID Tx Mailbox 1 Abort callback ID
 688:Drivers/STM32F1xx_HAL_Driver/Src/stm32f1xx_hal_can.c ****   *           @arg @ref HAL_CAN_TX_MAILBOX2_ABORT_CB_ID Tx Mailbox 2 Abort callback ID
 689:Drivers/STM32F1xx_HAL_Driver/Src/stm32f1xx_hal_can.c ****   *           @arg @ref HAL_CAN_RX_FIFO0_MSG_PENDING_CB_ID Rx Fifo 0 message pending callback ID
 690:Drivers/STM32F1xx_HAL_Driver/Src/stm32f1xx_hal_can.c ****   *           @arg @ref HAL_CAN_RX_FIFO0_FULL_CB_ID Rx Fifo 0 full callback ID
 691:Drivers/STM32F1xx_HAL_Driver/Src/stm32f1xx_hal_can.c ****   *           @arg @ref HAL_CAN_RX_FIFO1_MSG_PENDING_CB_ID Rx Fifo 1 message pending callback ID
 692:Drivers/STM32F1xx_HAL_Driver/Src/stm32f1xx_hal_can.c ****   *           @arg @ref HAL_CAN_RX_FIFO1_FULL_CB_ID Rx Fifo 1 full callback ID
 693:Drivers/STM32F1xx_HAL_Driver/Src/stm32f1xx_hal_can.c ****   *           @arg @ref HAL_CAN_SLEEP_CB_ID Sleep callback ID
 694:Drivers/STM32F1xx_HAL_Driver/Src/stm32f1xx_hal_can.c ****   *           @arg @ref HAL_CAN_WAKEUP_FROM_RX_MSG_CB_ID Wake Up from Rx message callback ID
 695:Drivers/STM32F1xx_HAL_Driver/Src/stm32f1xx_hal_can.c ****   *           @arg @ref HAL_CAN_ERROR_CB_ID Error callback ID
 696:Drivers/STM32F1xx_HAL_Driver/Src/stm32f1xx_hal_can.c ****   *           @arg @ref HAL_CAN_MSPINIT_CB_ID MspInit callback ID
 697:Drivers/STM32F1xx_HAL_Driver/Src/stm32f1xx_hal_can.c ****   *           @arg @ref HAL_CAN_MSPDEINIT_CB_ID MspDeInit callback ID
 698:Drivers/STM32F1xx_HAL_Driver/Src/stm32f1xx_hal_can.c ****   * @retval HAL status
 699:Drivers/STM32F1xx_HAL_Driver/Src/stm32f1xx_hal_can.c ****   */
 700:Drivers/STM32F1xx_HAL_Driver/Src/stm32f1xx_hal_can.c **** HAL_StatusTypeDef HAL_CAN_UnRegisterCallback(CAN_HandleTypeDef *hcan, HAL_CAN_CallbackIDTypeDef Cal
 701:Drivers/STM32F1xx_HAL_Driver/Src/stm32f1xx_hal_can.c **** {
 702:Drivers/STM32F1xx_HAL_Driver/Src/stm32f1xx_hal_can.c ****   HAL_StatusTypeDef status = HAL_OK;
 703:Drivers/STM32F1xx_HAL_Driver/Src/stm32f1xx_hal_can.c **** 
 704:Drivers/STM32F1xx_HAL_Driver/Src/stm32f1xx_hal_can.c ****   if (hcan->State == HAL_CAN_STATE_READY)
 705:Drivers/STM32F1xx_HAL_Driver/Src/stm32f1xx_hal_can.c ****   {
 706:Drivers/STM32F1xx_HAL_Driver/Src/stm32f1xx_hal_can.c ****     switch (CallbackID)
 707:Drivers/STM32F1xx_HAL_Driver/Src/stm32f1xx_hal_can.c ****     {
 708:Drivers/STM32F1xx_HAL_Driver/Src/stm32f1xx_hal_can.c ****       case HAL_CAN_TX_MAILBOX0_COMPLETE_CB_ID :
 709:Drivers/STM32F1xx_HAL_Driver/Src/stm32f1xx_hal_can.c ****         hcan->TxMailbox0CompleteCallback = HAL_CAN_TxMailbox0CompleteCallback;
 710:Drivers/STM32F1xx_HAL_Driver/Src/stm32f1xx_hal_can.c ****         break;
 711:Drivers/STM32F1xx_HAL_Driver/Src/stm32f1xx_hal_can.c **** 
 712:Drivers/STM32F1xx_HAL_Driver/Src/stm32f1xx_hal_can.c ****       case HAL_CAN_TX_MAILBOX1_COMPLETE_CB_ID :
 713:Drivers/STM32F1xx_HAL_Driver/Src/stm32f1xx_hal_can.c ****         hcan->TxMailbox1CompleteCallback = HAL_CAN_TxMailbox1CompleteCallback;
 714:Drivers/STM32F1xx_HAL_Driver/Src/stm32f1xx_hal_can.c ****         break;
 715:Drivers/STM32F1xx_HAL_Driver/Src/stm32f1xx_hal_can.c **** 
 716:Drivers/STM32F1xx_HAL_Driver/Src/stm32f1xx_hal_can.c ****       case HAL_CAN_TX_MAILBOX2_COMPLETE_CB_ID :
 717:Drivers/STM32F1xx_HAL_Driver/Src/stm32f1xx_hal_can.c ****         hcan->TxMailbox2CompleteCallback = HAL_CAN_TxMailbox2CompleteCallback;
 718:Drivers/STM32F1xx_HAL_Driver/Src/stm32f1xx_hal_can.c ****         break;
 719:Drivers/STM32F1xx_HAL_Driver/Src/stm32f1xx_hal_can.c **** 
 720:Drivers/STM32F1xx_HAL_Driver/Src/stm32f1xx_hal_can.c ****       case HAL_CAN_TX_MAILBOX0_ABORT_CB_ID :
 721:Drivers/STM32F1xx_HAL_Driver/Src/stm32f1xx_hal_can.c ****         hcan->TxMailbox0AbortCallback = HAL_CAN_TxMailbox0AbortCallback;
 722:Drivers/STM32F1xx_HAL_Driver/Src/stm32f1xx_hal_can.c ****         break;
 723:Drivers/STM32F1xx_HAL_Driver/Src/stm32f1xx_hal_can.c **** 
 724:Drivers/STM32F1xx_HAL_Driver/Src/stm32f1xx_hal_can.c ****       case HAL_CAN_TX_MAILBOX1_ABORT_CB_ID :
 725:Drivers/STM32F1xx_HAL_Driver/Src/stm32f1xx_hal_can.c ****         hcan->TxMailbox1AbortCallback = HAL_CAN_TxMailbox1AbortCallback;
 726:Drivers/STM32F1xx_HAL_Driver/Src/stm32f1xx_hal_can.c ****         break;
 727:Drivers/STM32F1xx_HAL_Driver/Src/stm32f1xx_hal_can.c **** 
 728:Drivers/STM32F1xx_HAL_Driver/Src/stm32f1xx_hal_can.c ****       case HAL_CAN_TX_MAILBOX2_ABORT_CB_ID :
 729:Drivers/STM32F1xx_HAL_Driver/Src/stm32f1xx_hal_can.c ****         hcan->TxMailbox2AbortCallback = HAL_CAN_TxMailbox2AbortCallback;
 730:Drivers/STM32F1xx_HAL_Driver/Src/stm32f1xx_hal_can.c ****         break;
 731:Drivers/STM32F1xx_HAL_Driver/Src/stm32f1xx_hal_can.c **** 
 732:Drivers/STM32F1xx_HAL_Driver/Src/stm32f1xx_hal_can.c ****       case HAL_CAN_RX_FIFO0_MSG_PENDING_CB_ID :
 733:Drivers/STM32F1xx_HAL_Driver/Src/stm32f1xx_hal_can.c ****         hcan->RxFifo0MsgPendingCallback = HAL_CAN_RxFifo0MsgPendingCallback;
 734:Drivers/STM32F1xx_HAL_Driver/Src/stm32f1xx_hal_can.c ****         break;
 735:Drivers/STM32F1xx_HAL_Driver/Src/stm32f1xx_hal_can.c **** 
 736:Drivers/STM32F1xx_HAL_Driver/Src/stm32f1xx_hal_can.c ****       case HAL_CAN_RX_FIFO0_FULL_CB_ID :
 737:Drivers/STM32F1xx_HAL_Driver/Src/stm32f1xx_hal_can.c ****         hcan->RxFifo0FullCallback = HAL_CAN_RxFifo0FullCallback;
 738:Drivers/STM32F1xx_HAL_Driver/Src/stm32f1xx_hal_can.c ****         break;
 739:Drivers/STM32F1xx_HAL_Driver/Src/stm32f1xx_hal_can.c **** 
 740:Drivers/STM32F1xx_HAL_Driver/Src/stm32f1xx_hal_can.c ****       case HAL_CAN_RX_FIFO1_MSG_PENDING_CB_ID :
 741:Drivers/STM32F1xx_HAL_Driver/Src/stm32f1xx_hal_can.c ****         hcan->RxFifo1MsgPendingCallback = HAL_CAN_RxFifo1MsgPendingCallback;
ARM GAS  C:\Users\ride_pig\AppData\Local\Temp\ccAMFt1h.s 			page 22


 742:Drivers/STM32F1xx_HAL_Driver/Src/stm32f1xx_hal_can.c ****         break;
 743:Drivers/STM32F1xx_HAL_Driver/Src/stm32f1xx_hal_can.c **** 
 744:Drivers/STM32F1xx_HAL_Driver/Src/stm32f1xx_hal_can.c ****       case HAL_CAN_RX_FIFO1_FULL_CB_ID :
 745:Drivers/STM32F1xx_HAL_Driver/Src/stm32f1xx_hal_can.c ****         hcan->RxFifo1FullCallback = HAL_CAN_RxFifo1FullCallback;
 746:Drivers/STM32F1xx_HAL_Driver/Src/stm32f1xx_hal_can.c ****         break;
 747:Drivers/STM32F1xx_HAL_Driver/Src/stm32f1xx_hal_can.c **** 
 748:Drivers/STM32F1xx_HAL_Driver/Src/stm32f1xx_hal_can.c ****       case HAL_CAN_SLEEP_CB_ID :
 749:Drivers/STM32F1xx_HAL_Driver/Src/stm32f1xx_hal_can.c ****         hcan->SleepCallback = HAL_CAN_SleepCallback;
 750:Drivers/STM32F1xx_HAL_Driver/Src/stm32f1xx_hal_can.c ****         break;
 751:Drivers/STM32F1xx_HAL_Driver/Src/stm32f1xx_hal_can.c **** 
 752:Drivers/STM32F1xx_HAL_Driver/Src/stm32f1xx_hal_can.c ****       case HAL_CAN_WAKEUP_FROM_RX_MSG_CB_ID :
 753:Drivers/STM32F1xx_HAL_Driver/Src/stm32f1xx_hal_can.c ****         hcan->WakeUpFromRxMsgCallback = HAL_CAN_WakeUpFromRxMsgCallback;
 754:Drivers/STM32F1xx_HAL_Driver/Src/stm32f1xx_hal_can.c ****         break;
 755:Drivers/STM32F1xx_HAL_Driver/Src/stm32f1xx_hal_can.c **** 
 756:Drivers/STM32F1xx_HAL_Driver/Src/stm32f1xx_hal_can.c ****       case HAL_CAN_ERROR_CB_ID :
 757:Drivers/STM32F1xx_HAL_Driver/Src/stm32f1xx_hal_can.c ****         hcan->ErrorCallback = HAL_CAN_ErrorCallback;
 758:Drivers/STM32F1xx_HAL_Driver/Src/stm32f1xx_hal_can.c ****         break;
 759:Drivers/STM32F1xx_HAL_Driver/Src/stm32f1xx_hal_can.c **** 
 760:Drivers/STM32F1xx_HAL_Driver/Src/stm32f1xx_hal_can.c ****       case HAL_CAN_MSPINIT_CB_ID :
 761:Drivers/STM32F1xx_HAL_Driver/Src/stm32f1xx_hal_can.c ****         hcan->MspInitCallback = HAL_CAN_MspInit;
 762:Drivers/STM32F1xx_HAL_Driver/Src/stm32f1xx_hal_can.c ****         break;
 763:Drivers/STM32F1xx_HAL_Driver/Src/stm32f1xx_hal_can.c **** 
 764:Drivers/STM32F1xx_HAL_Driver/Src/stm32f1xx_hal_can.c ****       case HAL_CAN_MSPDEINIT_CB_ID :
 765:Drivers/STM32F1xx_HAL_Driver/Src/stm32f1xx_hal_can.c ****         hcan->MspDeInitCallback = HAL_CAN_MspDeInit;
 766:Drivers/STM32F1xx_HAL_Driver/Src/stm32f1xx_hal_can.c ****         break;
 767:Drivers/STM32F1xx_HAL_Driver/Src/stm32f1xx_hal_can.c **** 
 768:Drivers/STM32F1xx_HAL_Driver/Src/stm32f1xx_hal_can.c ****       default :
 769:Drivers/STM32F1xx_HAL_Driver/Src/stm32f1xx_hal_can.c ****         /* Update the error code */
 770:Drivers/STM32F1xx_HAL_Driver/Src/stm32f1xx_hal_can.c ****         hcan->ErrorCode |= HAL_CAN_ERROR_INVALID_CALLBACK;
 771:Drivers/STM32F1xx_HAL_Driver/Src/stm32f1xx_hal_can.c **** 
 772:Drivers/STM32F1xx_HAL_Driver/Src/stm32f1xx_hal_can.c ****         /* Return error status */
 773:Drivers/STM32F1xx_HAL_Driver/Src/stm32f1xx_hal_can.c ****         status =  HAL_ERROR;
 774:Drivers/STM32F1xx_HAL_Driver/Src/stm32f1xx_hal_can.c ****         break;
 775:Drivers/STM32F1xx_HAL_Driver/Src/stm32f1xx_hal_can.c ****     }
 776:Drivers/STM32F1xx_HAL_Driver/Src/stm32f1xx_hal_can.c ****   }
 777:Drivers/STM32F1xx_HAL_Driver/Src/stm32f1xx_hal_can.c ****   else if (hcan->State == HAL_CAN_STATE_RESET)
 778:Drivers/STM32F1xx_HAL_Driver/Src/stm32f1xx_hal_can.c ****   {
 779:Drivers/STM32F1xx_HAL_Driver/Src/stm32f1xx_hal_can.c ****     switch (CallbackID)
 780:Drivers/STM32F1xx_HAL_Driver/Src/stm32f1xx_hal_can.c ****     {
 781:Drivers/STM32F1xx_HAL_Driver/Src/stm32f1xx_hal_can.c ****       case HAL_CAN_MSPINIT_CB_ID :
 782:Drivers/STM32F1xx_HAL_Driver/Src/stm32f1xx_hal_can.c ****         hcan->MspInitCallback = HAL_CAN_MspInit;
 783:Drivers/STM32F1xx_HAL_Driver/Src/stm32f1xx_hal_can.c ****         break;
 784:Drivers/STM32F1xx_HAL_Driver/Src/stm32f1xx_hal_can.c **** 
 785:Drivers/STM32F1xx_HAL_Driver/Src/stm32f1xx_hal_can.c ****       case HAL_CAN_MSPDEINIT_CB_ID :
 786:Drivers/STM32F1xx_HAL_Driver/Src/stm32f1xx_hal_can.c ****         hcan->MspDeInitCallback = HAL_CAN_MspDeInit;
 787:Drivers/STM32F1xx_HAL_Driver/Src/stm32f1xx_hal_can.c ****         break;
 788:Drivers/STM32F1xx_HAL_Driver/Src/stm32f1xx_hal_can.c **** 
 789:Drivers/STM32F1xx_HAL_Driver/Src/stm32f1xx_hal_can.c ****       default :
 790:Drivers/STM32F1xx_HAL_Driver/Src/stm32f1xx_hal_can.c ****         /* Update the error code */
 791:Drivers/STM32F1xx_HAL_Driver/Src/stm32f1xx_hal_can.c ****         hcan->ErrorCode |= HAL_CAN_ERROR_INVALID_CALLBACK;
 792:Drivers/STM32F1xx_HAL_Driver/Src/stm32f1xx_hal_can.c **** 
 793:Drivers/STM32F1xx_HAL_Driver/Src/stm32f1xx_hal_can.c ****         /* Return error status */
 794:Drivers/STM32F1xx_HAL_Driver/Src/stm32f1xx_hal_can.c ****         status =  HAL_ERROR;
 795:Drivers/STM32F1xx_HAL_Driver/Src/stm32f1xx_hal_can.c ****         break;
 796:Drivers/STM32F1xx_HAL_Driver/Src/stm32f1xx_hal_can.c ****     }
 797:Drivers/STM32F1xx_HAL_Driver/Src/stm32f1xx_hal_can.c ****   }
 798:Drivers/STM32F1xx_HAL_Driver/Src/stm32f1xx_hal_can.c ****   else
ARM GAS  C:\Users\ride_pig\AppData\Local\Temp\ccAMFt1h.s 			page 23


 799:Drivers/STM32F1xx_HAL_Driver/Src/stm32f1xx_hal_can.c ****   {
 800:Drivers/STM32F1xx_HAL_Driver/Src/stm32f1xx_hal_can.c ****     /* Update the error code */
 801:Drivers/STM32F1xx_HAL_Driver/Src/stm32f1xx_hal_can.c ****     hcan->ErrorCode |= HAL_CAN_ERROR_INVALID_CALLBACK;
 802:Drivers/STM32F1xx_HAL_Driver/Src/stm32f1xx_hal_can.c **** 
 803:Drivers/STM32F1xx_HAL_Driver/Src/stm32f1xx_hal_can.c ****     /* Return error status */
 804:Drivers/STM32F1xx_HAL_Driver/Src/stm32f1xx_hal_can.c ****     status =  HAL_ERROR;
 805:Drivers/STM32F1xx_HAL_Driver/Src/stm32f1xx_hal_can.c ****   }
 806:Drivers/STM32F1xx_HAL_Driver/Src/stm32f1xx_hal_can.c **** 
 807:Drivers/STM32F1xx_HAL_Driver/Src/stm32f1xx_hal_can.c ****   return status;
 808:Drivers/STM32F1xx_HAL_Driver/Src/stm32f1xx_hal_can.c **** }
 809:Drivers/STM32F1xx_HAL_Driver/Src/stm32f1xx_hal_can.c **** #endif /* USE_HAL_CAN_REGISTER_CALLBACKS */
 810:Drivers/STM32F1xx_HAL_Driver/Src/stm32f1xx_hal_can.c **** 
 811:Drivers/STM32F1xx_HAL_Driver/Src/stm32f1xx_hal_can.c **** /**
 812:Drivers/STM32F1xx_HAL_Driver/Src/stm32f1xx_hal_can.c ****   * @}
 813:Drivers/STM32F1xx_HAL_Driver/Src/stm32f1xx_hal_can.c ****   */
 814:Drivers/STM32F1xx_HAL_Driver/Src/stm32f1xx_hal_can.c **** 
 815:Drivers/STM32F1xx_HAL_Driver/Src/stm32f1xx_hal_can.c **** /** @defgroup CAN_Exported_Functions_Group2 Configuration functions
 816:Drivers/STM32F1xx_HAL_Driver/Src/stm32f1xx_hal_can.c ****  *  @brief    Configuration functions.
 817:Drivers/STM32F1xx_HAL_Driver/Src/stm32f1xx_hal_can.c ****  *
 818:Drivers/STM32F1xx_HAL_Driver/Src/stm32f1xx_hal_can.c **** @verbatim
 819:Drivers/STM32F1xx_HAL_Driver/Src/stm32f1xx_hal_can.c ****   ==============================================================================
 820:Drivers/STM32F1xx_HAL_Driver/Src/stm32f1xx_hal_can.c ****               ##### Configuration functions #####
 821:Drivers/STM32F1xx_HAL_Driver/Src/stm32f1xx_hal_can.c ****   ==============================================================================
 822:Drivers/STM32F1xx_HAL_Driver/Src/stm32f1xx_hal_can.c ****     [..]  This section provides functions allowing to:
 823:Drivers/STM32F1xx_HAL_Driver/Src/stm32f1xx_hal_can.c ****       (+) HAL_CAN_ConfigFilter            : Configure the CAN reception filters
 824:Drivers/STM32F1xx_HAL_Driver/Src/stm32f1xx_hal_can.c **** 
 825:Drivers/STM32F1xx_HAL_Driver/Src/stm32f1xx_hal_can.c **** @endverbatim
 826:Drivers/STM32F1xx_HAL_Driver/Src/stm32f1xx_hal_can.c ****   * @{
 827:Drivers/STM32F1xx_HAL_Driver/Src/stm32f1xx_hal_can.c ****   */
 828:Drivers/STM32F1xx_HAL_Driver/Src/stm32f1xx_hal_can.c **** 
 829:Drivers/STM32F1xx_HAL_Driver/Src/stm32f1xx_hal_can.c **** /**
 830:Drivers/STM32F1xx_HAL_Driver/Src/stm32f1xx_hal_can.c ****   * @brief  Configures the CAN reception filter according to the specified
 831:Drivers/STM32F1xx_HAL_Driver/Src/stm32f1xx_hal_can.c ****   *         parameters in the CAN_FilterInitStruct.
 832:Drivers/STM32F1xx_HAL_Driver/Src/stm32f1xx_hal_can.c ****   * @param  hcan pointer to a CAN_HandleTypeDef structure that contains
 833:Drivers/STM32F1xx_HAL_Driver/Src/stm32f1xx_hal_can.c ****   *         the configuration information for the specified CAN.
 834:Drivers/STM32F1xx_HAL_Driver/Src/stm32f1xx_hal_can.c ****   * @param  sFilterConfig pointer to a CAN_FilterTypeDef structure that
 835:Drivers/STM32F1xx_HAL_Driver/Src/stm32f1xx_hal_can.c ****   *         contains the filter configuration information.
 836:Drivers/STM32F1xx_HAL_Driver/Src/stm32f1xx_hal_can.c ****   * @retval None
 837:Drivers/STM32F1xx_HAL_Driver/Src/stm32f1xx_hal_can.c ****   */
 838:Drivers/STM32F1xx_HAL_Driver/Src/stm32f1xx_hal_can.c **** HAL_StatusTypeDef HAL_CAN_ConfigFilter(CAN_HandleTypeDef *hcan, CAN_FilterTypeDef *sFilterConfig)
 839:Drivers/STM32F1xx_HAL_Driver/Src/stm32f1xx_hal_can.c **** {
 366              		.loc 1 839 1 is_stmt 1 view -0
 367              		.cfi_startproc
 368              		@ args = 0, pretend = 0, frame = 0
 369              		@ frame_needed = 0, uses_anonymous_args = 0
 840:Drivers/STM32F1xx_HAL_Driver/Src/stm32f1xx_hal_can.c ****   uint32_t filternbrbitpos;
 370              		.loc 1 840 3 view .LVU105
 841:Drivers/STM32F1xx_HAL_Driver/Src/stm32f1xx_hal_can.c ****   CAN_TypeDef *can_ip = hcan->Instance;
 371              		.loc 1 841 3 view .LVU106
 842:Drivers/STM32F1xx_HAL_Driver/Src/stm32f1xx_hal_can.c ****   HAL_CAN_StateTypeDef state = hcan->State;
 372              		.loc 1 842 3 view .LVU107
 373              		.loc 1 842 24 is_stmt 0 view .LVU108
 374 0000 90F82030 		ldrb	r3, [r0, #32]	@ zero_extendqisi2
 375              	.LVL16:
 843:Drivers/STM32F1xx_HAL_Driver/Src/stm32f1xx_hal_can.c **** 
 844:Drivers/STM32F1xx_HAL_Driver/Src/stm32f1xx_hal_can.c ****   if ((state == HAL_CAN_STATE_READY) ||
 376              		.loc 1 844 3 is_stmt 1 view .LVU109
ARM GAS  C:\Users\ride_pig\AppData\Local\Temp\ccAMFt1h.s 			page 24


 377              		.loc 1 844 38 is_stmt 0 view .LVU110
 378 0004 013B     		subs	r3, r3, #1
 379              	.LVL17:
 380              		.loc 1 844 38 view .LVU111
 381 0006 DBB2     		uxtb	r3, r3
 382              		.loc 1 844 6 view .LVU112
 383 0008 012B     		cmp	r3, #1
 384 000a 05D9     		bls	.L50
 845:Drivers/STM32F1xx_HAL_Driver/Src/stm32f1xx_hal_can.c ****       (state == HAL_CAN_STATE_LISTENING))
 846:Drivers/STM32F1xx_HAL_Driver/Src/stm32f1xx_hal_can.c ****   {
 847:Drivers/STM32F1xx_HAL_Driver/Src/stm32f1xx_hal_can.c ****     /* Check the parameters */
 848:Drivers/STM32F1xx_HAL_Driver/Src/stm32f1xx_hal_can.c ****     assert_param(IS_CAN_FILTER_ID_HALFWORD(sFilterConfig->FilterIdHigh));
 849:Drivers/STM32F1xx_HAL_Driver/Src/stm32f1xx_hal_can.c ****     assert_param(IS_CAN_FILTER_ID_HALFWORD(sFilterConfig->FilterIdLow));
 850:Drivers/STM32F1xx_HAL_Driver/Src/stm32f1xx_hal_can.c ****     assert_param(IS_CAN_FILTER_ID_HALFWORD(sFilterConfig->FilterMaskIdHigh));
 851:Drivers/STM32F1xx_HAL_Driver/Src/stm32f1xx_hal_can.c ****     assert_param(IS_CAN_FILTER_ID_HALFWORD(sFilterConfig->FilterMaskIdLow));
 852:Drivers/STM32F1xx_HAL_Driver/Src/stm32f1xx_hal_can.c ****     assert_param(IS_CAN_FILTER_MODE(sFilterConfig->FilterMode));
 853:Drivers/STM32F1xx_HAL_Driver/Src/stm32f1xx_hal_can.c ****     assert_param(IS_CAN_FILTER_SCALE(sFilterConfig->FilterScale));
 854:Drivers/STM32F1xx_HAL_Driver/Src/stm32f1xx_hal_can.c ****     assert_param(IS_CAN_FILTER_FIFO(sFilterConfig->FilterFIFOAssignment));
 855:Drivers/STM32F1xx_HAL_Driver/Src/stm32f1xx_hal_can.c ****     assert_param(IS_CAN_FILTER_ACTIVATION(sFilterConfig->FilterActivation));
 856:Drivers/STM32F1xx_HAL_Driver/Src/stm32f1xx_hal_can.c **** 
 857:Drivers/STM32F1xx_HAL_Driver/Src/stm32f1xx_hal_can.c **** #if   defined(CAN2)
 858:Drivers/STM32F1xx_HAL_Driver/Src/stm32f1xx_hal_can.c ****     /* CAN1 and CAN2 are dual instances with 28 common filters banks */
 859:Drivers/STM32F1xx_HAL_Driver/Src/stm32f1xx_hal_can.c ****     /* Select master instance to access the filter banks */
 860:Drivers/STM32F1xx_HAL_Driver/Src/stm32f1xx_hal_can.c ****     can_ip = CAN1;
 861:Drivers/STM32F1xx_HAL_Driver/Src/stm32f1xx_hal_can.c **** 
 862:Drivers/STM32F1xx_HAL_Driver/Src/stm32f1xx_hal_can.c ****     /* Check the parameters */
 863:Drivers/STM32F1xx_HAL_Driver/Src/stm32f1xx_hal_can.c ****     assert_param(IS_CAN_FILTER_BANK_DUAL(sFilterConfig->FilterBank));
 864:Drivers/STM32F1xx_HAL_Driver/Src/stm32f1xx_hal_can.c ****     assert_param(IS_CAN_FILTER_BANK_DUAL(sFilterConfig->SlaveStartFilterBank));
 865:Drivers/STM32F1xx_HAL_Driver/Src/stm32f1xx_hal_can.c **** #else
 866:Drivers/STM32F1xx_HAL_Driver/Src/stm32f1xx_hal_can.c ****     /* CAN1 is single instance with 14 dedicated filters banks */
 867:Drivers/STM32F1xx_HAL_Driver/Src/stm32f1xx_hal_can.c **** 
 868:Drivers/STM32F1xx_HAL_Driver/Src/stm32f1xx_hal_can.c ****     /* Check the parameters */
 869:Drivers/STM32F1xx_HAL_Driver/Src/stm32f1xx_hal_can.c ****     assert_param(IS_CAN_FILTER_BANK_SINGLE(sFilterConfig->FilterBank));
 870:Drivers/STM32F1xx_HAL_Driver/Src/stm32f1xx_hal_can.c **** #endif
 871:Drivers/STM32F1xx_HAL_Driver/Src/stm32f1xx_hal_can.c **** 
 872:Drivers/STM32F1xx_HAL_Driver/Src/stm32f1xx_hal_can.c ****     /* Initialisation mode for the filter */
 873:Drivers/STM32F1xx_HAL_Driver/Src/stm32f1xx_hal_can.c ****     SET_BIT(can_ip->FMR, CAN_FMR_FINIT);
 874:Drivers/STM32F1xx_HAL_Driver/Src/stm32f1xx_hal_can.c **** 
 875:Drivers/STM32F1xx_HAL_Driver/Src/stm32f1xx_hal_can.c **** #if   defined(CAN2)
 876:Drivers/STM32F1xx_HAL_Driver/Src/stm32f1xx_hal_can.c ****     /* Select the start filter number of CAN2 slave instance */
 877:Drivers/STM32F1xx_HAL_Driver/Src/stm32f1xx_hal_can.c ****     CLEAR_BIT(can_ip->FMR, CAN_FMR_CAN2SB);
 878:Drivers/STM32F1xx_HAL_Driver/Src/stm32f1xx_hal_can.c ****     SET_BIT(can_ip->FMR, sFilterConfig->SlaveStartFilterBank << CAN_FMR_CAN2SB_Pos);
 879:Drivers/STM32F1xx_HAL_Driver/Src/stm32f1xx_hal_can.c **** 
 880:Drivers/STM32F1xx_HAL_Driver/Src/stm32f1xx_hal_can.c **** #endif
 881:Drivers/STM32F1xx_HAL_Driver/Src/stm32f1xx_hal_can.c ****     /* Convert filter number into bit position */
 882:Drivers/STM32F1xx_HAL_Driver/Src/stm32f1xx_hal_can.c ****     filternbrbitpos = (uint32_t)1 << (sFilterConfig->FilterBank & 0x1FU);
 883:Drivers/STM32F1xx_HAL_Driver/Src/stm32f1xx_hal_can.c **** 
 884:Drivers/STM32F1xx_HAL_Driver/Src/stm32f1xx_hal_can.c ****     /* Filter Deactivation */
 885:Drivers/STM32F1xx_HAL_Driver/Src/stm32f1xx_hal_can.c ****     CLEAR_BIT(can_ip->FA1R, filternbrbitpos);
 886:Drivers/STM32F1xx_HAL_Driver/Src/stm32f1xx_hal_can.c **** 
 887:Drivers/STM32F1xx_HAL_Driver/Src/stm32f1xx_hal_can.c ****     /* Filter Scale */
 888:Drivers/STM32F1xx_HAL_Driver/Src/stm32f1xx_hal_can.c ****     if (sFilterConfig->FilterScale == CAN_FILTERSCALE_16BIT)
 889:Drivers/STM32F1xx_HAL_Driver/Src/stm32f1xx_hal_can.c ****     {
 890:Drivers/STM32F1xx_HAL_Driver/Src/stm32f1xx_hal_can.c ****       /* 16-bit scale for the filter */
 891:Drivers/STM32F1xx_HAL_Driver/Src/stm32f1xx_hal_can.c ****       CLEAR_BIT(can_ip->FS1R, filternbrbitpos);
 892:Drivers/STM32F1xx_HAL_Driver/Src/stm32f1xx_hal_can.c **** 
 893:Drivers/STM32F1xx_HAL_Driver/Src/stm32f1xx_hal_can.c ****       /* First 16-bit identifier and First 16-bit mask */
ARM GAS  C:\Users\ride_pig\AppData\Local\Temp\ccAMFt1h.s 			page 25


 894:Drivers/STM32F1xx_HAL_Driver/Src/stm32f1xx_hal_can.c ****       /* Or First 16-bit identifier and Second 16-bit identifier */
 895:Drivers/STM32F1xx_HAL_Driver/Src/stm32f1xx_hal_can.c ****       can_ip->sFilterRegister[sFilterConfig->FilterBank].FR1 =
 896:Drivers/STM32F1xx_HAL_Driver/Src/stm32f1xx_hal_can.c ****         ((0x0000FFFFU & (uint32_t)sFilterConfig->FilterMaskIdLow) << 16U) |
 897:Drivers/STM32F1xx_HAL_Driver/Src/stm32f1xx_hal_can.c ****         (0x0000FFFFU & (uint32_t)sFilterConfig->FilterIdLow);
 898:Drivers/STM32F1xx_HAL_Driver/Src/stm32f1xx_hal_can.c **** 
 899:Drivers/STM32F1xx_HAL_Driver/Src/stm32f1xx_hal_can.c ****       /* Second 16-bit identifier and Second 16-bit mask */
 900:Drivers/STM32F1xx_HAL_Driver/Src/stm32f1xx_hal_can.c ****       /* Or Third 16-bit identifier and Fourth 16-bit identifier */
 901:Drivers/STM32F1xx_HAL_Driver/Src/stm32f1xx_hal_can.c ****       can_ip->sFilterRegister[sFilterConfig->FilterBank].FR2 =
 902:Drivers/STM32F1xx_HAL_Driver/Src/stm32f1xx_hal_can.c ****         ((0x0000FFFFU & (uint32_t)sFilterConfig->FilterMaskIdHigh) << 16U) |
 903:Drivers/STM32F1xx_HAL_Driver/Src/stm32f1xx_hal_can.c ****         (0x0000FFFFU & (uint32_t)sFilterConfig->FilterIdHigh);
 904:Drivers/STM32F1xx_HAL_Driver/Src/stm32f1xx_hal_can.c ****     }
 905:Drivers/STM32F1xx_HAL_Driver/Src/stm32f1xx_hal_can.c **** 
 906:Drivers/STM32F1xx_HAL_Driver/Src/stm32f1xx_hal_can.c ****     if (sFilterConfig->FilterScale == CAN_FILTERSCALE_32BIT)
 907:Drivers/STM32F1xx_HAL_Driver/Src/stm32f1xx_hal_can.c ****     {
 908:Drivers/STM32F1xx_HAL_Driver/Src/stm32f1xx_hal_can.c ****       /* 32-bit scale for the filter */
 909:Drivers/STM32F1xx_HAL_Driver/Src/stm32f1xx_hal_can.c ****       SET_BIT(can_ip->FS1R, filternbrbitpos);
 910:Drivers/STM32F1xx_HAL_Driver/Src/stm32f1xx_hal_can.c **** 
 911:Drivers/STM32F1xx_HAL_Driver/Src/stm32f1xx_hal_can.c ****       /* 32-bit identifier or First 32-bit identifier */
 912:Drivers/STM32F1xx_HAL_Driver/Src/stm32f1xx_hal_can.c ****       can_ip->sFilterRegister[sFilterConfig->FilterBank].FR1 =
 913:Drivers/STM32F1xx_HAL_Driver/Src/stm32f1xx_hal_can.c ****         ((0x0000FFFFU & (uint32_t)sFilterConfig->FilterIdHigh) << 16U) |
 914:Drivers/STM32F1xx_HAL_Driver/Src/stm32f1xx_hal_can.c ****         (0x0000FFFFU & (uint32_t)sFilterConfig->FilterIdLow);
 915:Drivers/STM32F1xx_HAL_Driver/Src/stm32f1xx_hal_can.c **** 
 916:Drivers/STM32F1xx_HAL_Driver/Src/stm32f1xx_hal_can.c ****       /* 32-bit mask or Second 32-bit identifier */
 917:Drivers/STM32F1xx_HAL_Driver/Src/stm32f1xx_hal_can.c ****       can_ip->sFilterRegister[sFilterConfig->FilterBank].FR2 =
 918:Drivers/STM32F1xx_HAL_Driver/Src/stm32f1xx_hal_can.c ****         ((0x0000FFFFU & (uint32_t)sFilterConfig->FilterMaskIdHigh) << 16U) |
 919:Drivers/STM32F1xx_HAL_Driver/Src/stm32f1xx_hal_can.c ****         (0x0000FFFFU & (uint32_t)sFilterConfig->FilterMaskIdLow);
 920:Drivers/STM32F1xx_HAL_Driver/Src/stm32f1xx_hal_can.c ****     }
 921:Drivers/STM32F1xx_HAL_Driver/Src/stm32f1xx_hal_can.c **** 
 922:Drivers/STM32F1xx_HAL_Driver/Src/stm32f1xx_hal_can.c ****     /* Filter Mode */
 923:Drivers/STM32F1xx_HAL_Driver/Src/stm32f1xx_hal_can.c ****     if (sFilterConfig->FilterMode == CAN_FILTERMODE_IDMASK)
 924:Drivers/STM32F1xx_HAL_Driver/Src/stm32f1xx_hal_can.c ****     {
 925:Drivers/STM32F1xx_HAL_Driver/Src/stm32f1xx_hal_can.c ****       /* Id/Mask mode for the filter*/
 926:Drivers/STM32F1xx_HAL_Driver/Src/stm32f1xx_hal_can.c ****       CLEAR_BIT(can_ip->FM1R, filternbrbitpos);
 927:Drivers/STM32F1xx_HAL_Driver/Src/stm32f1xx_hal_can.c ****     }
 928:Drivers/STM32F1xx_HAL_Driver/Src/stm32f1xx_hal_can.c ****     else /* CAN_FilterInitStruct->CAN_FilterMode == CAN_FilterMode_IdList */
 929:Drivers/STM32F1xx_HAL_Driver/Src/stm32f1xx_hal_can.c ****     {
 930:Drivers/STM32F1xx_HAL_Driver/Src/stm32f1xx_hal_can.c ****       /* Identifier list mode for the filter*/
 931:Drivers/STM32F1xx_HAL_Driver/Src/stm32f1xx_hal_can.c ****       SET_BIT(can_ip->FM1R, filternbrbitpos);
 932:Drivers/STM32F1xx_HAL_Driver/Src/stm32f1xx_hal_can.c ****     }
 933:Drivers/STM32F1xx_HAL_Driver/Src/stm32f1xx_hal_can.c **** 
 934:Drivers/STM32F1xx_HAL_Driver/Src/stm32f1xx_hal_can.c ****     /* Filter FIFO assignment */
 935:Drivers/STM32F1xx_HAL_Driver/Src/stm32f1xx_hal_can.c ****     if (sFilterConfig->FilterFIFOAssignment == CAN_FILTER_FIFO0)
 936:Drivers/STM32F1xx_HAL_Driver/Src/stm32f1xx_hal_can.c ****     {
 937:Drivers/STM32F1xx_HAL_Driver/Src/stm32f1xx_hal_can.c ****       /* FIFO 0 assignation for the filter */
 938:Drivers/STM32F1xx_HAL_Driver/Src/stm32f1xx_hal_can.c ****       CLEAR_BIT(can_ip->FFA1R, filternbrbitpos);
 939:Drivers/STM32F1xx_HAL_Driver/Src/stm32f1xx_hal_can.c ****     }
 940:Drivers/STM32F1xx_HAL_Driver/Src/stm32f1xx_hal_can.c ****     else
 941:Drivers/STM32F1xx_HAL_Driver/Src/stm32f1xx_hal_can.c ****     {
 942:Drivers/STM32F1xx_HAL_Driver/Src/stm32f1xx_hal_can.c ****       /* FIFO 1 assignation for the filter */
 943:Drivers/STM32F1xx_HAL_Driver/Src/stm32f1xx_hal_can.c ****       SET_BIT(can_ip->FFA1R, filternbrbitpos);
 944:Drivers/STM32F1xx_HAL_Driver/Src/stm32f1xx_hal_can.c ****     }
 945:Drivers/STM32F1xx_HAL_Driver/Src/stm32f1xx_hal_can.c **** 
 946:Drivers/STM32F1xx_HAL_Driver/Src/stm32f1xx_hal_can.c ****     /* Filter activation */
 947:Drivers/STM32F1xx_HAL_Driver/Src/stm32f1xx_hal_can.c ****     if (sFilterConfig->FilterActivation == CAN_FILTER_ENABLE)
 948:Drivers/STM32F1xx_HAL_Driver/Src/stm32f1xx_hal_can.c ****     {
 949:Drivers/STM32F1xx_HAL_Driver/Src/stm32f1xx_hal_can.c ****       SET_BIT(can_ip->FA1R, filternbrbitpos);
 950:Drivers/STM32F1xx_HAL_Driver/Src/stm32f1xx_hal_can.c ****     }
ARM GAS  C:\Users\ride_pig\AppData\Local\Temp\ccAMFt1h.s 			page 26


 951:Drivers/STM32F1xx_HAL_Driver/Src/stm32f1xx_hal_can.c **** 
 952:Drivers/STM32F1xx_HAL_Driver/Src/stm32f1xx_hal_can.c ****     /* Leave the initialisation mode for the filter */
 953:Drivers/STM32F1xx_HAL_Driver/Src/stm32f1xx_hal_can.c ****     CLEAR_BIT(can_ip->FMR, CAN_FMR_FINIT);
 954:Drivers/STM32F1xx_HAL_Driver/Src/stm32f1xx_hal_can.c **** 
 955:Drivers/STM32F1xx_HAL_Driver/Src/stm32f1xx_hal_can.c ****     /* Return function status */
 956:Drivers/STM32F1xx_HAL_Driver/Src/stm32f1xx_hal_can.c ****     return HAL_OK;
 957:Drivers/STM32F1xx_HAL_Driver/Src/stm32f1xx_hal_can.c ****   }
 958:Drivers/STM32F1xx_HAL_Driver/Src/stm32f1xx_hal_can.c ****   else
 959:Drivers/STM32F1xx_HAL_Driver/Src/stm32f1xx_hal_can.c ****   {
 960:Drivers/STM32F1xx_HAL_Driver/Src/stm32f1xx_hal_can.c ****     /* Update error code */
 961:Drivers/STM32F1xx_HAL_Driver/Src/stm32f1xx_hal_can.c ****     hcan->ErrorCode |= HAL_CAN_ERROR_NOT_INITIALIZED;
 385              		.loc 1 961 5 is_stmt 1 view .LVU113
 386              		.loc 1 961 21 is_stmt 0 view .LVU114
 387 000c 436A     		ldr	r3, [r0, #36]
 388 000e 43F48023 		orr	r3, r3, #262144
 389 0012 4362     		str	r3, [r0, #36]
 962:Drivers/STM32F1xx_HAL_Driver/Src/stm32f1xx_hal_can.c **** 
 963:Drivers/STM32F1xx_HAL_Driver/Src/stm32f1xx_hal_can.c ****     return HAL_ERROR;
 390              		.loc 1 963 5 is_stmt 1 view .LVU115
 391              		.loc 1 963 12 is_stmt 0 view .LVU116
 392 0014 0120     		movs	r0, #1
 393              	.LVL18:
 964:Drivers/STM32F1xx_HAL_Driver/Src/stm32f1xx_hal_can.c ****   }
 965:Drivers/STM32F1xx_HAL_Driver/Src/stm32f1xx_hal_can.c **** }
 394              		.loc 1 965 1 view .LVU117
 395 0016 7047     		bx	lr
 396              	.LVL19:
 397              	.L50:
 839:Drivers/STM32F1xx_HAL_Driver/Src/stm32f1xx_hal_can.c ****   uint32_t filternbrbitpos;
 398              		.loc 1 839 1 view .LVU118
 399 0018 10B5     		push	{r4, lr}
 400              	.LCFI2:
 401              		.cfi_def_cfa_offset 8
 402              		.cfi_offset 4, -8
 403              		.cfi_offset 14, -4
 848:Drivers/STM32F1xx_HAL_Driver/Src/stm32f1xx_hal_can.c ****     assert_param(IS_CAN_FILTER_ID_HALFWORD(sFilterConfig->FilterIdLow));
 404              		.loc 1 848 5 is_stmt 1 view .LVU119
 849:Drivers/STM32F1xx_HAL_Driver/Src/stm32f1xx_hal_can.c ****     assert_param(IS_CAN_FILTER_ID_HALFWORD(sFilterConfig->FilterMaskIdHigh));
 405              		.loc 1 849 5 view .LVU120
 850:Drivers/STM32F1xx_HAL_Driver/Src/stm32f1xx_hal_can.c ****     assert_param(IS_CAN_FILTER_ID_HALFWORD(sFilterConfig->FilterMaskIdLow));
 406              		.loc 1 850 5 view .LVU121
 851:Drivers/STM32F1xx_HAL_Driver/Src/stm32f1xx_hal_can.c ****     assert_param(IS_CAN_FILTER_MODE(sFilterConfig->FilterMode));
 407              		.loc 1 851 5 view .LVU122
 852:Drivers/STM32F1xx_HAL_Driver/Src/stm32f1xx_hal_can.c ****     assert_param(IS_CAN_FILTER_SCALE(sFilterConfig->FilterScale));
 408              		.loc 1 852 5 view .LVU123
 853:Drivers/STM32F1xx_HAL_Driver/Src/stm32f1xx_hal_can.c ****     assert_param(IS_CAN_FILTER_FIFO(sFilterConfig->FilterFIFOAssignment));
 409              		.loc 1 853 5 view .LVU124
 854:Drivers/STM32F1xx_HAL_Driver/Src/stm32f1xx_hal_can.c ****     assert_param(IS_CAN_FILTER_ACTIVATION(sFilterConfig->FilterActivation));
 410              		.loc 1 854 5 view .LVU125
 855:Drivers/STM32F1xx_HAL_Driver/Src/stm32f1xx_hal_can.c **** 
 411              		.loc 1 855 5 view .LVU126
 860:Drivers/STM32F1xx_HAL_Driver/Src/stm32f1xx_hal_can.c **** 
 412              		.loc 1 860 5 view .LVU127
 413              	.LVL20:
 863:Drivers/STM32F1xx_HAL_Driver/Src/stm32f1xx_hal_can.c ****     assert_param(IS_CAN_FILTER_BANK_DUAL(sFilterConfig->SlaveStartFilterBank));
 414              		.loc 1 863 5 view .LVU128
 864:Drivers/STM32F1xx_HAL_Driver/Src/stm32f1xx_hal_can.c **** #else
ARM GAS  C:\Users\ride_pig\AppData\Local\Temp\ccAMFt1h.s 			page 27


 415              		.loc 1 864 5 view .LVU129
 873:Drivers/STM32F1xx_HAL_Driver/Src/stm32f1xx_hal_can.c **** 
 416              		.loc 1 873 5 view .LVU130
 417 001a 474B     		ldr	r3, .L53
 418 001c D3F80022 		ldr	r2, [r3, #512]
 419 0020 42F00102 		orr	r2, r2, #1
 420 0024 C3F80022 		str	r2, [r3, #512]
 877:Drivers/STM32F1xx_HAL_Driver/Src/stm32f1xx_hal_can.c ****     SET_BIT(can_ip->FMR, sFilterConfig->SlaveStartFilterBank << CAN_FMR_CAN2SB_Pos);
 421              		.loc 1 877 5 view .LVU131
 422 0028 D3F80022 		ldr	r2, [r3, #512]
 423 002c 22F47C52 		bic	r2, r2, #16128
 424 0030 C3F80022 		str	r2, [r3, #512]
 878:Drivers/STM32F1xx_HAL_Driver/Src/stm32f1xx_hal_can.c **** 
 425              		.loc 1 878 5 view .LVU132
 426 0034 D3F80022 		ldr	r2, [r3, #512]
 427 0038 486A     		ldr	r0, [r1, #36]
 428              	.LVL21:
 878:Drivers/STM32F1xx_HAL_Driver/Src/stm32f1xx_hal_can.c **** 
 429              		.loc 1 878 5 is_stmt 0 view .LVU133
 430 003a 42EA0022 		orr	r2, r2, r0, lsl #8
 431 003e C3F80022 		str	r2, [r3, #512]
 882:Drivers/STM32F1xx_HAL_Driver/Src/stm32f1xx_hal_can.c **** 
 432              		.loc 1 882 5 is_stmt 1 view .LVU134
 882:Drivers/STM32F1xx_HAL_Driver/Src/stm32f1xx_hal_can.c **** 
 433              		.loc 1 882 52 is_stmt 0 view .LVU135
 434 0042 4A69     		ldr	r2, [r1, #20]
 882:Drivers/STM32F1xx_HAL_Driver/Src/stm32f1xx_hal_can.c **** 
 435              		.loc 1 882 65 view .LVU136
 436 0044 02F01F02 		and	r2, r2, #31
 882:Drivers/STM32F1xx_HAL_Driver/Src/stm32f1xx_hal_can.c **** 
 437              		.loc 1 882 21 view .LVU137
 438 0048 0120     		movs	r0, #1
 439 004a 00FA02F2 		lsl	r2, r0, r2
 440              	.LVL22:
 885:Drivers/STM32F1xx_HAL_Driver/Src/stm32f1xx_hal_can.c **** 
 441              		.loc 1 885 5 is_stmt 1 view .LVU138
 442 004e D3F81C02 		ldr	r0, [r3, #540]
 443 0052 6FEA020C 		mvn	ip, r2
 444 0056 20EA0200 		bic	r0, r0, r2
 445 005a C3F81C02 		str	r0, [r3, #540]
 888:Drivers/STM32F1xx_HAL_Driver/Src/stm32f1xx_hal_can.c ****     {
 446              		.loc 1 888 5 view .LVU139
 888:Drivers/STM32F1xx_HAL_Driver/Src/stm32f1xx_hal_can.c ****     {
 447              		.loc 1 888 22 is_stmt 0 view .LVU140
 448 005e CB69     		ldr	r3, [r1, #28]
 888:Drivers/STM32F1xx_HAL_Driver/Src/stm32f1xx_hal_can.c ****     {
 449              		.loc 1 888 8 view .LVU141
 450 0060 CBB9     		cbnz	r3, .L38
 891:Drivers/STM32F1xx_HAL_Driver/Src/stm32f1xx_hal_can.c **** 
 451              		.loc 1 891 7 is_stmt 1 view .LVU142
 452 0062 354B     		ldr	r3, .L53
 453 0064 D3F80C02 		ldr	r0, [r3, #524]
 454 0068 0CEA0000 		and	r0, ip, r0
 455 006c C3F80C02 		str	r0, [r3, #524]
 895:Drivers/STM32F1xx_HAL_Driver/Src/stm32f1xx_hal_can.c ****         ((0x0000FFFFU & (uint32_t)sFilterConfig->FilterMaskIdLow) << 16U) |
 456              		.loc 1 895 7 view .LVU143
 897:Drivers/STM32F1xx_HAL_Driver/Src/stm32f1xx_hal_can.c **** 
ARM GAS  C:\Users\ride_pig\AppData\Local\Temp\ccAMFt1h.s 			page 28


 457              		.loc 1 897 22 is_stmt 0 view .LVU144
 458 0070 8C88     		ldrh	r4, [r1, #4]
 895:Drivers/STM32F1xx_HAL_Driver/Src/stm32f1xx_hal_can.c ****         ((0x0000FFFFU & (uint32_t)sFilterConfig->FilterMaskIdLow) << 16U) |
 459              		.loc 1 895 44 view .LVU145
 460 0072 4869     		ldr	r0, [r1, #20]
 896:Drivers/STM32F1xx_HAL_Driver/Src/stm32f1xx_hal_can.c ****         (0x0000FFFFU & (uint32_t)sFilterConfig->FilterIdLow);
 461              		.loc 1 896 75 view .LVU146
 462 0074 D1F80CE0 		ldr	lr, [r1, #12]
 463 0078 44EA0E44 		orr	r4, r4, lr, lsl #16
 895:Drivers/STM32F1xx_HAL_Driver/Src/stm32f1xx_hal_can.c ****         ((0x0000FFFFU & (uint32_t)sFilterConfig->FilterMaskIdLow) << 16U) |
 464              		.loc 1 895 62 view .LVU147
 465 007c 4830     		adds	r0, r0, #72
 466 007e 43F83040 		str	r4, [r3, r0, lsl #3]
 901:Drivers/STM32F1xx_HAL_Driver/Src/stm32f1xx_hal_can.c ****         ((0x0000FFFFU & (uint32_t)sFilterConfig->FilterMaskIdHigh) << 16U) |
 467              		.loc 1 901 7 is_stmt 1 view .LVU148
 902:Drivers/STM32F1xx_HAL_Driver/Src/stm32f1xx_hal_can.c ****         (0x0000FFFFU & (uint32_t)sFilterConfig->FilterIdHigh);
 468              		.loc 1 902 48 is_stmt 0 view .LVU149
 469 0082 8C68     		ldr	r4, [r1, #8]
 903:Drivers/STM32F1xx_HAL_Driver/Src/stm32f1xx_hal_can.c ****     }
 470              		.loc 1 903 22 view .LVU150
 471 0084 0888     		ldrh	r0, [r1]
 902:Drivers/STM32F1xx_HAL_Driver/Src/stm32f1xx_hal_can.c ****         (0x0000FFFFU & (uint32_t)sFilterConfig->FilterIdHigh);
 472              		.loc 1 902 76 view .LVU151
 473 0086 40EA0440 		orr	r0, r0, r4, lsl #16
 901:Drivers/STM32F1xx_HAL_Driver/Src/stm32f1xx_hal_can.c ****         ((0x0000FFFFU & (uint32_t)sFilterConfig->FilterMaskIdHigh) << 16U) |
 474              		.loc 1 901 62 view .LVU152
 475 008a 4C69     		ldr	r4, [r1, #20]
 476 008c 04F1480E 		add	lr, r4, #72
 477 0090 03EBCE03 		add	r3, r3, lr, lsl #3
 478 0094 5860     		str	r0, [r3, #4]
 479              	.L38:
 906:Drivers/STM32F1xx_HAL_Driver/Src/stm32f1xx_hal_can.c ****     {
 480              		.loc 1 906 5 is_stmt 1 view .LVU153
 906:Drivers/STM32F1xx_HAL_Driver/Src/stm32f1xx_hal_can.c ****     {
 481              		.loc 1 906 22 is_stmt 0 view .LVU154
 482 0096 CB69     		ldr	r3, [r1, #28]
 906:Drivers/STM32F1xx_HAL_Driver/Src/stm32f1xx_hal_can.c ****     {
 483              		.loc 1 906 8 view .LVU155
 484 0098 012B     		cmp	r3, #1
 485 009a 1ED0     		beq	.L51
 486              	.L39:
 923:Drivers/STM32F1xx_HAL_Driver/Src/stm32f1xx_hal_can.c ****     {
 487              		.loc 1 923 5 is_stmt 1 view .LVU156
 923:Drivers/STM32F1xx_HAL_Driver/Src/stm32f1xx_hal_can.c ****     {
 488              		.loc 1 923 22 is_stmt 0 view .LVU157
 489 009c 8B69     		ldr	r3, [r1, #24]
 923:Drivers/STM32F1xx_HAL_Driver/Src/stm32f1xx_hal_can.c ****     {
 490              		.loc 1 923 8 view .LVU158
 491 009e 002B     		cmp	r3, #0
 492 00a0 35D1     		bne	.L40
 926:Drivers/STM32F1xx_HAL_Driver/Src/stm32f1xx_hal_can.c ****     }
 493              		.loc 1 926 7 is_stmt 1 view .LVU159
 494 00a2 2548     		ldr	r0, .L53
 495 00a4 D0F80432 		ldr	r3, [r0, #516]
 496 00a8 0CEA0303 		and	r3, ip, r3
 497 00ac C0F80432 		str	r3, [r0, #516]
 498              	.L41:
ARM GAS  C:\Users\ride_pig\AppData\Local\Temp\ccAMFt1h.s 			page 29


 935:Drivers/STM32F1xx_HAL_Driver/Src/stm32f1xx_hal_can.c ****     {
 499              		.loc 1 935 5 view .LVU160
 935:Drivers/STM32F1xx_HAL_Driver/Src/stm32f1xx_hal_can.c ****     {
 500              		.loc 1 935 22 is_stmt 0 view .LVU161
 501 00b0 0B69     		ldr	r3, [r1, #16]
 935:Drivers/STM32F1xx_HAL_Driver/Src/stm32f1xx_hal_can.c ****     {
 502              		.loc 1 935 8 view .LVU162
 503 00b2 9BBB     		cbnz	r3, .L42
 938:Drivers/STM32F1xx_HAL_Driver/Src/stm32f1xx_hal_can.c ****     }
 504              		.loc 1 938 7 is_stmt 1 view .LVU163
 505 00b4 2048     		ldr	r0, .L53
 506 00b6 D0F81432 		ldr	r3, [r0, #532]
 507 00ba 0CEA0303 		and	r3, ip, r3
 508 00be C0F81432 		str	r3, [r0, #532]
 509              	.L43:
 947:Drivers/STM32F1xx_HAL_Driver/Src/stm32f1xx_hal_can.c ****     {
 510              		.loc 1 947 5 view .LVU164
 947:Drivers/STM32F1xx_HAL_Driver/Src/stm32f1xx_hal_can.c ****     {
 511              		.loc 1 947 22 is_stmt 0 view .LVU165
 512 00c2 0B6A     		ldr	r3, [r1, #32]
 947:Drivers/STM32F1xx_HAL_Driver/Src/stm32f1xx_hal_can.c ****     {
 513              		.loc 1 947 8 view .LVU166
 514 00c4 012B     		cmp	r3, #1
 515 00c6 30D0     		beq	.L52
 516              	.LVL23:
 517              	.L44:
 953:Drivers/STM32F1xx_HAL_Driver/Src/stm32f1xx_hal_can.c **** 
 518              		.loc 1 953 5 is_stmt 1 view .LVU167
 519 00c8 1B4A     		ldr	r2, .L53
 520              	.LVL24:
 953:Drivers/STM32F1xx_HAL_Driver/Src/stm32f1xx_hal_can.c **** 
 521              		.loc 1 953 5 is_stmt 0 view .LVU168
 522 00ca D2F80032 		ldr	r3, [r2, #512]
 523 00ce 23F00103 		bic	r3, r3, #1
 524 00d2 C2F80032 		str	r3, [r2, #512]
 956:Drivers/STM32F1xx_HAL_Driver/Src/stm32f1xx_hal_can.c ****   }
 525              		.loc 1 956 5 is_stmt 1 view .LVU169
 956:Drivers/STM32F1xx_HAL_Driver/Src/stm32f1xx_hal_can.c ****   }
 526              		.loc 1 956 12 is_stmt 0 view .LVU170
 527 00d6 0020     		movs	r0, #0
 528              		.loc 1 965 1 view .LVU171
 529 00d8 10BD     		pop	{r4, pc}
 530              	.LVL25:
 531              	.L51:
 909:Drivers/STM32F1xx_HAL_Driver/Src/stm32f1xx_hal_can.c **** 
 532              		.loc 1 909 7 is_stmt 1 view .LVU172
 533 00da 174B     		ldr	r3, .L53
 534 00dc D3F80C02 		ldr	r0, [r3, #524]
 535 00e0 1043     		orrs	r0, r0, r2
 536 00e2 C3F80C02 		str	r0, [r3, #524]
 912:Drivers/STM32F1xx_HAL_Driver/Src/stm32f1xx_hal_can.c ****         ((0x0000FFFFU & (uint32_t)sFilterConfig->FilterIdHigh) << 16U) |
 537              		.loc 1 912 7 view .LVU173
 914:Drivers/STM32F1xx_HAL_Driver/Src/stm32f1xx_hal_can.c **** 
 538              		.loc 1 914 22 is_stmt 0 view .LVU174
 539 00e6 8C88     		ldrh	r4, [r1, #4]
 912:Drivers/STM32F1xx_HAL_Driver/Src/stm32f1xx_hal_can.c ****         ((0x0000FFFFU & (uint32_t)sFilterConfig->FilterIdHigh) << 16U) |
 540              		.loc 1 912 44 view .LVU175
ARM GAS  C:\Users\ride_pig\AppData\Local\Temp\ccAMFt1h.s 			page 30


 541 00e8 4869     		ldr	r0, [r1, #20]
 913:Drivers/STM32F1xx_HAL_Driver/Src/stm32f1xx_hal_can.c ****         (0x0000FFFFU & (uint32_t)sFilterConfig->FilterIdLow);
 542              		.loc 1 913 72 view .LVU176
 543 00ea D1F800E0 		ldr	lr, [r1]
 544 00ee 44EA0E44 		orr	r4, r4, lr, lsl #16
 912:Drivers/STM32F1xx_HAL_Driver/Src/stm32f1xx_hal_can.c ****         ((0x0000FFFFU & (uint32_t)sFilterConfig->FilterIdHigh) << 16U) |
 545              		.loc 1 912 62 view .LVU177
 546 00f2 4830     		adds	r0, r0, #72
 547 00f4 43F83040 		str	r4, [r3, r0, lsl #3]
 917:Drivers/STM32F1xx_HAL_Driver/Src/stm32f1xx_hal_can.c ****         ((0x0000FFFFU & (uint32_t)sFilterConfig->FilterMaskIdHigh) << 16U) |
 548              		.loc 1 917 7 is_stmt 1 view .LVU178
 919:Drivers/STM32F1xx_HAL_Driver/Src/stm32f1xx_hal_can.c ****     }
 549              		.loc 1 919 22 is_stmt 0 view .LVU179
 550 00f8 8889     		ldrh	r0, [r1, #12]
 917:Drivers/STM32F1xx_HAL_Driver/Src/stm32f1xx_hal_can.c ****         ((0x0000FFFFU & (uint32_t)sFilterConfig->FilterMaskIdHigh) << 16U) |
 551              		.loc 1 917 44 view .LVU180
 552 00fa 4C69     		ldr	r4, [r1, #20]
 918:Drivers/STM32F1xx_HAL_Driver/Src/stm32f1xx_hal_can.c ****         (0x0000FFFFU & (uint32_t)sFilterConfig->FilterMaskIdLow);
 553              		.loc 1 918 76 view .LVU181
 554 00fc D1F808E0 		ldr	lr, [r1, #8]
 555 0100 40EA0E40 		orr	r0, r0, lr, lsl #16
 917:Drivers/STM32F1xx_HAL_Driver/Src/stm32f1xx_hal_can.c ****         ((0x0000FFFFU & (uint32_t)sFilterConfig->FilterMaskIdHigh) << 16U) |
 556              		.loc 1 917 62 view .LVU182
 557 0104 4834     		adds	r4, r4, #72
 558 0106 03EBC403 		add	r3, r3, r4, lsl #3
 559 010a 5860     		str	r0, [r3, #4]
 560 010c C6E7     		b	.L39
 561              	.L40:
 931:Drivers/STM32F1xx_HAL_Driver/Src/stm32f1xx_hal_can.c ****     }
 562              		.loc 1 931 7 is_stmt 1 view .LVU183
 563 010e 0A48     		ldr	r0, .L53
 564 0110 D0F80432 		ldr	r3, [r0, #516]
 565 0114 1343     		orrs	r3, r3, r2
 566 0116 C0F80432 		str	r3, [r0, #516]
 567 011a C9E7     		b	.L41
 568              	.L42:
 943:Drivers/STM32F1xx_HAL_Driver/Src/stm32f1xx_hal_can.c ****     }
 569              		.loc 1 943 7 view .LVU184
 570 011c 0648     		ldr	r0, .L53
 571 011e D0F81432 		ldr	r3, [r0, #532]
 572 0122 1343     		orrs	r3, r3, r2
 573 0124 C0F81432 		str	r3, [r0, #532]
 574 0128 CBE7     		b	.L43
 575              	.L52:
 949:Drivers/STM32F1xx_HAL_Driver/Src/stm32f1xx_hal_can.c ****     }
 576              		.loc 1 949 7 view .LVU185
 577 012a 0349     		ldr	r1, .L53
 578              	.LVL26:
 949:Drivers/STM32F1xx_HAL_Driver/Src/stm32f1xx_hal_can.c ****     }
 579              		.loc 1 949 7 is_stmt 0 view .LVU186
 580 012c D1F81C32 		ldr	r3, [r1, #540]
 581 0130 1343     		orrs	r3, r3, r2
 582 0132 C1F81C32 		str	r3, [r1, #540]
 583 0136 C7E7     		b	.L44
 584              	.L54:
 585              		.align	2
 586              	.L53:
ARM GAS  C:\Users\ride_pig\AppData\Local\Temp\ccAMFt1h.s 			page 31


 587 0138 00640040 		.word	1073767424
 588              		.cfi_endproc
 589              	.LFE69:
 591              		.section	.text.HAL_CAN_Start,"ax",%progbits
 592              		.align	1
 593              		.global	HAL_CAN_Start
 594              		.syntax unified
 595              		.thumb
 596              		.thumb_func
 598              	HAL_CAN_Start:
 599              	.LVL27:
 600              	.LFB70:
 966:Drivers/STM32F1xx_HAL_Driver/Src/stm32f1xx_hal_can.c **** 
 967:Drivers/STM32F1xx_HAL_Driver/Src/stm32f1xx_hal_can.c **** /**
 968:Drivers/STM32F1xx_HAL_Driver/Src/stm32f1xx_hal_can.c ****   * @}
 969:Drivers/STM32F1xx_HAL_Driver/Src/stm32f1xx_hal_can.c ****   */
 970:Drivers/STM32F1xx_HAL_Driver/Src/stm32f1xx_hal_can.c **** 
 971:Drivers/STM32F1xx_HAL_Driver/Src/stm32f1xx_hal_can.c **** /** @defgroup CAN_Exported_Functions_Group3 Control functions
 972:Drivers/STM32F1xx_HAL_Driver/Src/stm32f1xx_hal_can.c ****  *  @brief    Control functions
 973:Drivers/STM32F1xx_HAL_Driver/Src/stm32f1xx_hal_can.c ****  *
 974:Drivers/STM32F1xx_HAL_Driver/Src/stm32f1xx_hal_can.c **** @verbatim
 975:Drivers/STM32F1xx_HAL_Driver/Src/stm32f1xx_hal_can.c ****   ==============================================================================
 976:Drivers/STM32F1xx_HAL_Driver/Src/stm32f1xx_hal_can.c ****                       ##### Control functions #####
 977:Drivers/STM32F1xx_HAL_Driver/Src/stm32f1xx_hal_can.c ****   ==============================================================================
 978:Drivers/STM32F1xx_HAL_Driver/Src/stm32f1xx_hal_can.c ****     [..]  This section provides functions allowing to:
 979:Drivers/STM32F1xx_HAL_Driver/Src/stm32f1xx_hal_can.c ****       (+) HAL_CAN_Start                    : Start the CAN module
 980:Drivers/STM32F1xx_HAL_Driver/Src/stm32f1xx_hal_can.c ****       (+) HAL_CAN_Stop                     : Stop the CAN module
 981:Drivers/STM32F1xx_HAL_Driver/Src/stm32f1xx_hal_can.c ****       (+) HAL_CAN_RequestSleep             : Request sleep mode entry.
 982:Drivers/STM32F1xx_HAL_Driver/Src/stm32f1xx_hal_can.c ****       (+) HAL_CAN_WakeUp                   : Wake up from sleep mode.
 983:Drivers/STM32F1xx_HAL_Driver/Src/stm32f1xx_hal_can.c ****       (+) HAL_CAN_IsSleepActive            : Check is sleep mode is active.
 984:Drivers/STM32F1xx_HAL_Driver/Src/stm32f1xx_hal_can.c ****       (+) HAL_CAN_AddTxMessage             : Add a message to the Tx mailboxes
 985:Drivers/STM32F1xx_HAL_Driver/Src/stm32f1xx_hal_can.c ****                                              and activate the corresponding
 986:Drivers/STM32F1xx_HAL_Driver/Src/stm32f1xx_hal_can.c ****                                              transmission request
 987:Drivers/STM32F1xx_HAL_Driver/Src/stm32f1xx_hal_can.c ****       (+) HAL_CAN_AbortTxRequest           : Abort transmission request
 988:Drivers/STM32F1xx_HAL_Driver/Src/stm32f1xx_hal_can.c ****       (+) HAL_CAN_GetTxMailboxesFreeLevel  : Return Tx mailboxes free level
 989:Drivers/STM32F1xx_HAL_Driver/Src/stm32f1xx_hal_can.c ****       (+) HAL_CAN_IsTxMessagePending       : Check if a transmission request is
 990:Drivers/STM32F1xx_HAL_Driver/Src/stm32f1xx_hal_can.c ****                                              pending on the selected Tx mailbox
 991:Drivers/STM32F1xx_HAL_Driver/Src/stm32f1xx_hal_can.c ****       (+) HAL_CAN_GetRxMessage             : Get a CAN frame from the Rx FIFO
 992:Drivers/STM32F1xx_HAL_Driver/Src/stm32f1xx_hal_can.c ****       (+) HAL_CAN_GetRxFifoFillLevel       : Return Rx FIFO fill level
 993:Drivers/STM32F1xx_HAL_Driver/Src/stm32f1xx_hal_can.c **** 
 994:Drivers/STM32F1xx_HAL_Driver/Src/stm32f1xx_hal_can.c **** @endverbatim
 995:Drivers/STM32F1xx_HAL_Driver/Src/stm32f1xx_hal_can.c ****   * @{
 996:Drivers/STM32F1xx_HAL_Driver/Src/stm32f1xx_hal_can.c ****   */
 997:Drivers/STM32F1xx_HAL_Driver/Src/stm32f1xx_hal_can.c **** 
 998:Drivers/STM32F1xx_HAL_Driver/Src/stm32f1xx_hal_can.c **** /**
 999:Drivers/STM32F1xx_HAL_Driver/Src/stm32f1xx_hal_can.c ****   * @brief  Start the CAN module.
1000:Drivers/STM32F1xx_HAL_Driver/Src/stm32f1xx_hal_can.c ****   * @param  hcan pointer to an CAN_HandleTypeDef structure that contains
1001:Drivers/STM32F1xx_HAL_Driver/Src/stm32f1xx_hal_can.c ****   *         the configuration information for the specified CAN.
1002:Drivers/STM32F1xx_HAL_Driver/Src/stm32f1xx_hal_can.c ****   * @retval HAL status
1003:Drivers/STM32F1xx_HAL_Driver/Src/stm32f1xx_hal_can.c ****   */
1004:Drivers/STM32F1xx_HAL_Driver/Src/stm32f1xx_hal_can.c **** HAL_StatusTypeDef HAL_CAN_Start(CAN_HandleTypeDef *hcan)
1005:Drivers/STM32F1xx_HAL_Driver/Src/stm32f1xx_hal_can.c **** {
 601              		.loc 1 1005 1 is_stmt 1 view -0
 602              		.cfi_startproc
 603              		@ args = 0, pretend = 0, frame = 0
 604              		@ frame_needed = 0, uses_anonymous_args = 0
 605              		.loc 1 1005 1 is_stmt 0 view .LVU188
ARM GAS  C:\Users\ride_pig\AppData\Local\Temp\ccAMFt1h.s 			page 32


 606 0000 70B5     		push	{r4, r5, r6, lr}
 607              	.LCFI3:
 608              		.cfi_def_cfa_offset 16
 609              		.cfi_offset 4, -16
 610              		.cfi_offset 5, -12
 611              		.cfi_offset 6, -8
 612              		.cfi_offset 14, -4
 613 0002 0446     		mov	r4, r0
1006:Drivers/STM32F1xx_HAL_Driver/Src/stm32f1xx_hal_can.c ****   uint32_t tickstart;
 614              		.loc 1 1006 3 is_stmt 1 view .LVU189
1007:Drivers/STM32F1xx_HAL_Driver/Src/stm32f1xx_hal_can.c **** 
1008:Drivers/STM32F1xx_HAL_Driver/Src/stm32f1xx_hal_can.c ****   if (hcan->State == HAL_CAN_STATE_READY)
 615              		.loc 1 1008 3 view .LVU190
 616              		.loc 1 1008 11 is_stmt 0 view .LVU191
 617 0004 90F82050 		ldrb	r5, [r0, #32]	@ zero_extendqisi2
 618 0008 EDB2     		uxtb	r5, r5
 619              		.loc 1 1008 6 view .LVU192
 620 000a 012D     		cmp	r5, #1
 621 000c 06D0     		beq	.L61
1009:Drivers/STM32F1xx_HAL_Driver/Src/stm32f1xx_hal_can.c ****   {
1010:Drivers/STM32F1xx_HAL_Driver/Src/stm32f1xx_hal_can.c ****     /* Change CAN peripheral state */
1011:Drivers/STM32F1xx_HAL_Driver/Src/stm32f1xx_hal_can.c ****     hcan->State = HAL_CAN_STATE_LISTENING;
1012:Drivers/STM32F1xx_HAL_Driver/Src/stm32f1xx_hal_can.c **** 
1013:Drivers/STM32F1xx_HAL_Driver/Src/stm32f1xx_hal_can.c ****     /* Request leave initialisation */
1014:Drivers/STM32F1xx_HAL_Driver/Src/stm32f1xx_hal_can.c ****     CLEAR_BIT(hcan->Instance->MCR, CAN_MCR_INRQ);
1015:Drivers/STM32F1xx_HAL_Driver/Src/stm32f1xx_hal_can.c **** 
1016:Drivers/STM32F1xx_HAL_Driver/Src/stm32f1xx_hal_can.c ****     /* Get tick */
1017:Drivers/STM32F1xx_HAL_Driver/Src/stm32f1xx_hal_can.c ****     tickstart = HAL_GetTick();
1018:Drivers/STM32F1xx_HAL_Driver/Src/stm32f1xx_hal_can.c **** 
1019:Drivers/STM32F1xx_HAL_Driver/Src/stm32f1xx_hal_can.c ****     /* Wait the acknowledge */
1020:Drivers/STM32F1xx_HAL_Driver/Src/stm32f1xx_hal_can.c ****     while ((hcan->Instance->MSR & CAN_MSR_INAK) != 0U)
1021:Drivers/STM32F1xx_HAL_Driver/Src/stm32f1xx_hal_can.c ****     {
1022:Drivers/STM32F1xx_HAL_Driver/Src/stm32f1xx_hal_can.c ****       /* Check for the Timeout */
1023:Drivers/STM32F1xx_HAL_Driver/Src/stm32f1xx_hal_can.c ****       if ((HAL_GetTick() - tickstart) > CAN_TIMEOUT_VALUE)
1024:Drivers/STM32F1xx_HAL_Driver/Src/stm32f1xx_hal_can.c ****       {
1025:Drivers/STM32F1xx_HAL_Driver/Src/stm32f1xx_hal_can.c ****         /* Update error code */
1026:Drivers/STM32F1xx_HAL_Driver/Src/stm32f1xx_hal_can.c ****         hcan->ErrorCode |= HAL_CAN_ERROR_TIMEOUT;
1027:Drivers/STM32F1xx_HAL_Driver/Src/stm32f1xx_hal_can.c **** 
1028:Drivers/STM32F1xx_HAL_Driver/Src/stm32f1xx_hal_can.c ****         /* Change CAN state */
1029:Drivers/STM32F1xx_HAL_Driver/Src/stm32f1xx_hal_can.c ****         hcan->State = HAL_CAN_STATE_ERROR;
1030:Drivers/STM32F1xx_HAL_Driver/Src/stm32f1xx_hal_can.c **** 
1031:Drivers/STM32F1xx_HAL_Driver/Src/stm32f1xx_hal_can.c ****         return HAL_ERROR;
1032:Drivers/STM32F1xx_HAL_Driver/Src/stm32f1xx_hal_can.c ****       }
1033:Drivers/STM32F1xx_HAL_Driver/Src/stm32f1xx_hal_can.c ****     }
1034:Drivers/STM32F1xx_HAL_Driver/Src/stm32f1xx_hal_can.c **** 
1035:Drivers/STM32F1xx_HAL_Driver/Src/stm32f1xx_hal_can.c ****     /* Reset the CAN ErrorCode */
1036:Drivers/STM32F1xx_HAL_Driver/Src/stm32f1xx_hal_can.c ****     hcan->ErrorCode = HAL_CAN_ERROR_NONE;
1037:Drivers/STM32F1xx_HAL_Driver/Src/stm32f1xx_hal_can.c **** 
1038:Drivers/STM32F1xx_HAL_Driver/Src/stm32f1xx_hal_can.c ****     /* Return function status */
1039:Drivers/STM32F1xx_HAL_Driver/Src/stm32f1xx_hal_can.c ****     return HAL_OK;
1040:Drivers/STM32F1xx_HAL_Driver/Src/stm32f1xx_hal_can.c ****   }
1041:Drivers/STM32F1xx_HAL_Driver/Src/stm32f1xx_hal_can.c ****   else
1042:Drivers/STM32F1xx_HAL_Driver/Src/stm32f1xx_hal_can.c ****   {
1043:Drivers/STM32F1xx_HAL_Driver/Src/stm32f1xx_hal_can.c ****     /* Update error code */
1044:Drivers/STM32F1xx_HAL_Driver/Src/stm32f1xx_hal_can.c ****     hcan->ErrorCode |= HAL_CAN_ERROR_NOT_READY;
 622              		.loc 1 1044 5 is_stmt 1 view .LVU193
 623              		.loc 1 1044 21 is_stmt 0 view .LVU194
ARM GAS  C:\Users\ride_pig\AppData\Local\Temp\ccAMFt1h.s 			page 33


 624 000e 436A     		ldr	r3, [r0, #36]
 625 0010 43F40023 		orr	r3, r3, #524288
 626 0014 4362     		str	r3, [r0, #36]
1045:Drivers/STM32F1xx_HAL_Driver/Src/stm32f1xx_hal_can.c **** 
1046:Drivers/STM32F1xx_HAL_Driver/Src/stm32f1xx_hal_can.c ****     return HAL_ERROR;
 627              		.loc 1 1046 5 is_stmt 1 view .LVU195
 628              		.loc 1 1046 12 is_stmt 0 view .LVU196
 629 0016 0125     		movs	r5, #1
 630              	.LVL28:
 631              	.L58:
1047:Drivers/STM32F1xx_HAL_Driver/Src/stm32f1xx_hal_can.c ****   }
1048:Drivers/STM32F1xx_HAL_Driver/Src/stm32f1xx_hal_can.c **** }
 632              		.loc 1 1048 1 view .LVU197
 633 0018 2846     		mov	r0, r5
 634 001a 70BD     		pop	{r4, r5, r6, pc}
 635              	.LVL29:
 636              	.L61:
1011:Drivers/STM32F1xx_HAL_Driver/Src/stm32f1xx_hal_can.c **** 
 637              		.loc 1 1011 5 is_stmt 1 view .LVU198
1011:Drivers/STM32F1xx_HAL_Driver/Src/stm32f1xx_hal_can.c **** 
 638              		.loc 1 1011 17 is_stmt 0 view .LVU199
 639 001c 0223     		movs	r3, #2
 640 001e 80F82030 		strb	r3, [r0, #32]
1014:Drivers/STM32F1xx_HAL_Driver/Src/stm32f1xx_hal_can.c **** 
 641              		.loc 1 1014 5 is_stmt 1 view .LVU200
 642 0022 0268     		ldr	r2, [r0]
 643 0024 1368     		ldr	r3, [r2]
 644 0026 23F00103 		bic	r3, r3, #1
 645 002a 1360     		str	r3, [r2]
1017:Drivers/STM32F1xx_HAL_Driver/Src/stm32f1xx_hal_can.c **** 
 646              		.loc 1 1017 5 view .LVU201
1017:Drivers/STM32F1xx_HAL_Driver/Src/stm32f1xx_hal_can.c **** 
 647              		.loc 1 1017 17 is_stmt 0 view .LVU202
 648 002c FFF7FEFF 		bl	HAL_GetTick
 649              	.LVL30:
1017:Drivers/STM32F1xx_HAL_Driver/Src/stm32f1xx_hal_can.c **** 
 650              		.loc 1 1017 17 view .LVU203
 651 0030 0646     		mov	r6, r0
 652              	.LVL31:
1020:Drivers/STM32F1xx_HAL_Driver/Src/stm32f1xx_hal_can.c ****     {
 653              		.loc 1 1020 5 is_stmt 1 view .LVU204
 654              	.L57:
1020:Drivers/STM32F1xx_HAL_Driver/Src/stm32f1xx_hal_can.c ****     {
 655              		.loc 1 1020 49 view .LVU205
1020:Drivers/STM32F1xx_HAL_Driver/Src/stm32f1xx_hal_can.c ****     {
 656              		.loc 1 1020 17 is_stmt 0 view .LVU206
 657 0032 2368     		ldr	r3, [r4]
1020:Drivers/STM32F1xx_HAL_Driver/Src/stm32f1xx_hal_can.c ****     {
 658              		.loc 1 1020 27 view .LVU207
 659 0034 5B68     		ldr	r3, [r3, #4]
1020:Drivers/STM32F1xx_HAL_Driver/Src/stm32f1xx_hal_can.c ****     {
 660              		.loc 1 1020 49 view .LVU208
 661 0036 13F0010F 		tst	r3, #1
 662 003a 0CD0     		beq	.L62
1023:Drivers/STM32F1xx_HAL_Driver/Src/stm32f1xx_hal_can.c ****       {
 663              		.loc 1 1023 7 is_stmt 1 view .LVU209
1023:Drivers/STM32F1xx_HAL_Driver/Src/stm32f1xx_hal_can.c ****       {
ARM GAS  C:\Users\ride_pig\AppData\Local\Temp\ccAMFt1h.s 			page 34


 664              		.loc 1 1023 12 is_stmt 0 view .LVU210
 665 003c FFF7FEFF 		bl	HAL_GetTick
 666              	.LVL32:
1023:Drivers/STM32F1xx_HAL_Driver/Src/stm32f1xx_hal_can.c ****       {
 667              		.loc 1 1023 26 view .LVU211
 668 0040 831B     		subs	r3, r0, r6
1023:Drivers/STM32F1xx_HAL_Driver/Src/stm32f1xx_hal_can.c ****       {
 669              		.loc 1 1023 10 view .LVU212
 670 0042 0A2B     		cmp	r3, #10
 671 0044 F5D9     		bls	.L57
1026:Drivers/STM32F1xx_HAL_Driver/Src/stm32f1xx_hal_can.c **** 
 672              		.loc 1 1026 9 is_stmt 1 view .LVU213
1026:Drivers/STM32F1xx_HAL_Driver/Src/stm32f1xx_hal_can.c **** 
 673              		.loc 1 1026 25 is_stmt 0 view .LVU214
 674 0046 636A     		ldr	r3, [r4, #36]
 675 0048 43F40033 		orr	r3, r3, #131072
 676 004c 6362     		str	r3, [r4, #36]
1029:Drivers/STM32F1xx_HAL_Driver/Src/stm32f1xx_hal_can.c **** 
 677              		.loc 1 1029 9 is_stmt 1 view .LVU215
1029:Drivers/STM32F1xx_HAL_Driver/Src/stm32f1xx_hal_can.c **** 
 678              		.loc 1 1029 21 is_stmt 0 view .LVU216
 679 004e 0523     		movs	r3, #5
 680 0050 84F82030 		strb	r3, [r4, #32]
1031:Drivers/STM32F1xx_HAL_Driver/Src/stm32f1xx_hal_can.c ****       }
 681              		.loc 1 1031 9 is_stmt 1 view .LVU217
1031:Drivers/STM32F1xx_HAL_Driver/Src/stm32f1xx_hal_can.c ****       }
 682              		.loc 1 1031 16 is_stmt 0 view .LVU218
 683 0054 E0E7     		b	.L58
 684              	.L62:
1036:Drivers/STM32F1xx_HAL_Driver/Src/stm32f1xx_hal_can.c **** 
 685              		.loc 1 1036 5 is_stmt 1 view .LVU219
1036:Drivers/STM32F1xx_HAL_Driver/Src/stm32f1xx_hal_can.c **** 
 686              		.loc 1 1036 21 is_stmt 0 view .LVU220
 687 0056 0025     		movs	r5, #0
 688 0058 6562     		str	r5, [r4, #36]
1039:Drivers/STM32F1xx_HAL_Driver/Src/stm32f1xx_hal_can.c ****   }
 689              		.loc 1 1039 5 is_stmt 1 view .LVU221
1039:Drivers/STM32F1xx_HAL_Driver/Src/stm32f1xx_hal_can.c ****   }
 690              		.loc 1 1039 12 is_stmt 0 view .LVU222
 691 005a DDE7     		b	.L58
 692              		.cfi_endproc
 693              	.LFE70:
 695              		.section	.text.HAL_CAN_Stop,"ax",%progbits
 696              		.align	1
 697              		.global	HAL_CAN_Stop
 698              		.syntax unified
 699              		.thumb
 700              		.thumb_func
 702              	HAL_CAN_Stop:
 703              	.LVL33:
 704              	.LFB71:
1049:Drivers/STM32F1xx_HAL_Driver/Src/stm32f1xx_hal_can.c **** 
1050:Drivers/STM32F1xx_HAL_Driver/Src/stm32f1xx_hal_can.c **** /**
1051:Drivers/STM32F1xx_HAL_Driver/Src/stm32f1xx_hal_can.c ****   * @brief  Stop the CAN module and enable access to configuration registers.
1052:Drivers/STM32F1xx_HAL_Driver/Src/stm32f1xx_hal_can.c ****   * @param  hcan pointer to an CAN_HandleTypeDef structure that contains
1053:Drivers/STM32F1xx_HAL_Driver/Src/stm32f1xx_hal_can.c ****   *         the configuration information for the specified CAN.
1054:Drivers/STM32F1xx_HAL_Driver/Src/stm32f1xx_hal_can.c ****   * @retval HAL status
ARM GAS  C:\Users\ride_pig\AppData\Local\Temp\ccAMFt1h.s 			page 35


1055:Drivers/STM32F1xx_HAL_Driver/Src/stm32f1xx_hal_can.c ****   */
1056:Drivers/STM32F1xx_HAL_Driver/Src/stm32f1xx_hal_can.c **** HAL_StatusTypeDef HAL_CAN_Stop(CAN_HandleTypeDef *hcan)
1057:Drivers/STM32F1xx_HAL_Driver/Src/stm32f1xx_hal_can.c **** {
 705              		.loc 1 1057 1 is_stmt 1 view -0
 706              		.cfi_startproc
 707              		@ args = 0, pretend = 0, frame = 0
 708              		@ frame_needed = 0, uses_anonymous_args = 0
 709              		.loc 1 1057 1 is_stmt 0 view .LVU224
 710 0000 38B5     		push	{r3, r4, r5, lr}
 711              	.LCFI4:
 712              		.cfi_def_cfa_offset 16
 713              		.cfi_offset 3, -16
 714              		.cfi_offset 4, -12
 715              		.cfi_offset 5, -8
 716              		.cfi_offset 14, -4
 717 0002 0446     		mov	r4, r0
1058:Drivers/STM32F1xx_HAL_Driver/Src/stm32f1xx_hal_can.c ****   uint32_t tickstart;
 718              		.loc 1 1058 3 is_stmt 1 view .LVU225
1059:Drivers/STM32F1xx_HAL_Driver/Src/stm32f1xx_hal_can.c **** 
1060:Drivers/STM32F1xx_HAL_Driver/Src/stm32f1xx_hal_can.c ****   if (hcan->State == HAL_CAN_STATE_LISTENING)
 719              		.loc 1 1060 3 view .LVU226
 720              		.loc 1 1060 11 is_stmt 0 view .LVU227
 721 0004 90F82030 		ldrb	r3, [r0, #32]	@ zero_extendqisi2
 722 0008 DBB2     		uxtb	r3, r3
 723              		.loc 1 1060 6 view .LVU228
 724 000a 022B     		cmp	r3, #2
 725 000c 05D0     		beq	.L69
1061:Drivers/STM32F1xx_HAL_Driver/Src/stm32f1xx_hal_can.c ****   {
1062:Drivers/STM32F1xx_HAL_Driver/Src/stm32f1xx_hal_can.c ****     /* Request initialisation */
1063:Drivers/STM32F1xx_HAL_Driver/Src/stm32f1xx_hal_can.c ****     SET_BIT(hcan->Instance->MCR, CAN_MCR_INRQ);
1064:Drivers/STM32F1xx_HAL_Driver/Src/stm32f1xx_hal_can.c **** 
1065:Drivers/STM32F1xx_HAL_Driver/Src/stm32f1xx_hal_can.c ****     /* Get tick */
1066:Drivers/STM32F1xx_HAL_Driver/Src/stm32f1xx_hal_can.c ****     tickstart = HAL_GetTick();
1067:Drivers/STM32F1xx_HAL_Driver/Src/stm32f1xx_hal_can.c **** 
1068:Drivers/STM32F1xx_HAL_Driver/Src/stm32f1xx_hal_can.c ****     /* Wait the acknowledge */
1069:Drivers/STM32F1xx_HAL_Driver/Src/stm32f1xx_hal_can.c ****     while ((hcan->Instance->MSR & CAN_MSR_INAK) == 0U)
1070:Drivers/STM32F1xx_HAL_Driver/Src/stm32f1xx_hal_can.c ****     {
1071:Drivers/STM32F1xx_HAL_Driver/Src/stm32f1xx_hal_can.c ****       /* Check for the Timeout */
1072:Drivers/STM32F1xx_HAL_Driver/Src/stm32f1xx_hal_can.c ****       if ((HAL_GetTick() - tickstart) > CAN_TIMEOUT_VALUE)
1073:Drivers/STM32F1xx_HAL_Driver/Src/stm32f1xx_hal_can.c ****       {
1074:Drivers/STM32F1xx_HAL_Driver/Src/stm32f1xx_hal_can.c ****         /* Update error code */
1075:Drivers/STM32F1xx_HAL_Driver/Src/stm32f1xx_hal_can.c ****         hcan->ErrorCode |= HAL_CAN_ERROR_TIMEOUT;
1076:Drivers/STM32F1xx_HAL_Driver/Src/stm32f1xx_hal_can.c **** 
1077:Drivers/STM32F1xx_HAL_Driver/Src/stm32f1xx_hal_can.c ****         /* Change CAN state */
1078:Drivers/STM32F1xx_HAL_Driver/Src/stm32f1xx_hal_can.c ****         hcan->State = HAL_CAN_STATE_ERROR;
1079:Drivers/STM32F1xx_HAL_Driver/Src/stm32f1xx_hal_can.c **** 
1080:Drivers/STM32F1xx_HAL_Driver/Src/stm32f1xx_hal_can.c ****         return HAL_ERROR;
1081:Drivers/STM32F1xx_HAL_Driver/Src/stm32f1xx_hal_can.c ****       }
1082:Drivers/STM32F1xx_HAL_Driver/Src/stm32f1xx_hal_can.c ****     }
1083:Drivers/STM32F1xx_HAL_Driver/Src/stm32f1xx_hal_can.c **** 
1084:Drivers/STM32F1xx_HAL_Driver/Src/stm32f1xx_hal_can.c ****     /* Exit from sleep mode */
1085:Drivers/STM32F1xx_HAL_Driver/Src/stm32f1xx_hal_can.c ****     CLEAR_BIT(hcan->Instance->MCR, CAN_MCR_SLEEP);
1086:Drivers/STM32F1xx_HAL_Driver/Src/stm32f1xx_hal_can.c **** 
1087:Drivers/STM32F1xx_HAL_Driver/Src/stm32f1xx_hal_can.c ****     /* Change CAN peripheral state */
1088:Drivers/STM32F1xx_HAL_Driver/Src/stm32f1xx_hal_can.c ****     hcan->State = HAL_CAN_STATE_READY;
1089:Drivers/STM32F1xx_HAL_Driver/Src/stm32f1xx_hal_can.c **** 
1090:Drivers/STM32F1xx_HAL_Driver/Src/stm32f1xx_hal_can.c ****     /* Return function status */
ARM GAS  C:\Users\ride_pig\AppData\Local\Temp\ccAMFt1h.s 			page 36


1091:Drivers/STM32F1xx_HAL_Driver/Src/stm32f1xx_hal_can.c ****     return HAL_OK;
1092:Drivers/STM32F1xx_HAL_Driver/Src/stm32f1xx_hal_can.c ****   }
1093:Drivers/STM32F1xx_HAL_Driver/Src/stm32f1xx_hal_can.c ****   else
1094:Drivers/STM32F1xx_HAL_Driver/Src/stm32f1xx_hal_can.c ****   {
1095:Drivers/STM32F1xx_HAL_Driver/Src/stm32f1xx_hal_can.c ****     /* Update error code */
1096:Drivers/STM32F1xx_HAL_Driver/Src/stm32f1xx_hal_can.c ****     hcan->ErrorCode |= HAL_CAN_ERROR_NOT_STARTED;
 726              		.loc 1 1096 5 is_stmt 1 view .LVU229
 727              		.loc 1 1096 21 is_stmt 0 view .LVU230
 728 000e 436A     		ldr	r3, [r0, #36]
 729 0010 43F48013 		orr	r3, r3, #1048576
 730 0014 4362     		str	r3, [r0, #36]
1097:Drivers/STM32F1xx_HAL_Driver/Src/stm32f1xx_hal_can.c **** 
1098:Drivers/STM32F1xx_HAL_Driver/Src/stm32f1xx_hal_can.c ****     return HAL_ERROR;
 731              		.loc 1 1098 5 is_stmt 1 view .LVU231
 732              		.loc 1 1098 12 is_stmt 0 view .LVU232
 733 0016 0120     		movs	r0, #1
 734              	.LVL34:
 735              	.L66:
1099:Drivers/STM32F1xx_HAL_Driver/Src/stm32f1xx_hal_can.c ****   }
1100:Drivers/STM32F1xx_HAL_Driver/Src/stm32f1xx_hal_can.c **** }
 736              		.loc 1 1100 1 view .LVU233
 737 0018 38BD     		pop	{r3, r4, r5, pc}
 738              	.LVL35:
 739              	.L69:
1063:Drivers/STM32F1xx_HAL_Driver/Src/stm32f1xx_hal_can.c **** 
 740              		.loc 1 1063 5 is_stmt 1 view .LVU234
 741 001a 0268     		ldr	r2, [r0]
 742 001c 1368     		ldr	r3, [r2]
 743 001e 43F00103 		orr	r3, r3, #1
 744 0022 1360     		str	r3, [r2]
1066:Drivers/STM32F1xx_HAL_Driver/Src/stm32f1xx_hal_can.c **** 
 745              		.loc 1 1066 5 view .LVU235
1066:Drivers/STM32F1xx_HAL_Driver/Src/stm32f1xx_hal_can.c **** 
 746              		.loc 1 1066 17 is_stmt 0 view .LVU236
 747 0024 FFF7FEFF 		bl	HAL_GetTick
 748              	.LVL36:
1066:Drivers/STM32F1xx_HAL_Driver/Src/stm32f1xx_hal_can.c **** 
 749              		.loc 1 1066 17 view .LVU237
 750 0028 0546     		mov	r5, r0
 751              	.LVL37:
1069:Drivers/STM32F1xx_HAL_Driver/Src/stm32f1xx_hal_can.c ****     {
 752              		.loc 1 1069 5 is_stmt 1 view .LVU238
 753              	.L65:
1069:Drivers/STM32F1xx_HAL_Driver/Src/stm32f1xx_hal_can.c ****     {
 754              		.loc 1 1069 49 view .LVU239
1069:Drivers/STM32F1xx_HAL_Driver/Src/stm32f1xx_hal_can.c ****     {
 755              		.loc 1 1069 17 is_stmt 0 view .LVU240
 756 002a 2368     		ldr	r3, [r4]
1069:Drivers/STM32F1xx_HAL_Driver/Src/stm32f1xx_hal_can.c ****     {
 757              		.loc 1 1069 27 view .LVU241
 758 002c 5A68     		ldr	r2, [r3, #4]
1069:Drivers/STM32F1xx_HAL_Driver/Src/stm32f1xx_hal_can.c ****     {
 759              		.loc 1 1069 49 view .LVU242
 760 002e 12F0010F 		tst	r2, #1
 761 0032 0DD1     		bne	.L70
1072:Drivers/STM32F1xx_HAL_Driver/Src/stm32f1xx_hal_can.c ****       {
 762              		.loc 1 1072 7 is_stmt 1 view .LVU243
ARM GAS  C:\Users\ride_pig\AppData\Local\Temp\ccAMFt1h.s 			page 37


1072:Drivers/STM32F1xx_HAL_Driver/Src/stm32f1xx_hal_can.c ****       {
 763              		.loc 1 1072 12 is_stmt 0 view .LVU244
 764 0034 FFF7FEFF 		bl	HAL_GetTick
 765              	.LVL38:
1072:Drivers/STM32F1xx_HAL_Driver/Src/stm32f1xx_hal_can.c ****       {
 766              		.loc 1 1072 26 view .LVU245
 767 0038 431B     		subs	r3, r0, r5
1072:Drivers/STM32F1xx_HAL_Driver/Src/stm32f1xx_hal_can.c ****       {
 768              		.loc 1 1072 10 view .LVU246
 769 003a 0A2B     		cmp	r3, #10
 770 003c F5D9     		bls	.L65
1075:Drivers/STM32F1xx_HAL_Driver/Src/stm32f1xx_hal_can.c **** 
 771              		.loc 1 1075 9 is_stmt 1 view .LVU247
1075:Drivers/STM32F1xx_HAL_Driver/Src/stm32f1xx_hal_can.c **** 
 772              		.loc 1 1075 25 is_stmt 0 view .LVU248
 773 003e 636A     		ldr	r3, [r4, #36]
 774 0040 43F40033 		orr	r3, r3, #131072
 775 0044 6362     		str	r3, [r4, #36]
1078:Drivers/STM32F1xx_HAL_Driver/Src/stm32f1xx_hal_can.c **** 
 776              		.loc 1 1078 9 is_stmt 1 view .LVU249
1078:Drivers/STM32F1xx_HAL_Driver/Src/stm32f1xx_hal_can.c **** 
 777              		.loc 1 1078 21 is_stmt 0 view .LVU250
 778 0046 0523     		movs	r3, #5
 779 0048 84F82030 		strb	r3, [r4, #32]
1080:Drivers/STM32F1xx_HAL_Driver/Src/stm32f1xx_hal_can.c ****       }
 780              		.loc 1 1080 9 is_stmt 1 view .LVU251
1080:Drivers/STM32F1xx_HAL_Driver/Src/stm32f1xx_hal_can.c ****       }
 781              		.loc 1 1080 16 is_stmt 0 view .LVU252
 782 004c 0120     		movs	r0, #1
 783 004e E3E7     		b	.L66
 784              	.L70:
1085:Drivers/STM32F1xx_HAL_Driver/Src/stm32f1xx_hal_can.c **** 
 785              		.loc 1 1085 5 is_stmt 1 view .LVU253
 786 0050 1A68     		ldr	r2, [r3]
 787 0052 22F00202 		bic	r2, r2, #2
 788 0056 1A60     		str	r2, [r3]
1088:Drivers/STM32F1xx_HAL_Driver/Src/stm32f1xx_hal_can.c **** 
 789              		.loc 1 1088 5 view .LVU254
1088:Drivers/STM32F1xx_HAL_Driver/Src/stm32f1xx_hal_can.c **** 
 790              		.loc 1 1088 17 is_stmt 0 view .LVU255
 791 0058 0123     		movs	r3, #1
 792 005a 84F82030 		strb	r3, [r4, #32]
1091:Drivers/STM32F1xx_HAL_Driver/Src/stm32f1xx_hal_can.c ****   }
 793              		.loc 1 1091 5 is_stmt 1 view .LVU256
1091:Drivers/STM32F1xx_HAL_Driver/Src/stm32f1xx_hal_can.c ****   }
 794              		.loc 1 1091 12 is_stmt 0 view .LVU257
 795 005e 0020     		movs	r0, #0
 796 0060 DAE7     		b	.L66
 797              		.cfi_endproc
 798              	.LFE71:
 800              		.section	.text.HAL_CAN_DeInit,"ax",%progbits
 801              		.align	1
 802              		.global	HAL_CAN_DeInit
 803              		.syntax unified
 804              		.thumb
 805              		.thumb_func
 807              	HAL_CAN_DeInit:
ARM GAS  C:\Users\ride_pig\AppData\Local\Temp\ccAMFt1h.s 			page 38


 808              	.LVL39:
 809              	.LFB66:
 460:Drivers/STM32F1xx_HAL_Driver/Src/stm32f1xx_hal_can.c ****   /* Check CAN handle */
 810              		.loc 1 460 1 is_stmt 1 view -0
 811              		.cfi_startproc
 812              		@ args = 0, pretend = 0, frame = 0
 813              		@ frame_needed = 0, uses_anonymous_args = 0
 462:Drivers/STM32F1xx_HAL_Driver/Src/stm32f1xx_hal_can.c ****   {
 814              		.loc 1 462 3 view .LVU259
 462:Drivers/STM32F1xx_HAL_Driver/Src/stm32f1xx_hal_can.c ****   {
 815              		.loc 1 462 6 is_stmt 0 view .LVU260
 816 0000 80B1     		cbz	r0, .L73
 460:Drivers/STM32F1xx_HAL_Driver/Src/stm32f1xx_hal_can.c ****   /* Check CAN handle */
 817              		.loc 1 460 1 view .LVU261
 818 0002 10B5     		push	{r4, lr}
 819              	.LCFI5:
 820              		.cfi_def_cfa_offset 8
 821              		.cfi_offset 4, -8
 822              		.cfi_offset 14, -4
 823 0004 0446     		mov	r4, r0
 468:Drivers/STM32F1xx_HAL_Driver/Src/stm32f1xx_hal_can.c **** 
 824              		.loc 1 468 3 is_stmt 1 view .LVU262
 471:Drivers/STM32F1xx_HAL_Driver/Src/stm32f1xx_hal_can.c **** 
 825              		.loc 1 471 3 view .LVU263
 471:Drivers/STM32F1xx_HAL_Driver/Src/stm32f1xx_hal_can.c **** 
 826              		.loc 1 471 9 is_stmt 0 view .LVU264
 827 0006 FFF7FEFF 		bl	HAL_CAN_Stop
 828              	.LVL40:
 484:Drivers/STM32F1xx_HAL_Driver/Src/stm32f1xx_hal_can.c **** #endif /* (USE_HAL_CAN_REGISTER_CALLBACKS) */
 829              		.loc 1 484 3 is_stmt 1 view .LVU265
 830 000a 2046     		mov	r0, r4
 831 000c FFF7FEFF 		bl	HAL_CAN_MspDeInit
 832              	.LVL41:
 488:Drivers/STM32F1xx_HAL_Driver/Src/stm32f1xx_hal_can.c **** 
 833              		.loc 1 488 3 view .LVU266
 834 0010 2268     		ldr	r2, [r4]
 835 0012 1368     		ldr	r3, [r2]
 836 0014 43F40043 		orr	r3, r3, #32768
 837 0018 1360     		str	r3, [r2]
 491:Drivers/STM32F1xx_HAL_Driver/Src/stm32f1xx_hal_can.c **** 
 838              		.loc 1 491 3 view .LVU267
 491:Drivers/STM32F1xx_HAL_Driver/Src/stm32f1xx_hal_can.c **** 
 839              		.loc 1 491 19 is_stmt 0 view .LVU268
 840 001a 0020     		movs	r0, #0
 841 001c 6062     		str	r0, [r4, #36]
 494:Drivers/STM32F1xx_HAL_Driver/Src/stm32f1xx_hal_can.c **** 
 842              		.loc 1 494 3 is_stmt 1 view .LVU269
 494:Drivers/STM32F1xx_HAL_Driver/Src/stm32f1xx_hal_can.c **** 
 843              		.loc 1 494 15 is_stmt 0 view .LVU270
 844 001e 84F82000 		strb	r0, [r4, #32]
 497:Drivers/STM32F1xx_HAL_Driver/Src/stm32f1xx_hal_can.c **** }
 845              		.loc 1 497 3 is_stmt 1 view .LVU271
 498:Drivers/STM32F1xx_HAL_Driver/Src/stm32f1xx_hal_can.c **** 
 846              		.loc 1 498 1 is_stmt 0 view .LVU272
 847 0022 10BD     		pop	{r4, pc}
 848              	.LVL42:
 849              	.L73:
ARM GAS  C:\Users\ride_pig\AppData\Local\Temp\ccAMFt1h.s 			page 39


 850              	.LCFI6:
 851              		.cfi_def_cfa_offset 0
 852              		.cfi_restore 4
 853              		.cfi_restore 14
 464:Drivers/STM32F1xx_HAL_Driver/Src/stm32f1xx_hal_can.c ****   }
 854              		.loc 1 464 12 view .LVU273
 855 0024 0120     		movs	r0, #1
 856              	.LVL43:
 498:Drivers/STM32F1xx_HAL_Driver/Src/stm32f1xx_hal_can.c **** 
 857              		.loc 1 498 1 view .LVU274
 858 0026 7047     		bx	lr
 859              		.cfi_endproc
 860              	.LFE66:
 862              		.section	.text.HAL_CAN_RequestSleep,"ax",%progbits
 863              		.align	1
 864              		.global	HAL_CAN_RequestSleep
 865              		.syntax unified
 866              		.thumb
 867              		.thumb_func
 869              	HAL_CAN_RequestSleep:
 870              	.LVL44:
 871              	.LFB72:
1101:Drivers/STM32F1xx_HAL_Driver/Src/stm32f1xx_hal_can.c **** 
1102:Drivers/STM32F1xx_HAL_Driver/Src/stm32f1xx_hal_can.c **** /**
1103:Drivers/STM32F1xx_HAL_Driver/Src/stm32f1xx_hal_can.c ****   * @brief  Request the sleep mode (low power) entry.
1104:Drivers/STM32F1xx_HAL_Driver/Src/stm32f1xx_hal_can.c ****   *         When returning from this function, Sleep mode will be entered
1105:Drivers/STM32F1xx_HAL_Driver/Src/stm32f1xx_hal_can.c ****   *         as soon as the current CAN activity (transmission or reception
1106:Drivers/STM32F1xx_HAL_Driver/Src/stm32f1xx_hal_can.c ****   *         of a CAN frame) has been completed.
1107:Drivers/STM32F1xx_HAL_Driver/Src/stm32f1xx_hal_can.c ****   * @param  hcan pointer to a CAN_HandleTypeDef structure that contains
1108:Drivers/STM32F1xx_HAL_Driver/Src/stm32f1xx_hal_can.c ****   *         the configuration information for the specified CAN.
1109:Drivers/STM32F1xx_HAL_Driver/Src/stm32f1xx_hal_can.c ****   * @retval HAL status.
1110:Drivers/STM32F1xx_HAL_Driver/Src/stm32f1xx_hal_can.c ****   */
1111:Drivers/STM32F1xx_HAL_Driver/Src/stm32f1xx_hal_can.c **** HAL_StatusTypeDef HAL_CAN_RequestSleep(CAN_HandleTypeDef *hcan)
1112:Drivers/STM32F1xx_HAL_Driver/Src/stm32f1xx_hal_can.c **** {
 872              		.loc 1 1112 1 is_stmt 1 view -0
 873              		.cfi_startproc
 874              		@ args = 0, pretend = 0, frame = 0
 875              		@ frame_needed = 0, uses_anonymous_args = 0
 876              		@ link register save eliminated.
1113:Drivers/STM32F1xx_HAL_Driver/Src/stm32f1xx_hal_can.c ****   HAL_CAN_StateTypeDef state = hcan->State;
 877              		.loc 1 1113 3 view .LVU276
 878              		.loc 1 1113 24 is_stmt 0 view .LVU277
 879 0000 90F82030 		ldrb	r3, [r0, #32]	@ zero_extendqisi2
 880              	.LVL45:
1114:Drivers/STM32F1xx_HAL_Driver/Src/stm32f1xx_hal_can.c **** 
1115:Drivers/STM32F1xx_HAL_Driver/Src/stm32f1xx_hal_can.c ****   if ((state == HAL_CAN_STATE_READY) ||
 881              		.loc 1 1115 3 is_stmt 1 view .LVU278
 882              		.loc 1 1115 38 is_stmt 0 view .LVU279
 883 0004 013B     		subs	r3, r3, #1
 884              	.LVL46:
 885              		.loc 1 1115 38 view .LVU280
 886 0006 DBB2     		uxtb	r3, r3
 887              		.loc 1 1115 6 view .LVU281
 888 0008 012B     		cmp	r3, #1
 889 000a 05D9     		bls	.L81
1116:Drivers/STM32F1xx_HAL_Driver/Src/stm32f1xx_hal_can.c ****       (state == HAL_CAN_STATE_LISTENING))
1117:Drivers/STM32F1xx_HAL_Driver/Src/stm32f1xx_hal_can.c ****   {
ARM GAS  C:\Users\ride_pig\AppData\Local\Temp\ccAMFt1h.s 			page 40


1118:Drivers/STM32F1xx_HAL_Driver/Src/stm32f1xx_hal_can.c ****     /* Request Sleep mode */
1119:Drivers/STM32F1xx_HAL_Driver/Src/stm32f1xx_hal_can.c ****     SET_BIT(hcan->Instance->MCR, CAN_MCR_SLEEP);
1120:Drivers/STM32F1xx_HAL_Driver/Src/stm32f1xx_hal_can.c **** 
1121:Drivers/STM32F1xx_HAL_Driver/Src/stm32f1xx_hal_can.c ****     /* Return function status */
1122:Drivers/STM32F1xx_HAL_Driver/Src/stm32f1xx_hal_can.c ****     return HAL_OK;
1123:Drivers/STM32F1xx_HAL_Driver/Src/stm32f1xx_hal_can.c ****   }
1124:Drivers/STM32F1xx_HAL_Driver/Src/stm32f1xx_hal_can.c ****   else
1125:Drivers/STM32F1xx_HAL_Driver/Src/stm32f1xx_hal_can.c ****   {
1126:Drivers/STM32F1xx_HAL_Driver/Src/stm32f1xx_hal_can.c ****     /* Update error code */
1127:Drivers/STM32F1xx_HAL_Driver/Src/stm32f1xx_hal_can.c ****     hcan->ErrorCode |= HAL_CAN_ERROR_NOT_INITIALIZED;
 890              		.loc 1 1127 5 is_stmt 1 view .LVU282
 891              		.loc 1 1127 21 is_stmt 0 view .LVU283
 892 000c 436A     		ldr	r3, [r0, #36]
 893 000e 43F48023 		orr	r3, r3, #262144
 894 0012 4362     		str	r3, [r0, #36]
1128:Drivers/STM32F1xx_HAL_Driver/Src/stm32f1xx_hal_can.c **** 
1129:Drivers/STM32F1xx_HAL_Driver/Src/stm32f1xx_hal_can.c ****     /* Return function status */
1130:Drivers/STM32F1xx_HAL_Driver/Src/stm32f1xx_hal_can.c ****     return HAL_ERROR;
 895              		.loc 1 1130 5 is_stmt 1 view .LVU284
 896              		.loc 1 1130 12 is_stmt 0 view .LVU285
 897 0014 0120     		movs	r0, #1
 898              	.LVL47:
1131:Drivers/STM32F1xx_HAL_Driver/Src/stm32f1xx_hal_can.c ****   }
1132:Drivers/STM32F1xx_HAL_Driver/Src/stm32f1xx_hal_can.c **** }
 899              		.loc 1 1132 1 view .LVU286
 900 0016 7047     		bx	lr
 901              	.LVL48:
 902              	.L81:
1119:Drivers/STM32F1xx_HAL_Driver/Src/stm32f1xx_hal_can.c **** 
 903              		.loc 1 1119 5 is_stmt 1 view .LVU287
 904 0018 0268     		ldr	r2, [r0]
 905 001a 1368     		ldr	r3, [r2]
 906 001c 43F00203 		orr	r3, r3, #2
 907 0020 1360     		str	r3, [r2]
1122:Drivers/STM32F1xx_HAL_Driver/Src/stm32f1xx_hal_can.c ****   }
 908              		.loc 1 1122 5 view .LVU288
1122:Drivers/STM32F1xx_HAL_Driver/Src/stm32f1xx_hal_can.c ****   }
 909              		.loc 1 1122 12 is_stmt 0 view .LVU289
 910 0022 0020     		movs	r0, #0
 911              	.LVL49:
1122:Drivers/STM32F1xx_HAL_Driver/Src/stm32f1xx_hal_can.c ****   }
 912              		.loc 1 1122 12 view .LVU290
 913 0024 7047     		bx	lr
 914              		.cfi_endproc
 915              	.LFE72:
 917              		.section	.text.HAL_CAN_WakeUp,"ax",%progbits
 918              		.align	1
 919              		.global	HAL_CAN_WakeUp
 920              		.syntax unified
 921              		.thumb
 922              		.thumb_func
 924              	HAL_CAN_WakeUp:
 925              	.LVL50:
 926              	.LFB73:
1133:Drivers/STM32F1xx_HAL_Driver/Src/stm32f1xx_hal_can.c **** 
1134:Drivers/STM32F1xx_HAL_Driver/Src/stm32f1xx_hal_can.c **** /**
1135:Drivers/STM32F1xx_HAL_Driver/Src/stm32f1xx_hal_can.c ****   * @brief  Wake up from sleep mode.
ARM GAS  C:\Users\ride_pig\AppData\Local\Temp\ccAMFt1h.s 			page 41


1136:Drivers/STM32F1xx_HAL_Driver/Src/stm32f1xx_hal_can.c ****   *         When returning with HAL_OK status from this function, Sleep mode
1137:Drivers/STM32F1xx_HAL_Driver/Src/stm32f1xx_hal_can.c ****   *         is exited.
1138:Drivers/STM32F1xx_HAL_Driver/Src/stm32f1xx_hal_can.c ****   * @param  hcan pointer to a CAN_HandleTypeDef structure that contains
1139:Drivers/STM32F1xx_HAL_Driver/Src/stm32f1xx_hal_can.c ****   *         the configuration information for the specified CAN.
1140:Drivers/STM32F1xx_HAL_Driver/Src/stm32f1xx_hal_can.c ****   * @retval HAL status.
1141:Drivers/STM32F1xx_HAL_Driver/Src/stm32f1xx_hal_can.c ****   */
1142:Drivers/STM32F1xx_HAL_Driver/Src/stm32f1xx_hal_can.c **** HAL_StatusTypeDef HAL_CAN_WakeUp(CAN_HandleTypeDef *hcan)
1143:Drivers/STM32F1xx_HAL_Driver/Src/stm32f1xx_hal_can.c **** {
 927              		.loc 1 1143 1 is_stmt 1 view -0
 928              		.cfi_startproc
 929              		@ args = 0, pretend = 0, frame = 8
 930              		@ frame_needed = 0, uses_anonymous_args = 0
 931              		@ link register save eliminated.
 932              		.loc 1 1143 1 is_stmt 0 view .LVU292
 933 0000 82B0     		sub	sp, sp, #8
 934              	.LCFI7:
 935              		.cfi_def_cfa_offset 8
1144:Drivers/STM32F1xx_HAL_Driver/Src/stm32f1xx_hal_can.c ****   __IO uint32_t count = 0;
 936              		.loc 1 1144 3 is_stmt 1 view .LVU293
 937              		.loc 1 1144 17 is_stmt 0 view .LVU294
 938 0002 0023     		movs	r3, #0
 939 0004 0193     		str	r3, [sp, #4]
1145:Drivers/STM32F1xx_HAL_Driver/Src/stm32f1xx_hal_can.c ****   uint32_t timeout = 1000000U;
 940              		.loc 1 1145 3 is_stmt 1 view .LVU295
 941              	.LVL51:
1146:Drivers/STM32F1xx_HAL_Driver/Src/stm32f1xx_hal_can.c ****   HAL_CAN_StateTypeDef state = hcan->State;
 942              		.loc 1 1146 3 view .LVU296
 943              		.loc 1 1146 24 is_stmt 0 view .LVU297
 944 0006 90F82030 		ldrb	r3, [r0, #32]	@ zero_extendqisi2
 945              	.LVL52:
1147:Drivers/STM32F1xx_HAL_Driver/Src/stm32f1xx_hal_can.c **** 
1148:Drivers/STM32F1xx_HAL_Driver/Src/stm32f1xx_hal_can.c ****   if ((state == HAL_CAN_STATE_READY) ||
 946              		.loc 1 1148 3 is_stmt 1 view .LVU298
 947              		.loc 1 1148 38 is_stmt 0 view .LVU299
 948 000a 013B     		subs	r3, r3, #1
 949              	.LVL53:
 950              		.loc 1 1148 38 view .LVU300
 951 000c DBB2     		uxtb	r3, r3
 952              		.loc 1 1148 6 view .LVU301
 953 000e 012B     		cmp	r3, #1
 954 0010 18D8     		bhi	.L83
1149:Drivers/STM32F1xx_HAL_Driver/Src/stm32f1xx_hal_can.c ****       (state == HAL_CAN_STATE_LISTENING))
1150:Drivers/STM32F1xx_HAL_Driver/Src/stm32f1xx_hal_can.c ****   {
1151:Drivers/STM32F1xx_HAL_Driver/Src/stm32f1xx_hal_can.c ****     /* Wake up request */
1152:Drivers/STM32F1xx_HAL_Driver/Src/stm32f1xx_hal_can.c ****     CLEAR_BIT(hcan->Instance->MCR, CAN_MCR_SLEEP);
 955              		.loc 1 1152 5 is_stmt 1 view .LVU302
 956 0012 0268     		ldr	r2, [r0]
 957 0014 1368     		ldr	r3, [r2]
 958 0016 23F00203 		bic	r3, r3, #2
 959 001a 1360     		str	r3, [r2]
 960              	.L86:
1153:Drivers/STM32F1xx_HAL_Driver/Src/stm32f1xx_hal_can.c **** 
1154:Drivers/STM32F1xx_HAL_Driver/Src/stm32f1xx_hal_can.c ****     /* Wait sleep mode is exited */
1155:Drivers/STM32F1xx_HAL_Driver/Src/stm32f1xx_hal_can.c ****     do
 961              		.loc 1 1155 5 view .LVU303
1156:Drivers/STM32F1xx_HAL_Driver/Src/stm32f1xx_hal_can.c ****     {
1157:Drivers/STM32F1xx_HAL_Driver/Src/stm32f1xx_hal_can.c ****       /* Increment counter */
ARM GAS  C:\Users\ride_pig\AppData\Local\Temp\ccAMFt1h.s 			page 42


1158:Drivers/STM32F1xx_HAL_Driver/Src/stm32f1xx_hal_can.c ****       count++;
 962              		.loc 1 1158 7 view .LVU304
 963              		.loc 1 1158 12 is_stmt 0 view .LVU305
 964 001c 019B     		ldr	r3, [sp, #4]
 965 001e 0133     		adds	r3, r3, #1
 966 0020 0193     		str	r3, [sp, #4]
1159:Drivers/STM32F1xx_HAL_Driver/Src/stm32f1xx_hal_can.c **** 
1160:Drivers/STM32F1xx_HAL_Driver/Src/stm32f1xx_hal_can.c ****       /* Check if timeout is reached */
1161:Drivers/STM32F1xx_HAL_Driver/Src/stm32f1xx_hal_can.c ****       if (count > timeout)
 967              		.loc 1 1161 7 is_stmt 1 view .LVU306
 968              		.loc 1 1161 17 is_stmt 0 view .LVU307
 969 0022 019A     		ldr	r2, [sp, #4]
 970              		.loc 1 1161 10 view .LVU308
 971 0024 0B4B     		ldr	r3, .L89
 972 0026 9A42     		cmp	r2, r3
 973 0028 06D8     		bhi	.L88
1162:Drivers/STM32F1xx_HAL_Driver/Src/stm32f1xx_hal_can.c ****       {
1163:Drivers/STM32F1xx_HAL_Driver/Src/stm32f1xx_hal_can.c ****         /* Update error code */
1164:Drivers/STM32F1xx_HAL_Driver/Src/stm32f1xx_hal_can.c ****         hcan->ErrorCode |= HAL_CAN_ERROR_TIMEOUT;
1165:Drivers/STM32F1xx_HAL_Driver/Src/stm32f1xx_hal_can.c **** 
1166:Drivers/STM32F1xx_HAL_Driver/Src/stm32f1xx_hal_can.c ****         return HAL_ERROR;
1167:Drivers/STM32F1xx_HAL_Driver/Src/stm32f1xx_hal_can.c ****       }
1168:Drivers/STM32F1xx_HAL_Driver/Src/stm32f1xx_hal_can.c ****     }
1169:Drivers/STM32F1xx_HAL_Driver/Src/stm32f1xx_hal_can.c ****     while ((hcan->Instance->MSR & CAN_MSR_SLAK) != 0U);
 974              		.loc 1 1169 49 is_stmt 1 view .LVU309
 975              		.loc 1 1169 17 is_stmt 0 view .LVU310
 976 002a 0368     		ldr	r3, [r0]
 977              		.loc 1 1169 27 view .LVU311
 978 002c 5B68     		ldr	r3, [r3, #4]
 979              		.loc 1 1169 49 view .LVU312
 980 002e 13F0020F 		tst	r3, #2
 981 0032 F3D1     		bne	.L86
1170:Drivers/STM32F1xx_HAL_Driver/Src/stm32f1xx_hal_can.c **** 
1171:Drivers/STM32F1xx_HAL_Driver/Src/stm32f1xx_hal_can.c ****     /* Return function status */
1172:Drivers/STM32F1xx_HAL_Driver/Src/stm32f1xx_hal_can.c ****     return HAL_OK;
 982              		.loc 1 1172 12 view .LVU313
 983 0034 0020     		movs	r0, #0
 984              	.LVL54:
 985              		.loc 1 1172 12 view .LVU314
 986 0036 0AE0     		b	.L85
 987              	.LVL55:
 988              	.L88:
1164:Drivers/STM32F1xx_HAL_Driver/Src/stm32f1xx_hal_can.c **** 
 989              		.loc 1 1164 9 is_stmt 1 view .LVU315
1164:Drivers/STM32F1xx_HAL_Driver/Src/stm32f1xx_hal_can.c **** 
 990              		.loc 1 1164 25 is_stmt 0 view .LVU316
 991 0038 436A     		ldr	r3, [r0, #36]
 992 003a 43F40033 		orr	r3, r3, #131072
 993 003e 4362     		str	r3, [r0, #36]
1166:Drivers/STM32F1xx_HAL_Driver/Src/stm32f1xx_hal_can.c ****       }
 994              		.loc 1 1166 9 is_stmt 1 view .LVU317
1166:Drivers/STM32F1xx_HAL_Driver/Src/stm32f1xx_hal_can.c ****       }
 995              		.loc 1 1166 16 is_stmt 0 view .LVU318
 996 0040 0120     		movs	r0, #1
 997              	.LVL56:
1166:Drivers/STM32F1xx_HAL_Driver/Src/stm32f1xx_hal_can.c ****       }
 998              		.loc 1 1166 16 view .LVU319
ARM GAS  C:\Users\ride_pig\AppData\Local\Temp\ccAMFt1h.s 			page 43


 999 0042 04E0     		b	.L85
 1000              	.LVL57:
 1001              	.L83:
1173:Drivers/STM32F1xx_HAL_Driver/Src/stm32f1xx_hal_can.c ****   }
1174:Drivers/STM32F1xx_HAL_Driver/Src/stm32f1xx_hal_can.c ****   else
1175:Drivers/STM32F1xx_HAL_Driver/Src/stm32f1xx_hal_can.c ****   {
1176:Drivers/STM32F1xx_HAL_Driver/Src/stm32f1xx_hal_can.c ****     /* Update error code */
1177:Drivers/STM32F1xx_HAL_Driver/Src/stm32f1xx_hal_can.c ****     hcan->ErrorCode |= HAL_CAN_ERROR_NOT_INITIALIZED;
 1002              		.loc 1 1177 5 is_stmt 1 view .LVU320
 1003              		.loc 1 1177 21 is_stmt 0 view .LVU321
 1004 0044 436A     		ldr	r3, [r0, #36]
 1005 0046 43F48023 		orr	r3, r3, #262144
 1006 004a 4362     		str	r3, [r0, #36]
1178:Drivers/STM32F1xx_HAL_Driver/Src/stm32f1xx_hal_can.c **** 
1179:Drivers/STM32F1xx_HAL_Driver/Src/stm32f1xx_hal_can.c ****     return HAL_ERROR;
 1007              		.loc 1 1179 5 is_stmt 1 view .LVU322
 1008              		.loc 1 1179 12 is_stmt 0 view .LVU323
 1009 004c 0120     		movs	r0, #1
 1010              	.LVL58:
 1011              	.L85:
1180:Drivers/STM32F1xx_HAL_Driver/Src/stm32f1xx_hal_can.c ****   }
1181:Drivers/STM32F1xx_HAL_Driver/Src/stm32f1xx_hal_can.c **** }
 1012              		.loc 1 1181 1 view .LVU324
 1013 004e 02B0     		add	sp, sp, #8
 1014              	.LCFI8:
 1015              		.cfi_def_cfa_offset 0
 1016              		@ sp needed
 1017 0050 7047     		bx	lr
 1018              	.L90:
 1019 0052 00BF     		.align	2
 1020              	.L89:
 1021 0054 40420F00 		.word	1000000
 1022              		.cfi_endproc
 1023              	.LFE73:
 1025              		.section	.text.HAL_CAN_IsSleepActive,"ax",%progbits
 1026              		.align	1
 1027              		.global	HAL_CAN_IsSleepActive
 1028              		.syntax unified
 1029              		.thumb
 1030              		.thumb_func
 1032              	HAL_CAN_IsSleepActive:
 1033              	.LVL59:
 1034              	.LFB74:
1182:Drivers/STM32F1xx_HAL_Driver/Src/stm32f1xx_hal_can.c **** 
1183:Drivers/STM32F1xx_HAL_Driver/Src/stm32f1xx_hal_can.c **** /**
1184:Drivers/STM32F1xx_HAL_Driver/Src/stm32f1xx_hal_can.c ****   * @brief  Check is sleep mode is active.
1185:Drivers/STM32F1xx_HAL_Driver/Src/stm32f1xx_hal_can.c ****   * @param  hcan pointer to a CAN_HandleTypeDef structure that contains
1186:Drivers/STM32F1xx_HAL_Driver/Src/stm32f1xx_hal_can.c ****   *         the configuration information for the specified CAN.
1187:Drivers/STM32F1xx_HAL_Driver/Src/stm32f1xx_hal_can.c ****   * @retval Status
1188:Drivers/STM32F1xx_HAL_Driver/Src/stm32f1xx_hal_can.c ****   *          - 0 : Sleep mode is not active.
1189:Drivers/STM32F1xx_HAL_Driver/Src/stm32f1xx_hal_can.c ****   *          - 1 : Sleep mode is active.
1190:Drivers/STM32F1xx_HAL_Driver/Src/stm32f1xx_hal_can.c ****   */
1191:Drivers/STM32F1xx_HAL_Driver/Src/stm32f1xx_hal_can.c **** uint32_t HAL_CAN_IsSleepActive(CAN_HandleTypeDef *hcan)
1192:Drivers/STM32F1xx_HAL_Driver/Src/stm32f1xx_hal_can.c **** {
 1035              		.loc 1 1192 1 is_stmt 1 view -0
 1036              		.cfi_startproc
 1037              		@ args = 0, pretend = 0, frame = 0
ARM GAS  C:\Users\ride_pig\AppData\Local\Temp\ccAMFt1h.s 			page 44


 1038              		@ frame_needed = 0, uses_anonymous_args = 0
 1039              		@ link register save eliminated.
1193:Drivers/STM32F1xx_HAL_Driver/Src/stm32f1xx_hal_can.c ****   uint32_t status = 0U;
 1040              		.loc 1 1193 3 view .LVU326
1194:Drivers/STM32F1xx_HAL_Driver/Src/stm32f1xx_hal_can.c ****   HAL_CAN_StateTypeDef state = hcan->State;
 1041              		.loc 1 1194 3 view .LVU327
 1042              		.loc 1 1194 24 is_stmt 0 view .LVU328
 1043 0000 90F82030 		ldrb	r3, [r0, #32]	@ zero_extendqisi2
 1044              	.LVL60:
1195:Drivers/STM32F1xx_HAL_Driver/Src/stm32f1xx_hal_can.c **** 
1196:Drivers/STM32F1xx_HAL_Driver/Src/stm32f1xx_hal_can.c ****   if ((state == HAL_CAN_STATE_READY) ||
 1045              		.loc 1 1196 3 is_stmt 1 view .LVU329
 1046              		.loc 1 1196 38 is_stmt 0 view .LVU330
 1047 0004 013B     		subs	r3, r3, #1
 1048              	.LVL61:
 1049              		.loc 1 1196 38 view .LVU331
 1050 0006 DBB2     		uxtb	r3, r3
 1051              		.loc 1 1196 6 view .LVU332
 1052 0008 012B     		cmp	r3, #1
 1053 000a 01D9     		bls	.L95
1193:Drivers/STM32F1xx_HAL_Driver/Src/stm32f1xx_hal_can.c ****   HAL_CAN_StateTypeDef state = hcan->State;
 1054              		.loc 1 1193 12 view .LVU333
 1055 000c 0020     		movs	r0, #0
 1056              	.LVL62:
1193:Drivers/STM32F1xx_HAL_Driver/Src/stm32f1xx_hal_can.c ****   HAL_CAN_StateTypeDef state = hcan->State;
 1057              		.loc 1 1193 12 view .LVU334
 1058 000e 7047     		bx	lr
 1059              	.LVL63:
 1060              	.L95:
1197:Drivers/STM32F1xx_HAL_Driver/Src/stm32f1xx_hal_can.c ****       (state == HAL_CAN_STATE_LISTENING))
1198:Drivers/STM32F1xx_HAL_Driver/Src/stm32f1xx_hal_can.c ****   {
1199:Drivers/STM32F1xx_HAL_Driver/Src/stm32f1xx_hal_can.c ****     /* Check Sleep mode */
1200:Drivers/STM32F1xx_HAL_Driver/Src/stm32f1xx_hal_can.c ****     if ((hcan->Instance->MSR & CAN_MSR_SLAK) != 0U)
 1061              		.loc 1 1200 5 is_stmt 1 view .LVU335
 1062              		.loc 1 1200 14 is_stmt 0 view .LVU336
 1063 0010 0368     		ldr	r3, [r0]
 1064              		.loc 1 1200 24 view .LVU337
 1065 0012 5868     		ldr	r0, [r3, #4]
 1066              	.LVL64:
 1067              		.loc 1 1200 8 view .LVU338
 1068 0014 10F00200 		ands	r0, r0, #2
 1069 0018 00D1     		bne	.L94
 1070 001a 7047     		bx	lr
 1071              	.L94:
1201:Drivers/STM32F1xx_HAL_Driver/Src/stm32f1xx_hal_can.c ****     {
1202:Drivers/STM32F1xx_HAL_Driver/Src/stm32f1xx_hal_can.c ****       status = 1U;
 1072              		.loc 1 1202 14 view .LVU339
 1073 001c 0120     		movs	r0, #1
 1074              	.LVL65:
1203:Drivers/STM32F1xx_HAL_Driver/Src/stm32f1xx_hal_can.c ****     }
1204:Drivers/STM32F1xx_HAL_Driver/Src/stm32f1xx_hal_can.c ****   }
1205:Drivers/STM32F1xx_HAL_Driver/Src/stm32f1xx_hal_can.c **** 
1206:Drivers/STM32F1xx_HAL_Driver/Src/stm32f1xx_hal_can.c ****   /* Return function status */
1207:Drivers/STM32F1xx_HAL_Driver/Src/stm32f1xx_hal_can.c ****   return status;
 1075              		.loc 1 1207 3 is_stmt 1 view .LVU340
1208:Drivers/STM32F1xx_HAL_Driver/Src/stm32f1xx_hal_can.c **** }
 1076              		.loc 1 1208 1 is_stmt 0 view .LVU341
ARM GAS  C:\Users\ride_pig\AppData\Local\Temp\ccAMFt1h.s 			page 45


 1077 001e 7047     		bx	lr
 1078              		.cfi_endproc
 1079              	.LFE74:
 1081              		.section	.text.HAL_CAN_AddTxMessage,"ax",%progbits
 1082              		.align	1
 1083              		.global	HAL_CAN_AddTxMessage
 1084              		.syntax unified
 1085              		.thumb
 1086              		.thumb_func
 1088              	HAL_CAN_AddTxMessage:
 1089              	.LVL66:
 1090              	.LFB75:
1209:Drivers/STM32F1xx_HAL_Driver/Src/stm32f1xx_hal_can.c **** 
1210:Drivers/STM32F1xx_HAL_Driver/Src/stm32f1xx_hal_can.c **** /**
1211:Drivers/STM32F1xx_HAL_Driver/Src/stm32f1xx_hal_can.c ****   * @brief  Add a message to the first free Tx mailbox and activate the
1212:Drivers/STM32F1xx_HAL_Driver/Src/stm32f1xx_hal_can.c ****   *         corresponding transmission request.
1213:Drivers/STM32F1xx_HAL_Driver/Src/stm32f1xx_hal_can.c ****   * @param  hcan pointer to a CAN_HandleTypeDef structure that contains
1214:Drivers/STM32F1xx_HAL_Driver/Src/stm32f1xx_hal_can.c ****   *         the configuration information for the specified CAN.
1215:Drivers/STM32F1xx_HAL_Driver/Src/stm32f1xx_hal_can.c ****   * @param  pHeader pointer to a CAN_TxHeaderTypeDef structure.
1216:Drivers/STM32F1xx_HAL_Driver/Src/stm32f1xx_hal_can.c ****   * @param  aData array containing the payload of the Tx frame.
1217:Drivers/STM32F1xx_HAL_Driver/Src/stm32f1xx_hal_can.c ****   * @param  pTxMailbox pointer to a variable where the function will return
1218:Drivers/STM32F1xx_HAL_Driver/Src/stm32f1xx_hal_can.c ****   *         the TxMailbox used to store the Tx message.
1219:Drivers/STM32F1xx_HAL_Driver/Src/stm32f1xx_hal_can.c ****   *         This parameter can be a value of @arg CAN_Tx_Mailboxes.
1220:Drivers/STM32F1xx_HAL_Driver/Src/stm32f1xx_hal_can.c ****   * @retval HAL status
1221:Drivers/STM32F1xx_HAL_Driver/Src/stm32f1xx_hal_can.c ****   */
1222:Drivers/STM32F1xx_HAL_Driver/Src/stm32f1xx_hal_can.c **** HAL_StatusTypeDef HAL_CAN_AddTxMessage(CAN_HandleTypeDef *hcan, CAN_TxHeaderTypeDef *pHeader, uint8
1223:Drivers/STM32F1xx_HAL_Driver/Src/stm32f1xx_hal_can.c **** {
 1091              		.loc 1 1223 1 is_stmt 1 view -0
 1092              		.cfi_startproc
 1093              		@ args = 0, pretend = 0, frame = 0
 1094              		@ frame_needed = 0, uses_anonymous_args = 0
 1095              		.loc 1 1223 1 is_stmt 0 view .LVU343
 1096 0000 30B5     		push	{r4, r5, lr}
 1097              	.LCFI9:
 1098              		.cfi_def_cfa_offset 12
 1099              		.cfi_offset 4, -12
 1100              		.cfi_offset 5, -8
 1101              		.cfi_offset 14, -4
1224:Drivers/STM32F1xx_HAL_Driver/Src/stm32f1xx_hal_can.c ****   uint32_t transmitmailbox;
 1102              		.loc 1 1224 3 is_stmt 1 view .LVU344
1225:Drivers/STM32F1xx_HAL_Driver/Src/stm32f1xx_hal_can.c ****   HAL_CAN_StateTypeDef state = hcan->State;
 1103              		.loc 1 1225 3 view .LVU345
 1104              		.loc 1 1225 24 is_stmt 0 view .LVU346
 1105 0002 90F820C0 		ldrb	ip, [r0, #32]	@ zero_extendqisi2
 1106              	.LVL67:
1226:Drivers/STM32F1xx_HAL_Driver/Src/stm32f1xx_hal_can.c ****   uint32_t tsr = READ_REG(hcan->Instance->TSR);
 1107              		.loc 1 1226 3 is_stmt 1 view .LVU347
 1108              		.loc 1 1226 12 is_stmt 0 view .LVU348
 1109 0006 0468     		ldr	r4, [r0]
 1110 0008 A468     		ldr	r4, [r4, #8]
 1111              	.LVL68:
1227:Drivers/STM32F1xx_HAL_Driver/Src/stm32f1xx_hal_can.c **** 
1228:Drivers/STM32F1xx_HAL_Driver/Src/stm32f1xx_hal_can.c ****   /* Check the parameters */
1229:Drivers/STM32F1xx_HAL_Driver/Src/stm32f1xx_hal_can.c ****   assert_param(IS_CAN_IDTYPE(pHeader->IDE));
 1112              		.loc 1 1229 3 is_stmt 1 view .LVU349
1230:Drivers/STM32F1xx_HAL_Driver/Src/stm32f1xx_hal_can.c ****   assert_param(IS_CAN_RTR(pHeader->RTR));
 1113              		.loc 1 1230 3 view .LVU350
ARM GAS  C:\Users\ride_pig\AppData\Local\Temp\ccAMFt1h.s 			page 46


1231:Drivers/STM32F1xx_HAL_Driver/Src/stm32f1xx_hal_can.c ****   assert_param(IS_CAN_DLC(pHeader->DLC));
 1114              		.loc 1 1231 3 view .LVU351
1232:Drivers/STM32F1xx_HAL_Driver/Src/stm32f1xx_hal_can.c ****   if (pHeader->IDE == CAN_ID_STD)
 1115              		.loc 1 1232 3 view .LVU352
1233:Drivers/STM32F1xx_HAL_Driver/Src/stm32f1xx_hal_can.c ****   {
1234:Drivers/STM32F1xx_HAL_Driver/Src/stm32f1xx_hal_can.c ****     assert_param(IS_CAN_STDID(pHeader->StdId));
1235:Drivers/STM32F1xx_HAL_Driver/Src/stm32f1xx_hal_can.c ****   }
1236:Drivers/STM32F1xx_HAL_Driver/Src/stm32f1xx_hal_can.c ****   else
1237:Drivers/STM32F1xx_HAL_Driver/Src/stm32f1xx_hal_can.c ****   {
1238:Drivers/STM32F1xx_HAL_Driver/Src/stm32f1xx_hal_can.c ****     assert_param(IS_CAN_EXTID(pHeader->ExtId));
 1116              		.loc 1 1238 5 view .LVU353
1239:Drivers/STM32F1xx_HAL_Driver/Src/stm32f1xx_hal_can.c ****   }
1240:Drivers/STM32F1xx_HAL_Driver/Src/stm32f1xx_hal_can.c ****   assert_param(IS_FUNCTIONAL_STATE(pHeader->TransmitGlobalTime));
 1117              		.loc 1 1240 3 view .LVU354
1241:Drivers/STM32F1xx_HAL_Driver/Src/stm32f1xx_hal_can.c **** 
1242:Drivers/STM32F1xx_HAL_Driver/Src/stm32f1xx_hal_can.c ****   if ((state == HAL_CAN_STATE_READY) ||
 1118              		.loc 1 1242 3 view .LVU355
 1119              		.loc 1 1242 38 is_stmt 0 view .LVU356
 1120 000a 0CF1FF3C 		add	ip, ip, #-1
 1121              	.LVL69:
 1122              		.loc 1 1242 38 view .LVU357
 1123 000e 5FFA8CFC 		uxtb	ip, ip
 1124              		.loc 1 1242 6 view .LVU358
 1125 0012 BCF1010F 		cmp	ip, #1
 1126 0016 6BD8     		bhi	.L97
1243:Drivers/STM32F1xx_HAL_Driver/Src/stm32f1xx_hal_can.c ****       (state == HAL_CAN_STATE_LISTENING))
1244:Drivers/STM32F1xx_HAL_Driver/Src/stm32f1xx_hal_can.c ****   {
1245:Drivers/STM32F1xx_HAL_Driver/Src/stm32f1xx_hal_can.c ****     /* Check that all the Tx mailboxes are not full */
1246:Drivers/STM32F1xx_HAL_Driver/Src/stm32f1xx_hal_can.c ****     if (((tsr & CAN_TSR_TME0) != 0U) ||
 1127              		.loc 1 1246 5 is_stmt 1 view .LVU359
 1128              		.loc 1 1246 8 is_stmt 0 view .LVU360
 1129 0018 14F0E05F 		tst	r4, #469762048
 1130 001c 62D0     		beq	.L98
1247:Drivers/STM32F1xx_HAL_Driver/Src/stm32f1xx_hal_can.c ****         ((tsr & CAN_TSR_TME1) != 0U) ||
1248:Drivers/STM32F1xx_HAL_Driver/Src/stm32f1xx_hal_can.c ****         ((tsr & CAN_TSR_TME2) != 0U))
1249:Drivers/STM32F1xx_HAL_Driver/Src/stm32f1xx_hal_can.c ****     {
1250:Drivers/STM32F1xx_HAL_Driver/Src/stm32f1xx_hal_can.c ****       /* Select an empty transmit mailbox */
1251:Drivers/STM32F1xx_HAL_Driver/Src/stm32f1xx_hal_can.c ****       transmitmailbox = (tsr & CAN_TSR_CODE) >> CAN_TSR_CODE_Pos;
 1131              		.loc 1 1251 7 is_stmt 1 view .LVU361
 1132              		.loc 1 1251 23 is_stmt 0 view .LVU362
 1133 001e C4F3016C 		ubfx	ip, r4, #24, #2
 1134              	.LVL70:
1252:Drivers/STM32F1xx_HAL_Driver/Src/stm32f1xx_hal_can.c **** 
1253:Drivers/STM32F1xx_HAL_Driver/Src/stm32f1xx_hal_can.c ****       /* Check transmit mailbox value */
1254:Drivers/STM32F1xx_HAL_Driver/Src/stm32f1xx_hal_can.c ****       if (transmitmailbox > 2U)
 1135              		.loc 1 1254 7 is_stmt 1 view .LVU363
 1136              		.loc 1 1254 10 is_stmt 0 view .LVU364
 1137 0022 BCF1020F 		cmp	ip, #2
 1138 0026 05D9     		bls	.L99
1255:Drivers/STM32F1xx_HAL_Driver/Src/stm32f1xx_hal_can.c ****       {
1256:Drivers/STM32F1xx_HAL_Driver/Src/stm32f1xx_hal_can.c ****         /* Update error code */
1257:Drivers/STM32F1xx_HAL_Driver/Src/stm32f1xx_hal_can.c ****         hcan->ErrorCode |= HAL_CAN_ERROR_INTERNAL;
 1139              		.loc 1 1257 9 is_stmt 1 view .LVU365
 1140              		.loc 1 1257 25 is_stmt 0 view .LVU366
 1141 0028 436A     		ldr	r3, [r0, #36]
 1142              	.LVL71:
 1143              		.loc 1 1257 25 view .LVU367
ARM GAS  C:\Users\ride_pig\AppData\Local\Temp\ccAMFt1h.s 			page 47


 1144 002a 43F40003 		orr	r3, r3, #8388608
 1145 002e 4362     		str	r3, [r0, #36]
1258:Drivers/STM32F1xx_HAL_Driver/Src/stm32f1xx_hal_can.c **** 
1259:Drivers/STM32F1xx_HAL_Driver/Src/stm32f1xx_hal_can.c ****         return HAL_ERROR;
 1146              		.loc 1 1259 9 is_stmt 1 view .LVU368
 1147              		.loc 1 1259 16 is_stmt 0 view .LVU369
 1148 0030 0120     		movs	r0, #1
 1149              	.LVL72:
 1150              		.loc 1 1259 16 view .LVU370
 1151 0032 62E0     		b	.L100
 1152              	.LVL73:
 1153              	.L99:
1260:Drivers/STM32F1xx_HAL_Driver/Src/stm32f1xx_hal_can.c ****       }
1261:Drivers/STM32F1xx_HAL_Driver/Src/stm32f1xx_hal_can.c **** 
1262:Drivers/STM32F1xx_HAL_Driver/Src/stm32f1xx_hal_can.c ****       /* Store the Tx mailbox */
1263:Drivers/STM32F1xx_HAL_Driver/Src/stm32f1xx_hal_can.c ****       *pTxMailbox = (uint32_t)1 << transmitmailbox;
 1154              		.loc 1 1263 7 is_stmt 1 view .LVU371
 1155              		.loc 1 1263 33 is_stmt 0 view .LVU372
 1156 0034 0124     		movs	r4, #1
 1157              	.LVL74:
 1158              		.loc 1 1263 33 view .LVU373
 1159 0036 04FA0CF4 		lsl	r4, r4, ip
 1160              		.loc 1 1263 19 view .LVU374
 1161 003a 1C60     		str	r4, [r3]
1264:Drivers/STM32F1xx_HAL_Driver/Src/stm32f1xx_hal_can.c **** 
1265:Drivers/STM32F1xx_HAL_Driver/Src/stm32f1xx_hal_can.c ****       /* Set up the Id */
1266:Drivers/STM32F1xx_HAL_Driver/Src/stm32f1xx_hal_can.c ****       if (pHeader->IDE == CAN_ID_STD)
 1162              		.loc 1 1266 7 is_stmt 1 view .LVU375
 1163              		.loc 1 1266 18 is_stmt 0 view .LVU376
 1164 003c 8B68     		ldr	r3, [r1, #8]
 1165              	.LVL75:
 1166              		.loc 1 1266 10 view .LVU377
 1167 003e 002B     		cmp	r3, #0
 1168 0040 3DD1     		bne	.L101
1267:Drivers/STM32F1xx_HAL_Driver/Src/stm32f1xx_hal_can.c ****       {
1268:Drivers/STM32F1xx_HAL_Driver/Src/stm32f1xx_hal_can.c ****         hcan->Instance->sTxMailBox[transmitmailbox].TIR = ((pHeader->StdId << CAN_TI0R_STID_Pos) |
 1169              		.loc 1 1268 9 is_stmt 1 view .LVU378
 1170              		.loc 1 1268 68 is_stmt 0 view .LVU379
 1171 0042 0D68     		ldr	r5, [r1]
1269:Drivers/STM32F1xx_HAL_Driver/Src/stm32f1xx_hal_can.c ****                                                            pHeader->RTR);
 1172              		.loc 1 1269 67 view .LVU380
 1173 0044 CB68     		ldr	r3, [r1, #12]
1268:Drivers/STM32F1xx_HAL_Driver/Src/stm32f1xx_hal_can.c ****                                                            pHeader->RTR);
 1174              		.loc 1 1268 13 view .LVU381
 1175 0046 0468     		ldr	r4, [r0]
1268:Drivers/STM32F1xx_HAL_Driver/Src/stm32f1xx_hal_can.c ****                                                            pHeader->RTR);
 1176              		.loc 1 1268 98 view .LVU382
 1177 0048 43EA4555 		orr	r5, r3, r5, lsl #21
1268:Drivers/STM32F1xx_HAL_Driver/Src/stm32f1xx_hal_can.c ****                                                            pHeader->RTR);
 1178              		.loc 1 1268 57 view .LVU383
 1179 004c 0CF11803 		add	r3, ip, #24
 1180 0050 1B01     		lsls	r3, r3, #4
 1181 0052 E550     		str	r5, [r4, r3]
 1182              	.L102:
1270:Drivers/STM32F1xx_HAL_Driver/Src/stm32f1xx_hal_can.c ****       }
1271:Drivers/STM32F1xx_HAL_Driver/Src/stm32f1xx_hal_can.c ****       else
1272:Drivers/STM32F1xx_HAL_Driver/Src/stm32f1xx_hal_can.c ****       {
ARM GAS  C:\Users\ride_pig\AppData\Local\Temp\ccAMFt1h.s 			page 48


1273:Drivers/STM32F1xx_HAL_Driver/Src/stm32f1xx_hal_can.c ****         hcan->Instance->sTxMailBox[transmitmailbox].TIR = ((pHeader->ExtId << CAN_TI0R_EXID_Pos) |
1274:Drivers/STM32F1xx_HAL_Driver/Src/stm32f1xx_hal_can.c ****                                                            pHeader->IDE |
1275:Drivers/STM32F1xx_HAL_Driver/Src/stm32f1xx_hal_can.c ****                                                            pHeader->RTR);
1276:Drivers/STM32F1xx_HAL_Driver/Src/stm32f1xx_hal_can.c ****       }
1277:Drivers/STM32F1xx_HAL_Driver/Src/stm32f1xx_hal_can.c **** 
1278:Drivers/STM32F1xx_HAL_Driver/Src/stm32f1xx_hal_can.c ****       /* Set up the DLC */
1279:Drivers/STM32F1xx_HAL_Driver/Src/stm32f1xx_hal_can.c ****       hcan->Instance->sTxMailBox[transmitmailbox].TDTR = (pHeader->DLC);
 1183              		.loc 1 1279 7 is_stmt 1 view .LVU384
 1184              		.loc 1 1279 11 is_stmt 0 view .LVU385
 1185 0054 0368     		ldr	r3, [r0]
 1186              		.loc 1 1279 66 view .LVU386
 1187 0056 0C69     		ldr	r4, [r1, #16]
 1188              		.loc 1 1279 56 view .LVU387
 1189 0058 0CF1180E 		add	lr, ip, #24
 1190 005c 03EB0E13 		add	r3, r3, lr, lsl #4
 1191 0060 5C60     		str	r4, [r3, #4]
1280:Drivers/STM32F1xx_HAL_Driver/Src/stm32f1xx_hal_can.c **** 
1281:Drivers/STM32F1xx_HAL_Driver/Src/stm32f1xx_hal_can.c ****       /* Set up the Transmit Global Time mode */
1282:Drivers/STM32F1xx_HAL_Driver/Src/stm32f1xx_hal_can.c ****       if (pHeader->TransmitGlobalTime == ENABLE)
 1192              		.loc 1 1282 7 is_stmt 1 view .LVU388
 1193              		.loc 1 1282 18 is_stmt 0 view .LVU389
 1194 0062 0B7D     		ldrb	r3, [r1, #20]	@ zero_extendqisi2
 1195              		.loc 1 1282 10 view .LVU390
 1196 0064 012B     		cmp	r3, #1
 1197 0066 35D0     		beq	.L105
 1198              	.LVL76:
 1199              	.L103:
1283:Drivers/STM32F1xx_HAL_Driver/Src/stm32f1xx_hal_can.c ****       {
1284:Drivers/STM32F1xx_HAL_Driver/Src/stm32f1xx_hal_can.c ****         SET_BIT(hcan->Instance->sTxMailBox[transmitmailbox].TDTR, CAN_TDT0R_TGT);
1285:Drivers/STM32F1xx_HAL_Driver/Src/stm32f1xx_hal_can.c ****       }
1286:Drivers/STM32F1xx_HAL_Driver/Src/stm32f1xx_hal_can.c **** 
1287:Drivers/STM32F1xx_HAL_Driver/Src/stm32f1xx_hal_can.c ****       /* Set up the data field */
1288:Drivers/STM32F1xx_HAL_Driver/Src/stm32f1xx_hal_can.c ****       WRITE_REG(hcan->Instance->sTxMailBox[transmitmailbox].TDHR,
 1200              		.loc 1 1288 7 is_stmt 1 view .LVU391
 1201 0068 D179     		ldrb	r1, [r2, #7]	@ zero_extendqisi2
 1202 006a 9379     		ldrb	r3, [r2, #6]	@ zero_extendqisi2
 1203 006c 1B04     		lsls	r3, r3, #16
 1204 006e 43EA0163 		orr	r3, r3, r1, lsl #24
 1205 0072 5179     		ldrb	r1, [r2, #5]	@ zero_extendqisi2
 1206 0074 43EA0123 		orr	r3, r3, r1, lsl #8
 1207 0078 1479     		ldrb	r4, [r2, #4]	@ zero_extendqisi2
 1208 007a 0168     		ldr	r1, [r0]
 1209 007c 2343     		orrs	r3, r3, r4
 1210 007e 01EB0C11 		add	r1, r1, ip, lsl #4
 1211 0082 C1F88C31 		str	r3, [r1, #396]
1289:Drivers/STM32F1xx_HAL_Driver/Src/stm32f1xx_hal_can.c ****                 ((uint32_t)aData[7] << CAN_TDH0R_DATA7_Pos) |
1290:Drivers/STM32F1xx_HAL_Driver/Src/stm32f1xx_hal_can.c ****                 ((uint32_t)aData[6] << CAN_TDH0R_DATA6_Pos) |
1291:Drivers/STM32F1xx_HAL_Driver/Src/stm32f1xx_hal_can.c ****                 ((uint32_t)aData[5] << CAN_TDH0R_DATA5_Pos) |
1292:Drivers/STM32F1xx_HAL_Driver/Src/stm32f1xx_hal_can.c ****                 ((uint32_t)aData[4] << CAN_TDH0R_DATA4_Pos));
1293:Drivers/STM32F1xx_HAL_Driver/Src/stm32f1xx_hal_can.c ****       WRITE_REG(hcan->Instance->sTxMailBox[transmitmailbox].TDLR,
 1212              		.loc 1 1293 7 view .LVU392
 1213 0086 D178     		ldrb	r1, [r2, #3]	@ zero_extendqisi2
 1214 0088 9378     		ldrb	r3, [r2, #2]	@ zero_extendqisi2
 1215 008a 1B04     		lsls	r3, r3, #16
 1216 008c 43EA0163 		orr	r3, r3, r1, lsl #24
 1217 0090 5178     		ldrb	r1, [r2, #1]	@ zero_extendqisi2
 1218 0092 43EA0123 		orr	r3, r3, r1, lsl #8
ARM GAS  C:\Users\ride_pig\AppData\Local\Temp\ccAMFt1h.s 			page 49


 1219 0096 1178     		ldrb	r1, [r2]	@ zero_extendqisi2
 1220 0098 0268     		ldr	r2, [r0]
 1221              	.LVL77:
 1222              		.loc 1 1293 7 is_stmt 0 view .LVU393
 1223 009a 0B43     		orrs	r3, r3, r1
 1224 009c 02EB0C12 		add	r2, r2, ip, lsl #4
 1225 00a0 C2F88831 		str	r3, [r2, #392]
1294:Drivers/STM32F1xx_HAL_Driver/Src/stm32f1xx_hal_can.c ****                 ((uint32_t)aData[3] << CAN_TDL0R_DATA3_Pos) |
1295:Drivers/STM32F1xx_HAL_Driver/Src/stm32f1xx_hal_can.c ****                 ((uint32_t)aData[2] << CAN_TDL0R_DATA2_Pos) |
1296:Drivers/STM32F1xx_HAL_Driver/Src/stm32f1xx_hal_can.c ****                 ((uint32_t)aData[1] << CAN_TDL0R_DATA1_Pos) |
1297:Drivers/STM32F1xx_HAL_Driver/Src/stm32f1xx_hal_can.c ****                 ((uint32_t)aData[0] << CAN_TDL0R_DATA0_Pos));
1298:Drivers/STM32F1xx_HAL_Driver/Src/stm32f1xx_hal_can.c **** 
1299:Drivers/STM32F1xx_HAL_Driver/Src/stm32f1xx_hal_can.c ****       /* Request transmission */
1300:Drivers/STM32F1xx_HAL_Driver/Src/stm32f1xx_hal_can.c ****       SET_BIT(hcan->Instance->sTxMailBox[transmitmailbox].TIR, CAN_TI0R_TXRQ);
 1226              		.loc 1 1300 7 is_stmt 1 view .LVU394
 1227 00a4 0268     		ldr	r2, [r0]
 1228 00a6 0CF1180C 		add	ip, ip, #24
 1229              	.LVL78:
 1230              		.loc 1 1300 7 is_stmt 0 view .LVU395
 1231 00aa 4FEA0C1C 		lsl	ip, ip, #4
 1232 00ae 52F80C30 		ldr	r3, [r2, ip]
 1233 00b2 43F00103 		orr	r3, r3, #1
 1234 00b6 42F80C30 		str	r3, [r2, ip]
1301:Drivers/STM32F1xx_HAL_Driver/Src/stm32f1xx_hal_can.c **** 
1302:Drivers/STM32F1xx_HAL_Driver/Src/stm32f1xx_hal_can.c ****       /* Return function status */
1303:Drivers/STM32F1xx_HAL_Driver/Src/stm32f1xx_hal_can.c ****       return HAL_OK;
 1235              		.loc 1 1303 7 is_stmt 1 view .LVU396
 1236              		.loc 1 1303 14 is_stmt 0 view .LVU397
 1237 00ba 0020     		movs	r0, #0
 1238              	.LVL79:
 1239              		.loc 1 1303 14 view .LVU398
 1240 00bc 1DE0     		b	.L100
 1241              	.LVL80:
 1242              	.L101:
1273:Drivers/STM32F1xx_HAL_Driver/Src/stm32f1xx_hal_can.c ****                                                            pHeader->IDE |
 1243              		.loc 1 1273 9 is_stmt 1 view .LVU399
1273:Drivers/STM32F1xx_HAL_Driver/Src/stm32f1xx_hal_can.c ****                                                            pHeader->IDE |
 1244              		.loc 1 1273 68 is_stmt 0 view .LVU400
 1245 00be 4C68     		ldr	r4, [r1, #4]
1273:Drivers/STM32F1xx_HAL_Driver/Src/stm32f1xx_hal_can.c ****                                                            pHeader->IDE |
 1246              		.loc 1 1273 98 view .LVU401
 1247 00c0 43EAC403 		orr	r3, r3, r4, lsl #3
1275:Drivers/STM32F1xx_HAL_Driver/Src/stm32f1xx_hal_can.c ****       }
 1248              		.loc 1 1275 67 view .LVU402
 1249 00c4 CC68     		ldr	r4, [r1, #12]
1274:Drivers/STM32F1xx_HAL_Driver/Src/stm32f1xx_hal_can.c ****                                                            pHeader->RTR);
 1250              		.loc 1 1274 73 view .LVU403
 1251 00c6 2343     		orrs	r3, r3, r4
1273:Drivers/STM32F1xx_HAL_Driver/Src/stm32f1xx_hal_can.c ****                                                            pHeader->IDE |
 1252              		.loc 1 1273 57 view .LVU404
 1253 00c8 0CF11804 		add	r4, ip, #24
 1254 00cc 2401     		lsls	r4, r4, #4
 1255 00ce 0568     		ldr	r5, [r0]
 1256 00d0 2B51     		str	r3, [r5, r4]
 1257 00d2 BFE7     		b	.L102
 1258              	.L105:
1284:Drivers/STM32F1xx_HAL_Driver/Src/stm32f1xx_hal_can.c ****       }
ARM GAS  C:\Users\ride_pig\AppData\Local\Temp\ccAMFt1h.s 			page 50


 1259              		.loc 1 1284 9 is_stmt 1 view .LVU405
 1260 00d4 0368     		ldr	r3, [r0]
 1261 00d6 03EB0E13 		add	r3, r3, lr, lsl #4
 1262 00da 5968     		ldr	r1, [r3, #4]
 1263              	.LVL81:
1284:Drivers/STM32F1xx_HAL_Driver/Src/stm32f1xx_hal_can.c ****       }
 1264              		.loc 1 1284 9 is_stmt 0 view .LVU406
 1265 00dc 41F48071 		orr	r1, r1, #256
 1266 00e0 5960     		str	r1, [r3, #4]
 1267 00e2 C1E7     		b	.L103
 1268              	.LVL82:
 1269              	.L98:
1304:Drivers/STM32F1xx_HAL_Driver/Src/stm32f1xx_hal_can.c ****     }
1305:Drivers/STM32F1xx_HAL_Driver/Src/stm32f1xx_hal_can.c ****     else
1306:Drivers/STM32F1xx_HAL_Driver/Src/stm32f1xx_hal_can.c ****     {
1307:Drivers/STM32F1xx_HAL_Driver/Src/stm32f1xx_hal_can.c ****       /* Update error code */
1308:Drivers/STM32F1xx_HAL_Driver/Src/stm32f1xx_hal_can.c ****       hcan->ErrorCode |= HAL_CAN_ERROR_PARAM;
 1270              		.loc 1 1308 7 is_stmt 1 view .LVU407
 1271              		.loc 1 1308 23 is_stmt 0 view .LVU408
 1272 00e4 436A     		ldr	r3, [r0, #36]
 1273              	.LVL83:
 1274              		.loc 1 1308 23 view .LVU409
 1275 00e6 43F40013 		orr	r3, r3, #2097152
 1276 00ea 4362     		str	r3, [r0, #36]
1309:Drivers/STM32F1xx_HAL_Driver/Src/stm32f1xx_hal_can.c **** 
1310:Drivers/STM32F1xx_HAL_Driver/Src/stm32f1xx_hal_can.c ****       return HAL_ERROR;
 1277              		.loc 1 1310 7 is_stmt 1 view .LVU410
 1278              		.loc 1 1310 14 is_stmt 0 view .LVU411
 1279 00ec 0120     		movs	r0, #1
 1280              	.LVL84:
 1281              		.loc 1 1310 14 view .LVU412
 1282 00ee 04E0     		b	.L100
 1283              	.LVL85:
 1284              	.L97:
1311:Drivers/STM32F1xx_HAL_Driver/Src/stm32f1xx_hal_can.c ****     }
1312:Drivers/STM32F1xx_HAL_Driver/Src/stm32f1xx_hal_can.c ****   }
1313:Drivers/STM32F1xx_HAL_Driver/Src/stm32f1xx_hal_can.c ****   else
1314:Drivers/STM32F1xx_HAL_Driver/Src/stm32f1xx_hal_can.c ****   {
1315:Drivers/STM32F1xx_HAL_Driver/Src/stm32f1xx_hal_can.c ****     /* Update error code */
1316:Drivers/STM32F1xx_HAL_Driver/Src/stm32f1xx_hal_can.c ****     hcan->ErrorCode |= HAL_CAN_ERROR_NOT_INITIALIZED;
 1285              		.loc 1 1316 5 is_stmt 1 view .LVU413
 1286              		.loc 1 1316 21 is_stmt 0 view .LVU414
 1287 00f0 436A     		ldr	r3, [r0, #36]
 1288              	.LVL86:
 1289              		.loc 1 1316 21 view .LVU415
 1290 00f2 43F48023 		orr	r3, r3, #262144
 1291 00f6 4362     		str	r3, [r0, #36]
1317:Drivers/STM32F1xx_HAL_Driver/Src/stm32f1xx_hal_can.c **** 
1318:Drivers/STM32F1xx_HAL_Driver/Src/stm32f1xx_hal_can.c ****     return HAL_ERROR;
 1292              		.loc 1 1318 5 is_stmt 1 view .LVU416
 1293              		.loc 1 1318 12 is_stmt 0 view .LVU417
 1294 00f8 0120     		movs	r0, #1
 1295              	.LVL87:
 1296              	.L100:
1319:Drivers/STM32F1xx_HAL_Driver/Src/stm32f1xx_hal_can.c ****   }
1320:Drivers/STM32F1xx_HAL_Driver/Src/stm32f1xx_hal_can.c **** }
 1297              		.loc 1 1320 1 view .LVU418
ARM GAS  C:\Users\ride_pig\AppData\Local\Temp\ccAMFt1h.s 			page 51


 1298 00fa 30BD     		pop	{r4, r5, pc}
 1299              		.cfi_endproc
 1300              	.LFE75:
 1302              		.section	.text.HAL_CAN_AbortTxRequest,"ax",%progbits
 1303              		.align	1
 1304              		.global	HAL_CAN_AbortTxRequest
 1305              		.syntax unified
 1306              		.thumb
 1307              		.thumb_func
 1309              	HAL_CAN_AbortTxRequest:
 1310              	.LVL88:
 1311              	.LFB76:
1321:Drivers/STM32F1xx_HAL_Driver/Src/stm32f1xx_hal_can.c **** 
1322:Drivers/STM32F1xx_HAL_Driver/Src/stm32f1xx_hal_can.c **** /**
1323:Drivers/STM32F1xx_HAL_Driver/Src/stm32f1xx_hal_can.c ****   * @brief  Abort transmission requests
1324:Drivers/STM32F1xx_HAL_Driver/Src/stm32f1xx_hal_can.c ****   * @param  hcan pointer to an CAN_HandleTypeDef structure that contains
1325:Drivers/STM32F1xx_HAL_Driver/Src/stm32f1xx_hal_can.c ****   *         the configuration information for the specified CAN.
1326:Drivers/STM32F1xx_HAL_Driver/Src/stm32f1xx_hal_can.c ****   * @param  TxMailboxes List of the Tx Mailboxes to abort.
1327:Drivers/STM32F1xx_HAL_Driver/Src/stm32f1xx_hal_can.c ****   *         This parameter can be any combination of @arg CAN_Tx_Mailboxes.
1328:Drivers/STM32F1xx_HAL_Driver/Src/stm32f1xx_hal_can.c ****   * @retval HAL status
1329:Drivers/STM32F1xx_HAL_Driver/Src/stm32f1xx_hal_can.c ****   */
1330:Drivers/STM32F1xx_HAL_Driver/Src/stm32f1xx_hal_can.c **** HAL_StatusTypeDef HAL_CAN_AbortTxRequest(CAN_HandleTypeDef *hcan, uint32_t TxMailboxes)
1331:Drivers/STM32F1xx_HAL_Driver/Src/stm32f1xx_hal_can.c **** {
 1312              		.loc 1 1331 1 is_stmt 1 view -0
 1313              		.cfi_startproc
 1314              		@ args = 0, pretend = 0, frame = 0
 1315              		@ frame_needed = 0, uses_anonymous_args = 0
 1316              		@ link register save eliminated.
1332:Drivers/STM32F1xx_HAL_Driver/Src/stm32f1xx_hal_can.c ****   HAL_CAN_StateTypeDef state = hcan->State;
 1317              		.loc 1 1332 3 view .LVU420
 1318              		.loc 1 1332 24 is_stmt 0 view .LVU421
 1319 0000 90F82030 		ldrb	r3, [r0, #32]	@ zero_extendqisi2
 1320              	.LVL89:
1333:Drivers/STM32F1xx_HAL_Driver/Src/stm32f1xx_hal_can.c **** 
1334:Drivers/STM32F1xx_HAL_Driver/Src/stm32f1xx_hal_can.c ****   /* Check function parameters */
1335:Drivers/STM32F1xx_HAL_Driver/Src/stm32f1xx_hal_can.c ****   assert_param(IS_CAN_TX_MAILBOX_LIST(TxMailboxes));
 1321              		.loc 1 1335 3 is_stmt 1 view .LVU422
1336:Drivers/STM32F1xx_HAL_Driver/Src/stm32f1xx_hal_can.c **** 
1337:Drivers/STM32F1xx_HAL_Driver/Src/stm32f1xx_hal_can.c ****   if ((state == HAL_CAN_STATE_READY) ||
 1322              		.loc 1 1337 3 view .LVU423
 1323              		.loc 1 1337 38 is_stmt 0 view .LVU424
 1324 0004 013B     		subs	r3, r3, #1
 1325              	.LVL90:
 1326              		.loc 1 1337 38 view .LVU425
 1327 0006 DBB2     		uxtb	r3, r3
 1328              		.loc 1 1337 6 view .LVU426
 1329 0008 012B     		cmp	r3, #1
 1330 000a 05D9     		bls	.L112
1338:Drivers/STM32F1xx_HAL_Driver/Src/stm32f1xx_hal_can.c ****       (state == HAL_CAN_STATE_LISTENING))
1339:Drivers/STM32F1xx_HAL_Driver/Src/stm32f1xx_hal_can.c ****   {
1340:Drivers/STM32F1xx_HAL_Driver/Src/stm32f1xx_hal_can.c ****     /* Check Tx Mailbox 0 */
1341:Drivers/STM32F1xx_HAL_Driver/Src/stm32f1xx_hal_can.c ****     if ((TxMailboxes & CAN_TX_MAILBOX0) != 0U)
1342:Drivers/STM32F1xx_HAL_Driver/Src/stm32f1xx_hal_can.c ****     {
1343:Drivers/STM32F1xx_HAL_Driver/Src/stm32f1xx_hal_can.c ****       /* Add cancellation request for Tx Mailbox 0 */
1344:Drivers/STM32F1xx_HAL_Driver/Src/stm32f1xx_hal_can.c ****       SET_BIT(hcan->Instance->TSR, CAN_TSR_ABRQ0);
1345:Drivers/STM32F1xx_HAL_Driver/Src/stm32f1xx_hal_can.c ****     }
1346:Drivers/STM32F1xx_HAL_Driver/Src/stm32f1xx_hal_can.c **** 
ARM GAS  C:\Users\ride_pig\AppData\Local\Temp\ccAMFt1h.s 			page 52


1347:Drivers/STM32F1xx_HAL_Driver/Src/stm32f1xx_hal_can.c ****     /* Check Tx Mailbox 1 */
1348:Drivers/STM32F1xx_HAL_Driver/Src/stm32f1xx_hal_can.c ****     if ((TxMailboxes & CAN_TX_MAILBOX1) != 0U)
1349:Drivers/STM32F1xx_HAL_Driver/Src/stm32f1xx_hal_can.c ****     {
1350:Drivers/STM32F1xx_HAL_Driver/Src/stm32f1xx_hal_can.c ****       /* Add cancellation request for Tx Mailbox 1 */
1351:Drivers/STM32F1xx_HAL_Driver/Src/stm32f1xx_hal_can.c ****       SET_BIT(hcan->Instance->TSR, CAN_TSR_ABRQ1);
1352:Drivers/STM32F1xx_HAL_Driver/Src/stm32f1xx_hal_can.c ****     }
1353:Drivers/STM32F1xx_HAL_Driver/Src/stm32f1xx_hal_can.c **** 
1354:Drivers/STM32F1xx_HAL_Driver/Src/stm32f1xx_hal_can.c ****     /* Check Tx Mailbox 2 */
1355:Drivers/STM32F1xx_HAL_Driver/Src/stm32f1xx_hal_can.c ****     if ((TxMailboxes & CAN_TX_MAILBOX2) != 0U)
1356:Drivers/STM32F1xx_HAL_Driver/Src/stm32f1xx_hal_can.c ****     {
1357:Drivers/STM32F1xx_HAL_Driver/Src/stm32f1xx_hal_can.c ****       /* Add cancellation request for Tx Mailbox 2 */
1358:Drivers/STM32F1xx_HAL_Driver/Src/stm32f1xx_hal_can.c ****       SET_BIT(hcan->Instance->TSR, CAN_TSR_ABRQ2);
1359:Drivers/STM32F1xx_HAL_Driver/Src/stm32f1xx_hal_can.c ****     }
1360:Drivers/STM32F1xx_HAL_Driver/Src/stm32f1xx_hal_can.c **** 
1361:Drivers/STM32F1xx_HAL_Driver/Src/stm32f1xx_hal_can.c ****     /* Return function status */
1362:Drivers/STM32F1xx_HAL_Driver/Src/stm32f1xx_hal_can.c ****     return HAL_OK;
1363:Drivers/STM32F1xx_HAL_Driver/Src/stm32f1xx_hal_can.c ****   }
1364:Drivers/STM32F1xx_HAL_Driver/Src/stm32f1xx_hal_can.c ****   else
1365:Drivers/STM32F1xx_HAL_Driver/Src/stm32f1xx_hal_can.c ****   {
1366:Drivers/STM32F1xx_HAL_Driver/Src/stm32f1xx_hal_can.c ****     /* Update error code */
1367:Drivers/STM32F1xx_HAL_Driver/Src/stm32f1xx_hal_can.c ****     hcan->ErrorCode |= HAL_CAN_ERROR_NOT_INITIALIZED;
 1331              		.loc 1 1367 5 is_stmt 1 view .LVU427
 1332              		.loc 1 1367 21 is_stmt 0 view .LVU428
 1333 000c 436A     		ldr	r3, [r0, #36]
 1334 000e 43F48023 		orr	r3, r3, #262144
 1335 0012 4362     		str	r3, [r0, #36]
1368:Drivers/STM32F1xx_HAL_Driver/Src/stm32f1xx_hal_can.c **** 
1369:Drivers/STM32F1xx_HAL_Driver/Src/stm32f1xx_hal_can.c ****     return HAL_ERROR;
 1336              		.loc 1 1369 5 is_stmt 1 view .LVU429
 1337              		.loc 1 1369 12 is_stmt 0 view .LVU430
 1338 0014 0120     		movs	r0, #1
 1339              	.LVL91:
1370:Drivers/STM32F1xx_HAL_Driver/Src/stm32f1xx_hal_can.c ****   }
1371:Drivers/STM32F1xx_HAL_Driver/Src/stm32f1xx_hal_can.c **** }
 1340              		.loc 1 1371 1 view .LVU431
 1341 0016 7047     		bx	lr
 1342              	.LVL92:
 1343              	.L112:
1341:Drivers/STM32F1xx_HAL_Driver/Src/stm32f1xx_hal_can.c ****     {
 1344              		.loc 1 1341 5 is_stmt 1 view .LVU432
1341:Drivers/STM32F1xx_HAL_Driver/Src/stm32f1xx_hal_can.c ****     {
 1345              		.loc 1 1341 8 is_stmt 0 view .LVU433
 1346 0018 11F0010F 		tst	r1, #1
 1347 001c 04D0     		beq	.L108
1344:Drivers/STM32F1xx_HAL_Driver/Src/stm32f1xx_hal_can.c ****     }
 1348              		.loc 1 1344 7 is_stmt 1 view .LVU434
 1349 001e 0268     		ldr	r2, [r0]
 1350 0020 9368     		ldr	r3, [r2, #8]
 1351 0022 43F08003 		orr	r3, r3, #128
 1352 0026 9360     		str	r3, [r2, #8]
 1353              	.L108:
1348:Drivers/STM32F1xx_HAL_Driver/Src/stm32f1xx_hal_can.c ****     {
 1354              		.loc 1 1348 5 view .LVU435
1348:Drivers/STM32F1xx_HAL_Driver/Src/stm32f1xx_hal_can.c ****     {
 1355              		.loc 1 1348 8 is_stmt 0 view .LVU436
 1356 0028 11F0020F 		tst	r1, #2
 1357 002c 04D0     		beq	.L109
ARM GAS  C:\Users\ride_pig\AppData\Local\Temp\ccAMFt1h.s 			page 53


1351:Drivers/STM32F1xx_HAL_Driver/Src/stm32f1xx_hal_can.c ****     }
 1358              		.loc 1 1351 7 is_stmt 1 view .LVU437
 1359 002e 0268     		ldr	r2, [r0]
 1360 0030 9368     		ldr	r3, [r2, #8]
 1361 0032 43F40043 		orr	r3, r3, #32768
 1362 0036 9360     		str	r3, [r2, #8]
 1363              	.L109:
1355:Drivers/STM32F1xx_HAL_Driver/Src/stm32f1xx_hal_can.c ****     {
 1364              		.loc 1 1355 5 view .LVU438
1355:Drivers/STM32F1xx_HAL_Driver/Src/stm32f1xx_hal_can.c ****     {
 1365              		.loc 1 1355 8 is_stmt 0 view .LVU439
 1366 0038 11F0040F 		tst	r1, #4
 1367 003c 04D0     		beq	.L110
1358:Drivers/STM32F1xx_HAL_Driver/Src/stm32f1xx_hal_can.c ****     }
 1368              		.loc 1 1358 7 is_stmt 1 view .LVU440
 1369 003e 0268     		ldr	r2, [r0]
 1370 0040 9368     		ldr	r3, [r2, #8]
 1371 0042 43F40003 		orr	r3, r3, #8388608
 1372 0046 9360     		str	r3, [r2, #8]
 1373              	.L110:
1362:Drivers/STM32F1xx_HAL_Driver/Src/stm32f1xx_hal_can.c ****   }
 1374              		.loc 1 1362 5 view .LVU441
1362:Drivers/STM32F1xx_HAL_Driver/Src/stm32f1xx_hal_can.c ****   }
 1375              		.loc 1 1362 12 is_stmt 0 view .LVU442
 1376 0048 0020     		movs	r0, #0
 1377              	.LVL93:
1362:Drivers/STM32F1xx_HAL_Driver/Src/stm32f1xx_hal_can.c ****   }
 1378              		.loc 1 1362 12 view .LVU443
 1379 004a 7047     		bx	lr
 1380              		.cfi_endproc
 1381              	.LFE76:
 1383              		.section	.text.HAL_CAN_GetTxMailboxesFreeLevel,"ax",%progbits
 1384              		.align	1
 1385              		.global	HAL_CAN_GetTxMailboxesFreeLevel
 1386              		.syntax unified
 1387              		.thumb
 1388              		.thumb_func
 1390              	HAL_CAN_GetTxMailboxesFreeLevel:
 1391              	.LVL94:
 1392              	.LFB77:
1372:Drivers/STM32F1xx_HAL_Driver/Src/stm32f1xx_hal_can.c **** 
1373:Drivers/STM32F1xx_HAL_Driver/Src/stm32f1xx_hal_can.c **** /**
1374:Drivers/STM32F1xx_HAL_Driver/Src/stm32f1xx_hal_can.c ****   * @brief  Return Tx Mailboxes free level: number of free Tx Mailboxes.
1375:Drivers/STM32F1xx_HAL_Driver/Src/stm32f1xx_hal_can.c ****   * @param  hcan pointer to a CAN_HandleTypeDef structure that contains
1376:Drivers/STM32F1xx_HAL_Driver/Src/stm32f1xx_hal_can.c ****   *         the configuration information for the specified CAN.
1377:Drivers/STM32F1xx_HAL_Driver/Src/stm32f1xx_hal_can.c ****   * @retval Number of free Tx Mailboxes.
1378:Drivers/STM32F1xx_HAL_Driver/Src/stm32f1xx_hal_can.c ****   */
1379:Drivers/STM32F1xx_HAL_Driver/Src/stm32f1xx_hal_can.c **** uint32_t HAL_CAN_GetTxMailboxesFreeLevel(CAN_HandleTypeDef *hcan)
1380:Drivers/STM32F1xx_HAL_Driver/Src/stm32f1xx_hal_can.c **** {
 1393              		.loc 1 1380 1 is_stmt 1 view -0
 1394              		.cfi_startproc
 1395              		@ args = 0, pretend = 0, frame = 0
 1396              		@ frame_needed = 0, uses_anonymous_args = 0
 1397              		@ link register save eliminated.
1381:Drivers/STM32F1xx_HAL_Driver/Src/stm32f1xx_hal_can.c ****   uint32_t freelevel = 0U;
 1398              		.loc 1 1381 3 view .LVU445
1382:Drivers/STM32F1xx_HAL_Driver/Src/stm32f1xx_hal_can.c ****   HAL_CAN_StateTypeDef state = hcan->State;
ARM GAS  C:\Users\ride_pig\AppData\Local\Temp\ccAMFt1h.s 			page 54


 1399              		.loc 1 1382 3 view .LVU446
 1400              		.loc 1 1382 24 is_stmt 0 view .LVU447
 1401 0000 90F82030 		ldrb	r3, [r0, #32]	@ zero_extendqisi2
 1402              	.LVL95:
1383:Drivers/STM32F1xx_HAL_Driver/Src/stm32f1xx_hal_can.c **** 
1384:Drivers/STM32F1xx_HAL_Driver/Src/stm32f1xx_hal_can.c ****   if ((state == HAL_CAN_STATE_READY) ||
 1403              		.loc 1 1384 3 is_stmt 1 view .LVU448
 1404              		.loc 1 1384 38 is_stmt 0 view .LVU449
 1405 0004 013B     		subs	r3, r3, #1
 1406              	.LVL96:
 1407              		.loc 1 1384 38 view .LVU450
 1408 0006 DBB2     		uxtb	r3, r3
 1409              		.loc 1 1384 6 view .LVU451
 1410 0008 012B     		cmp	r3, #1
 1411 000a 01D9     		bls	.L119
1381:Drivers/STM32F1xx_HAL_Driver/Src/stm32f1xx_hal_can.c ****   HAL_CAN_StateTypeDef state = hcan->State;
 1412              		.loc 1 1381 12 view .LVU452
 1413 000c 0020     		movs	r0, #0
 1414              	.LVL97:
1385:Drivers/STM32F1xx_HAL_Driver/Src/stm32f1xx_hal_can.c ****       (state == HAL_CAN_STATE_LISTENING))
1386:Drivers/STM32F1xx_HAL_Driver/Src/stm32f1xx_hal_can.c ****   {
1387:Drivers/STM32F1xx_HAL_Driver/Src/stm32f1xx_hal_can.c ****     /* Check Tx Mailbox 0 status */
1388:Drivers/STM32F1xx_HAL_Driver/Src/stm32f1xx_hal_can.c ****     if ((hcan->Instance->TSR & CAN_TSR_TME0) != 0U)
1389:Drivers/STM32F1xx_HAL_Driver/Src/stm32f1xx_hal_can.c ****     {
1390:Drivers/STM32F1xx_HAL_Driver/Src/stm32f1xx_hal_can.c ****       freelevel++;
1391:Drivers/STM32F1xx_HAL_Driver/Src/stm32f1xx_hal_can.c ****     }
1392:Drivers/STM32F1xx_HAL_Driver/Src/stm32f1xx_hal_can.c **** 
1393:Drivers/STM32F1xx_HAL_Driver/Src/stm32f1xx_hal_can.c ****     /* Check Tx Mailbox 1 status */
1394:Drivers/STM32F1xx_HAL_Driver/Src/stm32f1xx_hal_can.c ****     if ((hcan->Instance->TSR & CAN_TSR_TME1) != 0U)
1395:Drivers/STM32F1xx_HAL_Driver/Src/stm32f1xx_hal_can.c ****     {
1396:Drivers/STM32F1xx_HAL_Driver/Src/stm32f1xx_hal_can.c ****       freelevel++;
1397:Drivers/STM32F1xx_HAL_Driver/Src/stm32f1xx_hal_can.c ****     }
1398:Drivers/STM32F1xx_HAL_Driver/Src/stm32f1xx_hal_can.c **** 
1399:Drivers/STM32F1xx_HAL_Driver/Src/stm32f1xx_hal_can.c ****     /* Check Tx Mailbox 2 status */
1400:Drivers/STM32F1xx_HAL_Driver/Src/stm32f1xx_hal_can.c ****     if ((hcan->Instance->TSR & CAN_TSR_TME2) != 0U)
1401:Drivers/STM32F1xx_HAL_Driver/Src/stm32f1xx_hal_can.c ****     {
1402:Drivers/STM32F1xx_HAL_Driver/Src/stm32f1xx_hal_can.c ****       freelevel++;
1403:Drivers/STM32F1xx_HAL_Driver/Src/stm32f1xx_hal_can.c ****     }
1404:Drivers/STM32F1xx_HAL_Driver/Src/stm32f1xx_hal_can.c ****   }
1405:Drivers/STM32F1xx_HAL_Driver/Src/stm32f1xx_hal_can.c **** 
1406:Drivers/STM32F1xx_HAL_Driver/Src/stm32f1xx_hal_can.c ****   /* Return Tx Mailboxes free level */
1407:Drivers/STM32F1xx_HAL_Driver/Src/stm32f1xx_hal_can.c ****   return freelevel;
 1415              		.loc 1 1407 3 is_stmt 1 view .LVU453
 1416              	.L113:
1408:Drivers/STM32F1xx_HAL_Driver/Src/stm32f1xx_hal_can.c **** }
 1417              		.loc 1 1408 1 is_stmt 0 view .LVU454
 1418 000e 7047     		bx	lr
 1419              	.LVL98:
 1420              	.L119:
1388:Drivers/STM32F1xx_HAL_Driver/Src/stm32f1xx_hal_can.c ****     {
 1421              		.loc 1 1388 5 is_stmt 1 view .LVU455
1388:Drivers/STM32F1xx_HAL_Driver/Src/stm32f1xx_hal_can.c ****     {
 1422              		.loc 1 1388 14 is_stmt 0 view .LVU456
 1423 0010 0368     		ldr	r3, [r0]
1388:Drivers/STM32F1xx_HAL_Driver/Src/stm32f1xx_hal_can.c ****     {
 1424              		.loc 1 1388 24 view .LVU457
 1425 0012 9868     		ldr	r0, [r3, #8]
ARM GAS  C:\Users\ride_pig\AppData\Local\Temp\ccAMFt1h.s 			page 55


 1426              	.LVL99:
1388:Drivers/STM32F1xx_HAL_Driver/Src/stm32f1xx_hal_can.c ****     {
 1427              		.loc 1 1388 8 view .LVU458
 1428 0014 10F08060 		ands	r0, r0, #67108864
 1429 0018 00D0     		beq	.L115
1390:Drivers/STM32F1xx_HAL_Driver/Src/stm32f1xx_hal_can.c ****     }
 1430              		.loc 1 1390 16 view .LVU459
 1431 001a 0120     		movs	r0, #1
 1432              	.L115:
 1433              	.LVL100:
1394:Drivers/STM32F1xx_HAL_Driver/Src/stm32f1xx_hal_can.c ****     {
 1434              		.loc 1 1394 5 is_stmt 1 view .LVU460
1394:Drivers/STM32F1xx_HAL_Driver/Src/stm32f1xx_hal_can.c ****     {
 1435              		.loc 1 1394 24 is_stmt 0 view .LVU461
 1436 001c 9A68     		ldr	r2, [r3, #8]
1394:Drivers/STM32F1xx_HAL_Driver/Src/stm32f1xx_hal_can.c ****     {
 1437              		.loc 1 1394 8 view .LVU462
 1438 001e 12F0006F 		tst	r2, #134217728
 1439 0022 00D0     		beq	.L116
1396:Drivers/STM32F1xx_HAL_Driver/Src/stm32f1xx_hal_can.c ****     }
 1440              		.loc 1 1396 7 is_stmt 1 view .LVU463
1396:Drivers/STM32F1xx_HAL_Driver/Src/stm32f1xx_hal_can.c ****     }
 1441              		.loc 1 1396 16 is_stmt 0 view .LVU464
 1442 0024 0130     		adds	r0, r0, #1
 1443              	.LVL101:
 1444              	.L116:
1400:Drivers/STM32F1xx_HAL_Driver/Src/stm32f1xx_hal_can.c ****     {
 1445              		.loc 1 1400 5 is_stmt 1 view .LVU465
1400:Drivers/STM32F1xx_HAL_Driver/Src/stm32f1xx_hal_can.c ****     {
 1446              		.loc 1 1400 24 is_stmt 0 view .LVU466
 1447 0026 9B68     		ldr	r3, [r3, #8]
1400:Drivers/STM32F1xx_HAL_Driver/Src/stm32f1xx_hal_can.c ****     {
 1448              		.loc 1 1400 8 view .LVU467
 1449 0028 13F0805F 		tst	r3, #268435456
 1450 002c EFD0     		beq	.L113
1402:Drivers/STM32F1xx_HAL_Driver/Src/stm32f1xx_hal_can.c ****     }
 1451              		.loc 1 1402 7 is_stmt 1 view .LVU468
1402:Drivers/STM32F1xx_HAL_Driver/Src/stm32f1xx_hal_can.c ****     }
 1452              		.loc 1 1402 16 is_stmt 0 view .LVU469
 1453 002e 0130     		adds	r0, r0, #1
 1454              	.LVL102:
1402:Drivers/STM32F1xx_HAL_Driver/Src/stm32f1xx_hal_can.c ****     }
 1455              		.loc 1 1402 16 view .LVU470
 1456 0030 7047     		bx	lr
 1457              		.cfi_endproc
 1458              	.LFE77:
 1460              		.section	.text.HAL_CAN_IsTxMessagePending,"ax",%progbits
 1461              		.align	1
 1462              		.global	HAL_CAN_IsTxMessagePending
 1463              		.syntax unified
 1464              		.thumb
 1465              		.thumb_func
 1467              	HAL_CAN_IsTxMessagePending:
 1468              	.LVL103:
 1469              	.LFB78:
1409:Drivers/STM32F1xx_HAL_Driver/Src/stm32f1xx_hal_can.c **** 
1410:Drivers/STM32F1xx_HAL_Driver/Src/stm32f1xx_hal_can.c **** /**
ARM GAS  C:\Users\ride_pig\AppData\Local\Temp\ccAMFt1h.s 			page 56


1411:Drivers/STM32F1xx_HAL_Driver/Src/stm32f1xx_hal_can.c ****   * @brief  Check if a transmission request is pending on the selected Tx
1412:Drivers/STM32F1xx_HAL_Driver/Src/stm32f1xx_hal_can.c ****   *         Mailboxes.
1413:Drivers/STM32F1xx_HAL_Driver/Src/stm32f1xx_hal_can.c ****   * @param  hcan pointer to an CAN_HandleTypeDef structure that contains
1414:Drivers/STM32F1xx_HAL_Driver/Src/stm32f1xx_hal_can.c ****   *         the configuration information for the specified CAN.
1415:Drivers/STM32F1xx_HAL_Driver/Src/stm32f1xx_hal_can.c ****   * @param  TxMailboxes List of Tx Mailboxes to check.
1416:Drivers/STM32F1xx_HAL_Driver/Src/stm32f1xx_hal_can.c ****   *         This parameter can be any combination of @arg CAN_Tx_Mailboxes.
1417:Drivers/STM32F1xx_HAL_Driver/Src/stm32f1xx_hal_can.c ****   * @retval Status
1418:Drivers/STM32F1xx_HAL_Driver/Src/stm32f1xx_hal_can.c ****   *          - 0 : No pending transmission request on any selected Tx Mailboxes.
1419:Drivers/STM32F1xx_HAL_Driver/Src/stm32f1xx_hal_can.c ****   *          - 1 : Pending transmission request on at least one of the selected
1420:Drivers/STM32F1xx_HAL_Driver/Src/stm32f1xx_hal_can.c ****   *                Tx Mailbox.
1421:Drivers/STM32F1xx_HAL_Driver/Src/stm32f1xx_hal_can.c ****   */
1422:Drivers/STM32F1xx_HAL_Driver/Src/stm32f1xx_hal_can.c **** uint32_t HAL_CAN_IsTxMessagePending(CAN_HandleTypeDef *hcan, uint32_t TxMailboxes)
1423:Drivers/STM32F1xx_HAL_Driver/Src/stm32f1xx_hal_can.c **** {
 1470              		.loc 1 1423 1 is_stmt 1 view -0
 1471              		.cfi_startproc
 1472              		@ args = 0, pretend = 0, frame = 0
 1473              		@ frame_needed = 0, uses_anonymous_args = 0
 1474              		@ link register save eliminated.
1424:Drivers/STM32F1xx_HAL_Driver/Src/stm32f1xx_hal_can.c ****   uint32_t status = 0U;
 1475              		.loc 1 1424 3 view .LVU472
1425:Drivers/STM32F1xx_HAL_Driver/Src/stm32f1xx_hal_can.c ****   HAL_CAN_StateTypeDef state = hcan->State;
 1476              		.loc 1 1425 3 view .LVU473
 1477              		.loc 1 1425 24 is_stmt 0 view .LVU474
 1478 0000 90F82030 		ldrb	r3, [r0, #32]	@ zero_extendqisi2
 1479              	.LVL104:
1426:Drivers/STM32F1xx_HAL_Driver/Src/stm32f1xx_hal_can.c **** 
1427:Drivers/STM32F1xx_HAL_Driver/Src/stm32f1xx_hal_can.c ****   /* Check function parameters */
1428:Drivers/STM32F1xx_HAL_Driver/Src/stm32f1xx_hal_can.c ****   assert_param(IS_CAN_TX_MAILBOX_LIST(TxMailboxes));
 1480              		.loc 1 1428 3 is_stmt 1 view .LVU475
1429:Drivers/STM32F1xx_HAL_Driver/Src/stm32f1xx_hal_can.c **** 
1430:Drivers/STM32F1xx_HAL_Driver/Src/stm32f1xx_hal_can.c ****   if ((state == HAL_CAN_STATE_READY) ||
 1481              		.loc 1 1430 3 view .LVU476
 1482              		.loc 1 1430 38 is_stmt 0 view .LVU477
 1483 0004 013B     		subs	r3, r3, #1
 1484              	.LVL105:
 1485              		.loc 1 1430 38 view .LVU478
 1486 0006 DBB2     		uxtb	r3, r3
 1487              		.loc 1 1430 6 view .LVU479
 1488 0008 012B     		cmp	r3, #1
 1489 000a 01D9     		bls	.L124
1424:Drivers/STM32F1xx_HAL_Driver/Src/stm32f1xx_hal_can.c ****   HAL_CAN_StateTypeDef state = hcan->State;
 1490              		.loc 1 1424 12 view .LVU480
 1491 000c 0020     		movs	r0, #0
 1492              	.LVL106:
1424:Drivers/STM32F1xx_HAL_Driver/Src/stm32f1xx_hal_can.c ****   HAL_CAN_StateTypeDef state = hcan->State;
 1493              		.loc 1 1424 12 view .LVU481
 1494 000e 7047     		bx	lr
 1495              	.LVL107:
 1496              	.L124:
1431:Drivers/STM32F1xx_HAL_Driver/Src/stm32f1xx_hal_can.c ****       (state == HAL_CAN_STATE_LISTENING))
1432:Drivers/STM32F1xx_HAL_Driver/Src/stm32f1xx_hal_can.c ****   {
1433:Drivers/STM32F1xx_HAL_Driver/Src/stm32f1xx_hal_can.c ****     /* Check pending transmission request on the selected Tx Mailboxes */
1434:Drivers/STM32F1xx_HAL_Driver/Src/stm32f1xx_hal_can.c ****     if ((hcan->Instance->TSR & (TxMailboxes << CAN_TSR_TME0_Pos)) != (TxMailboxes << CAN_TSR_TME0_P
 1497              		.loc 1 1434 5 is_stmt 1 view .LVU482
 1498              		.loc 1 1434 14 is_stmt 0 view .LVU483
 1499 0010 0368     		ldr	r3, [r0]
 1500              		.loc 1 1434 24 view .LVU484
ARM GAS  C:\Users\ride_pig\AppData\Local\Temp\ccAMFt1h.s 			page 57


 1501 0012 9B68     		ldr	r3, [r3, #8]
 1502              		.loc 1 1434 30 view .LVU485
 1503 0014 03EA8163 		and	r3, r3, r1, lsl #26
 1504              		.loc 1 1434 8 view .LVU486
 1505 0018 B3EB816F 		cmp	r3, r1, lsl #26
 1506 001c 01D0     		beq	.L125
1435:Drivers/STM32F1xx_HAL_Driver/Src/stm32f1xx_hal_can.c ****     {
1436:Drivers/STM32F1xx_HAL_Driver/Src/stm32f1xx_hal_can.c ****       status = 1U;
 1507              		.loc 1 1436 14 view .LVU487
 1508 001e 0120     		movs	r0, #1
 1509              	.LVL108:
1437:Drivers/STM32F1xx_HAL_Driver/Src/stm32f1xx_hal_can.c ****     }
1438:Drivers/STM32F1xx_HAL_Driver/Src/stm32f1xx_hal_can.c ****   }
1439:Drivers/STM32F1xx_HAL_Driver/Src/stm32f1xx_hal_can.c **** 
1440:Drivers/STM32F1xx_HAL_Driver/Src/stm32f1xx_hal_can.c ****   /* Return status */
1441:Drivers/STM32F1xx_HAL_Driver/Src/stm32f1xx_hal_can.c ****   return status;
 1510              		.loc 1 1441 3 is_stmt 1 view .LVU488
1442:Drivers/STM32F1xx_HAL_Driver/Src/stm32f1xx_hal_can.c **** }
 1511              		.loc 1 1442 1 is_stmt 0 view .LVU489
 1512 0020 7047     		bx	lr
 1513              	.LVL109:
 1514              	.L125:
1424:Drivers/STM32F1xx_HAL_Driver/Src/stm32f1xx_hal_can.c ****   HAL_CAN_StateTypeDef state = hcan->State;
 1515              		.loc 1 1424 12 view .LVU490
 1516 0022 0020     		movs	r0, #0
 1517              	.LVL110:
1424:Drivers/STM32F1xx_HAL_Driver/Src/stm32f1xx_hal_can.c ****   HAL_CAN_StateTypeDef state = hcan->State;
 1518              		.loc 1 1424 12 view .LVU491
 1519 0024 7047     		bx	lr
 1520              		.cfi_endproc
 1521              	.LFE78:
 1523              		.section	.text.HAL_CAN_GetTxTimestamp,"ax",%progbits
 1524              		.align	1
 1525              		.global	HAL_CAN_GetTxTimestamp
 1526              		.syntax unified
 1527              		.thumb
 1528              		.thumb_func
 1530              	HAL_CAN_GetTxTimestamp:
 1531              	.LVL111:
 1532              	.LFB79:
1443:Drivers/STM32F1xx_HAL_Driver/Src/stm32f1xx_hal_can.c **** 
1444:Drivers/STM32F1xx_HAL_Driver/Src/stm32f1xx_hal_can.c **** /**
1445:Drivers/STM32F1xx_HAL_Driver/Src/stm32f1xx_hal_can.c ****   * @brief  Return timestamp of Tx message sent, if time triggered communication
1446:Drivers/STM32F1xx_HAL_Driver/Src/stm32f1xx_hal_can.c ****             mode is enabled.
1447:Drivers/STM32F1xx_HAL_Driver/Src/stm32f1xx_hal_can.c ****   * @param  hcan pointer to a CAN_HandleTypeDef structure that contains
1448:Drivers/STM32F1xx_HAL_Driver/Src/stm32f1xx_hal_can.c ****   *         the configuration information for the specified CAN.
1449:Drivers/STM32F1xx_HAL_Driver/Src/stm32f1xx_hal_can.c ****   * @param  TxMailbox Tx Mailbox where the timestamp of message sent will be
1450:Drivers/STM32F1xx_HAL_Driver/Src/stm32f1xx_hal_can.c ****   *         read.
1451:Drivers/STM32F1xx_HAL_Driver/Src/stm32f1xx_hal_can.c ****   *         This parameter can be one value of @arg CAN_Tx_Mailboxes.
1452:Drivers/STM32F1xx_HAL_Driver/Src/stm32f1xx_hal_can.c ****   * @retval Timestamp of message sent from Tx Mailbox.
1453:Drivers/STM32F1xx_HAL_Driver/Src/stm32f1xx_hal_can.c ****   */
1454:Drivers/STM32F1xx_HAL_Driver/Src/stm32f1xx_hal_can.c **** uint32_t HAL_CAN_GetTxTimestamp(CAN_HandleTypeDef *hcan, uint32_t TxMailbox)
1455:Drivers/STM32F1xx_HAL_Driver/Src/stm32f1xx_hal_can.c **** {
 1533              		.loc 1 1455 1 is_stmt 1 view -0
 1534              		.cfi_startproc
 1535              		@ args = 0, pretend = 0, frame = 0
 1536              		@ frame_needed = 0, uses_anonymous_args = 0
ARM GAS  C:\Users\ride_pig\AppData\Local\Temp\ccAMFt1h.s 			page 58


 1537              		@ link register save eliminated.
1456:Drivers/STM32F1xx_HAL_Driver/Src/stm32f1xx_hal_can.c ****   uint32_t timestamp = 0U;
 1538              		.loc 1 1456 3 view .LVU493
1457:Drivers/STM32F1xx_HAL_Driver/Src/stm32f1xx_hal_can.c ****   uint32_t transmitmailbox;
 1539              		.loc 1 1457 3 view .LVU494
1458:Drivers/STM32F1xx_HAL_Driver/Src/stm32f1xx_hal_can.c ****   HAL_CAN_StateTypeDef state = hcan->State;
 1540              		.loc 1 1458 3 view .LVU495
 1541              		.loc 1 1458 24 is_stmt 0 view .LVU496
 1542 0000 90F82030 		ldrb	r3, [r0, #32]	@ zero_extendqisi2
 1543              	.LVL112:
1459:Drivers/STM32F1xx_HAL_Driver/Src/stm32f1xx_hal_can.c **** 
1460:Drivers/STM32F1xx_HAL_Driver/Src/stm32f1xx_hal_can.c ****   /* Check function parameters */
1461:Drivers/STM32F1xx_HAL_Driver/Src/stm32f1xx_hal_can.c ****   assert_param(IS_CAN_TX_MAILBOX(TxMailbox));
 1544              		.loc 1 1461 3 is_stmt 1 view .LVU497
1462:Drivers/STM32F1xx_HAL_Driver/Src/stm32f1xx_hal_can.c **** 
1463:Drivers/STM32F1xx_HAL_Driver/Src/stm32f1xx_hal_can.c ****   if ((state == HAL_CAN_STATE_READY) ||
 1545              		.loc 1 1463 3 view .LVU498
 1546              		.loc 1 1463 38 is_stmt 0 view .LVU499
 1547 0004 013B     		subs	r3, r3, #1
 1548              	.LVL113:
 1549              		.loc 1 1463 38 view .LVU500
 1550 0006 DBB2     		uxtb	r3, r3
 1551              		.loc 1 1463 6 view .LVU501
 1552 0008 012B     		cmp	r3, #1
 1553 000a 01D9     		bls	.L129
1456:Drivers/STM32F1xx_HAL_Driver/Src/stm32f1xx_hal_can.c ****   uint32_t transmitmailbox;
 1554              		.loc 1 1456 12 view .LVU502
 1555 000c 0020     		movs	r0, #0
 1556              	.LVL114:
1464:Drivers/STM32F1xx_HAL_Driver/Src/stm32f1xx_hal_can.c ****       (state == HAL_CAN_STATE_LISTENING))
1465:Drivers/STM32F1xx_HAL_Driver/Src/stm32f1xx_hal_can.c ****   {
1466:Drivers/STM32F1xx_HAL_Driver/Src/stm32f1xx_hal_can.c ****     /* Select the Tx mailbox */
1467:Drivers/STM32F1xx_HAL_Driver/Src/stm32f1xx_hal_can.c ****     transmitmailbox = POSITION_VAL(TxMailbox);
1468:Drivers/STM32F1xx_HAL_Driver/Src/stm32f1xx_hal_can.c **** 
1469:Drivers/STM32F1xx_HAL_Driver/Src/stm32f1xx_hal_can.c ****     /* Get timestamp */
1470:Drivers/STM32F1xx_HAL_Driver/Src/stm32f1xx_hal_can.c ****     timestamp = (hcan->Instance->sTxMailBox[transmitmailbox].TDTR & CAN_TDT0R_TIME) >> CAN_TDT0R_TI
1471:Drivers/STM32F1xx_HAL_Driver/Src/stm32f1xx_hal_can.c ****   }
1472:Drivers/STM32F1xx_HAL_Driver/Src/stm32f1xx_hal_can.c **** 
1473:Drivers/STM32F1xx_HAL_Driver/Src/stm32f1xx_hal_can.c ****   /* Return the timestamp */
1474:Drivers/STM32F1xx_HAL_Driver/Src/stm32f1xx_hal_can.c ****   return timestamp;
 1557              		.loc 1 1474 3 is_stmt 1 view .LVU503
1475:Drivers/STM32F1xx_HAL_Driver/Src/stm32f1xx_hal_can.c **** }
 1558              		.loc 1 1475 1 is_stmt 0 view .LVU504
 1559 000e 7047     		bx	lr
 1560              	.LVL115:
 1561              	.L129:
1467:Drivers/STM32F1xx_HAL_Driver/Src/stm32f1xx_hal_can.c **** 
 1562              		.loc 1 1467 5 is_stmt 1 view .LVU505
 1563              	.LBB4:
 1564              	.LBI4:
 1565              		.file 2 "Drivers/CMSIS/Include/cmsis_gcc.h"
   1:Drivers/CMSIS/Include/cmsis_gcc.h **** /**************************************************************************//**
   2:Drivers/CMSIS/Include/cmsis_gcc.h ****  * @file     cmsis_gcc.h
   3:Drivers/CMSIS/Include/cmsis_gcc.h ****  * @brief    CMSIS compiler GCC header file
   4:Drivers/CMSIS/Include/cmsis_gcc.h ****  * @version  V5.0.4
   5:Drivers/CMSIS/Include/cmsis_gcc.h ****  * @date     09. April 2018
   6:Drivers/CMSIS/Include/cmsis_gcc.h ****  ******************************************************************************/
ARM GAS  C:\Users\ride_pig\AppData\Local\Temp\ccAMFt1h.s 			page 59


   7:Drivers/CMSIS/Include/cmsis_gcc.h **** /*
   8:Drivers/CMSIS/Include/cmsis_gcc.h ****  * Copyright (c) 2009-2018 Arm Limited. All rights reserved.
   9:Drivers/CMSIS/Include/cmsis_gcc.h ****  *
  10:Drivers/CMSIS/Include/cmsis_gcc.h ****  * SPDX-License-Identifier: Apache-2.0
  11:Drivers/CMSIS/Include/cmsis_gcc.h ****  *
  12:Drivers/CMSIS/Include/cmsis_gcc.h ****  * Licensed under the Apache License, Version 2.0 (the License); you may
  13:Drivers/CMSIS/Include/cmsis_gcc.h ****  * not use this file except in compliance with the License.
  14:Drivers/CMSIS/Include/cmsis_gcc.h ****  * You may obtain a copy of the License at
  15:Drivers/CMSIS/Include/cmsis_gcc.h ****  *
  16:Drivers/CMSIS/Include/cmsis_gcc.h ****  * www.apache.org/licenses/LICENSE-2.0
  17:Drivers/CMSIS/Include/cmsis_gcc.h ****  *
  18:Drivers/CMSIS/Include/cmsis_gcc.h ****  * Unless required by applicable law or agreed to in writing, software
  19:Drivers/CMSIS/Include/cmsis_gcc.h ****  * distributed under the License is distributed on an AS IS BASIS, WITHOUT
  20:Drivers/CMSIS/Include/cmsis_gcc.h ****  * WARRANTIES OR CONDITIONS OF ANY KIND, either express or implied.
  21:Drivers/CMSIS/Include/cmsis_gcc.h ****  * See the License for the specific language governing permissions and
  22:Drivers/CMSIS/Include/cmsis_gcc.h ****  * limitations under the License.
  23:Drivers/CMSIS/Include/cmsis_gcc.h ****  */
  24:Drivers/CMSIS/Include/cmsis_gcc.h **** 
  25:Drivers/CMSIS/Include/cmsis_gcc.h **** #ifndef __CMSIS_GCC_H
  26:Drivers/CMSIS/Include/cmsis_gcc.h **** #define __CMSIS_GCC_H
  27:Drivers/CMSIS/Include/cmsis_gcc.h **** 
  28:Drivers/CMSIS/Include/cmsis_gcc.h **** /* ignore some GCC warnings */
  29:Drivers/CMSIS/Include/cmsis_gcc.h **** #pragma GCC diagnostic push
  30:Drivers/CMSIS/Include/cmsis_gcc.h **** #pragma GCC diagnostic ignored "-Wsign-conversion"
  31:Drivers/CMSIS/Include/cmsis_gcc.h **** #pragma GCC diagnostic ignored "-Wconversion"
  32:Drivers/CMSIS/Include/cmsis_gcc.h **** #pragma GCC diagnostic ignored "-Wunused-parameter"
  33:Drivers/CMSIS/Include/cmsis_gcc.h **** 
  34:Drivers/CMSIS/Include/cmsis_gcc.h **** /* Fallback for __has_builtin */
  35:Drivers/CMSIS/Include/cmsis_gcc.h **** #ifndef __has_builtin
  36:Drivers/CMSIS/Include/cmsis_gcc.h ****   #define __has_builtin(x) (0)
  37:Drivers/CMSIS/Include/cmsis_gcc.h **** #endif
  38:Drivers/CMSIS/Include/cmsis_gcc.h **** 
  39:Drivers/CMSIS/Include/cmsis_gcc.h **** /* CMSIS compiler specific defines */
  40:Drivers/CMSIS/Include/cmsis_gcc.h **** #ifndef   __ASM
  41:Drivers/CMSIS/Include/cmsis_gcc.h ****   #define __ASM                                  __asm
  42:Drivers/CMSIS/Include/cmsis_gcc.h **** #endif
  43:Drivers/CMSIS/Include/cmsis_gcc.h **** #ifndef   __INLINE
  44:Drivers/CMSIS/Include/cmsis_gcc.h ****   #define __INLINE                               inline
  45:Drivers/CMSIS/Include/cmsis_gcc.h **** #endif
  46:Drivers/CMSIS/Include/cmsis_gcc.h **** #ifndef   __STATIC_INLINE
  47:Drivers/CMSIS/Include/cmsis_gcc.h ****   #define __STATIC_INLINE                        static inline
  48:Drivers/CMSIS/Include/cmsis_gcc.h **** #endif
  49:Drivers/CMSIS/Include/cmsis_gcc.h **** #ifndef   __STATIC_FORCEINLINE                 
  50:Drivers/CMSIS/Include/cmsis_gcc.h ****   #define __STATIC_FORCEINLINE                   __attribute__((always_inline)) static inline
  51:Drivers/CMSIS/Include/cmsis_gcc.h **** #endif                                           
  52:Drivers/CMSIS/Include/cmsis_gcc.h **** #ifndef   __NO_RETURN
  53:Drivers/CMSIS/Include/cmsis_gcc.h ****   #define __NO_RETURN                            __attribute__((__noreturn__))
  54:Drivers/CMSIS/Include/cmsis_gcc.h **** #endif
  55:Drivers/CMSIS/Include/cmsis_gcc.h **** #ifndef   __USED
  56:Drivers/CMSIS/Include/cmsis_gcc.h ****   #define __USED                                 __attribute__((used))
  57:Drivers/CMSIS/Include/cmsis_gcc.h **** #endif
  58:Drivers/CMSIS/Include/cmsis_gcc.h **** #ifndef   __WEAK
  59:Drivers/CMSIS/Include/cmsis_gcc.h ****   #define __WEAK                                 __attribute__((weak))
  60:Drivers/CMSIS/Include/cmsis_gcc.h **** #endif
  61:Drivers/CMSIS/Include/cmsis_gcc.h **** #ifndef   __PACKED
  62:Drivers/CMSIS/Include/cmsis_gcc.h ****   #define __PACKED                               __attribute__((packed, aligned(1)))
  63:Drivers/CMSIS/Include/cmsis_gcc.h **** #endif
ARM GAS  C:\Users\ride_pig\AppData\Local\Temp\ccAMFt1h.s 			page 60


  64:Drivers/CMSIS/Include/cmsis_gcc.h **** #ifndef   __PACKED_STRUCT
  65:Drivers/CMSIS/Include/cmsis_gcc.h ****   #define __PACKED_STRUCT                        struct __attribute__((packed, aligned(1)))
  66:Drivers/CMSIS/Include/cmsis_gcc.h **** #endif
  67:Drivers/CMSIS/Include/cmsis_gcc.h **** #ifndef   __PACKED_UNION
  68:Drivers/CMSIS/Include/cmsis_gcc.h ****   #define __PACKED_UNION                         union __attribute__((packed, aligned(1)))
  69:Drivers/CMSIS/Include/cmsis_gcc.h **** #endif
  70:Drivers/CMSIS/Include/cmsis_gcc.h **** #ifndef   __UNALIGNED_UINT32        /* deprecated */
  71:Drivers/CMSIS/Include/cmsis_gcc.h ****   #pragma GCC diagnostic push
  72:Drivers/CMSIS/Include/cmsis_gcc.h ****   #pragma GCC diagnostic ignored "-Wpacked"
  73:Drivers/CMSIS/Include/cmsis_gcc.h ****   #pragma GCC diagnostic ignored "-Wattributes"
  74:Drivers/CMSIS/Include/cmsis_gcc.h ****   struct __attribute__((packed)) T_UINT32 { uint32_t v; };
  75:Drivers/CMSIS/Include/cmsis_gcc.h ****   #pragma GCC diagnostic pop
  76:Drivers/CMSIS/Include/cmsis_gcc.h ****   #define __UNALIGNED_UINT32(x)                  (((struct T_UINT32 *)(x))->v)
  77:Drivers/CMSIS/Include/cmsis_gcc.h **** #endif
  78:Drivers/CMSIS/Include/cmsis_gcc.h **** #ifndef   __UNALIGNED_UINT16_WRITE
  79:Drivers/CMSIS/Include/cmsis_gcc.h ****   #pragma GCC diagnostic push
  80:Drivers/CMSIS/Include/cmsis_gcc.h ****   #pragma GCC diagnostic ignored "-Wpacked"
  81:Drivers/CMSIS/Include/cmsis_gcc.h ****   #pragma GCC diagnostic ignored "-Wattributes"
  82:Drivers/CMSIS/Include/cmsis_gcc.h ****   __PACKED_STRUCT T_UINT16_WRITE { uint16_t v; };
  83:Drivers/CMSIS/Include/cmsis_gcc.h ****   #pragma GCC diagnostic pop
  84:Drivers/CMSIS/Include/cmsis_gcc.h ****   #define __UNALIGNED_UINT16_WRITE(addr, val)    (void)((((struct T_UINT16_WRITE *)(void *)(addr))-
  85:Drivers/CMSIS/Include/cmsis_gcc.h **** #endif
  86:Drivers/CMSIS/Include/cmsis_gcc.h **** #ifndef   __UNALIGNED_UINT16_READ
  87:Drivers/CMSIS/Include/cmsis_gcc.h ****   #pragma GCC diagnostic push
  88:Drivers/CMSIS/Include/cmsis_gcc.h ****   #pragma GCC diagnostic ignored "-Wpacked"
  89:Drivers/CMSIS/Include/cmsis_gcc.h ****   #pragma GCC diagnostic ignored "-Wattributes"
  90:Drivers/CMSIS/Include/cmsis_gcc.h ****   __PACKED_STRUCT T_UINT16_READ { uint16_t v; };
  91:Drivers/CMSIS/Include/cmsis_gcc.h ****   #pragma GCC diagnostic pop
  92:Drivers/CMSIS/Include/cmsis_gcc.h ****   #define __UNALIGNED_UINT16_READ(addr)          (((const struct T_UINT16_READ *)(const void *)(add
  93:Drivers/CMSIS/Include/cmsis_gcc.h **** #endif
  94:Drivers/CMSIS/Include/cmsis_gcc.h **** #ifndef   __UNALIGNED_UINT32_WRITE
  95:Drivers/CMSIS/Include/cmsis_gcc.h ****   #pragma GCC diagnostic push
  96:Drivers/CMSIS/Include/cmsis_gcc.h ****   #pragma GCC diagnostic ignored "-Wpacked"
  97:Drivers/CMSIS/Include/cmsis_gcc.h ****   #pragma GCC diagnostic ignored "-Wattributes"
  98:Drivers/CMSIS/Include/cmsis_gcc.h ****   __PACKED_STRUCT T_UINT32_WRITE { uint32_t v; };
  99:Drivers/CMSIS/Include/cmsis_gcc.h ****   #pragma GCC diagnostic pop
 100:Drivers/CMSIS/Include/cmsis_gcc.h ****   #define __UNALIGNED_UINT32_WRITE(addr, val)    (void)((((struct T_UINT32_WRITE *)(void *)(addr))-
 101:Drivers/CMSIS/Include/cmsis_gcc.h **** #endif
 102:Drivers/CMSIS/Include/cmsis_gcc.h **** #ifndef   __UNALIGNED_UINT32_READ
 103:Drivers/CMSIS/Include/cmsis_gcc.h ****   #pragma GCC diagnostic push
 104:Drivers/CMSIS/Include/cmsis_gcc.h ****   #pragma GCC diagnostic ignored "-Wpacked"
 105:Drivers/CMSIS/Include/cmsis_gcc.h ****   #pragma GCC diagnostic ignored "-Wattributes"
 106:Drivers/CMSIS/Include/cmsis_gcc.h ****   __PACKED_STRUCT T_UINT32_READ { uint32_t v; };
 107:Drivers/CMSIS/Include/cmsis_gcc.h ****   #pragma GCC diagnostic pop
 108:Drivers/CMSIS/Include/cmsis_gcc.h ****   #define __UNALIGNED_UINT32_READ(addr)          (((const struct T_UINT32_READ *)(const void *)(add
 109:Drivers/CMSIS/Include/cmsis_gcc.h **** #endif
 110:Drivers/CMSIS/Include/cmsis_gcc.h **** #ifndef   __ALIGNED
 111:Drivers/CMSIS/Include/cmsis_gcc.h ****   #define __ALIGNED(x)                           __attribute__((aligned(x)))
 112:Drivers/CMSIS/Include/cmsis_gcc.h **** #endif
 113:Drivers/CMSIS/Include/cmsis_gcc.h **** #ifndef   __RESTRICT
 114:Drivers/CMSIS/Include/cmsis_gcc.h ****   #define __RESTRICT                             __restrict
 115:Drivers/CMSIS/Include/cmsis_gcc.h **** #endif
 116:Drivers/CMSIS/Include/cmsis_gcc.h **** 
 117:Drivers/CMSIS/Include/cmsis_gcc.h **** 
 118:Drivers/CMSIS/Include/cmsis_gcc.h **** /* ###########################  Core Function Access  ########################### */
 119:Drivers/CMSIS/Include/cmsis_gcc.h **** /** \ingroup  CMSIS_Core_FunctionInterface
 120:Drivers/CMSIS/Include/cmsis_gcc.h ****     \defgroup CMSIS_Core_RegAccFunctions CMSIS Core Register Access Functions
ARM GAS  C:\Users\ride_pig\AppData\Local\Temp\ccAMFt1h.s 			page 61


 121:Drivers/CMSIS/Include/cmsis_gcc.h ****   @{
 122:Drivers/CMSIS/Include/cmsis_gcc.h ****  */
 123:Drivers/CMSIS/Include/cmsis_gcc.h **** 
 124:Drivers/CMSIS/Include/cmsis_gcc.h **** /**
 125:Drivers/CMSIS/Include/cmsis_gcc.h ****   \brief   Enable IRQ Interrupts
 126:Drivers/CMSIS/Include/cmsis_gcc.h ****   \details Enables IRQ interrupts by clearing the I-bit in the CPSR.
 127:Drivers/CMSIS/Include/cmsis_gcc.h ****            Can only be executed in Privileged modes.
 128:Drivers/CMSIS/Include/cmsis_gcc.h ****  */
 129:Drivers/CMSIS/Include/cmsis_gcc.h **** __STATIC_FORCEINLINE void __enable_irq(void)
 130:Drivers/CMSIS/Include/cmsis_gcc.h **** {
 131:Drivers/CMSIS/Include/cmsis_gcc.h ****   __ASM volatile ("cpsie i" : : : "memory");
 132:Drivers/CMSIS/Include/cmsis_gcc.h **** }
 133:Drivers/CMSIS/Include/cmsis_gcc.h **** 
 134:Drivers/CMSIS/Include/cmsis_gcc.h **** 
 135:Drivers/CMSIS/Include/cmsis_gcc.h **** /**
 136:Drivers/CMSIS/Include/cmsis_gcc.h ****   \brief   Disable IRQ Interrupts
 137:Drivers/CMSIS/Include/cmsis_gcc.h ****   \details Disables IRQ interrupts by setting the I-bit in the CPSR.
 138:Drivers/CMSIS/Include/cmsis_gcc.h ****            Can only be executed in Privileged modes.
 139:Drivers/CMSIS/Include/cmsis_gcc.h ****  */
 140:Drivers/CMSIS/Include/cmsis_gcc.h **** __STATIC_FORCEINLINE void __disable_irq(void)
 141:Drivers/CMSIS/Include/cmsis_gcc.h **** {
 142:Drivers/CMSIS/Include/cmsis_gcc.h ****   __ASM volatile ("cpsid i" : : : "memory");
 143:Drivers/CMSIS/Include/cmsis_gcc.h **** }
 144:Drivers/CMSIS/Include/cmsis_gcc.h **** 
 145:Drivers/CMSIS/Include/cmsis_gcc.h **** 
 146:Drivers/CMSIS/Include/cmsis_gcc.h **** /**
 147:Drivers/CMSIS/Include/cmsis_gcc.h ****   \brief   Get Control Register
 148:Drivers/CMSIS/Include/cmsis_gcc.h ****   \details Returns the content of the Control Register.
 149:Drivers/CMSIS/Include/cmsis_gcc.h ****   \return               Control Register value
 150:Drivers/CMSIS/Include/cmsis_gcc.h ****  */
 151:Drivers/CMSIS/Include/cmsis_gcc.h **** __STATIC_FORCEINLINE uint32_t __get_CONTROL(void)
 152:Drivers/CMSIS/Include/cmsis_gcc.h **** {
 153:Drivers/CMSIS/Include/cmsis_gcc.h ****   uint32_t result;
 154:Drivers/CMSIS/Include/cmsis_gcc.h **** 
 155:Drivers/CMSIS/Include/cmsis_gcc.h ****   __ASM volatile ("MRS %0, control" : "=r" (result) );
 156:Drivers/CMSIS/Include/cmsis_gcc.h ****   return(result);
 157:Drivers/CMSIS/Include/cmsis_gcc.h **** }
 158:Drivers/CMSIS/Include/cmsis_gcc.h **** 
 159:Drivers/CMSIS/Include/cmsis_gcc.h **** 
 160:Drivers/CMSIS/Include/cmsis_gcc.h **** #if (defined (__ARM_FEATURE_CMSE ) && (__ARM_FEATURE_CMSE == 3))
 161:Drivers/CMSIS/Include/cmsis_gcc.h **** /**
 162:Drivers/CMSIS/Include/cmsis_gcc.h ****   \brief   Get Control Register (non-secure)
 163:Drivers/CMSIS/Include/cmsis_gcc.h ****   \details Returns the content of the non-secure Control Register when in secure mode.
 164:Drivers/CMSIS/Include/cmsis_gcc.h ****   \return               non-secure Control Register value
 165:Drivers/CMSIS/Include/cmsis_gcc.h ****  */
 166:Drivers/CMSIS/Include/cmsis_gcc.h **** __STATIC_FORCEINLINE uint32_t __TZ_get_CONTROL_NS(void)
 167:Drivers/CMSIS/Include/cmsis_gcc.h **** {
 168:Drivers/CMSIS/Include/cmsis_gcc.h ****   uint32_t result;
 169:Drivers/CMSIS/Include/cmsis_gcc.h **** 
 170:Drivers/CMSIS/Include/cmsis_gcc.h ****   __ASM volatile ("MRS %0, control_ns" : "=r" (result) );
 171:Drivers/CMSIS/Include/cmsis_gcc.h ****   return(result);
 172:Drivers/CMSIS/Include/cmsis_gcc.h **** }
 173:Drivers/CMSIS/Include/cmsis_gcc.h **** #endif
 174:Drivers/CMSIS/Include/cmsis_gcc.h **** 
 175:Drivers/CMSIS/Include/cmsis_gcc.h **** 
 176:Drivers/CMSIS/Include/cmsis_gcc.h **** /**
 177:Drivers/CMSIS/Include/cmsis_gcc.h ****   \brief   Set Control Register
ARM GAS  C:\Users\ride_pig\AppData\Local\Temp\ccAMFt1h.s 			page 62


 178:Drivers/CMSIS/Include/cmsis_gcc.h ****   \details Writes the given value to the Control Register.
 179:Drivers/CMSIS/Include/cmsis_gcc.h ****   \param [in]    control  Control Register value to set
 180:Drivers/CMSIS/Include/cmsis_gcc.h ****  */
 181:Drivers/CMSIS/Include/cmsis_gcc.h **** __STATIC_FORCEINLINE void __set_CONTROL(uint32_t control)
 182:Drivers/CMSIS/Include/cmsis_gcc.h **** {
 183:Drivers/CMSIS/Include/cmsis_gcc.h ****   __ASM volatile ("MSR control, %0" : : "r" (control) : "memory");
 184:Drivers/CMSIS/Include/cmsis_gcc.h **** }
 185:Drivers/CMSIS/Include/cmsis_gcc.h **** 
 186:Drivers/CMSIS/Include/cmsis_gcc.h **** 
 187:Drivers/CMSIS/Include/cmsis_gcc.h **** #if (defined (__ARM_FEATURE_CMSE ) && (__ARM_FEATURE_CMSE == 3))
 188:Drivers/CMSIS/Include/cmsis_gcc.h **** /**
 189:Drivers/CMSIS/Include/cmsis_gcc.h ****   \brief   Set Control Register (non-secure)
 190:Drivers/CMSIS/Include/cmsis_gcc.h ****   \details Writes the given value to the non-secure Control Register when in secure state.
 191:Drivers/CMSIS/Include/cmsis_gcc.h ****   \param [in]    control  Control Register value to set
 192:Drivers/CMSIS/Include/cmsis_gcc.h ****  */
 193:Drivers/CMSIS/Include/cmsis_gcc.h **** __STATIC_FORCEINLINE void __TZ_set_CONTROL_NS(uint32_t control)
 194:Drivers/CMSIS/Include/cmsis_gcc.h **** {
 195:Drivers/CMSIS/Include/cmsis_gcc.h ****   __ASM volatile ("MSR control_ns, %0" : : "r" (control) : "memory");
 196:Drivers/CMSIS/Include/cmsis_gcc.h **** }
 197:Drivers/CMSIS/Include/cmsis_gcc.h **** #endif
 198:Drivers/CMSIS/Include/cmsis_gcc.h **** 
 199:Drivers/CMSIS/Include/cmsis_gcc.h **** 
 200:Drivers/CMSIS/Include/cmsis_gcc.h **** /**
 201:Drivers/CMSIS/Include/cmsis_gcc.h ****   \brief   Get IPSR Register
 202:Drivers/CMSIS/Include/cmsis_gcc.h ****   \details Returns the content of the IPSR Register.
 203:Drivers/CMSIS/Include/cmsis_gcc.h ****   \return               IPSR Register value
 204:Drivers/CMSIS/Include/cmsis_gcc.h ****  */
 205:Drivers/CMSIS/Include/cmsis_gcc.h **** __STATIC_FORCEINLINE uint32_t __get_IPSR(void)
 206:Drivers/CMSIS/Include/cmsis_gcc.h **** {
 207:Drivers/CMSIS/Include/cmsis_gcc.h ****   uint32_t result;
 208:Drivers/CMSIS/Include/cmsis_gcc.h **** 
 209:Drivers/CMSIS/Include/cmsis_gcc.h ****   __ASM volatile ("MRS %0, ipsr" : "=r" (result) );
 210:Drivers/CMSIS/Include/cmsis_gcc.h ****   return(result);
 211:Drivers/CMSIS/Include/cmsis_gcc.h **** }
 212:Drivers/CMSIS/Include/cmsis_gcc.h **** 
 213:Drivers/CMSIS/Include/cmsis_gcc.h **** 
 214:Drivers/CMSIS/Include/cmsis_gcc.h **** /**
 215:Drivers/CMSIS/Include/cmsis_gcc.h ****   \brief   Get APSR Register
 216:Drivers/CMSIS/Include/cmsis_gcc.h ****   \details Returns the content of the APSR Register.
 217:Drivers/CMSIS/Include/cmsis_gcc.h ****   \return               APSR Register value
 218:Drivers/CMSIS/Include/cmsis_gcc.h ****  */
 219:Drivers/CMSIS/Include/cmsis_gcc.h **** __STATIC_FORCEINLINE uint32_t __get_APSR(void)
 220:Drivers/CMSIS/Include/cmsis_gcc.h **** {
 221:Drivers/CMSIS/Include/cmsis_gcc.h ****   uint32_t result;
 222:Drivers/CMSIS/Include/cmsis_gcc.h **** 
 223:Drivers/CMSIS/Include/cmsis_gcc.h ****   __ASM volatile ("MRS %0, apsr" : "=r" (result) );
 224:Drivers/CMSIS/Include/cmsis_gcc.h ****   return(result);
 225:Drivers/CMSIS/Include/cmsis_gcc.h **** }
 226:Drivers/CMSIS/Include/cmsis_gcc.h **** 
 227:Drivers/CMSIS/Include/cmsis_gcc.h **** 
 228:Drivers/CMSIS/Include/cmsis_gcc.h **** /**
 229:Drivers/CMSIS/Include/cmsis_gcc.h ****   \brief   Get xPSR Register
 230:Drivers/CMSIS/Include/cmsis_gcc.h ****   \details Returns the content of the xPSR Register.
 231:Drivers/CMSIS/Include/cmsis_gcc.h ****   \return               xPSR Register value
 232:Drivers/CMSIS/Include/cmsis_gcc.h ****  */
 233:Drivers/CMSIS/Include/cmsis_gcc.h **** __STATIC_FORCEINLINE uint32_t __get_xPSR(void)
 234:Drivers/CMSIS/Include/cmsis_gcc.h **** {
ARM GAS  C:\Users\ride_pig\AppData\Local\Temp\ccAMFt1h.s 			page 63


 235:Drivers/CMSIS/Include/cmsis_gcc.h ****   uint32_t result;
 236:Drivers/CMSIS/Include/cmsis_gcc.h **** 
 237:Drivers/CMSIS/Include/cmsis_gcc.h ****   __ASM volatile ("MRS %0, xpsr" : "=r" (result) );
 238:Drivers/CMSIS/Include/cmsis_gcc.h ****   return(result);
 239:Drivers/CMSIS/Include/cmsis_gcc.h **** }
 240:Drivers/CMSIS/Include/cmsis_gcc.h **** 
 241:Drivers/CMSIS/Include/cmsis_gcc.h **** 
 242:Drivers/CMSIS/Include/cmsis_gcc.h **** /**
 243:Drivers/CMSIS/Include/cmsis_gcc.h ****   \brief   Get Process Stack Pointer
 244:Drivers/CMSIS/Include/cmsis_gcc.h ****   \details Returns the current value of the Process Stack Pointer (PSP).
 245:Drivers/CMSIS/Include/cmsis_gcc.h ****   \return               PSP Register value
 246:Drivers/CMSIS/Include/cmsis_gcc.h ****  */
 247:Drivers/CMSIS/Include/cmsis_gcc.h **** __STATIC_FORCEINLINE uint32_t __get_PSP(void)
 248:Drivers/CMSIS/Include/cmsis_gcc.h **** {
 249:Drivers/CMSIS/Include/cmsis_gcc.h ****   uint32_t result;
 250:Drivers/CMSIS/Include/cmsis_gcc.h **** 
 251:Drivers/CMSIS/Include/cmsis_gcc.h ****   __ASM volatile ("MRS %0, psp"  : "=r" (result) );
 252:Drivers/CMSIS/Include/cmsis_gcc.h ****   return(result);
 253:Drivers/CMSIS/Include/cmsis_gcc.h **** }
 254:Drivers/CMSIS/Include/cmsis_gcc.h **** 
 255:Drivers/CMSIS/Include/cmsis_gcc.h **** 
 256:Drivers/CMSIS/Include/cmsis_gcc.h **** #if (defined (__ARM_FEATURE_CMSE ) && (__ARM_FEATURE_CMSE == 3))
 257:Drivers/CMSIS/Include/cmsis_gcc.h **** /**
 258:Drivers/CMSIS/Include/cmsis_gcc.h ****   \brief   Get Process Stack Pointer (non-secure)
 259:Drivers/CMSIS/Include/cmsis_gcc.h ****   \details Returns the current value of the non-secure Process Stack Pointer (PSP) when in secure s
 260:Drivers/CMSIS/Include/cmsis_gcc.h ****   \return               PSP Register value
 261:Drivers/CMSIS/Include/cmsis_gcc.h ****  */
 262:Drivers/CMSIS/Include/cmsis_gcc.h **** __STATIC_FORCEINLINE uint32_t __TZ_get_PSP_NS(void)
 263:Drivers/CMSIS/Include/cmsis_gcc.h **** {
 264:Drivers/CMSIS/Include/cmsis_gcc.h ****   uint32_t result;
 265:Drivers/CMSIS/Include/cmsis_gcc.h **** 
 266:Drivers/CMSIS/Include/cmsis_gcc.h ****   __ASM volatile ("MRS %0, psp_ns"  : "=r" (result) );
 267:Drivers/CMSIS/Include/cmsis_gcc.h ****   return(result);
 268:Drivers/CMSIS/Include/cmsis_gcc.h **** }
 269:Drivers/CMSIS/Include/cmsis_gcc.h **** #endif
 270:Drivers/CMSIS/Include/cmsis_gcc.h **** 
 271:Drivers/CMSIS/Include/cmsis_gcc.h **** 
 272:Drivers/CMSIS/Include/cmsis_gcc.h **** /**
 273:Drivers/CMSIS/Include/cmsis_gcc.h ****   \brief   Set Process Stack Pointer
 274:Drivers/CMSIS/Include/cmsis_gcc.h ****   \details Assigns the given value to the Process Stack Pointer (PSP).
 275:Drivers/CMSIS/Include/cmsis_gcc.h ****   \param [in]    topOfProcStack  Process Stack Pointer value to set
 276:Drivers/CMSIS/Include/cmsis_gcc.h ****  */
 277:Drivers/CMSIS/Include/cmsis_gcc.h **** __STATIC_FORCEINLINE void __set_PSP(uint32_t topOfProcStack)
 278:Drivers/CMSIS/Include/cmsis_gcc.h **** {
 279:Drivers/CMSIS/Include/cmsis_gcc.h ****   __ASM volatile ("MSR psp, %0" : : "r" (topOfProcStack) : );
 280:Drivers/CMSIS/Include/cmsis_gcc.h **** }
 281:Drivers/CMSIS/Include/cmsis_gcc.h **** 
 282:Drivers/CMSIS/Include/cmsis_gcc.h **** 
 283:Drivers/CMSIS/Include/cmsis_gcc.h **** #if (defined (__ARM_FEATURE_CMSE ) && (__ARM_FEATURE_CMSE == 3))
 284:Drivers/CMSIS/Include/cmsis_gcc.h **** /**
 285:Drivers/CMSIS/Include/cmsis_gcc.h ****   \brief   Set Process Stack Pointer (non-secure)
 286:Drivers/CMSIS/Include/cmsis_gcc.h ****   \details Assigns the given value to the non-secure Process Stack Pointer (PSP) when in secure sta
 287:Drivers/CMSIS/Include/cmsis_gcc.h ****   \param [in]    topOfProcStack  Process Stack Pointer value to set
 288:Drivers/CMSIS/Include/cmsis_gcc.h ****  */
 289:Drivers/CMSIS/Include/cmsis_gcc.h **** __STATIC_FORCEINLINE void __TZ_set_PSP_NS(uint32_t topOfProcStack)
 290:Drivers/CMSIS/Include/cmsis_gcc.h **** {
 291:Drivers/CMSIS/Include/cmsis_gcc.h ****   __ASM volatile ("MSR psp_ns, %0" : : "r" (topOfProcStack) : );
ARM GAS  C:\Users\ride_pig\AppData\Local\Temp\ccAMFt1h.s 			page 64


 292:Drivers/CMSIS/Include/cmsis_gcc.h **** }
 293:Drivers/CMSIS/Include/cmsis_gcc.h **** #endif
 294:Drivers/CMSIS/Include/cmsis_gcc.h **** 
 295:Drivers/CMSIS/Include/cmsis_gcc.h **** 
 296:Drivers/CMSIS/Include/cmsis_gcc.h **** /**
 297:Drivers/CMSIS/Include/cmsis_gcc.h ****   \brief   Get Main Stack Pointer
 298:Drivers/CMSIS/Include/cmsis_gcc.h ****   \details Returns the current value of the Main Stack Pointer (MSP).
 299:Drivers/CMSIS/Include/cmsis_gcc.h ****   \return               MSP Register value
 300:Drivers/CMSIS/Include/cmsis_gcc.h ****  */
 301:Drivers/CMSIS/Include/cmsis_gcc.h **** __STATIC_FORCEINLINE uint32_t __get_MSP(void)
 302:Drivers/CMSIS/Include/cmsis_gcc.h **** {
 303:Drivers/CMSIS/Include/cmsis_gcc.h ****   uint32_t result;
 304:Drivers/CMSIS/Include/cmsis_gcc.h **** 
 305:Drivers/CMSIS/Include/cmsis_gcc.h ****   __ASM volatile ("MRS %0, msp" : "=r" (result) );
 306:Drivers/CMSIS/Include/cmsis_gcc.h ****   return(result);
 307:Drivers/CMSIS/Include/cmsis_gcc.h **** }
 308:Drivers/CMSIS/Include/cmsis_gcc.h **** 
 309:Drivers/CMSIS/Include/cmsis_gcc.h **** 
 310:Drivers/CMSIS/Include/cmsis_gcc.h **** #if (defined (__ARM_FEATURE_CMSE ) && (__ARM_FEATURE_CMSE == 3))
 311:Drivers/CMSIS/Include/cmsis_gcc.h **** /**
 312:Drivers/CMSIS/Include/cmsis_gcc.h ****   \brief   Get Main Stack Pointer (non-secure)
 313:Drivers/CMSIS/Include/cmsis_gcc.h ****   \details Returns the current value of the non-secure Main Stack Pointer (MSP) when in secure stat
 314:Drivers/CMSIS/Include/cmsis_gcc.h ****   \return               MSP Register value
 315:Drivers/CMSIS/Include/cmsis_gcc.h ****  */
 316:Drivers/CMSIS/Include/cmsis_gcc.h **** __STATIC_FORCEINLINE uint32_t __TZ_get_MSP_NS(void)
 317:Drivers/CMSIS/Include/cmsis_gcc.h **** {
 318:Drivers/CMSIS/Include/cmsis_gcc.h ****   uint32_t result;
 319:Drivers/CMSIS/Include/cmsis_gcc.h **** 
 320:Drivers/CMSIS/Include/cmsis_gcc.h ****   __ASM volatile ("MRS %0, msp_ns" : "=r" (result) );
 321:Drivers/CMSIS/Include/cmsis_gcc.h ****   return(result);
 322:Drivers/CMSIS/Include/cmsis_gcc.h **** }
 323:Drivers/CMSIS/Include/cmsis_gcc.h **** #endif
 324:Drivers/CMSIS/Include/cmsis_gcc.h **** 
 325:Drivers/CMSIS/Include/cmsis_gcc.h **** 
 326:Drivers/CMSIS/Include/cmsis_gcc.h **** /**
 327:Drivers/CMSIS/Include/cmsis_gcc.h ****   \brief   Set Main Stack Pointer
 328:Drivers/CMSIS/Include/cmsis_gcc.h ****   \details Assigns the given value to the Main Stack Pointer (MSP).
 329:Drivers/CMSIS/Include/cmsis_gcc.h ****   \param [in]    topOfMainStack  Main Stack Pointer value to set
 330:Drivers/CMSIS/Include/cmsis_gcc.h ****  */
 331:Drivers/CMSIS/Include/cmsis_gcc.h **** __STATIC_FORCEINLINE void __set_MSP(uint32_t topOfMainStack)
 332:Drivers/CMSIS/Include/cmsis_gcc.h **** {
 333:Drivers/CMSIS/Include/cmsis_gcc.h ****   __ASM volatile ("MSR msp, %0" : : "r" (topOfMainStack) : );
 334:Drivers/CMSIS/Include/cmsis_gcc.h **** }
 335:Drivers/CMSIS/Include/cmsis_gcc.h **** 
 336:Drivers/CMSIS/Include/cmsis_gcc.h **** 
 337:Drivers/CMSIS/Include/cmsis_gcc.h **** #if (defined (__ARM_FEATURE_CMSE ) && (__ARM_FEATURE_CMSE == 3))
 338:Drivers/CMSIS/Include/cmsis_gcc.h **** /**
 339:Drivers/CMSIS/Include/cmsis_gcc.h ****   \brief   Set Main Stack Pointer (non-secure)
 340:Drivers/CMSIS/Include/cmsis_gcc.h ****   \details Assigns the given value to the non-secure Main Stack Pointer (MSP) when in secure state.
 341:Drivers/CMSIS/Include/cmsis_gcc.h ****   \param [in]    topOfMainStack  Main Stack Pointer value to set
 342:Drivers/CMSIS/Include/cmsis_gcc.h ****  */
 343:Drivers/CMSIS/Include/cmsis_gcc.h **** __STATIC_FORCEINLINE void __TZ_set_MSP_NS(uint32_t topOfMainStack)
 344:Drivers/CMSIS/Include/cmsis_gcc.h **** {
 345:Drivers/CMSIS/Include/cmsis_gcc.h ****   __ASM volatile ("MSR msp_ns, %0" : : "r" (topOfMainStack) : );
 346:Drivers/CMSIS/Include/cmsis_gcc.h **** }
 347:Drivers/CMSIS/Include/cmsis_gcc.h **** #endif
 348:Drivers/CMSIS/Include/cmsis_gcc.h **** 
ARM GAS  C:\Users\ride_pig\AppData\Local\Temp\ccAMFt1h.s 			page 65


 349:Drivers/CMSIS/Include/cmsis_gcc.h **** 
 350:Drivers/CMSIS/Include/cmsis_gcc.h **** #if (defined (__ARM_FEATURE_CMSE ) && (__ARM_FEATURE_CMSE == 3))
 351:Drivers/CMSIS/Include/cmsis_gcc.h **** /**
 352:Drivers/CMSIS/Include/cmsis_gcc.h ****   \brief   Get Stack Pointer (non-secure)
 353:Drivers/CMSIS/Include/cmsis_gcc.h ****   \details Returns the current value of the non-secure Stack Pointer (SP) when in secure state.
 354:Drivers/CMSIS/Include/cmsis_gcc.h ****   \return               SP Register value
 355:Drivers/CMSIS/Include/cmsis_gcc.h ****  */
 356:Drivers/CMSIS/Include/cmsis_gcc.h **** __STATIC_FORCEINLINE uint32_t __TZ_get_SP_NS(void)
 357:Drivers/CMSIS/Include/cmsis_gcc.h **** {
 358:Drivers/CMSIS/Include/cmsis_gcc.h ****   uint32_t result;
 359:Drivers/CMSIS/Include/cmsis_gcc.h **** 
 360:Drivers/CMSIS/Include/cmsis_gcc.h ****   __ASM volatile ("MRS %0, sp_ns" : "=r" (result) );
 361:Drivers/CMSIS/Include/cmsis_gcc.h ****   return(result);
 362:Drivers/CMSIS/Include/cmsis_gcc.h **** }
 363:Drivers/CMSIS/Include/cmsis_gcc.h **** 
 364:Drivers/CMSIS/Include/cmsis_gcc.h **** 
 365:Drivers/CMSIS/Include/cmsis_gcc.h **** /**
 366:Drivers/CMSIS/Include/cmsis_gcc.h ****   \brief   Set Stack Pointer (non-secure)
 367:Drivers/CMSIS/Include/cmsis_gcc.h ****   \details Assigns the given value to the non-secure Stack Pointer (SP) when in secure state.
 368:Drivers/CMSIS/Include/cmsis_gcc.h ****   \param [in]    topOfStack  Stack Pointer value to set
 369:Drivers/CMSIS/Include/cmsis_gcc.h ****  */
 370:Drivers/CMSIS/Include/cmsis_gcc.h **** __STATIC_FORCEINLINE void __TZ_set_SP_NS(uint32_t topOfStack)
 371:Drivers/CMSIS/Include/cmsis_gcc.h **** {
 372:Drivers/CMSIS/Include/cmsis_gcc.h ****   __ASM volatile ("MSR sp_ns, %0" : : "r" (topOfStack) : );
 373:Drivers/CMSIS/Include/cmsis_gcc.h **** }
 374:Drivers/CMSIS/Include/cmsis_gcc.h **** #endif
 375:Drivers/CMSIS/Include/cmsis_gcc.h **** 
 376:Drivers/CMSIS/Include/cmsis_gcc.h **** 
 377:Drivers/CMSIS/Include/cmsis_gcc.h **** /**
 378:Drivers/CMSIS/Include/cmsis_gcc.h ****   \brief   Get Priority Mask
 379:Drivers/CMSIS/Include/cmsis_gcc.h ****   \details Returns the current state of the priority mask bit from the Priority Mask Register.
 380:Drivers/CMSIS/Include/cmsis_gcc.h ****   \return               Priority Mask value
 381:Drivers/CMSIS/Include/cmsis_gcc.h ****  */
 382:Drivers/CMSIS/Include/cmsis_gcc.h **** __STATIC_FORCEINLINE uint32_t __get_PRIMASK(void)
 383:Drivers/CMSIS/Include/cmsis_gcc.h **** {
 384:Drivers/CMSIS/Include/cmsis_gcc.h ****   uint32_t result;
 385:Drivers/CMSIS/Include/cmsis_gcc.h **** 
 386:Drivers/CMSIS/Include/cmsis_gcc.h ****   __ASM volatile ("MRS %0, primask" : "=r" (result) :: "memory");
 387:Drivers/CMSIS/Include/cmsis_gcc.h ****   return(result);
 388:Drivers/CMSIS/Include/cmsis_gcc.h **** }
 389:Drivers/CMSIS/Include/cmsis_gcc.h **** 
 390:Drivers/CMSIS/Include/cmsis_gcc.h **** 
 391:Drivers/CMSIS/Include/cmsis_gcc.h **** #if (defined (__ARM_FEATURE_CMSE ) && (__ARM_FEATURE_CMSE == 3))
 392:Drivers/CMSIS/Include/cmsis_gcc.h **** /**
 393:Drivers/CMSIS/Include/cmsis_gcc.h ****   \brief   Get Priority Mask (non-secure)
 394:Drivers/CMSIS/Include/cmsis_gcc.h ****   \details Returns the current state of the non-secure priority mask bit from the Priority Mask Reg
 395:Drivers/CMSIS/Include/cmsis_gcc.h ****   \return               Priority Mask value
 396:Drivers/CMSIS/Include/cmsis_gcc.h ****  */
 397:Drivers/CMSIS/Include/cmsis_gcc.h **** __STATIC_FORCEINLINE uint32_t __TZ_get_PRIMASK_NS(void)
 398:Drivers/CMSIS/Include/cmsis_gcc.h **** {
 399:Drivers/CMSIS/Include/cmsis_gcc.h ****   uint32_t result;
 400:Drivers/CMSIS/Include/cmsis_gcc.h **** 
 401:Drivers/CMSIS/Include/cmsis_gcc.h ****   __ASM volatile ("MRS %0, primask_ns" : "=r" (result) :: "memory");
 402:Drivers/CMSIS/Include/cmsis_gcc.h ****   return(result);
 403:Drivers/CMSIS/Include/cmsis_gcc.h **** }
 404:Drivers/CMSIS/Include/cmsis_gcc.h **** #endif
 405:Drivers/CMSIS/Include/cmsis_gcc.h **** 
ARM GAS  C:\Users\ride_pig\AppData\Local\Temp\ccAMFt1h.s 			page 66


 406:Drivers/CMSIS/Include/cmsis_gcc.h **** 
 407:Drivers/CMSIS/Include/cmsis_gcc.h **** /**
 408:Drivers/CMSIS/Include/cmsis_gcc.h ****   \brief   Set Priority Mask
 409:Drivers/CMSIS/Include/cmsis_gcc.h ****   \details Assigns the given value to the Priority Mask Register.
 410:Drivers/CMSIS/Include/cmsis_gcc.h ****   \param [in]    priMask  Priority Mask
 411:Drivers/CMSIS/Include/cmsis_gcc.h ****  */
 412:Drivers/CMSIS/Include/cmsis_gcc.h **** __STATIC_FORCEINLINE void __set_PRIMASK(uint32_t priMask)
 413:Drivers/CMSIS/Include/cmsis_gcc.h **** {
 414:Drivers/CMSIS/Include/cmsis_gcc.h ****   __ASM volatile ("MSR primask, %0" : : "r" (priMask) : "memory");
 415:Drivers/CMSIS/Include/cmsis_gcc.h **** }
 416:Drivers/CMSIS/Include/cmsis_gcc.h **** 
 417:Drivers/CMSIS/Include/cmsis_gcc.h **** 
 418:Drivers/CMSIS/Include/cmsis_gcc.h **** #if (defined (__ARM_FEATURE_CMSE ) && (__ARM_FEATURE_CMSE == 3))
 419:Drivers/CMSIS/Include/cmsis_gcc.h **** /**
 420:Drivers/CMSIS/Include/cmsis_gcc.h ****   \brief   Set Priority Mask (non-secure)
 421:Drivers/CMSIS/Include/cmsis_gcc.h ****   \details Assigns the given value to the non-secure Priority Mask Register when in secure state.
 422:Drivers/CMSIS/Include/cmsis_gcc.h ****   \param [in]    priMask  Priority Mask
 423:Drivers/CMSIS/Include/cmsis_gcc.h ****  */
 424:Drivers/CMSIS/Include/cmsis_gcc.h **** __STATIC_FORCEINLINE void __TZ_set_PRIMASK_NS(uint32_t priMask)
 425:Drivers/CMSIS/Include/cmsis_gcc.h **** {
 426:Drivers/CMSIS/Include/cmsis_gcc.h ****   __ASM volatile ("MSR primask_ns, %0" : : "r" (priMask) : "memory");
 427:Drivers/CMSIS/Include/cmsis_gcc.h **** }
 428:Drivers/CMSIS/Include/cmsis_gcc.h **** #endif
 429:Drivers/CMSIS/Include/cmsis_gcc.h **** 
 430:Drivers/CMSIS/Include/cmsis_gcc.h **** 
 431:Drivers/CMSIS/Include/cmsis_gcc.h **** #if ((defined (__ARM_ARCH_7M__      ) && (__ARM_ARCH_7M__      == 1)) || \
 432:Drivers/CMSIS/Include/cmsis_gcc.h ****      (defined (__ARM_ARCH_7EM__     ) && (__ARM_ARCH_7EM__     == 1)) || \
 433:Drivers/CMSIS/Include/cmsis_gcc.h ****      (defined (__ARM_ARCH_8M_MAIN__ ) && (__ARM_ARCH_8M_MAIN__ == 1))    )
 434:Drivers/CMSIS/Include/cmsis_gcc.h **** /**
 435:Drivers/CMSIS/Include/cmsis_gcc.h ****   \brief   Enable FIQ
 436:Drivers/CMSIS/Include/cmsis_gcc.h ****   \details Enables FIQ interrupts by clearing the F-bit in the CPSR.
 437:Drivers/CMSIS/Include/cmsis_gcc.h ****            Can only be executed in Privileged modes.
 438:Drivers/CMSIS/Include/cmsis_gcc.h ****  */
 439:Drivers/CMSIS/Include/cmsis_gcc.h **** __STATIC_FORCEINLINE void __enable_fault_irq(void)
 440:Drivers/CMSIS/Include/cmsis_gcc.h **** {
 441:Drivers/CMSIS/Include/cmsis_gcc.h ****   __ASM volatile ("cpsie f" : : : "memory");
 442:Drivers/CMSIS/Include/cmsis_gcc.h **** }
 443:Drivers/CMSIS/Include/cmsis_gcc.h **** 
 444:Drivers/CMSIS/Include/cmsis_gcc.h **** 
 445:Drivers/CMSIS/Include/cmsis_gcc.h **** /**
 446:Drivers/CMSIS/Include/cmsis_gcc.h ****   \brief   Disable FIQ
 447:Drivers/CMSIS/Include/cmsis_gcc.h ****   \details Disables FIQ interrupts by setting the F-bit in the CPSR.
 448:Drivers/CMSIS/Include/cmsis_gcc.h ****            Can only be executed in Privileged modes.
 449:Drivers/CMSIS/Include/cmsis_gcc.h ****  */
 450:Drivers/CMSIS/Include/cmsis_gcc.h **** __STATIC_FORCEINLINE void __disable_fault_irq(void)
 451:Drivers/CMSIS/Include/cmsis_gcc.h **** {
 452:Drivers/CMSIS/Include/cmsis_gcc.h ****   __ASM volatile ("cpsid f" : : : "memory");
 453:Drivers/CMSIS/Include/cmsis_gcc.h **** }
 454:Drivers/CMSIS/Include/cmsis_gcc.h **** 
 455:Drivers/CMSIS/Include/cmsis_gcc.h **** 
 456:Drivers/CMSIS/Include/cmsis_gcc.h **** /**
 457:Drivers/CMSIS/Include/cmsis_gcc.h ****   \brief   Get Base Priority
 458:Drivers/CMSIS/Include/cmsis_gcc.h ****   \details Returns the current value of the Base Priority register.
 459:Drivers/CMSIS/Include/cmsis_gcc.h ****   \return               Base Priority register value
 460:Drivers/CMSIS/Include/cmsis_gcc.h ****  */
 461:Drivers/CMSIS/Include/cmsis_gcc.h **** __STATIC_FORCEINLINE uint32_t __get_BASEPRI(void)
 462:Drivers/CMSIS/Include/cmsis_gcc.h **** {
ARM GAS  C:\Users\ride_pig\AppData\Local\Temp\ccAMFt1h.s 			page 67


 463:Drivers/CMSIS/Include/cmsis_gcc.h ****   uint32_t result;
 464:Drivers/CMSIS/Include/cmsis_gcc.h **** 
 465:Drivers/CMSIS/Include/cmsis_gcc.h ****   __ASM volatile ("MRS %0, basepri" : "=r" (result) );
 466:Drivers/CMSIS/Include/cmsis_gcc.h ****   return(result);
 467:Drivers/CMSIS/Include/cmsis_gcc.h **** }
 468:Drivers/CMSIS/Include/cmsis_gcc.h **** 
 469:Drivers/CMSIS/Include/cmsis_gcc.h **** 
 470:Drivers/CMSIS/Include/cmsis_gcc.h **** #if (defined (__ARM_FEATURE_CMSE ) && (__ARM_FEATURE_CMSE == 3))
 471:Drivers/CMSIS/Include/cmsis_gcc.h **** /**
 472:Drivers/CMSIS/Include/cmsis_gcc.h ****   \brief   Get Base Priority (non-secure)
 473:Drivers/CMSIS/Include/cmsis_gcc.h ****   \details Returns the current value of the non-secure Base Priority register when in secure state.
 474:Drivers/CMSIS/Include/cmsis_gcc.h ****   \return               Base Priority register value
 475:Drivers/CMSIS/Include/cmsis_gcc.h ****  */
 476:Drivers/CMSIS/Include/cmsis_gcc.h **** __STATIC_FORCEINLINE uint32_t __TZ_get_BASEPRI_NS(void)
 477:Drivers/CMSIS/Include/cmsis_gcc.h **** {
 478:Drivers/CMSIS/Include/cmsis_gcc.h ****   uint32_t result;
 479:Drivers/CMSIS/Include/cmsis_gcc.h **** 
 480:Drivers/CMSIS/Include/cmsis_gcc.h ****   __ASM volatile ("MRS %0, basepri_ns" : "=r" (result) );
 481:Drivers/CMSIS/Include/cmsis_gcc.h ****   return(result);
 482:Drivers/CMSIS/Include/cmsis_gcc.h **** }
 483:Drivers/CMSIS/Include/cmsis_gcc.h **** #endif
 484:Drivers/CMSIS/Include/cmsis_gcc.h **** 
 485:Drivers/CMSIS/Include/cmsis_gcc.h **** 
 486:Drivers/CMSIS/Include/cmsis_gcc.h **** /**
 487:Drivers/CMSIS/Include/cmsis_gcc.h ****   \brief   Set Base Priority
 488:Drivers/CMSIS/Include/cmsis_gcc.h ****   \details Assigns the given value to the Base Priority register.
 489:Drivers/CMSIS/Include/cmsis_gcc.h ****   \param [in]    basePri  Base Priority value to set
 490:Drivers/CMSIS/Include/cmsis_gcc.h ****  */
 491:Drivers/CMSIS/Include/cmsis_gcc.h **** __STATIC_FORCEINLINE void __set_BASEPRI(uint32_t basePri)
 492:Drivers/CMSIS/Include/cmsis_gcc.h **** {
 493:Drivers/CMSIS/Include/cmsis_gcc.h ****   __ASM volatile ("MSR basepri, %0" : : "r" (basePri) : "memory");
 494:Drivers/CMSIS/Include/cmsis_gcc.h **** }
 495:Drivers/CMSIS/Include/cmsis_gcc.h **** 
 496:Drivers/CMSIS/Include/cmsis_gcc.h **** 
 497:Drivers/CMSIS/Include/cmsis_gcc.h **** #if (defined (__ARM_FEATURE_CMSE ) && (__ARM_FEATURE_CMSE == 3))
 498:Drivers/CMSIS/Include/cmsis_gcc.h **** /**
 499:Drivers/CMSIS/Include/cmsis_gcc.h ****   \brief   Set Base Priority (non-secure)
 500:Drivers/CMSIS/Include/cmsis_gcc.h ****   \details Assigns the given value to the non-secure Base Priority register when in secure state.
 501:Drivers/CMSIS/Include/cmsis_gcc.h ****   \param [in]    basePri  Base Priority value to set
 502:Drivers/CMSIS/Include/cmsis_gcc.h ****  */
 503:Drivers/CMSIS/Include/cmsis_gcc.h **** __STATIC_FORCEINLINE void __TZ_set_BASEPRI_NS(uint32_t basePri)
 504:Drivers/CMSIS/Include/cmsis_gcc.h **** {
 505:Drivers/CMSIS/Include/cmsis_gcc.h ****   __ASM volatile ("MSR basepri_ns, %0" : : "r" (basePri) : "memory");
 506:Drivers/CMSIS/Include/cmsis_gcc.h **** }
 507:Drivers/CMSIS/Include/cmsis_gcc.h **** #endif
 508:Drivers/CMSIS/Include/cmsis_gcc.h **** 
 509:Drivers/CMSIS/Include/cmsis_gcc.h **** 
 510:Drivers/CMSIS/Include/cmsis_gcc.h **** /**
 511:Drivers/CMSIS/Include/cmsis_gcc.h ****   \brief   Set Base Priority with condition
 512:Drivers/CMSIS/Include/cmsis_gcc.h ****   \details Assigns the given value to the Base Priority register only if BASEPRI masking is disable
 513:Drivers/CMSIS/Include/cmsis_gcc.h ****            or the new value increases the BASEPRI priority level.
 514:Drivers/CMSIS/Include/cmsis_gcc.h ****   \param [in]    basePri  Base Priority value to set
 515:Drivers/CMSIS/Include/cmsis_gcc.h ****  */
 516:Drivers/CMSIS/Include/cmsis_gcc.h **** __STATIC_FORCEINLINE void __set_BASEPRI_MAX(uint32_t basePri)
 517:Drivers/CMSIS/Include/cmsis_gcc.h **** {
 518:Drivers/CMSIS/Include/cmsis_gcc.h ****   __ASM volatile ("MSR basepri_max, %0" : : "r" (basePri) : "memory");
 519:Drivers/CMSIS/Include/cmsis_gcc.h **** }
ARM GAS  C:\Users\ride_pig\AppData\Local\Temp\ccAMFt1h.s 			page 68


 520:Drivers/CMSIS/Include/cmsis_gcc.h **** 
 521:Drivers/CMSIS/Include/cmsis_gcc.h **** 
 522:Drivers/CMSIS/Include/cmsis_gcc.h **** /**
 523:Drivers/CMSIS/Include/cmsis_gcc.h ****   \brief   Get Fault Mask
 524:Drivers/CMSIS/Include/cmsis_gcc.h ****   \details Returns the current value of the Fault Mask register.
 525:Drivers/CMSIS/Include/cmsis_gcc.h ****   \return               Fault Mask register value
 526:Drivers/CMSIS/Include/cmsis_gcc.h ****  */
 527:Drivers/CMSIS/Include/cmsis_gcc.h **** __STATIC_FORCEINLINE uint32_t __get_FAULTMASK(void)
 528:Drivers/CMSIS/Include/cmsis_gcc.h **** {
 529:Drivers/CMSIS/Include/cmsis_gcc.h ****   uint32_t result;
 530:Drivers/CMSIS/Include/cmsis_gcc.h **** 
 531:Drivers/CMSIS/Include/cmsis_gcc.h ****   __ASM volatile ("MRS %0, faultmask" : "=r" (result) );
 532:Drivers/CMSIS/Include/cmsis_gcc.h ****   return(result);
 533:Drivers/CMSIS/Include/cmsis_gcc.h **** }
 534:Drivers/CMSIS/Include/cmsis_gcc.h **** 
 535:Drivers/CMSIS/Include/cmsis_gcc.h **** 
 536:Drivers/CMSIS/Include/cmsis_gcc.h **** #if (defined (__ARM_FEATURE_CMSE ) && (__ARM_FEATURE_CMSE == 3))
 537:Drivers/CMSIS/Include/cmsis_gcc.h **** /**
 538:Drivers/CMSIS/Include/cmsis_gcc.h ****   \brief   Get Fault Mask (non-secure)
 539:Drivers/CMSIS/Include/cmsis_gcc.h ****   \details Returns the current value of the non-secure Fault Mask register when in secure state.
 540:Drivers/CMSIS/Include/cmsis_gcc.h ****   \return               Fault Mask register value
 541:Drivers/CMSIS/Include/cmsis_gcc.h ****  */
 542:Drivers/CMSIS/Include/cmsis_gcc.h **** __STATIC_FORCEINLINE uint32_t __TZ_get_FAULTMASK_NS(void)
 543:Drivers/CMSIS/Include/cmsis_gcc.h **** {
 544:Drivers/CMSIS/Include/cmsis_gcc.h ****   uint32_t result;
 545:Drivers/CMSIS/Include/cmsis_gcc.h **** 
 546:Drivers/CMSIS/Include/cmsis_gcc.h ****   __ASM volatile ("MRS %0, faultmask_ns" : "=r" (result) );
 547:Drivers/CMSIS/Include/cmsis_gcc.h ****   return(result);
 548:Drivers/CMSIS/Include/cmsis_gcc.h **** }
 549:Drivers/CMSIS/Include/cmsis_gcc.h **** #endif
 550:Drivers/CMSIS/Include/cmsis_gcc.h **** 
 551:Drivers/CMSIS/Include/cmsis_gcc.h **** 
 552:Drivers/CMSIS/Include/cmsis_gcc.h **** /**
 553:Drivers/CMSIS/Include/cmsis_gcc.h ****   \brief   Set Fault Mask
 554:Drivers/CMSIS/Include/cmsis_gcc.h ****   \details Assigns the given value to the Fault Mask register.
 555:Drivers/CMSIS/Include/cmsis_gcc.h ****   \param [in]    faultMask  Fault Mask value to set
 556:Drivers/CMSIS/Include/cmsis_gcc.h ****  */
 557:Drivers/CMSIS/Include/cmsis_gcc.h **** __STATIC_FORCEINLINE void __set_FAULTMASK(uint32_t faultMask)
 558:Drivers/CMSIS/Include/cmsis_gcc.h **** {
 559:Drivers/CMSIS/Include/cmsis_gcc.h ****   __ASM volatile ("MSR faultmask, %0" : : "r" (faultMask) : "memory");
 560:Drivers/CMSIS/Include/cmsis_gcc.h **** }
 561:Drivers/CMSIS/Include/cmsis_gcc.h **** 
 562:Drivers/CMSIS/Include/cmsis_gcc.h **** 
 563:Drivers/CMSIS/Include/cmsis_gcc.h **** #if (defined (__ARM_FEATURE_CMSE ) && (__ARM_FEATURE_CMSE == 3))
 564:Drivers/CMSIS/Include/cmsis_gcc.h **** /**
 565:Drivers/CMSIS/Include/cmsis_gcc.h ****   \brief   Set Fault Mask (non-secure)
 566:Drivers/CMSIS/Include/cmsis_gcc.h ****   \details Assigns the given value to the non-secure Fault Mask register when in secure state.
 567:Drivers/CMSIS/Include/cmsis_gcc.h ****   \param [in]    faultMask  Fault Mask value to set
 568:Drivers/CMSIS/Include/cmsis_gcc.h ****  */
 569:Drivers/CMSIS/Include/cmsis_gcc.h **** __STATIC_FORCEINLINE void __TZ_set_FAULTMASK_NS(uint32_t faultMask)
 570:Drivers/CMSIS/Include/cmsis_gcc.h **** {
 571:Drivers/CMSIS/Include/cmsis_gcc.h ****   __ASM volatile ("MSR faultmask_ns, %0" : : "r" (faultMask) : "memory");
 572:Drivers/CMSIS/Include/cmsis_gcc.h **** }
 573:Drivers/CMSIS/Include/cmsis_gcc.h **** #endif
 574:Drivers/CMSIS/Include/cmsis_gcc.h **** 
 575:Drivers/CMSIS/Include/cmsis_gcc.h **** #endif /* ((defined (__ARM_ARCH_7M__      ) && (__ARM_ARCH_7M__      == 1)) || \
 576:Drivers/CMSIS/Include/cmsis_gcc.h ****            (defined (__ARM_ARCH_7EM__     ) && (__ARM_ARCH_7EM__     == 1)) || \
ARM GAS  C:\Users\ride_pig\AppData\Local\Temp\ccAMFt1h.s 			page 69


 577:Drivers/CMSIS/Include/cmsis_gcc.h ****            (defined (__ARM_ARCH_8M_MAIN__ ) && (__ARM_ARCH_8M_MAIN__ == 1))    ) */
 578:Drivers/CMSIS/Include/cmsis_gcc.h **** 
 579:Drivers/CMSIS/Include/cmsis_gcc.h **** 
 580:Drivers/CMSIS/Include/cmsis_gcc.h **** #if ((defined (__ARM_ARCH_8M_MAIN__ ) && (__ARM_ARCH_8M_MAIN__ == 1)) || \
 581:Drivers/CMSIS/Include/cmsis_gcc.h ****      (defined (__ARM_ARCH_8M_BASE__ ) && (__ARM_ARCH_8M_BASE__ == 1))    )
 582:Drivers/CMSIS/Include/cmsis_gcc.h **** 
 583:Drivers/CMSIS/Include/cmsis_gcc.h **** /**
 584:Drivers/CMSIS/Include/cmsis_gcc.h ****   \brief   Get Process Stack Pointer Limit
 585:Drivers/CMSIS/Include/cmsis_gcc.h ****   Devices without ARMv8-M Main Extensions (i.e. Cortex-M23) lack the non-secure
 586:Drivers/CMSIS/Include/cmsis_gcc.h ****   Stack Pointer Limit register hence zero is returned always in non-secure
 587:Drivers/CMSIS/Include/cmsis_gcc.h ****   mode.
 588:Drivers/CMSIS/Include/cmsis_gcc.h ****   
 589:Drivers/CMSIS/Include/cmsis_gcc.h ****   \details Returns the current value of the Process Stack Pointer Limit (PSPLIM).
 590:Drivers/CMSIS/Include/cmsis_gcc.h ****   \return               PSPLIM Register value
 591:Drivers/CMSIS/Include/cmsis_gcc.h ****  */
 592:Drivers/CMSIS/Include/cmsis_gcc.h **** __STATIC_FORCEINLINE uint32_t __get_PSPLIM(void)
 593:Drivers/CMSIS/Include/cmsis_gcc.h **** {
 594:Drivers/CMSIS/Include/cmsis_gcc.h **** #if (!(defined (__ARM_ARCH_8M_MAIN__ ) && (__ARM_ARCH_8M_MAIN__ == 1)) && \
 595:Drivers/CMSIS/Include/cmsis_gcc.h ****     (!defined (__ARM_FEATURE_CMSE) || (__ARM_FEATURE_CMSE < 3)))
 596:Drivers/CMSIS/Include/cmsis_gcc.h ****     // without main extensions, the non-secure PSPLIM is RAZ/WI
 597:Drivers/CMSIS/Include/cmsis_gcc.h ****   return 0U;
 598:Drivers/CMSIS/Include/cmsis_gcc.h **** #else
 599:Drivers/CMSIS/Include/cmsis_gcc.h ****   uint32_t result;
 600:Drivers/CMSIS/Include/cmsis_gcc.h ****   __ASM volatile ("MRS %0, psplim"  : "=r" (result) );
 601:Drivers/CMSIS/Include/cmsis_gcc.h ****   return result;
 602:Drivers/CMSIS/Include/cmsis_gcc.h **** #endif
 603:Drivers/CMSIS/Include/cmsis_gcc.h **** }
 604:Drivers/CMSIS/Include/cmsis_gcc.h **** 
 605:Drivers/CMSIS/Include/cmsis_gcc.h **** #if (defined (__ARM_FEATURE_CMSE) && (__ARM_FEATURE_CMSE == 3))
 606:Drivers/CMSIS/Include/cmsis_gcc.h **** /**
 607:Drivers/CMSIS/Include/cmsis_gcc.h ****   \brief   Get Process Stack Pointer Limit (non-secure)
 608:Drivers/CMSIS/Include/cmsis_gcc.h ****   Devices without ARMv8-M Main Extensions (i.e. Cortex-M23) lack the non-secure
 609:Drivers/CMSIS/Include/cmsis_gcc.h ****   Stack Pointer Limit register hence zero is returned always.
 610:Drivers/CMSIS/Include/cmsis_gcc.h **** 
 611:Drivers/CMSIS/Include/cmsis_gcc.h ****   \details Returns the current value of the non-secure Process Stack Pointer Limit (PSPLIM) when in
 612:Drivers/CMSIS/Include/cmsis_gcc.h ****   \return               PSPLIM Register value
 613:Drivers/CMSIS/Include/cmsis_gcc.h ****  */
 614:Drivers/CMSIS/Include/cmsis_gcc.h **** __STATIC_FORCEINLINE uint32_t __TZ_get_PSPLIM_NS(void)
 615:Drivers/CMSIS/Include/cmsis_gcc.h **** {
 616:Drivers/CMSIS/Include/cmsis_gcc.h **** #if (!(defined (__ARM_ARCH_8M_MAIN__ ) && (__ARM_ARCH_8M_MAIN__ == 1)))
 617:Drivers/CMSIS/Include/cmsis_gcc.h ****   // without main extensions, the non-secure PSPLIM is RAZ/WI
 618:Drivers/CMSIS/Include/cmsis_gcc.h ****   return 0U;
 619:Drivers/CMSIS/Include/cmsis_gcc.h **** #else
 620:Drivers/CMSIS/Include/cmsis_gcc.h ****   uint32_t result;
 621:Drivers/CMSIS/Include/cmsis_gcc.h ****   __ASM volatile ("MRS %0, psplim_ns"  : "=r" (result) );
 622:Drivers/CMSIS/Include/cmsis_gcc.h ****   return result;
 623:Drivers/CMSIS/Include/cmsis_gcc.h **** #endif
 624:Drivers/CMSIS/Include/cmsis_gcc.h **** }
 625:Drivers/CMSIS/Include/cmsis_gcc.h **** #endif
 626:Drivers/CMSIS/Include/cmsis_gcc.h **** 
 627:Drivers/CMSIS/Include/cmsis_gcc.h **** 
 628:Drivers/CMSIS/Include/cmsis_gcc.h **** /**
 629:Drivers/CMSIS/Include/cmsis_gcc.h ****   \brief   Set Process Stack Pointer Limit
 630:Drivers/CMSIS/Include/cmsis_gcc.h ****   Devices without ARMv8-M Main Extensions (i.e. Cortex-M23) lack the non-secure
 631:Drivers/CMSIS/Include/cmsis_gcc.h ****   Stack Pointer Limit register hence the write is silently ignored in non-secure
 632:Drivers/CMSIS/Include/cmsis_gcc.h ****   mode.
 633:Drivers/CMSIS/Include/cmsis_gcc.h ****   
ARM GAS  C:\Users\ride_pig\AppData\Local\Temp\ccAMFt1h.s 			page 70


 634:Drivers/CMSIS/Include/cmsis_gcc.h ****   \details Assigns the given value to the Process Stack Pointer Limit (PSPLIM).
 635:Drivers/CMSIS/Include/cmsis_gcc.h ****   \param [in]    ProcStackPtrLimit  Process Stack Pointer Limit value to set
 636:Drivers/CMSIS/Include/cmsis_gcc.h ****  */
 637:Drivers/CMSIS/Include/cmsis_gcc.h **** __STATIC_FORCEINLINE void __set_PSPLIM(uint32_t ProcStackPtrLimit)
 638:Drivers/CMSIS/Include/cmsis_gcc.h **** {
 639:Drivers/CMSIS/Include/cmsis_gcc.h **** #if (!(defined (__ARM_ARCH_8M_MAIN__ ) && (__ARM_ARCH_8M_MAIN__ == 1)) && \
 640:Drivers/CMSIS/Include/cmsis_gcc.h ****     (!defined (__ARM_FEATURE_CMSE) || (__ARM_FEATURE_CMSE < 3)))
 641:Drivers/CMSIS/Include/cmsis_gcc.h ****   // without main extensions, the non-secure PSPLIM is RAZ/WI
 642:Drivers/CMSIS/Include/cmsis_gcc.h ****   (void)ProcStackPtrLimit;
 643:Drivers/CMSIS/Include/cmsis_gcc.h **** #else
 644:Drivers/CMSIS/Include/cmsis_gcc.h ****   __ASM volatile ("MSR psplim, %0" : : "r" (ProcStackPtrLimit));
 645:Drivers/CMSIS/Include/cmsis_gcc.h **** #endif
 646:Drivers/CMSIS/Include/cmsis_gcc.h **** }
 647:Drivers/CMSIS/Include/cmsis_gcc.h **** 
 648:Drivers/CMSIS/Include/cmsis_gcc.h **** 
 649:Drivers/CMSIS/Include/cmsis_gcc.h **** #if (defined (__ARM_FEATURE_CMSE  ) && (__ARM_FEATURE_CMSE   == 3))
 650:Drivers/CMSIS/Include/cmsis_gcc.h **** /**
 651:Drivers/CMSIS/Include/cmsis_gcc.h ****   \brief   Set Process Stack Pointer (non-secure)
 652:Drivers/CMSIS/Include/cmsis_gcc.h ****   Devices without ARMv8-M Main Extensions (i.e. Cortex-M23) lack the non-secure
 653:Drivers/CMSIS/Include/cmsis_gcc.h ****   Stack Pointer Limit register hence the write is silently ignored.
 654:Drivers/CMSIS/Include/cmsis_gcc.h **** 
 655:Drivers/CMSIS/Include/cmsis_gcc.h ****   \details Assigns the given value to the non-secure Process Stack Pointer Limit (PSPLIM) when in s
 656:Drivers/CMSIS/Include/cmsis_gcc.h ****   \param [in]    ProcStackPtrLimit  Process Stack Pointer Limit value to set
 657:Drivers/CMSIS/Include/cmsis_gcc.h ****  */
 658:Drivers/CMSIS/Include/cmsis_gcc.h **** __STATIC_FORCEINLINE void __TZ_set_PSPLIM_NS(uint32_t ProcStackPtrLimit)
 659:Drivers/CMSIS/Include/cmsis_gcc.h **** {
 660:Drivers/CMSIS/Include/cmsis_gcc.h **** #if (!(defined (__ARM_ARCH_8M_MAIN__ ) && (__ARM_ARCH_8M_MAIN__ == 1)))
 661:Drivers/CMSIS/Include/cmsis_gcc.h ****   // without main extensions, the non-secure PSPLIM is RAZ/WI
 662:Drivers/CMSIS/Include/cmsis_gcc.h ****   (void)ProcStackPtrLimit;
 663:Drivers/CMSIS/Include/cmsis_gcc.h **** #else
 664:Drivers/CMSIS/Include/cmsis_gcc.h ****   __ASM volatile ("MSR psplim_ns, %0\n" : : "r" (ProcStackPtrLimit));
 665:Drivers/CMSIS/Include/cmsis_gcc.h **** #endif
 666:Drivers/CMSIS/Include/cmsis_gcc.h **** }
 667:Drivers/CMSIS/Include/cmsis_gcc.h **** #endif
 668:Drivers/CMSIS/Include/cmsis_gcc.h **** 
 669:Drivers/CMSIS/Include/cmsis_gcc.h **** 
 670:Drivers/CMSIS/Include/cmsis_gcc.h **** /**
 671:Drivers/CMSIS/Include/cmsis_gcc.h ****   \brief   Get Main Stack Pointer Limit
 672:Drivers/CMSIS/Include/cmsis_gcc.h ****   Devices without ARMv8-M Main Extensions (i.e. Cortex-M23) lack the non-secure
 673:Drivers/CMSIS/Include/cmsis_gcc.h ****   Stack Pointer Limit register hence zero is returned always in non-secure
 674:Drivers/CMSIS/Include/cmsis_gcc.h ****   mode.
 675:Drivers/CMSIS/Include/cmsis_gcc.h **** 
 676:Drivers/CMSIS/Include/cmsis_gcc.h ****   \details Returns the current value of the Main Stack Pointer Limit (MSPLIM).
 677:Drivers/CMSIS/Include/cmsis_gcc.h ****   \return               MSPLIM Register value
 678:Drivers/CMSIS/Include/cmsis_gcc.h ****  */
 679:Drivers/CMSIS/Include/cmsis_gcc.h **** __STATIC_FORCEINLINE uint32_t __get_MSPLIM(void)
 680:Drivers/CMSIS/Include/cmsis_gcc.h **** {
 681:Drivers/CMSIS/Include/cmsis_gcc.h **** #if (!(defined (__ARM_ARCH_8M_MAIN__ ) && (__ARM_ARCH_8M_MAIN__ == 1)) && \
 682:Drivers/CMSIS/Include/cmsis_gcc.h ****     (!defined (__ARM_FEATURE_CMSE) || (__ARM_FEATURE_CMSE < 3)))
 683:Drivers/CMSIS/Include/cmsis_gcc.h ****   // without main extensions, the non-secure MSPLIM is RAZ/WI
 684:Drivers/CMSIS/Include/cmsis_gcc.h ****   return 0U;
 685:Drivers/CMSIS/Include/cmsis_gcc.h **** #else
 686:Drivers/CMSIS/Include/cmsis_gcc.h ****   uint32_t result;
 687:Drivers/CMSIS/Include/cmsis_gcc.h ****   __ASM volatile ("MRS %0, msplim" : "=r" (result) );
 688:Drivers/CMSIS/Include/cmsis_gcc.h ****   return result;
 689:Drivers/CMSIS/Include/cmsis_gcc.h **** #endif
 690:Drivers/CMSIS/Include/cmsis_gcc.h **** }
ARM GAS  C:\Users\ride_pig\AppData\Local\Temp\ccAMFt1h.s 			page 71


 691:Drivers/CMSIS/Include/cmsis_gcc.h **** 
 692:Drivers/CMSIS/Include/cmsis_gcc.h **** 
 693:Drivers/CMSIS/Include/cmsis_gcc.h **** #if (defined (__ARM_FEATURE_CMSE  ) && (__ARM_FEATURE_CMSE   == 3))
 694:Drivers/CMSIS/Include/cmsis_gcc.h **** /**
 695:Drivers/CMSIS/Include/cmsis_gcc.h ****   \brief   Get Main Stack Pointer Limit (non-secure)
 696:Drivers/CMSIS/Include/cmsis_gcc.h ****   Devices without ARMv8-M Main Extensions (i.e. Cortex-M23) lack the non-secure
 697:Drivers/CMSIS/Include/cmsis_gcc.h ****   Stack Pointer Limit register hence zero is returned always.
 698:Drivers/CMSIS/Include/cmsis_gcc.h **** 
 699:Drivers/CMSIS/Include/cmsis_gcc.h ****   \details Returns the current value of the non-secure Main Stack Pointer Limit(MSPLIM) when in sec
 700:Drivers/CMSIS/Include/cmsis_gcc.h ****   \return               MSPLIM Register value
 701:Drivers/CMSIS/Include/cmsis_gcc.h ****  */
 702:Drivers/CMSIS/Include/cmsis_gcc.h **** __STATIC_FORCEINLINE uint32_t __TZ_get_MSPLIM_NS(void)
 703:Drivers/CMSIS/Include/cmsis_gcc.h **** {
 704:Drivers/CMSIS/Include/cmsis_gcc.h **** #if (!(defined (__ARM_ARCH_8M_MAIN__ ) && (__ARM_ARCH_8M_MAIN__ == 1)))
 705:Drivers/CMSIS/Include/cmsis_gcc.h ****   // without main extensions, the non-secure MSPLIM is RAZ/WI
 706:Drivers/CMSIS/Include/cmsis_gcc.h ****   return 0U;
 707:Drivers/CMSIS/Include/cmsis_gcc.h **** #else
 708:Drivers/CMSIS/Include/cmsis_gcc.h ****   uint32_t result;
 709:Drivers/CMSIS/Include/cmsis_gcc.h ****   __ASM volatile ("MRS %0, msplim_ns" : "=r" (result) );
 710:Drivers/CMSIS/Include/cmsis_gcc.h ****   return result;
 711:Drivers/CMSIS/Include/cmsis_gcc.h **** #endif
 712:Drivers/CMSIS/Include/cmsis_gcc.h **** }
 713:Drivers/CMSIS/Include/cmsis_gcc.h **** #endif
 714:Drivers/CMSIS/Include/cmsis_gcc.h **** 
 715:Drivers/CMSIS/Include/cmsis_gcc.h **** 
 716:Drivers/CMSIS/Include/cmsis_gcc.h **** /**
 717:Drivers/CMSIS/Include/cmsis_gcc.h ****   \brief   Set Main Stack Pointer Limit
 718:Drivers/CMSIS/Include/cmsis_gcc.h ****   Devices without ARMv8-M Main Extensions (i.e. Cortex-M23) lack the non-secure
 719:Drivers/CMSIS/Include/cmsis_gcc.h ****   Stack Pointer Limit register hence the write is silently ignored in non-secure
 720:Drivers/CMSIS/Include/cmsis_gcc.h ****   mode.
 721:Drivers/CMSIS/Include/cmsis_gcc.h **** 
 722:Drivers/CMSIS/Include/cmsis_gcc.h ****   \details Assigns the given value to the Main Stack Pointer Limit (MSPLIM).
 723:Drivers/CMSIS/Include/cmsis_gcc.h ****   \param [in]    MainStackPtrLimit  Main Stack Pointer Limit value to set
 724:Drivers/CMSIS/Include/cmsis_gcc.h ****  */
 725:Drivers/CMSIS/Include/cmsis_gcc.h **** __STATIC_FORCEINLINE void __set_MSPLIM(uint32_t MainStackPtrLimit)
 726:Drivers/CMSIS/Include/cmsis_gcc.h **** {
 727:Drivers/CMSIS/Include/cmsis_gcc.h **** #if (!(defined (__ARM_ARCH_8M_MAIN__ ) && (__ARM_ARCH_8M_MAIN__ == 1)) && \
 728:Drivers/CMSIS/Include/cmsis_gcc.h ****     (!defined (__ARM_FEATURE_CMSE) || (__ARM_FEATURE_CMSE < 3)))
 729:Drivers/CMSIS/Include/cmsis_gcc.h ****   // without main extensions, the non-secure MSPLIM is RAZ/WI
 730:Drivers/CMSIS/Include/cmsis_gcc.h ****   (void)MainStackPtrLimit;
 731:Drivers/CMSIS/Include/cmsis_gcc.h **** #else
 732:Drivers/CMSIS/Include/cmsis_gcc.h ****   __ASM volatile ("MSR msplim, %0" : : "r" (MainStackPtrLimit));
 733:Drivers/CMSIS/Include/cmsis_gcc.h **** #endif
 734:Drivers/CMSIS/Include/cmsis_gcc.h **** }
 735:Drivers/CMSIS/Include/cmsis_gcc.h **** 
 736:Drivers/CMSIS/Include/cmsis_gcc.h **** 
 737:Drivers/CMSIS/Include/cmsis_gcc.h **** #if (defined (__ARM_FEATURE_CMSE  ) && (__ARM_FEATURE_CMSE   == 3))
 738:Drivers/CMSIS/Include/cmsis_gcc.h **** /**
 739:Drivers/CMSIS/Include/cmsis_gcc.h ****   \brief   Set Main Stack Pointer Limit (non-secure)
 740:Drivers/CMSIS/Include/cmsis_gcc.h ****   Devices without ARMv8-M Main Extensions (i.e. Cortex-M23) lack the non-secure
 741:Drivers/CMSIS/Include/cmsis_gcc.h ****   Stack Pointer Limit register hence the write is silently ignored.
 742:Drivers/CMSIS/Include/cmsis_gcc.h **** 
 743:Drivers/CMSIS/Include/cmsis_gcc.h ****   \details Assigns the given value to the non-secure Main Stack Pointer Limit (MSPLIM) when in secu
 744:Drivers/CMSIS/Include/cmsis_gcc.h ****   \param [in]    MainStackPtrLimit  Main Stack Pointer value to set
 745:Drivers/CMSIS/Include/cmsis_gcc.h ****  */
 746:Drivers/CMSIS/Include/cmsis_gcc.h **** __STATIC_FORCEINLINE void __TZ_set_MSPLIM_NS(uint32_t MainStackPtrLimit)
 747:Drivers/CMSIS/Include/cmsis_gcc.h **** {
ARM GAS  C:\Users\ride_pig\AppData\Local\Temp\ccAMFt1h.s 			page 72


 748:Drivers/CMSIS/Include/cmsis_gcc.h **** #if (!(defined (__ARM_ARCH_8M_MAIN__ ) && (__ARM_ARCH_8M_MAIN__ == 1)))
 749:Drivers/CMSIS/Include/cmsis_gcc.h ****   // without main extensions, the non-secure MSPLIM is RAZ/WI
 750:Drivers/CMSIS/Include/cmsis_gcc.h ****   (void)MainStackPtrLimit;
 751:Drivers/CMSIS/Include/cmsis_gcc.h **** #else
 752:Drivers/CMSIS/Include/cmsis_gcc.h ****   __ASM volatile ("MSR msplim_ns, %0" : : "r" (MainStackPtrLimit));
 753:Drivers/CMSIS/Include/cmsis_gcc.h **** #endif
 754:Drivers/CMSIS/Include/cmsis_gcc.h **** }
 755:Drivers/CMSIS/Include/cmsis_gcc.h **** #endif
 756:Drivers/CMSIS/Include/cmsis_gcc.h **** 
 757:Drivers/CMSIS/Include/cmsis_gcc.h **** #endif /* ((defined (__ARM_ARCH_8M_MAIN__ ) && (__ARM_ARCH_8M_MAIN__ == 1)) || \
 758:Drivers/CMSIS/Include/cmsis_gcc.h ****            (defined (__ARM_ARCH_8M_BASE__ ) && (__ARM_ARCH_8M_BASE__ == 1))    ) */
 759:Drivers/CMSIS/Include/cmsis_gcc.h **** 
 760:Drivers/CMSIS/Include/cmsis_gcc.h **** 
 761:Drivers/CMSIS/Include/cmsis_gcc.h **** /**
 762:Drivers/CMSIS/Include/cmsis_gcc.h ****   \brief   Get FPSCR
 763:Drivers/CMSIS/Include/cmsis_gcc.h ****   \details Returns the current value of the Floating Point Status/Control register.
 764:Drivers/CMSIS/Include/cmsis_gcc.h ****   \return               Floating Point Status/Control register value
 765:Drivers/CMSIS/Include/cmsis_gcc.h ****  */
 766:Drivers/CMSIS/Include/cmsis_gcc.h **** __STATIC_FORCEINLINE uint32_t __get_FPSCR(void)
 767:Drivers/CMSIS/Include/cmsis_gcc.h **** {
 768:Drivers/CMSIS/Include/cmsis_gcc.h **** #if ((defined (__FPU_PRESENT) && (__FPU_PRESENT == 1U)) && \
 769:Drivers/CMSIS/Include/cmsis_gcc.h ****      (defined (__FPU_USED   ) && (__FPU_USED    == 1U))     )
 770:Drivers/CMSIS/Include/cmsis_gcc.h **** #if __has_builtin(__builtin_arm_get_fpscr) 
 771:Drivers/CMSIS/Include/cmsis_gcc.h **** // Re-enable using built-in when GCC has been fixed
 772:Drivers/CMSIS/Include/cmsis_gcc.h **** // || (__GNUC__ > 7) || (__GNUC__ == 7 && __GNUC_MINOR__ >= 2)
 773:Drivers/CMSIS/Include/cmsis_gcc.h ****   /* see https://gcc.gnu.org/ml/gcc-patches/2017-04/msg00443.html */
 774:Drivers/CMSIS/Include/cmsis_gcc.h ****   return __builtin_arm_get_fpscr();
 775:Drivers/CMSIS/Include/cmsis_gcc.h **** #else
 776:Drivers/CMSIS/Include/cmsis_gcc.h ****   uint32_t result;
 777:Drivers/CMSIS/Include/cmsis_gcc.h **** 
 778:Drivers/CMSIS/Include/cmsis_gcc.h ****   __ASM volatile ("VMRS %0, fpscr" : "=r" (result) );
 779:Drivers/CMSIS/Include/cmsis_gcc.h ****   return(result);
 780:Drivers/CMSIS/Include/cmsis_gcc.h **** #endif
 781:Drivers/CMSIS/Include/cmsis_gcc.h **** #else
 782:Drivers/CMSIS/Include/cmsis_gcc.h ****   return(0U);
 783:Drivers/CMSIS/Include/cmsis_gcc.h **** #endif
 784:Drivers/CMSIS/Include/cmsis_gcc.h **** }
 785:Drivers/CMSIS/Include/cmsis_gcc.h **** 
 786:Drivers/CMSIS/Include/cmsis_gcc.h **** 
 787:Drivers/CMSIS/Include/cmsis_gcc.h **** /**
 788:Drivers/CMSIS/Include/cmsis_gcc.h ****   \brief   Set FPSCR
 789:Drivers/CMSIS/Include/cmsis_gcc.h ****   \details Assigns the given value to the Floating Point Status/Control register.
 790:Drivers/CMSIS/Include/cmsis_gcc.h ****   \param [in]    fpscr  Floating Point Status/Control value to set
 791:Drivers/CMSIS/Include/cmsis_gcc.h ****  */
 792:Drivers/CMSIS/Include/cmsis_gcc.h **** __STATIC_FORCEINLINE void __set_FPSCR(uint32_t fpscr)
 793:Drivers/CMSIS/Include/cmsis_gcc.h **** {
 794:Drivers/CMSIS/Include/cmsis_gcc.h **** #if ((defined (__FPU_PRESENT) && (__FPU_PRESENT == 1U)) && \
 795:Drivers/CMSIS/Include/cmsis_gcc.h ****      (defined (__FPU_USED   ) && (__FPU_USED    == 1U))     )
 796:Drivers/CMSIS/Include/cmsis_gcc.h **** #if __has_builtin(__builtin_arm_set_fpscr)
 797:Drivers/CMSIS/Include/cmsis_gcc.h **** // Re-enable using built-in when GCC has been fixed
 798:Drivers/CMSIS/Include/cmsis_gcc.h **** // || (__GNUC__ > 7) || (__GNUC__ == 7 && __GNUC_MINOR__ >= 2)
 799:Drivers/CMSIS/Include/cmsis_gcc.h ****   /* see https://gcc.gnu.org/ml/gcc-patches/2017-04/msg00443.html */
 800:Drivers/CMSIS/Include/cmsis_gcc.h ****   __builtin_arm_set_fpscr(fpscr);
 801:Drivers/CMSIS/Include/cmsis_gcc.h **** #else
 802:Drivers/CMSIS/Include/cmsis_gcc.h ****   __ASM volatile ("VMSR fpscr, %0" : : "r" (fpscr) : "vfpcc", "memory");
 803:Drivers/CMSIS/Include/cmsis_gcc.h **** #endif
 804:Drivers/CMSIS/Include/cmsis_gcc.h **** #else
ARM GAS  C:\Users\ride_pig\AppData\Local\Temp\ccAMFt1h.s 			page 73


 805:Drivers/CMSIS/Include/cmsis_gcc.h ****   (void)fpscr;
 806:Drivers/CMSIS/Include/cmsis_gcc.h **** #endif
 807:Drivers/CMSIS/Include/cmsis_gcc.h **** }
 808:Drivers/CMSIS/Include/cmsis_gcc.h **** 
 809:Drivers/CMSIS/Include/cmsis_gcc.h **** 
 810:Drivers/CMSIS/Include/cmsis_gcc.h **** /*@} end of CMSIS_Core_RegAccFunctions */
 811:Drivers/CMSIS/Include/cmsis_gcc.h **** 
 812:Drivers/CMSIS/Include/cmsis_gcc.h **** 
 813:Drivers/CMSIS/Include/cmsis_gcc.h **** /* ##########################  Core Instruction Access  ######################### */
 814:Drivers/CMSIS/Include/cmsis_gcc.h **** /** \defgroup CMSIS_Core_InstructionInterface CMSIS Core Instruction Interface
 815:Drivers/CMSIS/Include/cmsis_gcc.h ****   Access to dedicated instructions
 816:Drivers/CMSIS/Include/cmsis_gcc.h ****   @{
 817:Drivers/CMSIS/Include/cmsis_gcc.h **** */
 818:Drivers/CMSIS/Include/cmsis_gcc.h **** 
 819:Drivers/CMSIS/Include/cmsis_gcc.h **** /* Define macros for porting to both thumb1 and thumb2.
 820:Drivers/CMSIS/Include/cmsis_gcc.h ****  * For thumb1, use low register (r0-r7), specified by constraint "l"
 821:Drivers/CMSIS/Include/cmsis_gcc.h ****  * Otherwise, use general registers, specified by constraint "r" */
 822:Drivers/CMSIS/Include/cmsis_gcc.h **** #if defined (__thumb__) && !defined (__thumb2__)
 823:Drivers/CMSIS/Include/cmsis_gcc.h **** #define __CMSIS_GCC_OUT_REG(r) "=l" (r)
 824:Drivers/CMSIS/Include/cmsis_gcc.h **** #define __CMSIS_GCC_RW_REG(r) "+l" (r)
 825:Drivers/CMSIS/Include/cmsis_gcc.h **** #define __CMSIS_GCC_USE_REG(r) "l" (r)
 826:Drivers/CMSIS/Include/cmsis_gcc.h **** #else
 827:Drivers/CMSIS/Include/cmsis_gcc.h **** #define __CMSIS_GCC_OUT_REG(r) "=r" (r)
 828:Drivers/CMSIS/Include/cmsis_gcc.h **** #define __CMSIS_GCC_RW_REG(r) "+r" (r)
 829:Drivers/CMSIS/Include/cmsis_gcc.h **** #define __CMSIS_GCC_USE_REG(r) "r" (r)
 830:Drivers/CMSIS/Include/cmsis_gcc.h **** #endif
 831:Drivers/CMSIS/Include/cmsis_gcc.h **** 
 832:Drivers/CMSIS/Include/cmsis_gcc.h **** /**
 833:Drivers/CMSIS/Include/cmsis_gcc.h ****   \brief   No Operation
 834:Drivers/CMSIS/Include/cmsis_gcc.h ****   \details No Operation does nothing. This instruction can be used for code alignment purposes.
 835:Drivers/CMSIS/Include/cmsis_gcc.h ****  */
 836:Drivers/CMSIS/Include/cmsis_gcc.h **** #define __NOP()                             __ASM volatile ("nop")
 837:Drivers/CMSIS/Include/cmsis_gcc.h **** 
 838:Drivers/CMSIS/Include/cmsis_gcc.h **** /**
 839:Drivers/CMSIS/Include/cmsis_gcc.h ****   \brief   Wait For Interrupt
 840:Drivers/CMSIS/Include/cmsis_gcc.h ****   \details Wait For Interrupt is a hint instruction that suspends execution until one of a number o
 841:Drivers/CMSIS/Include/cmsis_gcc.h ****  */
 842:Drivers/CMSIS/Include/cmsis_gcc.h **** #define __WFI()                             __ASM volatile ("wfi")
 843:Drivers/CMSIS/Include/cmsis_gcc.h **** 
 844:Drivers/CMSIS/Include/cmsis_gcc.h **** 
 845:Drivers/CMSIS/Include/cmsis_gcc.h **** /**
 846:Drivers/CMSIS/Include/cmsis_gcc.h ****   \brief   Wait For Event
 847:Drivers/CMSIS/Include/cmsis_gcc.h ****   \details Wait For Event is a hint instruction that permits the processor to enter
 848:Drivers/CMSIS/Include/cmsis_gcc.h ****            a low-power state until one of a number of events occurs.
 849:Drivers/CMSIS/Include/cmsis_gcc.h ****  */
 850:Drivers/CMSIS/Include/cmsis_gcc.h **** #define __WFE()                             __ASM volatile ("wfe")
 851:Drivers/CMSIS/Include/cmsis_gcc.h **** 
 852:Drivers/CMSIS/Include/cmsis_gcc.h **** 
 853:Drivers/CMSIS/Include/cmsis_gcc.h **** /**
 854:Drivers/CMSIS/Include/cmsis_gcc.h ****   \brief   Send Event
 855:Drivers/CMSIS/Include/cmsis_gcc.h ****   \details Send Event is a hint instruction. It causes an event to be signaled to the CPU.
 856:Drivers/CMSIS/Include/cmsis_gcc.h ****  */
 857:Drivers/CMSIS/Include/cmsis_gcc.h **** #define __SEV()                             __ASM volatile ("sev")
 858:Drivers/CMSIS/Include/cmsis_gcc.h **** 
 859:Drivers/CMSIS/Include/cmsis_gcc.h **** 
 860:Drivers/CMSIS/Include/cmsis_gcc.h **** /**
 861:Drivers/CMSIS/Include/cmsis_gcc.h ****   \brief   Instruction Synchronization Barrier
ARM GAS  C:\Users\ride_pig\AppData\Local\Temp\ccAMFt1h.s 			page 74


 862:Drivers/CMSIS/Include/cmsis_gcc.h ****   \details Instruction Synchronization Barrier flushes the pipeline in the processor,
 863:Drivers/CMSIS/Include/cmsis_gcc.h ****            so that all instructions following the ISB are fetched from cache or memory,
 864:Drivers/CMSIS/Include/cmsis_gcc.h ****            after the instruction has been completed.
 865:Drivers/CMSIS/Include/cmsis_gcc.h ****  */
 866:Drivers/CMSIS/Include/cmsis_gcc.h **** __STATIC_FORCEINLINE void __ISB(void)
 867:Drivers/CMSIS/Include/cmsis_gcc.h **** {
 868:Drivers/CMSIS/Include/cmsis_gcc.h ****   __ASM volatile ("isb 0xF":::"memory");
 869:Drivers/CMSIS/Include/cmsis_gcc.h **** }
 870:Drivers/CMSIS/Include/cmsis_gcc.h **** 
 871:Drivers/CMSIS/Include/cmsis_gcc.h **** 
 872:Drivers/CMSIS/Include/cmsis_gcc.h **** /**
 873:Drivers/CMSIS/Include/cmsis_gcc.h ****   \brief   Data Synchronization Barrier
 874:Drivers/CMSIS/Include/cmsis_gcc.h ****   \details Acts as a special kind of Data Memory Barrier.
 875:Drivers/CMSIS/Include/cmsis_gcc.h ****            It completes when all explicit memory accesses before this instruction complete.
 876:Drivers/CMSIS/Include/cmsis_gcc.h ****  */
 877:Drivers/CMSIS/Include/cmsis_gcc.h **** __STATIC_FORCEINLINE void __DSB(void)
 878:Drivers/CMSIS/Include/cmsis_gcc.h **** {
 879:Drivers/CMSIS/Include/cmsis_gcc.h ****   __ASM volatile ("dsb 0xF":::"memory");
 880:Drivers/CMSIS/Include/cmsis_gcc.h **** }
 881:Drivers/CMSIS/Include/cmsis_gcc.h **** 
 882:Drivers/CMSIS/Include/cmsis_gcc.h **** 
 883:Drivers/CMSIS/Include/cmsis_gcc.h **** /**
 884:Drivers/CMSIS/Include/cmsis_gcc.h ****   \brief   Data Memory Barrier
 885:Drivers/CMSIS/Include/cmsis_gcc.h ****   \details Ensures the apparent order of the explicit memory operations before
 886:Drivers/CMSIS/Include/cmsis_gcc.h ****            and after the instruction, without ensuring their completion.
 887:Drivers/CMSIS/Include/cmsis_gcc.h ****  */
 888:Drivers/CMSIS/Include/cmsis_gcc.h **** __STATIC_FORCEINLINE void __DMB(void)
 889:Drivers/CMSIS/Include/cmsis_gcc.h **** {
 890:Drivers/CMSIS/Include/cmsis_gcc.h ****   __ASM volatile ("dmb 0xF":::"memory");
 891:Drivers/CMSIS/Include/cmsis_gcc.h **** }
 892:Drivers/CMSIS/Include/cmsis_gcc.h **** 
 893:Drivers/CMSIS/Include/cmsis_gcc.h **** 
 894:Drivers/CMSIS/Include/cmsis_gcc.h **** /**
 895:Drivers/CMSIS/Include/cmsis_gcc.h ****   \brief   Reverse byte order (32 bit)
 896:Drivers/CMSIS/Include/cmsis_gcc.h ****   \details Reverses the byte order in unsigned integer value. For example, 0x12345678 becomes 0x785
 897:Drivers/CMSIS/Include/cmsis_gcc.h ****   \param [in]    value  Value to reverse
 898:Drivers/CMSIS/Include/cmsis_gcc.h ****   \return               Reversed value
 899:Drivers/CMSIS/Include/cmsis_gcc.h ****  */
 900:Drivers/CMSIS/Include/cmsis_gcc.h **** __STATIC_FORCEINLINE uint32_t __REV(uint32_t value)
 901:Drivers/CMSIS/Include/cmsis_gcc.h **** {
 902:Drivers/CMSIS/Include/cmsis_gcc.h **** #if (__GNUC__ > 4) || (__GNUC__ == 4 && __GNUC_MINOR__ >= 5)
 903:Drivers/CMSIS/Include/cmsis_gcc.h ****   return __builtin_bswap32(value);
 904:Drivers/CMSIS/Include/cmsis_gcc.h **** #else
 905:Drivers/CMSIS/Include/cmsis_gcc.h ****   uint32_t result;
 906:Drivers/CMSIS/Include/cmsis_gcc.h **** 
 907:Drivers/CMSIS/Include/cmsis_gcc.h ****   __ASM volatile ("rev %0, %1" : __CMSIS_GCC_OUT_REG (result) : __CMSIS_GCC_USE_REG (value) );
 908:Drivers/CMSIS/Include/cmsis_gcc.h ****   return result;
 909:Drivers/CMSIS/Include/cmsis_gcc.h **** #endif
 910:Drivers/CMSIS/Include/cmsis_gcc.h **** }
 911:Drivers/CMSIS/Include/cmsis_gcc.h **** 
 912:Drivers/CMSIS/Include/cmsis_gcc.h **** 
 913:Drivers/CMSIS/Include/cmsis_gcc.h **** /**
 914:Drivers/CMSIS/Include/cmsis_gcc.h ****   \brief   Reverse byte order (16 bit)
 915:Drivers/CMSIS/Include/cmsis_gcc.h ****   \details Reverses the byte order within each halfword of a word. For example, 0x12345678 becomes 
 916:Drivers/CMSIS/Include/cmsis_gcc.h ****   \param [in]    value  Value to reverse
 917:Drivers/CMSIS/Include/cmsis_gcc.h ****   \return               Reversed value
 918:Drivers/CMSIS/Include/cmsis_gcc.h ****  */
ARM GAS  C:\Users\ride_pig\AppData\Local\Temp\ccAMFt1h.s 			page 75


 919:Drivers/CMSIS/Include/cmsis_gcc.h **** __STATIC_FORCEINLINE uint32_t __REV16(uint32_t value)
 920:Drivers/CMSIS/Include/cmsis_gcc.h **** {
 921:Drivers/CMSIS/Include/cmsis_gcc.h ****   uint32_t result;
 922:Drivers/CMSIS/Include/cmsis_gcc.h **** 
 923:Drivers/CMSIS/Include/cmsis_gcc.h ****   __ASM volatile ("rev16 %0, %1" : __CMSIS_GCC_OUT_REG (result) : __CMSIS_GCC_USE_REG (value) );
 924:Drivers/CMSIS/Include/cmsis_gcc.h ****   return result;
 925:Drivers/CMSIS/Include/cmsis_gcc.h **** }
 926:Drivers/CMSIS/Include/cmsis_gcc.h **** 
 927:Drivers/CMSIS/Include/cmsis_gcc.h **** 
 928:Drivers/CMSIS/Include/cmsis_gcc.h **** /**
 929:Drivers/CMSIS/Include/cmsis_gcc.h ****   \brief   Reverse byte order (16 bit)
 930:Drivers/CMSIS/Include/cmsis_gcc.h ****   \details Reverses the byte order in a 16-bit value and returns the signed 16-bit result. For exam
 931:Drivers/CMSIS/Include/cmsis_gcc.h ****   \param [in]    value  Value to reverse
 932:Drivers/CMSIS/Include/cmsis_gcc.h ****   \return               Reversed value
 933:Drivers/CMSIS/Include/cmsis_gcc.h ****  */
 934:Drivers/CMSIS/Include/cmsis_gcc.h **** __STATIC_FORCEINLINE int16_t __REVSH(int16_t value)
 935:Drivers/CMSIS/Include/cmsis_gcc.h **** {
 936:Drivers/CMSIS/Include/cmsis_gcc.h **** #if (__GNUC__ > 4) || (__GNUC__ == 4 && __GNUC_MINOR__ >= 8)
 937:Drivers/CMSIS/Include/cmsis_gcc.h ****   return (int16_t)__builtin_bswap16(value);
 938:Drivers/CMSIS/Include/cmsis_gcc.h **** #else
 939:Drivers/CMSIS/Include/cmsis_gcc.h ****   int16_t result;
 940:Drivers/CMSIS/Include/cmsis_gcc.h **** 
 941:Drivers/CMSIS/Include/cmsis_gcc.h ****   __ASM volatile ("revsh %0, %1" : __CMSIS_GCC_OUT_REG (result) : __CMSIS_GCC_USE_REG (value) );
 942:Drivers/CMSIS/Include/cmsis_gcc.h ****   return result;
 943:Drivers/CMSIS/Include/cmsis_gcc.h **** #endif
 944:Drivers/CMSIS/Include/cmsis_gcc.h **** }
 945:Drivers/CMSIS/Include/cmsis_gcc.h **** 
 946:Drivers/CMSIS/Include/cmsis_gcc.h **** 
 947:Drivers/CMSIS/Include/cmsis_gcc.h **** /**
 948:Drivers/CMSIS/Include/cmsis_gcc.h ****   \brief   Rotate Right in unsigned value (32 bit)
 949:Drivers/CMSIS/Include/cmsis_gcc.h ****   \details Rotate Right (immediate) provides the value of the contents of a register rotated by a v
 950:Drivers/CMSIS/Include/cmsis_gcc.h ****   \param [in]    op1  Value to rotate
 951:Drivers/CMSIS/Include/cmsis_gcc.h ****   \param [in]    op2  Number of Bits to rotate
 952:Drivers/CMSIS/Include/cmsis_gcc.h ****   \return               Rotated value
 953:Drivers/CMSIS/Include/cmsis_gcc.h ****  */
 954:Drivers/CMSIS/Include/cmsis_gcc.h **** __STATIC_FORCEINLINE uint32_t __ROR(uint32_t op1, uint32_t op2)
 955:Drivers/CMSIS/Include/cmsis_gcc.h **** {
 956:Drivers/CMSIS/Include/cmsis_gcc.h ****   op2 %= 32U;
 957:Drivers/CMSIS/Include/cmsis_gcc.h ****   if (op2 == 0U)
 958:Drivers/CMSIS/Include/cmsis_gcc.h ****   {
 959:Drivers/CMSIS/Include/cmsis_gcc.h ****     return op1;
 960:Drivers/CMSIS/Include/cmsis_gcc.h ****   }
 961:Drivers/CMSIS/Include/cmsis_gcc.h ****   return (op1 >> op2) | (op1 << (32U - op2));
 962:Drivers/CMSIS/Include/cmsis_gcc.h **** }
 963:Drivers/CMSIS/Include/cmsis_gcc.h **** 
 964:Drivers/CMSIS/Include/cmsis_gcc.h **** 
 965:Drivers/CMSIS/Include/cmsis_gcc.h **** /**
 966:Drivers/CMSIS/Include/cmsis_gcc.h ****   \brief   Breakpoint
 967:Drivers/CMSIS/Include/cmsis_gcc.h ****   \details Causes the processor to enter Debug state.
 968:Drivers/CMSIS/Include/cmsis_gcc.h ****            Debug tools can use this to investigate system state when the instruction at a particula
 969:Drivers/CMSIS/Include/cmsis_gcc.h ****   \param [in]    value  is ignored by the processor.
 970:Drivers/CMSIS/Include/cmsis_gcc.h ****                  If required, a debugger can use it to store additional information about the break
 971:Drivers/CMSIS/Include/cmsis_gcc.h ****  */
 972:Drivers/CMSIS/Include/cmsis_gcc.h **** #define __BKPT(value)                       __ASM volatile ("bkpt "#value)
 973:Drivers/CMSIS/Include/cmsis_gcc.h **** 
 974:Drivers/CMSIS/Include/cmsis_gcc.h **** 
 975:Drivers/CMSIS/Include/cmsis_gcc.h **** /**
ARM GAS  C:\Users\ride_pig\AppData\Local\Temp\ccAMFt1h.s 			page 76


 976:Drivers/CMSIS/Include/cmsis_gcc.h ****   \brief   Reverse bit order of value
 977:Drivers/CMSIS/Include/cmsis_gcc.h ****   \details Reverses the bit order of the given value.
 978:Drivers/CMSIS/Include/cmsis_gcc.h ****   \param [in]    value  Value to reverse
 979:Drivers/CMSIS/Include/cmsis_gcc.h ****   \return               Reversed value
 980:Drivers/CMSIS/Include/cmsis_gcc.h ****  */
 981:Drivers/CMSIS/Include/cmsis_gcc.h **** __STATIC_FORCEINLINE uint32_t __RBIT(uint32_t value)
 1566              		.loc 2 981 31 view .LVU506
 1567              	.LBB5:
 982:Drivers/CMSIS/Include/cmsis_gcc.h **** {
 983:Drivers/CMSIS/Include/cmsis_gcc.h ****   uint32_t result;
 1568              		.loc 2 983 3 view .LVU507
 984:Drivers/CMSIS/Include/cmsis_gcc.h **** 
 985:Drivers/CMSIS/Include/cmsis_gcc.h **** #if ((defined (__ARM_ARCH_7M__      ) && (__ARM_ARCH_7M__      == 1)) || \
 986:Drivers/CMSIS/Include/cmsis_gcc.h ****      (defined (__ARM_ARCH_7EM__     ) && (__ARM_ARCH_7EM__     == 1)) || \
 987:Drivers/CMSIS/Include/cmsis_gcc.h ****      (defined (__ARM_ARCH_8M_MAIN__ ) && (__ARM_ARCH_8M_MAIN__ == 1))    )
 988:Drivers/CMSIS/Include/cmsis_gcc.h ****    __ASM volatile ("rbit %0, %1" : "=r" (result) : "r" (value) );
 1569              		.loc 2 988 4 view .LVU508
 1570              		.syntax unified
 1571              	@ 988 "Drivers/CMSIS/Include/cmsis_gcc.h" 1
 1572 0010 91FAA1F1 		rbit r1, r1
 1573              	@ 0 "" 2
 1574              	.LVL116:
 989:Drivers/CMSIS/Include/cmsis_gcc.h **** #else
 990:Drivers/CMSIS/Include/cmsis_gcc.h ****   uint32_t s = (4U /*sizeof(v)*/ * 8U) - 1U; /* extra shift needed at end */
 991:Drivers/CMSIS/Include/cmsis_gcc.h **** 
 992:Drivers/CMSIS/Include/cmsis_gcc.h ****   result = value;                      /* r will be reversed bits of v; first get LSB of v */
 993:Drivers/CMSIS/Include/cmsis_gcc.h ****   for (value >>= 1U; value != 0U; value >>= 1U)
 994:Drivers/CMSIS/Include/cmsis_gcc.h ****   {
 995:Drivers/CMSIS/Include/cmsis_gcc.h ****     result <<= 1U;
 996:Drivers/CMSIS/Include/cmsis_gcc.h ****     result |= value & 1U;
 997:Drivers/CMSIS/Include/cmsis_gcc.h ****     s--;
 998:Drivers/CMSIS/Include/cmsis_gcc.h ****   }
 999:Drivers/CMSIS/Include/cmsis_gcc.h ****   result <<= s;                        /* shift when v's highest bits are zero */
1000:Drivers/CMSIS/Include/cmsis_gcc.h **** #endif
1001:Drivers/CMSIS/Include/cmsis_gcc.h ****   return result;
 1575              		.loc 2 1001 3 view .LVU509
 1576              		.loc 2 1001 3 is_stmt 0 view .LVU510
 1577              		.thumb
 1578              		.syntax unified
 1579              	.LBE5:
 1580              	.LBE4:
1467:Drivers/STM32F1xx_HAL_Driver/Src/stm32f1xx_hal_can.c **** 
 1581              		.loc 1 1467 21 view .LVU511
 1582 0014 B1FA81F1 		clz	r1, r1
 1583              	.LVL117:
1470:Drivers/STM32F1xx_HAL_Driver/Src/stm32f1xx_hal_can.c ****   }
 1584              		.loc 1 1470 5 is_stmt 1 view .LVU512
1470:Drivers/STM32F1xx_HAL_Driver/Src/stm32f1xx_hal_can.c ****   }
 1585              		.loc 1 1470 22 is_stmt 0 view .LVU513
 1586 0018 0368     		ldr	r3, [r0]
1470:Drivers/STM32F1xx_HAL_Driver/Src/stm32f1xx_hal_can.c ****   }
 1587              		.loc 1 1470 61 view .LVU514
 1588 001a 1831     		adds	r1, r1, #24
 1589              	.LVL118:
1470:Drivers/STM32F1xx_HAL_Driver/Src/stm32f1xx_hal_can.c ****   }
 1590              		.loc 1 1470 61 view .LVU515
 1591 001c 03EB0113 		add	r3, r3, r1, lsl #4
ARM GAS  C:\Users\ride_pig\AppData\Local\Temp\ccAMFt1h.s 			page 77


 1592 0020 5868     		ldr	r0, [r3, #4]
 1593              	.LVL119:
1470:Drivers/STM32F1xx_HAL_Driver/Src/stm32f1xx_hal_can.c ****   }
 1594              		.loc 1 1470 85 view .LVU516
 1595 0022 000C     		lsrs	r0, r0, #16
 1596              	.LVL120:
1470:Drivers/STM32F1xx_HAL_Driver/Src/stm32f1xx_hal_can.c ****   }
 1597              		.loc 1 1470 85 view .LVU517
 1598 0024 7047     		bx	lr
 1599              		.cfi_endproc
 1600              	.LFE79:
 1602              		.section	.text.HAL_CAN_GetRxMessage,"ax",%progbits
 1603              		.align	1
 1604              		.global	HAL_CAN_GetRxMessage
 1605              		.syntax unified
 1606              		.thumb
 1607              		.thumb_func
 1609              	HAL_CAN_GetRxMessage:
 1610              	.LVL121:
 1611              	.LFB80:
1476:Drivers/STM32F1xx_HAL_Driver/Src/stm32f1xx_hal_can.c **** 
1477:Drivers/STM32F1xx_HAL_Driver/Src/stm32f1xx_hal_can.c **** /**
1478:Drivers/STM32F1xx_HAL_Driver/Src/stm32f1xx_hal_can.c ****   * @brief  Get an CAN frame from the Rx FIFO zone into the message RAM.
1479:Drivers/STM32F1xx_HAL_Driver/Src/stm32f1xx_hal_can.c ****   * @param  hcan pointer to an CAN_HandleTypeDef structure that contains
1480:Drivers/STM32F1xx_HAL_Driver/Src/stm32f1xx_hal_can.c ****   *         the configuration information for the specified CAN.
1481:Drivers/STM32F1xx_HAL_Driver/Src/stm32f1xx_hal_can.c ****   * @param  RxFifo Fifo number of the received message to be read.
1482:Drivers/STM32F1xx_HAL_Driver/Src/stm32f1xx_hal_can.c ****   *         This parameter can be a value of @arg CAN_receive_FIFO_number.
1483:Drivers/STM32F1xx_HAL_Driver/Src/stm32f1xx_hal_can.c ****   * @param  pHeader pointer to a CAN_RxHeaderTypeDef structure where the header
1484:Drivers/STM32F1xx_HAL_Driver/Src/stm32f1xx_hal_can.c ****   *         of the Rx frame will be stored.
1485:Drivers/STM32F1xx_HAL_Driver/Src/stm32f1xx_hal_can.c ****   * @param  aData array where the payload of the Rx frame will be stored.
1486:Drivers/STM32F1xx_HAL_Driver/Src/stm32f1xx_hal_can.c ****   * @retval HAL status
1487:Drivers/STM32F1xx_HAL_Driver/Src/stm32f1xx_hal_can.c ****   */
1488:Drivers/STM32F1xx_HAL_Driver/Src/stm32f1xx_hal_can.c **** HAL_StatusTypeDef HAL_CAN_GetRxMessage(CAN_HandleTypeDef *hcan, uint32_t RxFifo, CAN_RxHeaderTypeDe
1489:Drivers/STM32F1xx_HAL_Driver/Src/stm32f1xx_hal_can.c **** {
 1612              		.loc 1 1489 1 is_stmt 1 view -0
 1613              		.cfi_startproc
 1614              		@ args = 0, pretend = 0, frame = 0
 1615              		@ frame_needed = 0, uses_anonymous_args = 0
 1616              		@ link register save eliminated.
1490:Drivers/STM32F1xx_HAL_Driver/Src/stm32f1xx_hal_can.c ****   HAL_CAN_StateTypeDef state = hcan->State;
 1617              		.loc 1 1490 3 view .LVU519
 1618              		.loc 1 1490 24 is_stmt 0 view .LVU520
 1619 0000 90F820C0 		ldrb	ip, [r0, #32]	@ zero_extendqisi2
 1620              	.LVL122:
1491:Drivers/STM32F1xx_HAL_Driver/Src/stm32f1xx_hal_can.c **** 
1492:Drivers/STM32F1xx_HAL_Driver/Src/stm32f1xx_hal_can.c ****   assert_param(IS_CAN_RX_FIFO(RxFifo));
 1621              		.loc 1 1492 3 is_stmt 1 view .LVU521
1493:Drivers/STM32F1xx_HAL_Driver/Src/stm32f1xx_hal_can.c **** 
1494:Drivers/STM32F1xx_HAL_Driver/Src/stm32f1xx_hal_can.c ****   if ((state == HAL_CAN_STATE_READY) ||
 1622              		.loc 1 1494 3 view .LVU522
 1623              		.loc 1 1494 38 is_stmt 0 view .LVU523
 1624 0004 0CF1FF3C 		add	ip, ip, #-1
 1625              	.LVL123:
 1626              		.loc 1 1494 38 view .LVU524
 1627 0008 5FFA8CFC 		uxtb	ip, ip
 1628              		.loc 1 1494 6 view .LVU525
 1629 000c BCF1010F 		cmp	ip, #1
ARM GAS  C:\Users\ride_pig\AppData\Local\Temp\ccAMFt1h.s 			page 78


 1630 0010 00F29B80 		bhi	.L131
1489:Drivers/STM32F1xx_HAL_Driver/Src/stm32f1xx_hal_can.c ****   HAL_CAN_StateTypeDef state = hcan->State;
 1631              		.loc 1 1489 1 view .LVU526
 1632 0014 10B4     		push	{r4}
 1633              	.LCFI10:
 1634              		.cfi_def_cfa_offset 4
 1635              		.cfi_offset 4, -4
1495:Drivers/STM32F1xx_HAL_Driver/Src/stm32f1xx_hal_can.c ****       (state == HAL_CAN_STATE_LISTENING))
1496:Drivers/STM32F1xx_HAL_Driver/Src/stm32f1xx_hal_can.c ****   {
1497:Drivers/STM32F1xx_HAL_Driver/Src/stm32f1xx_hal_can.c ****     /* Check the Rx FIFO */
1498:Drivers/STM32F1xx_HAL_Driver/Src/stm32f1xx_hal_can.c ****     if (RxFifo == CAN_RX_FIFO0) /* Rx element is assigned to Rx FIFO 0 */
 1636              		.loc 1 1498 5 is_stmt 1 view .LVU527
 1637              		.loc 1 1498 8 is_stmt 0 view .LVU528
 1638 0016 51B9     		cbnz	r1, .L132
1499:Drivers/STM32F1xx_HAL_Driver/Src/stm32f1xx_hal_can.c ****     {
1500:Drivers/STM32F1xx_HAL_Driver/Src/stm32f1xx_hal_can.c ****       /* Check that the Rx FIFO 0 is not empty */
1501:Drivers/STM32F1xx_HAL_Driver/Src/stm32f1xx_hal_can.c ****       if ((hcan->Instance->RF0R & CAN_RF0R_FMP0) == 0U)
 1639              		.loc 1 1501 7 is_stmt 1 view .LVU529
 1640              		.loc 1 1501 16 is_stmt 0 view .LVU530
 1641 0018 0468     		ldr	r4, [r0]
 1642              		.loc 1 1501 26 view .LVU531
 1643 001a E468     		ldr	r4, [r4, #12]
 1644              		.loc 1 1501 10 view .LVU532
 1645 001c 14F0030F 		tst	r4, #3
 1646 0020 10D1     		bne	.L133
1502:Drivers/STM32F1xx_HAL_Driver/Src/stm32f1xx_hal_can.c ****       {
1503:Drivers/STM32F1xx_HAL_Driver/Src/stm32f1xx_hal_can.c ****         /* Update error code */
1504:Drivers/STM32F1xx_HAL_Driver/Src/stm32f1xx_hal_can.c ****         hcan->ErrorCode |= HAL_CAN_ERROR_PARAM;
 1647              		.loc 1 1504 9 is_stmt 1 view .LVU533
 1648              		.loc 1 1504 25 is_stmt 0 view .LVU534
 1649 0022 436A     		ldr	r3, [r0, #36]
 1650              	.LVL124:
 1651              		.loc 1 1504 25 view .LVU535
 1652 0024 43F40013 		orr	r3, r3, #2097152
 1653 0028 4362     		str	r3, [r0, #36]
1505:Drivers/STM32F1xx_HAL_Driver/Src/stm32f1xx_hal_can.c **** 
1506:Drivers/STM32F1xx_HAL_Driver/Src/stm32f1xx_hal_can.c ****         return HAL_ERROR;
 1654              		.loc 1 1506 9 is_stmt 1 view .LVU536
 1655              		.loc 1 1506 16 is_stmt 0 view .LVU537
 1656 002a 0120     		movs	r0, #1
 1657              	.LVL125:
 1658              		.loc 1 1506 16 view .LVU538
 1659 002c 7BE0     		b	.L134
 1660              	.LVL126:
 1661              	.L132:
1507:Drivers/STM32F1xx_HAL_Driver/Src/stm32f1xx_hal_can.c ****       }
1508:Drivers/STM32F1xx_HAL_Driver/Src/stm32f1xx_hal_can.c ****     }
1509:Drivers/STM32F1xx_HAL_Driver/Src/stm32f1xx_hal_can.c ****     else /* Rx element is assigned to Rx FIFO 1 */
1510:Drivers/STM32F1xx_HAL_Driver/Src/stm32f1xx_hal_can.c ****     {
1511:Drivers/STM32F1xx_HAL_Driver/Src/stm32f1xx_hal_can.c ****       /* Check that the Rx FIFO 1 is not empty */
1512:Drivers/STM32F1xx_HAL_Driver/Src/stm32f1xx_hal_can.c ****       if ((hcan->Instance->RF1R & CAN_RF1R_FMP1) == 0U)
 1662              		.loc 1 1512 7 is_stmt 1 view .LVU539
 1663              		.loc 1 1512 16 is_stmt 0 view .LVU540
 1664 002e 0468     		ldr	r4, [r0]
 1665              		.loc 1 1512 26 view .LVU541
 1666 0030 2469     		ldr	r4, [r4, #16]
 1667              		.loc 1 1512 10 view .LVU542
ARM GAS  C:\Users\ride_pig\AppData\Local\Temp\ccAMFt1h.s 			page 79


 1668 0032 14F0030F 		tst	r4, #3
 1669 0036 05D1     		bne	.L133
1513:Drivers/STM32F1xx_HAL_Driver/Src/stm32f1xx_hal_can.c ****       {
1514:Drivers/STM32F1xx_HAL_Driver/Src/stm32f1xx_hal_can.c ****         /* Update error code */
1515:Drivers/STM32F1xx_HAL_Driver/Src/stm32f1xx_hal_can.c ****         hcan->ErrorCode |= HAL_CAN_ERROR_PARAM;
 1670              		.loc 1 1515 9 is_stmt 1 view .LVU543
 1671              		.loc 1 1515 25 is_stmt 0 view .LVU544
 1672 0038 436A     		ldr	r3, [r0, #36]
 1673              	.LVL127:
 1674              		.loc 1 1515 25 view .LVU545
 1675 003a 43F40013 		orr	r3, r3, #2097152
 1676 003e 4362     		str	r3, [r0, #36]
1516:Drivers/STM32F1xx_HAL_Driver/Src/stm32f1xx_hal_can.c **** 
1517:Drivers/STM32F1xx_HAL_Driver/Src/stm32f1xx_hal_can.c ****         return HAL_ERROR;
 1677              		.loc 1 1517 9 is_stmt 1 view .LVU546
 1678              		.loc 1 1517 16 is_stmt 0 view .LVU547
 1679 0040 0120     		movs	r0, #1
 1680              	.LVL128:
 1681              		.loc 1 1517 16 view .LVU548
 1682 0042 70E0     		b	.L134
 1683              	.LVL129:
 1684              	.L133:
1518:Drivers/STM32F1xx_HAL_Driver/Src/stm32f1xx_hal_can.c ****       }
1519:Drivers/STM32F1xx_HAL_Driver/Src/stm32f1xx_hal_can.c ****     }
1520:Drivers/STM32F1xx_HAL_Driver/Src/stm32f1xx_hal_can.c **** 
1521:Drivers/STM32F1xx_HAL_Driver/Src/stm32f1xx_hal_can.c ****     /* Get the header */
1522:Drivers/STM32F1xx_HAL_Driver/Src/stm32f1xx_hal_can.c ****     pHeader->IDE = CAN_RI0R_IDE & hcan->Instance->sFIFOMailBox[RxFifo].RIR;
 1685              		.loc 1 1522 5 is_stmt 1 view .LVU549
 1686              		.loc 1 1522 71 is_stmt 0 view .LVU550
 1687 0044 01F11B04 		add	r4, r1, #27
 1688 0048 2401     		lsls	r4, r4, #4
 1689 004a D0F800C0 		ldr	ip, [r0]
 1690 004e 5CF80440 		ldr	r4, [ip, r4]
 1691              		.loc 1 1522 33 view .LVU551
 1692 0052 04F00404 		and	r4, r4, #4
 1693              		.loc 1 1522 18 view .LVU552
 1694 0056 9460     		str	r4, [r2, #8]
1523:Drivers/STM32F1xx_HAL_Driver/Src/stm32f1xx_hal_can.c ****     if (pHeader->IDE == CAN_ID_STD)
 1695              		.loc 1 1523 5 is_stmt 1 view .LVU553
 1696              		.loc 1 1523 8 is_stmt 0 view .LVU554
 1697 0058 002C     		cmp	r4, #0
 1698 005a 66D1     		bne	.L135
1524:Drivers/STM32F1xx_HAL_Driver/Src/stm32f1xx_hal_can.c ****     {
1525:Drivers/STM32F1xx_HAL_Driver/Src/stm32f1xx_hal_can.c ****       pHeader->StdId = (CAN_RI0R_STID & hcan->Instance->sFIFOMailBox[RxFifo].RIR) >> CAN_TI0R_STID_
 1699              		.loc 1 1525 7 is_stmt 1 view .LVU555
 1700              		.loc 1 1525 77 is_stmt 0 view .LVU556
 1701 005c 01F11B04 		add	r4, r1, #27
 1702 0060 2401     		lsls	r4, r4, #4
 1703 0062 D0F800C0 		ldr	ip, [r0]
 1704 0066 5CF80440 		ldr	r4, [ip, r4]
 1705              		.loc 1 1525 83 view .LVU557
 1706 006a 640D     		lsrs	r4, r4, #21
 1707              		.loc 1 1525 22 view .LVU558
 1708 006c 1460     		str	r4, [r2]
 1709              	.L136:
1526:Drivers/STM32F1xx_HAL_Driver/Src/stm32f1xx_hal_can.c ****     }
1527:Drivers/STM32F1xx_HAL_Driver/Src/stm32f1xx_hal_can.c ****     else
ARM GAS  C:\Users\ride_pig\AppData\Local\Temp\ccAMFt1h.s 			page 80


1528:Drivers/STM32F1xx_HAL_Driver/Src/stm32f1xx_hal_can.c ****     {
1529:Drivers/STM32F1xx_HAL_Driver/Src/stm32f1xx_hal_can.c ****       pHeader->ExtId = ((CAN_RI0R_EXID | CAN_RI0R_STID) & hcan->Instance->sFIFOMailBox[RxFifo].RIR)
1530:Drivers/STM32F1xx_HAL_Driver/Src/stm32f1xx_hal_can.c ****     }
1531:Drivers/STM32F1xx_HAL_Driver/Src/stm32f1xx_hal_can.c ****     pHeader->RTR = (CAN_RI0R_RTR & hcan->Instance->sFIFOMailBox[RxFifo].RIR);
 1710              		.loc 1 1531 5 is_stmt 1 view .LVU559
 1711              		.loc 1 1531 40 is_stmt 0 view .LVU560
 1712 006e 0468     		ldr	r4, [r0]
 1713              		.loc 1 1531 72 view .LVU561
 1714 0070 01F11B0C 		add	ip, r1, #27
 1715 0074 4FEA0C1C 		lsl	ip, ip, #4
 1716 0078 54F80C40 		ldr	r4, [r4, ip]
 1717              		.loc 1 1531 34 view .LVU562
 1718 007c 04F00204 		and	r4, r4, #2
 1719              		.loc 1 1531 18 view .LVU563
 1720 0080 D460     		str	r4, [r2, #12]
1532:Drivers/STM32F1xx_HAL_Driver/Src/stm32f1xx_hal_can.c ****     pHeader->DLC = (CAN_RDT0R_DLC & hcan->Instance->sFIFOMailBox[RxFifo].RDTR) >> CAN_RDT0R_DLC_Pos
 1721              		.loc 1 1532 5 is_stmt 1 view .LVU564
 1722              		.loc 1 1532 41 is_stmt 0 view .LVU565
 1723 0082 0468     		ldr	r4, [r0]
 1724              		.loc 1 1532 73 view .LVU566
 1725 0084 6444     		add	r4, r4, ip
 1726 0086 6468     		ldr	r4, [r4, #4]
 1727              		.loc 1 1532 80 view .LVU567
 1728 0088 04F00F04 		and	r4, r4, #15
 1729              		.loc 1 1532 18 view .LVU568
 1730 008c 1461     		str	r4, [r2, #16]
1533:Drivers/STM32F1xx_HAL_Driver/Src/stm32f1xx_hal_can.c ****     pHeader->FilterMatchIndex = (CAN_RDT0R_FMI & hcan->Instance->sFIFOMailBox[RxFifo].RDTR) >> CAN_
 1731              		.loc 1 1533 5 is_stmt 1 view .LVU569
 1732              		.loc 1 1533 54 is_stmt 0 view .LVU570
 1733 008e 0468     		ldr	r4, [r0]
 1734              		.loc 1 1533 86 view .LVU571
 1735 0090 6444     		add	r4, r4, ip
 1736 0092 6468     		ldr	r4, [r4, #4]
 1737              		.loc 1 1533 93 view .LVU572
 1738 0094 C4F30724 		ubfx	r4, r4, #8, #8
 1739              		.loc 1 1533 31 view .LVU573
 1740 0098 9461     		str	r4, [r2, #24]
1534:Drivers/STM32F1xx_HAL_Driver/Src/stm32f1xx_hal_can.c ****     pHeader->Timestamp = (CAN_RDT0R_TIME & hcan->Instance->sFIFOMailBox[RxFifo].RDTR) >> CAN_RDT0R_
 1741              		.loc 1 1534 5 is_stmt 1 view .LVU574
 1742              		.loc 1 1534 48 is_stmt 0 view .LVU575
 1743 009a 0468     		ldr	r4, [r0]
 1744              		.loc 1 1534 80 view .LVU576
 1745 009c 6444     		add	r4, r4, ip
 1746 009e 6468     		ldr	r4, [r4, #4]
 1747              		.loc 1 1534 87 view .LVU577
 1748 00a0 240C     		lsrs	r4, r4, #16
 1749              		.loc 1 1534 24 view .LVU578
 1750 00a2 5461     		str	r4, [r2, #20]
1535:Drivers/STM32F1xx_HAL_Driver/Src/stm32f1xx_hal_can.c **** 
1536:Drivers/STM32F1xx_HAL_Driver/Src/stm32f1xx_hal_can.c ****     /* Get the data */
1537:Drivers/STM32F1xx_HAL_Driver/Src/stm32f1xx_hal_can.c ****     aData[0] = (uint8_t)((CAN_RDL0R_DATA0 & hcan->Instance->sFIFOMailBox[RxFifo].RDLR) >> CAN_RDL0R
 1751              		.loc 1 1537 5 is_stmt 1 view .LVU579
 1752              		.loc 1 1537 49 is_stmt 0 view .LVU580
 1753 00a4 0268     		ldr	r2, [r0]
 1754              	.LVL130:
 1755              		.loc 1 1537 81 view .LVU581
 1756 00a6 02EB0112 		add	r2, r2, r1, lsl #4
ARM GAS  C:\Users\ride_pig\AppData\Local\Temp\ccAMFt1h.s 			page 81


 1757 00aa D2F8B821 		ldr	r2, [r2, #440]
 1758              		.loc 1 1537 14 view .LVU582
 1759 00ae 1A70     		strb	r2, [r3]
1538:Drivers/STM32F1xx_HAL_Driver/Src/stm32f1xx_hal_can.c ****     aData[1] = (uint8_t)((CAN_RDL0R_DATA1 & hcan->Instance->sFIFOMailBox[RxFifo].RDLR) >> CAN_RDL0R
 1760              		.loc 1 1538 5 is_stmt 1 view .LVU583
 1761              		.loc 1 1538 49 is_stmt 0 view .LVU584
 1762 00b0 0268     		ldr	r2, [r0]
 1763              		.loc 1 1538 81 view .LVU585
 1764 00b2 02EB0112 		add	r2, r2, r1, lsl #4
 1765 00b6 D2F8B821 		ldr	r2, [r2, #440]
 1766              		.loc 1 1538 16 view .LVU586
 1767 00ba C2F30722 		ubfx	r2, r2, #8, #8
 1768              		.loc 1 1538 14 view .LVU587
 1769 00be 5A70     		strb	r2, [r3, #1]
1539:Drivers/STM32F1xx_HAL_Driver/Src/stm32f1xx_hal_can.c ****     aData[2] = (uint8_t)((CAN_RDL0R_DATA2 & hcan->Instance->sFIFOMailBox[RxFifo].RDLR) >> CAN_RDL0R
 1770              		.loc 1 1539 5 is_stmt 1 view .LVU588
 1771              		.loc 1 1539 49 is_stmt 0 view .LVU589
 1772 00c0 0268     		ldr	r2, [r0]
 1773              		.loc 1 1539 81 view .LVU590
 1774 00c2 02EB0112 		add	r2, r2, r1, lsl #4
 1775 00c6 D2F8B821 		ldr	r2, [r2, #440]
 1776              		.loc 1 1539 16 view .LVU591
 1777 00ca C2F30742 		ubfx	r2, r2, #16, #8
 1778              		.loc 1 1539 14 view .LVU592
 1779 00ce 9A70     		strb	r2, [r3, #2]
1540:Drivers/STM32F1xx_HAL_Driver/Src/stm32f1xx_hal_can.c ****     aData[3] = (uint8_t)((CAN_RDL0R_DATA3 & hcan->Instance->sFIFOMailBox[RxFifo].RDLR) >> CAN_RDL0R
 1780              		.loc 1 1540 5 is_stmt 1 view .LVU593
 1781              		.loc 1 1540 49 is_stmt 0 view .LVU594
 1782 00d0 0268     		ldr	r2, [r0]
 1783              		.loc 1 1540 81 view .LVU595
 1784 00d2 02EB0112 		add	r2, r2, r1, lsl #4
 1785 00d6 D2F8B821 		ldr	r2, [r2, #440]
 1786              		.loc 1 1540 16 view .LVU596
 1787 00da 120E     		lsrs	r2, r2, #24
 1788              		.loc 1 1540 14 view .LVU597
 1789 00dc DA70     		strb	r2, [r3, #3]
1541:Drivers/STM32F1xx_HAL_Driver/Src/stm32f1xx_hal_can.c ****     aData[4] = (uint8_t)((CAN_RDH0R_DATA4 & hcan->Instance->sFIFOMailBox[RxFifo].RDHR) >> CAN_RDH0R
 1790              		.loc 1 1541 5 is_stmt 1 view .LVU598
 1791              		.loc 1 1541 49 is_stmt 0 view .LVU599
 1792 00de 0268     		ldr	r2, [r0]
 1793              		.loc 1 1541 81 view .LVU600
 1794 00e0 02EB0112 		add	r2, r2, r1, lsl #4
 1795 00e4 D2F8BC21 		ldr	r2, [r2, #444]
 1796              		.loc 1 1541 14 view .LVU601
 1797 00e8 1A71     		strb	r2, [r3, #4]
1542:Drivers/STM32F1xx_HAL_Driver/Src/stm32f1xx_hal_can.c ****     aData[5] = (uint8_t)((CAN_RDH0R_DATA5 & hcan->Instance->sFIFOMailBox[RxFifo].RDHR) >> CAN_RDH0R
 1798              		.loc 1 1542 5 is_stmt 1 view .LVU602
 1799              		.loc 1 1542 49 is_stmt 0 view .LVU603
 1800 00ea 0268     		ldr	r2, [r0]
 1801              		.loc 1 1542 81 view .LVU604
 1802 00ec 02EB0112 		add	r2, r2, r1, lsl #4
 1803 00f0 D2F8BC21 		ldr	r2, [r2, #444]
 1804              		.loc 1 1542 16 view .LVU605
 1805 00f4 C2F30722 		ubfx	r2, r2, #8, #8
 1806              		.loc 1 1542 14 view .LVU606
 1807 00f8 5A71     		strb	r2, [r3, #5]
1543:Drivers/STM32F1xx_HAL_Driver/Src/stm32f1xx_hal_can.c ****     aData[6] = (uint8_t)((CAN_RDH0R_DATA6 & hcan->Instance->sFIFOMailBox[RxFifo].RDHR) >> CAN_RDH0R
ARM GAS  C:\Users\ride_pig\AppData\Local\Temp\ccAMFt1h.s 			page 82


 1808              		.loc 1 1543 5 is_stmt 1 view .LVU607
 1809              		.loc 1 1543 49 is_stmt 0 view .LVU608
 1810 00fa 0268     		ldr	r2, [r0]
 1811              		.loc 1 1543 81 view .LVU609
 1812 00fc 02EB0112 		add	r2, r2, r1, lsl #4
 1813 0100 D2F8BC21 		ldr	r2, [r2, #444]
 1814              		.loc 1 1543 16 view .LVU610
 1815 0104 C2F30742 		ubfx	r2, r2, #16, #8
 1816              		.loc 1 1543 14 view .LVU611
 1817 0108 9A71     		strb	r2, [r3, #6]
1544:Drivers/STM32F1xx_HAL_Driver/Src/stm32f1xx_hal_can.c ****     aData[7] = (uint8_t)((CAN_RDH0R_DATA7 & hcan->Instance->sFIFOMailBox[RxFifo].RDHR) >> CAN_RDH0R
 1818              		.loc 1 1544 5 is_stmt 1 view .LVU612
 1819              		.loc 1 1544 49 is_stmt 0 view .LVU613
 1820 010a 0268     		ldr	r2, [r0]
 1821              		.loc 1 1544 81 view .LVU614
 1822 010c 02EB0112 		add	r2, r2, r1, lsl #4
 1823 0110 D2F8BC21 		ldr	r2, [r2, #444]
 1824              		.loc 1 1544 16 view .LVU615
 1825 0114 120E     		lsrs	r2, r2, #24
 1826              		.loc 1 1544 14 view .LVU616
 1827 0116 DA71     		strb	r2, [r3, #7]
1545:Drivers/STM32F1xx_HAL_Driver/Src/stm32f1xx_hal_can.c **** 
1546:Drivers/STM32F1xx_HAL_Driver/Src/stm32f1xx_hal_can.c ****     /* Release the FIFO */
1547:Drivers/STM32F1xx_HAL_Driver/Src/stm32f1xx_hal_can.c ****     if (RxFifo == CAN_RX_FIFO0) /* Rx element is assigned to Rx FIFO 0 */
 1828              		.loc 1 1547 5 is_stmt 1 view .LVU617
 1829              		.loc 1 1547 8 is_stmt 0 view .LVU618
 1830 0118 89B9     		cbnz	r1, .L137
1548:Drivers/STM32F1xx_HAL_Driver/Src/stm32f1xx_hal_can.c ****     {
1549:Drivers/STM32F1xx_HAL_Driver/Src/stm32f1xx_hal_can.c ****       /* Release RX FIFO 0 */
1550:Drivers/STM32F1xx_HAL_Driver/Src/stm32f1xx_hal_can.c ****       SET_BIT(hcan->Instance->RF0R, CAN_RF0R_RFOM0);
 1831              		.loc 1 1550 7 is_stmt 1 view .LVU619
 1832 011a 0268     		ldr	r2, [r0]
 1833 011c D368     		ldr	r3, [r2, #12]
 1834              	.LVL131:
 1835              		.loc 1 1550 7 is_stmt 0 view .LVU620
 1836 011e 43F02003 		orr	r3, r3, #32
 1837 0122 D360     		str	r3, [r2, #12]
 1838              	.L138:
1551:Drivers/STM32F1xx_HAL_Driver/Src/stm32f1xx_hal_can.c ****     }
1552:Drivers/STM32F1xx_HAL_Driver/Src/stm32f1xx_hal_can.c ****     else /* Rx element is assigned to Rx FIFO 1 */
1553:Drivers/STM32F1xx_HAL_Driver/Src/stm32f1xx_hal_can.c ****     {
1554:Drivers/STM32F1xx_HAL_Driver/Src/stm32f1xx_hal_can.c ****       /* Release RX FIFO 1 */
1555:Drivers/STM32F1xx_HAL_Driver/Src/stm32f1xx_hal_can.c ****       SET_BIT(hcan->Instance->RF1R, CAN_RF1R_RFOM1);
1556:Drivers/STM32F1xx_HAL_Driver/Src/stm32f1xx_hal_can.c ****     }
1557:Drivers/STM32F1xx_HAL_Driver/Src/stm32f1xx_hal_can.c **** 
1558:Drivers/STM32F1xx_HAL_Driver/Src/stm32f1xx_hal_can.c ****     /* Return function status */
1559:Drivers/STM32F1xx_HAL_Driver/Src/stm32f1xx_hal_can.c ****     return HAL_OK;
 1839              		.loc 1 1559 5 is_stmt 1 view .LVU621
 1840              		.loc 1 1559 12 is_stmt 0 view .LVU622
 1841 0124 0020     		movs	r0, #0
 1842              	.LVL132:
 1843              	.L134:
1560:Drivers/STM32F1xx_HAL_Driver/Src/stm32f1xx_hal_can.c ****   }
1561:Drivers/STM32F1xx_HAL_Driver/Src/stm32f1xx_hal_can.c ****   else
1562:Drivers/STM32F1xx_HAL_Driver/Src/stm32f1xx_hal_can.c ****   {
1563:Drivers/STM32F1xx_HAL_Driver/Src/stm32f1xx_hal_can.c ****     /* Update error code */
1564:Drivers/STM32F1xx_HAL_Driver/Src/stm32f1xx_hal_can.c ****     hcan->ErrorCode |= HAL_CAN_ERROR_NOT_INITIALIZED;
ARM GAS  C:\Users\ride_pig\AppData\Local\Temp\ccAMFt1h.s 			page 83


1565:Drivers/STM32F1xx_HAL_Driver/Src/stm32f1xx_hal_can.c **** 
1566:Drivers/STM32F1xx_HAL_Driver/Src/stm32f1xx_hal_can.c ****     return HAL_ERROR;
1567:Drivers/STM32F1xx_HAL_Driver/Src/stm32f1xx_hal_can.c ****   }
1568:Drivers/STM32F1xx_HAL_Driver/Src/stm32f1xx_hal_can.c **** }
 1844              		.loc 1 1568 1 view .LVU623
 1845 0126 10BC     		pop	{r4}
 1846              	.LCFI11:
 1847              		.cfi_remember_state
 1848              		.cfi_restore 4
 1849              		.cfi_def_cfa_offset 0
 1850 0128 7047     		bx	lr
 1851              	.LVL133:
 1852              	.L135:
 1853              	.LCFI12:
 1854              		.cfi_restore_state
1529:Drivers/STM32F1xx_HAL_Driver/Src/stm32f1xx_hal_can.c ****     }
 1855              		.loc 1 1529 7 is_stmt 1 view .LVU624
1529:Drivers/STM32F1xx_HAL_Driver/Src/stm32f1xx_hal_can.c ****     }
 1856              		.loc 1 1529 95 is_stmt 0 view .LVU625
 1857 012a 01F11B04 		add	r4, r1, #27
 1858 012e 2401     		lsls	r4, r4, #4
 1859 0130 D0F800C0 		ldr	ip, [r0]
 1860 0134 5CF80440 		ldr	r4, [ip, r4]
1529:Drivers/STM32F1xx_HAL_Driver/Src/stm32f1xx_hal_can.c ****     }
 1861              		.loc 1 1529 101 view .LVU626
 1862 0138 E408     		lsrs	r4, r4, #3
1529:Drivers/STM32F1xx_HAL_Driver/Src/stm32f1xx_hal_can.c ****     }
 1863              		.loc 1 1529 22 view .LVU627
 1864 013a 5460     		str	r4, [r2, #4]
 1865 013c 97E7     		b	.L136
 1866              	.LVL134:
 1867              	.L137:
1555:Drivers/STM32F1xx_HAL_Driver/Src/stm32f1xx_hal_can.c ****     }
 1868              		.loc 1 1555 7 is_stmt 1 view .LVU628
 1869 013e 0268     		ldr	r2, [r0]
 1870 0140 1369     		ldr	r3, [r2, #16]
 1871              	.LVL135:
1555:Drivers/STM32F1xx_HAL_Driver/Src/stm32f1xx_hal_can.c ****     }
 1872              		.loc 1 1555 7 is_stmt 0 view .LVU629
 1873 0142 43F02003 		orr	r3, r3, #32
 1874 0146 1361     		str	r3, [r2, #16]
 1875 0148 ECE7     		b	.L138
 1876              	.LVL136:
 1877              	.L131:
 1878              	.LCFI13:
 1879              		.cfi_def_cfa_offset 0
 1880              		.cfi_restore 4
1564:Drivers/STM32F1xx_HAL_Driver/Src/stm32f1xx_hal_can.c **** 
 1881              		.loc 1 1564 5 is_stmt 1 view .LVU630
1564:Drivers/STM32F1xx_HAL_Driver/Src/stm32f1xx_hal_can.c **** 
 1882              		.loc 1 1564 21 is_stmt 0 view .LVU631
 1883 014a 436A     		ldr	r3, [r0, #36]
 1884              	.LVL137:
1564:Drivers/STM32F1xx_HAL_Driver/Src/stm32f1xx_hal_can.c **** 
 1885              		.loc 1 1564 21 view .LVU632
 1886 014c 43F48023 		orr	r3, r3, #262144
 1887 0150 4362     		str	r3, [r0, #36]
ARM GAS  C:\Users\ride_pig\AppData\Local\Temp\ccAMFt1h.s 			page 84


1566:Drivers/STM32F1xx_HAL_Driver/Src/stm32f1xx_hal_can.c ****   }
 1888              		.loc 1 1566 5 is_stmt 1 view .LVU633
1566:Drivers/STM32F1xx_HAL_Driver/Src/stm32f1xx_hal_can.c ****   }
 1889              		.loc 1 1566 12 is_stmt 0 view .LVU634
 1890 0152 0120     		movs	r0, #1
 1891              	.LVL138:
 1892              		.loc 1 1568 1 view .LVU635
 1893 0154 7047     		bx	lr
 1894              		.cfi_endproc
 1895              	.LFE80:
 1897              		.section	.text.HAL_CAN_GetRxFifoFillLevel,"ax",%progbits
 1898              		.align	1
 1899              		.global	HAL_CAN_GetRxFifoFillLevel
 1900              		.syntax unified
 1901              		.thumb
 1902              		.thumb_func
 1904              	HAL_CAN_GetRxFifoFillLevel:
 1905              	.LVL139:
 1906              	.LFB81:
1569:Drivers/STM32F1xx_HAL_Driver/Src/stm32f1xx_hal_can.c **** 
1570:Drivers/STM32F1xx_HAL_Driver/Src/stm32f1xx_hal_can.c **** /**
1571:Drivers/STM32F1xx_HAL_Driver/Src/stm32f1xx_hal_can.c ****   * @brief  Return Rx FIFO fill level.
1572:Drivers/STM32F1xx_HAL_Driver/Src/stm32f1xx_hal_can.c ****   * @param  hcan pointer to an CAN_HandleTypeDef structure that contains
1573:Drivers/STM32F1xx_HAL_Driver/Src/stm32f1xx_hal_can.c ****   *         the configuration information for the specified CAN.
1574:Drivers/STM32F1xx_HAL_Driver/Src/stm32f1xx_hal_can.c ****   * @param  RxFifo Rx FIFO.
1575:Drivers/STM32F1xx_HAL_Driver/Src/stm32f1xx_hal_can.c ****   *         This parameter can be a value of @arg CAN_receive_FIFO_number.
1576:Drivers/STM32F1xx_HAL_Driver/Src/stm32f1xx_hal_can.c ****   * @retval Number of messages available in Rx FIFO.
1577:Drivers/STM32F1xx_HAL_Driver/Src/stm32f1xx_hal_can.c ****   */
1578:Drivers/STM32F1xx_HAL_Driver/Src/stm32f1xx_hal_can.c **** uint32_t HAL_CAN_GetRxFifoFillLevel(CAN_HandleTypeDef *hcan, uint32_t RxFifo)
1579:Drivers/STM32F1xx_HAL_Driver/Src/stm32f1xx_hal_can.c **** {
 1907              		.loc 1 1579 1 is_stmt 1 view -0
 1908              		.cfi_startproc
 1909              		@ args = 0, pretend = 0, frame = 0
 1910              		@ frame_needed = 0, uses_anonymous_args = 0
 1911              		@ link register save eliminated.
1580:Drivers/STM32F1xx_HAL_Driver/Src/stm32f1xx_hal_can.c ****   uint32_t filllevel = 0U;
 1912              		.loc 1 1580 3 view .LVU637
1581:Drivers/STM32F1xx_HAL_Driver/Src/stm32f1xx_hal_can.c ****   HAL_CAN_StateTypeDef state = hcan->State;
 1913              		.loc 1 1581 3 view .LVU638
 1914              		.loc 1 1581 24 is_stmt 0 view .LVU639
 1915 0000 90F82030 		ldrb	r3, [r0, #32]	@ zero_extendqisi2
 1916              	.LVL140:
1582:Drivers/STM32F1xx_HAL_Driver/Src/stm32f1xx_hal_can.c **** 
1583:Drivers/STM32F1xx_HAL_Driver/Src/stm32f1xx_hal_can.c ****   /* Check function parameters */
1584:Drivers/STM32F1xx_HAL_Driver/Src/stm32f1xx_hal_can.c ****   assert_param(IS_CAN_RX_FIFO(RxFifo));
 1917              		.loc 1 1584 3 is_stmt 1 view .LVU640
1585:Drivers/STM32F1xx_HAL_Driver/Src/stm32f1xx_hal_can.c **** 
1586:Drivers/STM32F1xx_HAL_Driver/Src/stm32f1xx_hal_can.c ****   if ((state == HAL_CAN_STATE_READY) ||
 1918              		.loc 1 1586 3 view .LVU641
 1919              		.loc 1 1586 38 is_stmt 0 view .LVU642
 1920 0004 013B     		subs	r3, r3, #1
 1921              	.LVL141:
 1922              		.loc 1 1586 38 view .LVU643
 1923 0006 DBB2     		uxtb	r3, r3
 1924              		.loc 1 1586 6 view .LVU644
 1925 0008 012B     		cmp	r3, #1
 1926 000a 01D9     		bls	.L147
ARM GAS  C:\Users\ride_pig\AppData\Local\Temp\ccAMFt1h.s 			page 85


1580:Drivers/STM32F1xx_HAL_Driver/Src/stm32f1xx_hal_can.c ****   HAL_CAN_StateTypeDef state = hcan->State;
 1927              		.loc 1 1580 12 view .LVU645
 1928 000c 0020     		movs	r0, #0
 1929              	.LVL142:
1587:Drivers/STM32F1xx_HAL_Driver/Src/stm32f1xx_hal_can.c ****       (state == HAL_CAN_STATE_LISTENING))
1588:Drivers/STM32F1xx_HAL_Driver/Src/stm32f1xx_hal_can.c ****   {
1589:Drivers/STM32F1xx_HAL_Driver/Src/stm32f1xx_hal_can.c ****     if (RxFifo == CAN_RX_FIFO0)
1590:Drivers/STM32F1xx_HAL_Driver/Src/stm32f1xx_hal_can.c ****     {
1591:Drivers/STM32F1xx_HAL_Driver/Src/stm32f1xx_hal_can.c ****       filllevel = hcan->Instance->RF0R & CAN_RF0R_FMP0;
1592:Drivers/STM32F1xx_HAL_Driver/Src/stm32f1xx_hal_can.c ****     }
1593:Drivers/STM32F1xx_HAL_Driver/Src/stm32f1xx_hal_can.c ****     else /* RxFifo == CAN_RX_FIFO1 */
1594:Drivers/STM32F1xx_HAL_Driver/Src/stm32f1xx_hal_can.c ****     {
1595:Drivers/STM32F1xx_HAL_Driver/Src/stm32f1xx_hal_can.c ****       filllevel = hcan->Instance->RF1R & CAN_RF1R_FMP1;
1596:Drivers/STM32F1xx_HAL_Driver/Src/stm32f1xx_hal_can.c ****     }
1597:Drivers/STM32F1xx_HAL_Driver/Src/stm32f1xx_hal_can.c ****   }
1598:Drivers/STM32F1xx_HAL_Driver/Src/stm32f1xx_hal_can.c **** 
1599:Drivers/STM32F1xx_HAL_Driver/Src/stm32f1xx_hal_can.c ****   /* Return Rx FIFO fill level */
1600:Drivers/STM32F1xx_HAL_Driver/Src/stm32f1xx_hal_can.c ****   return filllevel;
 1930              		.loc 1 1600 3 is_stmt 1 view .LVU646
1601:Drivers/STM32F1xx_HAL_Driver/Src/stm32f1xx_hal_can.c **** }
 1931              		.loc 1 1601 1 is_stmt 0 view .LVU647
 1932 000e 7047     		bx	lr
 1933              	.LVL143:
 1934              	.L147:
1589:Drivers/STM32F1xx_HAL_Driver/Src/stm32f1xx_hal_can.c ****     {
 1935              		.loc 1 1589 5 is_stmt 1 view .LVU648
1589:Drivers/STM32F1xx_HAL_Driver/Src/stm32f1xx_hal_can.c ****     {
 1936              		.loc 1 1589 8 is_stmt 0 view .LVU649
 1937 0010 21B9     		cbnz	r1, .L145
1591:Drivers/STM32F1xx_HAL_Driver/Src/stm32f1xx_hal_can.c ****     }
 1938              		.loc 1 1591 7 is_stmt 1 view .LVU650
1591:Drivers/STM32F1xx_HAL_Driver/Src/stm32f1xx_hal_can.c ****     }
 1939              		.loc 1 1591 23 is_stmt 0 view .LVU651
 1940 0012 0368     		ldr	r3, [r0]
1591:Drivers/STM32F1xx_HAL_Driver/Src/stm32f1xx_hal_can.c ****     }
 1941              		.loc 1 1591 33 view .LVU652
 1942 0014 D868     		ldr	r0, [r3, #12]
 1943              	.LVL144:
1591:Drivers/STM32F1xx_HAL_Driver/Src/stm32f1xx_hal_can.c ****     }
 1944              		.loc 1 1591 17 view .LVU653
 1945 0016 00F00300 		and	r0, r0, #3
 1946              	.LVL145:
1591:Drivers/STM32F1xx_HAL_Driver/Src/stm32f1xx_hal_can.c ****     }
 1947              		.loc 1 1591 17 view .LVU654
 1948 001a 7047     		bx	lr
 1949              	.LVL146:
 1950              	.L145:
1595:Drivers/STM32F1xx_HAL_Driver/Src/stm32f1xx_hal_can.c ****     }
 1951              		.loc 1 1595 7 is_stmt 1 view .LVU655
1595:Drivers/STM32F1xx_HAL_Driver/Src/stm32f1xx_hal_can.c ****     }
 1952              		.loc 1 1595 23 is_stmt 0 view .LVU656
 1953 001c 0368     		ldr	r3, [r0]
1595:Drivers/STM32F1xx_HAL_Driver/Src/stm32f1xx_hal_can.c ****     }
 1954              		.loc 1 1595 33 view .LVU657
 1955 001e 1869     		ldr	r0, [r3, #16]
 1956              	.LVL147:
1595:Drivers/STM32F1xx_HAL_Driver/Src/stm32f1xx_hal_can.c ****     }
ARM GAS  C:\Users\ride_pig\AppData\Local\Temp\ccAMFt1h.s 			page 86


 1957              		.loc 1 1595 17 view .LVU658
 1958 0020 00F00300 		and	r0, r0, #3
 1959              	.LVL148:
1595:Drivers/STM32F1xx_HAL_Driver/Src/stm32f1xx_hal_can.c ****     }
 1960              		.loc 1 1595 17 view .LVU659
 1961 0024 7047     		bx	lr
 1962              		.cfi_endproc
 1963              	.LFE81:
 1965              		.section	.text.HAL_CAN_ActivateNotification,"ax",%progbits
 1966              		.align	1
 1967              		.global	HAL_CAN_ActivateNotification
 1968              		.syntax unified
 1969              		.thumb
 1970              		.thumb_func
 1972              	HAL_CAN_ActivateNotification:
 1973              	.LVL149:
 1974              	.LFB82:
1602:Drivers/STM32F1xx_HAL_Driver/Src/stm32f1xx_hal_can.c **** 
1603:Drivers/STM32F1xx_HAL_Driver/Src/stm32f1xx_hal_can.c **** /**
1604:Drivers/STM32F1xx_HAL_Driver/Src/stm32f1xx_hal_can.c ****   * @}
1605:Drivers/STM32F1xx_HAL_Driver/Src/stm32f1xx_hal_can.c ****   */
1606:Drivers/STM32F1xx_HAL_Driver/Src/stm32f1xx_hal_can.c **** 
1607:Drivers/STM32F1xx_HAL_Driver/Src/stm32f1xx_hal_can.c **** /** @defgroup CAN_Exported_Functions_Group4 Interrupts management
1608:Drivers/STM32F1xx_HAL_Driver/Src/stm32f1xx_hal_can.c ****  *  @brief    Interrupts management
1609:Drivers/STM32F1xx_HAL_Driver/Src/stm32f1xx_hal_can.c ****  *
1610:Drivers/STM32F1xx_HAL_Driver/Src/stm32f1xx_hal_can.c **** @verbatim
1611:Drivers/STM32F1xx_HAL_Driver/Src/stm32f1xx_hal_can.c ****   ==============================================================================
1612:Drivers/STM32F1xx_HAL_Driver/Src/stm32f1xx_hal_can.c ****                        ##### Interrupts management #####
1613:Drivers/STM32F1xx_HAL_Driver/Src/stm32f1xx_hal_can.c ****   ==============================================================================
1614:Drivers/STM32F1xx_HAL_Driver/Src/stm32f1xx_hal_can.c ****     [..]  This section provides functions allowing to:
1615:Drivers/STM32F1xx_HAL_Driver/Src/stm32f1xx_hal_can.c ****       (+) HAL_CAN_ActivateNotification      : Enable interrupts
1616:Drivers/STM32F1xx_HAL_Driver/Src/stm32f1xx_hal_can.c ****       (+) HAL_CAN_DeactivateNotification    : Disable interrupts
1617:Drivers/STM32F1xx_HAL_Driver/Src/stm32f1xx_hal_can.c ****       (+) HAL_CAN_IRQHandler                : Handles CAN interrupt request
1618:Drivers/STM32F1xx_HAL_Driver/Src/stm32f1xx_hal_can.c **** 
1619:Drivers/STM32F1xx_HAL_Driver/Src/stm32f1xx_hal_can.c **** @endverbatim
1620:Drivers/STM32F1xx_HAL_Driver/Src/stm32f1xx_hal_can.c ****   * @{
1621:Drivers/STM32F1xx_HAL_Driver/Src/stm32f1xx_hal_can.c ****   */
1622:Drivers/STM32F1xx_HAL_Driver/Src/stm32f1xx_hal_can.c **** 
1623:Drivers/STM32F1xx_HAL_Driver/Src/stm32f1xx_hal_can.c **** /**
1624:Drivers/STM32F1xx_HAL_Driver/Src/stm32f1xx_hal_can.c ****   * @brief  Enable interrupts.
1625:Drivers/STM32F1xx_HAL_Driver/Src/stm32f1xx_hal_can.c ****   * @param  hcan pointer to an CAN_HandleTypeDef structure that contains
1626:Drivers/STM32F1xx_HAL_Driver/Src/stm32f1xx_hal_can.c ****   *         the configuration information for the specified CAN.
1627:Drivers/STM32F1xx_HAL_Driver/Src/stm32f1xx_hal_can.c ****   * @param  ActiveITs indicates which interrupts will be enabled.
1628:Drivers/STM32F1xx_HAL_Driver/Src/stm32f1xx_hal_can.c ****   *         This parameter can be any combination of @arg CAN_Interrupts.
1629:Drivers/STM32F1xx_HAL_Driver/Src/stm32f1xx_hal_can.c ****   * @retval HAL status
1630:Drivers/STM32F1xx_HAL_Driver/Src/stm32f1xx_hal_can.c ****   */
1631:Drivers/STM32F1xx_HAL_Driver/Src/stm32f1xx_hal_can.c **** HAL_StatusTypeDef HAL_CAN_ActivateNotification(CAN_HandleTypeDef *hcan, uint32_t ActiveITs)
1632:Drivers/STM32F1xx_HAL_Driver/Src/stm32f1xx_hal_can.c **** {
 1975              		.loc 1 1632 1 is_stmt 1 view -0
 1976              		.cfi_startproc
 1977              		@ args = 0, pretend = 0, frame = 0
 1978              		@ frame_needed = 0, uses_anonymous_args = 0
 1979              		@ link register save eliminated.
1633:Drivers/STM32F1xx_HAL_Driver/Src/stm32f1xx_hal_can.c ****   HAL_CAN_StateTypeDef state = hcan->State;
 1980              		.loc 1 1633 3 view .LVU661
 1981              		.loc 1 1633 24 is_stmt 0 view .LVU662
 1982 0000 90F82030 		ldrb	r3, [r0, #32]	@ zero_extendqisi2
ARM GAS  C:\Users\ride_pig\AppData\Local\Temp\ccAMFt1h.s 			page 87


 1983              	.LVL150:
1634:Drivers/STM32F1xx_HAL_Driver/Src/stm32f1xx_hal_can.c **** 
1635:Drivers/STM32F1xx_HAL_Driver/Src/stm32f1xx_hal_can.c ****   /* Check function parameters */
1636:Drivers/STM32F1xx_HAL_Driver/Src/stm32f1xx_hal_can.c ****   assert_param(IS_CAN_IT(ActiveITs));
 1984              		.loc 1 1636 3 is_stmt 1 view .LVU663
1637:Drivers/STM32F1xx_HAL_Driver/Src/stm32f1xx_hal_can.c **** 
1638:Drivers/STM32F1xx_HAL_Driver/Src/stm32f1xx_hal_can.c ****   if ((state == HAL_CAN_STATE_READY) ||
 1985              		.loc 1 1638 3 view .LVU664
 1986              		.loc 1 1638 38 is_stmt 0 view .LVU665
 1987 0004 013B     		subs	r3, r3, #1
 1988              	.LVL151:
 1989              		.loc 1 1638 38 view .LVU666
 1990 0006 DBB2     		uxtb	r3, r3
 1991              		.loc 1 1638 6 view .LVU667
 1992 0008 012B     		cmp	r3, #1
 1993 000a 05D9     		bls	.L151
1639:Drivers/STM32F1xx_HAL_Driver/Src/stm32f1xx_hal_can.c ****       (state == HAL_CAN_STATE_LISTENING))
1640:Drivers/STM32F1xx_HAL_Driver/Src/stm32f1xx_hal_can.c ****   {
1641:Drivers/STM32F1xx_HAL_Driver/Src/stm32f1xx_hal_can.c ****     /* Enable the selected interrupts */
1642:Drivers/STM32F1xx_HAL_Driver/Src/stm32f1xx_hal_can.c ****     __HAL_CAN_ENABLE_IT(hcan, ActiveITs);
1643:Drivers/STM32F1xx_HAL_Driver/Src/stm32f1xx_hal_can.c **** 
1644:Drivers/STM32F1xx_HAL_Driver/Src/stm32f1xx_hal_can.c ****     /* Return function status */
1645:Drivers/STM32F1xx_HAL_Driver/Src/stm32f1xx_hal_can.c ****     return HAL_OK;
1646:Drivers/STM32F1xx_HAL_Driver/Src/stm32f1xx_hal_can.c ****   }
1647:Drivers/STM32F1xx_HAL_Driver/Src/stm32f1xx_hal_can.c ****   else
1648:Drivers/STM32F1xx_HAL_Driver/Src/stm32f1xx_hal_can.c ****   {
1649:Drivers/STM32F1xx_HAL_Driver/Src/stm32f1xx_hal_can.c ****     /* Update error code */
1650:Drivers/STM32F1xx_HAL_Driver/Src/stm32f1xx_hal_can.c ****     hcan->ErrorCode |= HAL_CAN_ERROR_NOT_INITIALIZED;
 1994              		.loc 1 1650 5 is_stmt 1 view .LVU668
 1995              		.loc 1 1650 21 is_stmt 0 view .LVU669
 1996 000c 436A     		ldr	r3, [r0, #36]
 1997 000e 43F48023 		orr	r3, r3, #262144
 1998 0012 4362     		str	r3, [r0, #36]
1651:Drivers/STM32F1xx_HAL_Driver/Src/stm32f1xx_hal_can.c **** 
1652:Drivers/STM32F1xx_HAL_Driver/Src/stm32f1xx_hal_can.c ****     return HAL_ERROR;
 1999              		.loc 1 1652 5 is_stmt 1 view .LVU670
 2000              		.loc 1 1652 12 is_stmt 0 view .LVU671
 2001 0014 0120     		movs	r0, #1
 2002              	.LVL152:
1653:Drivers/STM32F1xx_HAL_Driver/Src/stm32f1xx_hal_can.c ****   }
1654:Drivers/STM32F1xx_HAL_Driver/Src/stm32f1xx_hal_can.c **** }
 2003              		.loc 1 1654 1 view .LVU672
 2004 0016 7047     		bx	lr
 2005              	.LVL153:
 2006              	.L151:
1642:Drivers/STM32F1xx_HAL_Driver/Src/stm32f1xx_hal_can.c **** 
 2007              		.loc 1 1642 5 is_stmt 1 view .LVU673
 2008 0018 0268     		ldr	r2, [r0]
 2009 001a 5369     		ldr	r3, [r2, #20]
 2010 001c 0B43     		orrs	r3, r3, r1
 2011 001e 5361     		str	r3, [r2, #20]
1645:Drivers/STM32F1xx_HAL_Driver/Src/stm32f1xx_hal_can.c ****   }
 2012              		.loc 1 1645 5 view .LVU674
1645:Drivers/STM32F1xx_HAL_Driver/Src/stm32f1xx_hal_can.c ****   }
 2013              		.loc 1 1645 12 is_stmt 0 view .LVU675
 2014 0020 0020     		movs	r0, #0
 2015              	.LVL154:
ARM GAS  C:\Users\ride_pig\AppData\Local\Temp\ccAMFt1h.s 			page 88


1645:Drivers/STM32F1xx_HAL_Driver/Src/stm32f1xx_hal_can.c ****   }
 2016              		.loc 1 1645 12 view .LVU676
 2017 0022 7047     		bx	lr
 2018              		.cfi_endproc
 2019              	.LFE82:
 2021              		.section	.text.HAL_CAN_DeactivateNotification,"ax",%progbits
 2022              		.align	1
 2023              		.global	HAL_CAN_DeactivateNotification
 2024              		.syntax unified
 2025              		.thumb
 2026              		.thumb_func
 2028              	HAL_CAN_DeactivateNotification:
 2029              	.LVL155:
 2030              	.LFB83:
1655:Drivers/STM32F1xx_HAL_Driver/Src/stm32f1xx_hal_can.c **** 
1656:Drivers/STM32F1xx_HAL_Driver/Src/stm32f1xx_hal_can.c **** /**
1657:Drivers/STM32F1xx_HAL_Driver/Src/stm32f1xx_hal_can.c ****   * @brief  Disable interrupts.
1658:Drivers/STM32F1xx_HAL_Driver/Src/stm32f1xx_hal_can.c ****   * @param  hcan pointer to an CAN_HandleTypeDef structure that contains
1659:Drivers/STM32F1xx_HAL_Driver/Src/stm32f1xx_hal_can.c ****   *         the configuration information for the specified CAN.
1660:Drivers/STM32F1xx_HAL_Driver/Src/stm32f1xx_hal_can.c ****   * @param  InactiveITs indicates which interrupts will be disabled.
1661:Drivers/STM32F1xx_HAL_Driver/Src/stm32f1xx_hal_can.c ****   *         This parameter can be any combination of @arg CAN_Interrupts.
1662:Drivers/STM32F1xx_HAL_Driver/Src/stm32f1xx_hal_can.c ****   * @retval HAL status
1663:Drivers/STM32F1xx_HAL_Driver/Src/stm32f1xx_hal_can.c ****   */
1664:Drivers/STM32F1xx_HAL_Driver/Src/stm32f1xx_hal_can.c **** HAL_StatusTypeDef HAL_CAN_DeactivateNotification(CAN_HandleTypeDef *hcan, uint32_t InactiveITs)
1665:Drivers/STM32F1xx_HAL_Driver/Src/stm32f1xx_hal_can.c **** {
 2031              		.loc 1 1665 1 is_stmt 1 view -0
 2032              		.cfi_startproc
 2033              		@ args = 0, pretend = 0, frame = 0
 2034              		@ frame_needed = 0, uses_anonymous_args = 0
 2035              		@ link register save eliminated.
1666:Drivers/STM32F1xx_HAL_Driver/Src/stm32f1xx_hal_can.c ****   HAL_CAN_StateTypeDef state = hcan->State;
 2036              		.loc 1 1666 3 view .LVU678
 2037              		.loc 1 1666 24 is_stmt 0 view .LVU679
 2038 0000 90F82030 		ldrb	r3, [r0, #32]	@ zero_extendqisi2
 2039              	.LVL156:
1667:Drivers/STM32F1xx_HAL_Driver/Src/stm32f1xx_hal_can.c **** 
1668:Drivers/STM32F1xx_HAL_Driver/Src/stm32f1xx_hal_can.c ****   /* Check function parameters */
1669:Drivers/STM32F1xx_HAL_Driver/Src/stm32f1xx_hal_can.c ****   assert_param(IS_CAN_IT(InactiveITs));
 2040              		.loc 1 1669 3 is_stmt 1 view .LVU680
1670:Drivers/STM32F1xx_HAL_Driver/Src/stm32f1xx_hal_can.c **** 
1671:Drivers/STM32F1xx_HAL_Driver/Src/stm32f1xx_hal_can.c ****   if ((state == HAL_CAN_STATE_READY) ||
 2041              		.loc 1 1671 3 view .LVU681
 2042              		.loc 1 1671 38 is_stmt 0 view .LVU682
 2043 0004 013B     		subs	r3, r3, #1
 2044              	.LVL157:
 2045              		.loc 1 1671 38 view .LVU683
 2046 0006 DBB2     		uxtb	r3, r3
 2047              		.loc 1 1671 6 view .LVU684
 2048 0008 012B     		cmp	r3, #1
 2049 000a 05D9     		bls	.L155
1672:Drivers/STM32F1xx_HAL_Driver/Src/stm32f1xx_hal_can.c ****       (state == HAL_CAN_STATE_LISTENING))
1673:Drivers/STM32F1xx_HAL_Driver/Src/stm32f1xx_hal_can.c ****   {
1674:Drivers/STM32F1xx_HAL_Driver/Src/stm32f1xx_hal_can.c ****     /* Disable the selected interrupts */
1675:Drivers/STM32F1xx_HAL_Driver/Src/stm32f1xx_hal_can.c ****     __HAL_CAN_DISABLE_IT(hcan, InactiveITs);
1676:Drivers/STM32F1xx_HAL_Driver/Src/stm32f1xx_hal_can.c **** 
1677:Drivers/STM32F1xx_HAL_Driver/Src/stm32f1xx_hal_can.c ****     /* Return function status */
1678:Drivers/STM32F1xx_HAL_Driver/Src/stm32f1xx_hal_can.c ****     return HAL_OK;
ARM GAS  C:\Users\ride_pig\AppData\Local\Temp\ccAMFt1h.s 			page 89


1679:Drivers/STM32F1xx_HAL_Driver/Src/stm32f1xx_hal_can.c ****   }
1680:Drivers/STM32F1xx_HAL_Driver/Src/stm32f1xx_hal_can.c ****   else
1681:Drivers/STM32F1xx_HAL_Driver/Src/stm32f1xx_hal_can.c ****   {
1682:Drivers/STM32F1xx_HAL_Driver/Src/stm32f1xx_hal_can.c ****     /* Update error code */
1683:Drivers/STM32F1xx_HAL_Driver/Src/stm32f1xx_hal_can.c ****     hcan->ErrorCode |= HAL_CAN_ERROR_NOT_INITIALIZED;
 2050              		.loc 1 1683 5 is_stmt 1 view .LVU685
 2051              		.loc 1 1683 21 is_stmt 0 view .LVU686
 2052 000c 436A     		ldr	r3, [r0, #36]
 2053 000e 43F48023 		orr	r3, r3, #262144
 2054 0012 4362     		str	r3, [r0, #36]
1684:Drivers/STM32F1xx_HAL_Driver/Src/stm32f1xx_hal_can.c **** 
1685:Drivers/STM32F1xx_HAL_Driver/Src/stm32f1xx_hal_can.c ****     return HAL_ERROR;
 2055              		.loc 1 1685 5 is_stmt 1 view .LVU687
 2056              		.loc 1 1685 12 is_stmt 0 view .LVU688
 2057 0014 0120     		movs	r0, #1
 2058              	.LVL158:
1686:Drivers/STM32F1xx_HAL_Driver/Src/stm32f1xx_hal_can.c ****   }
1687:Drivers/STM32F1xx_HAL_Driver/Src/stm32f1xx_hal_can.c **** }
 2059              		.loc 1 1687 1 view .LVU689
 2060 0016 7047     		bx	lr
 2061              	.LVL159:
 2062              	.L155:
1675:Drivers/STM32F1xx_HAL_Driver/Src/stm32f1xx_hal_can.c **** 
 2063              		.loc 1 1675 5 is_stmt 1 view .LVU690
 2064 0018 0268     		ldr	r2, [r0]
 2065 001a 5369     		ldr	r3, [r2, #20]
 2066 001c 23EA0103 		bic	r3, r3, r1
 2067 0020 5361     		str	r3, [r2, #20]
1678:Drivers/STM32F1xx_HAL_Driver/Src/stm32f1xx_hal_can.c ****   }
 2068              		.loc 1 1678 5 view .LVU691
1678:Drivers/STM32F1xx_HAL_Driver/Src/stm32f1xx_hal_can.c ****   }
 2069              		.loc 1 1678 12 is_stmt 0 view .LVU692
 2070 0022 0020     		movs	r0, #0
 2071              	.LVL160:
1678:Drivers/STM32F1xx_HAL_Driver/Src/stm32f1xx_hal_can.c ****   }
 2072              		.loc 1 1678 12 view .LVU693
 2073 0024 7047     		bx	lr
 2074              		.cfi_endproc
 2075              	.LFE83:
 2077              		.section	.text.HAL_CAN_TxMailbox0CompleteCallback,"ax",%progbits
 2078              		.align	1
 2079              		.weak	HAL_CAN_TxMailbox0CompleteCallback
 2080              		.syntax unified
 2081              		.thumb
 2082              		.thumb_func
 2084              	HAL_CAN_TxMailbox0CompleteCallback:
 2085              	.LVL161:
 2086              	.LFB85:
1688:Drivers/STM32F1xx_HAL_Driver/Src/stm32f1xx_hal_can.c **** 
1689:Drivers/STM32F1xx_HAL_Driver/Src/stm32f1xx_hal_can.c **** /**
1690:Drivers/STM32F1xx_HAL_Driver/Src/stm32f1xx_hal_can.c ****   * @brief  Handles CAN interrupt request
1691:Drivers/STM32F1xx_HAL_Driver/Src/stm32f1xx_hal_can.c ****   * @param  hcan pointer to a CAN_HandleTypeDef structure that contains
1692:Drivers/STM32F1xx_HAL_Driver/Src/stm32f1xx_hal_can.c ****   *         the configuration information for the specified CAN.
1693:Drivers/STM32F1xx_HAL_Driver/Src/stm32f1xx_hal_can.c ****   * @retval None
1694:Drivers/STM32F1xx_HAL_Driver/Src/stm32f1xx_hal_can.c ****   */
1695:Drivers/STM32F1xx_HAL_Driver/Src/stm32f1xx_hal_can.c **** void HAL_CAN_IRQHandler(CAN_HandleTypeDef *hcan)
1696:Drivers/STM32F1xx_HAL_Driver/Src/stm32f1xx_hal_can.c **** {
ARM GAS  C:\Users\ride_pig\AppData\Local\Temp\ccAMFt1h.s 			page 90


1697:Drivers/STM32F1xx_HAL_Driver/Src/stm32f1xx_hal_can.c ****   uint32_t errorcode = HAL_CAN_ERROR_NONE;
1698:Drivers/STM32F1xx_HAL_Driver/Src/stm32f1xx_hal_can.c ****   uint32_t interrupts = READ_REG(hcan->Instance->IER);
1699:Drivers/STM32F1xx_HAL_Driver/Src/stm32f1xx_hal_can.c ****   uint32_t msrflags = READ_REG(hcan->Instance->MSR);
1700:Drivers/STM32F1xx_HAL_Driver/Src/stm32f1xx_hal_can.c ****   uint32_t tsrflags = READ_REG(hcan->Instance->TSR);
1701:Drivers/STM32F1xx_HAL_Driver/Src/stm32f1xx_hal_can.c ****   uint32_t rf0rflags = READ_REG(hcan->Instance->RF0R);
1702:Drivers/STM32F1xx_HAL_Driver/Src/stm32f1xx_hal_can.c ****   uint32_t rf1rflags = READ_REG(hcan->Instance->RF1R);
1703:Drivers/STM32F1xx_HAL_Driver/Src/stm32f1xx_hal_can.c ****   uint32_t esrflags = READ_REG(hcan->Instance->ESR);
1704:Drivers/STM32F1xx_HAL_Driver/Src/stm32f1xx_hal_can.c **** 
1705:Drivers/STM32F1xx_HAL_Driver/Src/stm32f1xx_hal_can.c ****   /* Transmit Mailbox empty interrupt management *****************************/
1706:Drivers/STM32F1xx_HAL_Driver/Src/stm32f1xx_hal_can.c ****   if ((interrupts & CAN_IT_TX_MAILBOX_EMPTY) != 0U)
1707:Drivers/STM32F1xx_HAL_Driver/Src/stm32f1xx_hal_can.c ****   {
1708:Drivers/STM32F1xx_HAL_Driver/Src/stm32f1xx_hal_can.c ****     /* Transmit Mailbox 0 management *****************************************/
1709:Drivers/STM32F1xx_HAL_Driver/Src/stm32f1xx_hal_can.c ****     if ((tsrflags & CAN_TSR_RQCP0) != 0U)
1710:Drivers/STM32F1xx_HAL_Driver/Src/stm32f1xx_hal_can.c ****     {
1711:Drivers/STM32F1xx_HAL_Driver/Src/stm32f1xx_hal_can.c ****       /* Clear the Transmission Complete flag (and TXOK0,ALST0,TERR0 bits) */
1712:Drivers/STM32F1xx_HAL_Driver/Src/stm32f1xx_hal_can.c ****       __HAL_CAN_CLEAR_FLAG(hcan, CAN_FLAG_RQCP0);
1713:Drivers/STM32F1xx_HAL_Driver/Src/stm32f1xx_hal_can.c **** 
1714:Drivers/STM32F1xx_HAL_Driver/Src/stm32f1xx_hal_can.c ****       if ((tsrflags & CAN_TSR_TXOK0) != 0U)
1715:Drivers/STM32F1xx_HAL_Driver/Src/stm32f1xx_hal_can.c ****       {
1716:Drivers/STM32F1xx_HAL_Driver/Src/stm32f1xx_hal_can.c ****         /* Transmission Mailbox 0 complete callback */
1717:Drivers/STM32F1xx_HAL_Driver/Src/stm32f1xx_hal_can.c **** #if USE_HAL_CAN_REGISTER_CALLBACKS == 1
1718:Drivers/STM32F1xx_HAL_Driver/Src/stm32f1xx_hal_can.c ****         /* Call registered callback*/
1719:Drivers/STM32F1xx_HAL_Driver/Src/stm32f1xx_hal_can.c ****         hcan->TxMailbox0CompleteCallback(hcan);
1720:Drivers/STM32F1xx_HAL_Driver/Src/stm32f1xx_hal_can.c **** #else
1721:Drivers/STM32F1xx_HAL_Driver/Src/stm32f1xx_hal_can.c ****         /* Call weak (surcharged) callback */
1722:Drivers/STM32F1xx_HAL_Driver/Src/stm32f1xx_hal_can.c ****         HAL_CAN_TxMailbox0CompleteCallback(hcan);
1723:Drivers/STM32F1xx_HAL_Driver/Src/stm32f1xx_hal_can.c **** #endif /* USE_HAL_CAN_REGISTER_CALLBACKS */
1724:Drivers/STM32F1xx_HAL_Driver/Src/stm32f1xx_hal_can.c ****       }
1725:Drivers/STM32F1xx_HAL_Driver/Src/stm32f1xx_hal_can.c ****       else
1726:Drivers/STM32F1xx_HAL_Driver/Src/stm32f1xx_hal_can.c ****       {
1727:Drivers/STM32F1xx_HAL_Driver/Src/stm32f1xx_hal_can.c ****         if ((tsrflags & CAN_TSR_ALST0) != 0U)
1728:Drivers/STM32F1xx_HAL_Driver/Src/stm32f1xx_hal_can.c ****         {
1729:Drivers/STM32F1xx_HAL_Driver/Src/stm32f1xx_hal_can.c ****           /* Update error code */
1730:Drivers/STM32F1xx_HAL_Driver/Src/stm32f1xx_hal_can.c ****           errorcode |= HAL_CAN_ERROR_TX_ALST0;
1731:Drivers/STM32F1xx_HAL_Driver/Src/stm32f1xx_hal_can.c ****         }
1732:Drivers/STM32F1xx_HAL_Driver/Src/stm32f1xx_hal_can.c ****         else if ((tsrflags & CAN_TSR_TERR0) != 0U)
1733:Drivers/STM32F1xx_HAL_Driver/Src/stm32f1xx_hal_can.c ****         {
1734:Drivers/STM32F1xx_HAL_Driver/Src/stm32f1xx_hal_can.c ****           /* Update error code */
1735:Drivers/STM32F1xx_HAL_Driver/Src/stm32f1xx_hal_can.c ****           errorcode |= HAL_CAN_ERROR_TX_TERR0;
1736:Drivers/STM32F1xx_HAL_Driver/Src/stm32f1xx_hal_can.c ****         }
1737:Drivers/STM32F1xx_HAL_Driver/Src/stm32f1xx_hal_can.c ****         else
1738:Drivers/STM32F1xx_HAL_Driver/Src/stm32f1xx_hal_can.c ****         {
1739:Drivers/STM32F1xx_HAL_Driver/Src/stm32f1xx_hal_can.c ****           /* Transmission Mailbox 0 abort callback */
1740:Drivers/STM32F1xx_HAL_Driver/Src/stm32f1xx_hal_can.c **** #if USE_HAL_CAN_REGISTER_CALLBACKS == 1
1741:Drivers/STM32F1xx_HAL_Driver/Src/stm32f1xx_hal_can.c ****           /* Call registered callback*/
1742:Drivers/STM32F1xx_HAL_Driver/Src/stm32f1xx_hal_can.c ****           hcan->TxMailbox0AbortCallback(hcan);
1743:Drivers/STM32F1xx_HAL_Driver/Src/stm32f1xx_hal_can.c **** #else
1744:Drivers/STM32F1xx_HAL_Driver/Src/stm32f1xx_hal_can.c ****           /* Call weak (surcharged) callback */
1745:Drivers/STM32F1xx_HAL_Driver/Src/stm32f1xx_hal_can.c ****           HAL_CAN_TxMailbox0AbortCallback(hcan);
1746:Drivers/STM32F1xx_HAL_Driver/Src/stm32f1xx_hal_can.c **** #endif /* USE_HAL_CAN_REGISTER_CALLBACKS */
1747:Drivers/STM32F1xx_HAL_Driver/Src/stm32f1xx_hal_can.c ****         }
1748:Drivers/STM32F1xx_HAL_Driver/Src/stm32f1xx_hal_can.c ****       }
1749:Drivers/STM32F1xx_HAL_Driver/Src/stm32f1xx_hal_can.c ****     }
1750:Drivers/STM32F1xx_HAL_Driver/Src/stm32f1xx_hal_can.c **** 
1751:Drivers/STM32F1xx_HAL_Driver/Src/stm32f1xx_hal_can.c ****     /* Transmit Mailbox 1 management *****************************************/
1752:Drivers/STM32F1xx_HAL_Driver/Src/stm32f1xx_hal_can.c ****     if ((tsrflags & CAN_TSR_RQCP1) != 0U)
1753:Drivers/STM32F1xx_HAL_Driver/Src/stm32f1xx_hal_can.c ****     {
ARM GAS  C:\Users\ride_pig\AppData\Local\Temp\ccAMFt1h.s 			page 91


1754:Drivers/STM32F1xx_HAL_Driver/Src/stm32f1xx_hal_can.c ****       /* Clear the Transmission Complete flag (and TXOK1,ALST1,TERR1 bits) */
1755:Drivers/STM32F1xx_HAL_Driver/Src/stm32f1xx_hal_can.c ****       __HAL_CAN_CLEAR_FLAG(hcan, CAN_FLAG_RQCP1);
1756:Drivers/STM32F1xx_HAL_Driver/Src/stm32f1xx_hal_can.c **** 
1757:Drivers/STM32F1xx_HAL_Driver/Src/stm32f1xx_hal_can.c ****       if ((tsrflags & CAN_TSR_TXOK1) != 0U)
1758:Drivers/STM32F1xx_HAL_Driver/Src/stm32f1xx_hal_can.c ****       {
1759:Drivers/STM32F1xx_HAL_Driver/Src/stm32f1xx_hal_can.c ****         /* Transmission Mailbox 1 complete callback */
1760:Drivers/STM32F1xx_HAL_Driver/Src/stm32f1xx_hal_can.c **** #if USE_HAL_CAN_REGISTER_CALLBACKS == 1
1761:Drivers/STM32F1xx_HAL_Driver/Src/stm32f1xx_hal_can.c ****         /* Call registered callback*/
1762:Drivers/STM32F1xx_HAL_Driver/Src/stm32f1xx_hal_can.c ****         hcan->TxMailbox1CompleteCallback(hcan);
1763:Drivers/STM32F1xx_HAL_Driver/Src/stm32f1xx_hal_can.c **** #else
1764:Drivers/STM32F1xx_HAL_Driver/Src/stm32f1xx_hal_can.c ****         /* Call weak (surcharged) callback */
1765:Drivers/STM32F1xx_HAL_Driver/Src/stm32f1xx_hal_can.c ****         HAL_CAN_TxMailbox1CompleteCallback(hcan);
1766:Drivers/STM32F1xx_HAL_Driver/Src/stm32f1xx_hal_can.c **** #endif /* USE_HAL_CAN_REGISTER_CALLBACKS */
1767:Drivers/STM32F1xx_HAL_Driver/Src/stm32f1xx_hal_can.c ****       }
1768:Drivers/STM32F1xx_HAL_Driver/Src/stm32f1xx_hal_can.c ****       else
1769:Drivers/STM32F1xx_HAL_Driver/Src/stm32f1xx_hal_can.c ****       {
1770:Drivers/STM32F1xx_HAL_Driver/Src/stm32f1xx_hal_can.c ****         if ((tsrflags & CAN_TSR_ALST1) != 0U)
1771:Drivers/STM32F1xx_HAL_Driver/Src/stm32f1xx_hal_can.c ****         {
1772:Drivers/STM32F1xx_HAL_Driver/Src/stm32f1xx_hal_can.c ****           /* Update error code */
1773:Drivers/STM32F1xx_HAL_Driver/Src/stm32f1xx_hal_can.c ****           errorcode |= HAL_CAN_ERROR_TX_ALST1;
1774:Drivers/STM32F1xx_HAL_Driver/Src/stm32f1xx_hal_can.c ****         }
1775:Drivers/STM32F1xx_HAL_Driver/Src/stm32f1xx_hal_can.c ****         else if ((tsrflags & CAN_TSR_TERR1) != 0U)
1776:Drivers/STM32F1xx_HAL_Driver/Src/stm32f1xx_hal_can.c ****         {
1777:Drivers/STM32F1xx_HAL_Driver/Src/stm32f1xx_hal_can.c ****           /* Update error code */
1778:Drivers/STM32F1xx_HAL_Driver/Src/stm32f1xx_hal_can.c ****           errorcode |= HAL_CAN_ERROR_TX_TERR1;
1779:Drivers/STM32F1xx_HAL_Driver/Src/stm32f1xx_hal_can.c ****         }
1780:Drivers/STM32F1xx_HAL_Driver/Src/stm32f1xx_hal_can.c ****         else
1781:Drivers/STM32F1xx_HAL_Driver/Src/stm32f1xx_hal_can.c ****         {
1782:Drivers/STM32F1xx_HAL_Driver/Src/stm32f1xx_hal_can.c ****           /* Transmission Mailbox 1 abort callback */
1783:Drivers/STM32F1xx_HAL_Driver/Src/stm32f1xx_hal_can.c **** #if USE_HAL_CAN_REGISTER_CALLBACKS == 1
1784:Drivers/STM32F1xx_HAL_Driver/Src/stm32f1xx_hal_can.c ****           /* Call registered callback*/
1785:Drivers/STM32F1xx_HAL_Driver/Src/stm32f1xx_hal_can.c ****           hcan->TxMailbox1AbortCallback(hcan);
1786:Drivers/STM32F1xx_HAL_Driver/Src/stm32f1xx_hal_can.c **** #else
1787:Drivers/STM32F1xx_HAL_Driver/Src/stm32f1xx_hal_can.c ****           /* Call weak (surcharged) callback */
1788:Drivers/STM32F1xx_HAL_Driver/Src/stm32f1xx_hal_can.c ****           HAL_CAN_TxMailbox1AbortCallback(hcan);
1789:Drivers/STM32F1xx_HAL_Driver/Src/stm32f1xx_hal_can.c **** #endif /* USE_HAL_CAN_REGISTER_CALLBACKS */
1790:Drivers/STM32F1xx_HAL_Driver/Src/stm32f1xx_hal_can.c ****         }
1791:Drivers/STM32F1xx_HAL_Driver/Src/stm32f1xx_hal_can.c ****       }
1792:Drivers/STM32F1xx_HAL_Driver/Src/stm32f1xx_hal_can.c ****     }
1793:Drivers/STM32F1xx_HAL_Driver/Src/stm32f1xx_hal_can.c **** 
1794:Drivers/STM32F1xx_HAL_Driver/Src/stm32f1xx_hal_can.c ****     /* Transmit Mailbox 2 management *****************************************/
1795:Drivers/STM32F1xx_HAL_Driver/Src/stm32f1xx_hal_can.c ****     if ((tsrflags & CAN_TSR_RQCP2) != 0U)
1796:Drivers/STM32F1xx_HAL_Driver/Src/stm32f1xx_hal_can.c ****     {
1797:Drivers/STM32F1xx_HAL_Driver/Src/stm32f1xx_hal_can.c ****       /* Clear the Transmission Complete flag (and TXOK2,ALST2,TERR2 bits) */
1798:Drivers/STM32F1xx_HAL_Driver/Src/stm32f1xx_hal_can.c ****       __HAL_CAN_CLEAR_FLAG(hcan, CAN_FLAG_RQCP2);
1799:Drivers/STM32F1xx_HAL_Driver/Src/stm32f1xx_hal_can.c **** 
1800:Drivers/STM32F1xx_HAL_Driver/Src/stm32f1xx_hal_can.c ****       if ((tsrflags & CAN_TSR_TXOK2) != 0U)
1801:Drivers/STM32F1xx_HAL_Driver/Src/stm32f1xx_hal_can.c ****       {
1802:Drivers/STM32F1xx_HAL_Driver/Src/stm32f1xx_hal_can.c ****         /* Transmission Mailbox 2 complete callback */
1803:Drivers/STM32F1xx_HAL_Driver/Src/stm32f1xx_hal_can.c **** #if USE_HAL_CAN_REGISTER_CALLBACKS == 1
1804:Drivers/STM32F1xx_HAL_Driver/Src/stm32f1xx_hal_can.c ****         /* Call registered callback*/
1805:Drivers/STM32F1xx_HAL_Driver/Src/stm32f1xx_hal_can.c ****         hcan->TxMailbox2CompleteCallback(hcan);
1806:Drivers/STM32F1xx_HAL_Driver/Src/stm32f1xx_hal_can.c **** #else
1807:Drivers/STM32F1xx_HAL_Driver/Src/stm32f1xx_hal_can.c ****         /* Call weak (surcharged) callback */
1808:Drivers/STM32F1xx_HAL_Driver/Src/stm32f1xx_hal_can.c ****         HAL_CAN_TxMailbox2CompleteCallback(hcan);
1809:Drivers/STM32F1xx_HAL_Driver/Src/stm32f1xx_hal_can.c **** #endif /* USE_HAL_CAN_REGISTER_CALLBACKS */
1810:Drivers/STM32F1xx_HAL_Driver/Src/stm32f1xx_hal_can.c ****       }
ARM GAS  C:\Users\ride_pig\AppData\Local\Temp\ccAMFt1h.s 			page 92


1811:Drivers/STM32F1xx_HAL_Driver/Src/stm32f1xx_hal_can.c ****       else
1812:Drivers/STM32F1xx_HAL_Driver/Src/stm32f1xx_hal_can.c ****       {
1813:Drivers/STM32F1xx_HAL_Driver/Src/stm32f1xx_hal_can.c ****         if ((tsrflags & CAN_TSR_ALST2) != 0U)
1814:Drivers/STM32F1xx_HAL_Driver/Src/stm32f1xx_hal_can.c ****         {
1815:Drivers/STM32F1xx_HAL_Driver/Src/stm32f1xx_hal_can.c ****           /* Update error code */
1816:Drivers/STM32F1xx_HAL_Driver/Src/stm32f1xx_hal_can.c ****           errorcode |= HAL_CAN_ERROR_TX_ALST2;
1817:Drivers/STM32F1xx_HAL_Driver/Src/stm32f1xx_hal_can.c ****         }
1818:Drivers/STM32F1xx_HAL_Driver/Src/stm32f1xx_hal_can.c ****         else if ((tsrflags & CAN_TSR_TERR2) != 0U)
1819:Drivers/STM32F1xx_HAL_Driver/Src/stm32f1xx_hal_can.c ****         {
1820:Drivers/STM32F1xx_HAL_Driver/Src/stm32f1xx_hal_can.c ****           /* Update error code */
1821:Drivers/STM32F1xx_HAL_Driver/Src/stm32f1xx_hal_can.c ****           errorcode |= HAL_CAN_ERROR_TX_TERR2;
1822:Drivers/STM32F1xx_HAL_Driver/Src/stm32f1xx_hal_can.c ****         }
1823:Drivers/STM32F1xx_HAL_Driver/Src/stm32f1xx_hal_can.c ****         else
1824:Drivers/STM32F1xx_HAL_Driver/Src/stm32f1xx_hal_can.c ****         {
1825:Drivers/STM32F1xx_HAL_Driver/Src/stm32f1xx_hal_can.c ****           /* Transmission Mailbox 2 abort callback */
1826:Drivers/STM32F1xx_HAL_Driver/Src/stm32f1xx_hal_can.c **** #if USE_HAL_CAN_REGISTER_CALLBACKS == 1
1827:Drivers/STM32F1xx_HAL_Driver/Src/stm32f1xx_hal_can.c ****           /* Call registered callback*/
1828:Drivers/STM32F1xx_HAL_Driver/Src/stm32f1xx_hal_can.c ****           hcan->TxMailbox2AbortCallback(hcan);
1829:Drivers/STM32F1xx_HAL_Driver/Src/stm32f1xx_hal_can.c **** #else
1830:Drivers/STM32F1xx_HAL_Driver/Src/stm32f1xx_hal_can.c ****           /* Call weak (surcharged) callback */
1831:Drivers/STM32F1xx_HAL_Driver/Src/stm32f1xx_hal_can.c ****           HAL_CAN_TxMailbox2AbortCallback(hcan);
1832:Drivers/STM32F1xx_HAL_Driver/Src/stm32f1xx_hal_can.c **** #endif /* USE_HAL_CAN_REGISTER_CALLBACKS */
1833:Drivers/STM32F1xx_HAL_Driver/Src/stm32f1xx_hal_can.c ****         }
1834:Drivers/STM32F1xx_HAL_Driver/Src/stm32f1xx_hal_can.c ****       }
1835:Drivers/STM32F1xx_HAL_Driver/Src/stm32f1xx_hal_can.c ****     }
1836:Drivers/STM32F1xx_HAL_Driver/Src/stm32f1xx_hal_can.c ****   }
1837:Drivers/STM32F1xx_HAL_Driver/Src/stm32f1xx_hal_can.c **** 
1838:Drivers/STM32F1xx_HAL_Driver/Src/stm32f1xx_hal_can.c ****   /* Receive FIFO 0 overrun interrupt management *****************************/
1839:Drivers/STM32F1xx_HAL_Driver/Src/stm32f1xx_hal_can.c ****   if ((interrupts & CAN_IT_RX_FIFO0_OVERRUN) != 0U)
1840:Drivers/STM32F1xx_HAL_Driver/Src/stm32f1xx_hal_can.c ****   {
1841:Drivers/STM32F1xx_HAL_Driver/Src/stm32f1xx_hal_can.c ****     if ((rf0rflags & CAN_RF0R_FOVR0) != 0U)
1842:Drivers/STM32F1xx_HAL_Driver/Src/stm32f1xx_hal_can.c ****     {
1843:Drivers/STM32F1xx_HAL_Driver/Src/stm32f1xx_hal_can.c ****       /* Set CAN error code to Rx Fifo 0 overrun error */
1844:Drivers/STM32F1xx_HAL_Driver/Src/stm32f1xx_hal_can.c ****       errorcode |= HAL_CAN_ERROR_RX_FOV0;
1845:Drivers/STM32F1xx_HAL_Driver/Src/stm32f1xx_hal_can.c **** 
1846:Drivers/STM32F1xx_HAL_Driver/Src/stm32f1xx_hal_can.c ****       /* Clear FIFO0 Overrun Flag */
1847:Drivers/STM32F1xx_HAL_Driver/Src/stm32f1xx_hal_can.c ****       __HAL_CAN_CLEAR_FLAG(hcan, CAN_FLAG_FOV0);
1848:Drivers/STM32F1xx_HAL_Driver/Src/stm32f1xx_hal_can.c ****     }
1849:Drivers/STM32F1xx_HAL_Driver/Src/stm32f1xx_hal_can.c ****   }
1850:Drivers/STM32F1xx_HAL_Driver/Src/stm32f1xx_hal_can.c **** 
1851:Drivers/STM32F1xx_HAL_Driver/Src/stm32f1xx_hal_can.c ****   /* Receive FIFO 0 full interrupt management ********************************/
1852:Drivers/STM32F1xx_HAL_Driver/Src/stm32f1xx_hal_can.c ****   if ((interrupts & CAN_IT_RX_FIFO0_FULL) != 0U)
1853:Drivers/STM32F1xx_HAL_Driver/Src/stm32f1xx_hal_can.c ****   {
1854:Drivers/STM32F1xx_HAL_Driver/Src/stm32f1xx_hal_can.c ****     if ((rf0rflags & CAN_RF0R_FULL0) != 0U)
1855:Drivers/STM32F1xx_HAL_Driver/Src/stm32f1xx_hal_can.c ****     {
1856:Drivers/STM32F1xx_HAL_Driver/Src/stm32f1xx_hal_can.c ****       /* Clear FIFO 0 full Flag */
1857:Drivers/STM32F1xx_HAL_Driver/Src/stm32f1xx_hal_can.c ****       __HAL_CAN_CLEAR_FLAG(hcan, CAN_FLAG_FF0);
1858:Drivers/STM32F1xx_HAL_Driver/Src/stm32f1xx_hal_can.c **** 
1859:Drivers/STM32F1xx_HAL_Driver/Src/stm32f1xx_hal_can.c ****       /* Receive FIFO 0 full Callback */
1860:Drivers/STM32F1xx_HAL_Driver/Src/stm32f1xx_hal_can.c **** #if USE_HAL_CAN_REGISTER_CALLBACKS == 1
1861:Drivers/STM32F1xx_HAL_Driver/Src/stm32f1xx_hal_can.c ****       /* Call registered callback*/
1862:Drivers/STM32F1xx_HAL_Driver/Src/stm32f1xx_hal_can.c ****       hcan->RxFifo0FullCallback(hcan);
1863:Drivers/STM32F1xx_HAL_Driver/Src/stm32f1xx_hal_can.c **** #else
1864:Drivers/STM32F1xx_HAL_Driver/Src/stm32f1xx_hal_can.c ****       /* Call weak (surcharged) callback */
1865:Drivers/STM32F1xx_HAL_Driver/Src/stm32f1xx_hal_can.c ****       HAL_CAN_RxFifo0FullCallback(hcan);
1866:Drivers/STM32F1xx_HAL_Driver/Src/stm32f1xx_hal_can.c **** #endif /* USE_HAL_CAN_REGISTER_CALLBACKS */
1867:Drivers/STM32F1xx_HAL_Driver/Src/stm32f1xx_hal_can.c ****     }
ARM GAS  C:\Users\ride_pig\AppData\Local\Temp\ccAMFt1h.s 			page 93


1868:Drivers/STM32F1xx_HAL_Driver/Src/stm32f1xx_hal_can.c ****   }
1869:Drivers/STM32F1xx_HAL_Driver/Src/stm32f1xx_hal_can.c **** 
1870:Drivers/STM32F1xx_HAL_Driver/Src/stm32f1xx_hal_can.c ****   /* Receive FIFO 0 message pending interrupt management *********************/
1871:Drivers/STM32F1xx_HAL_Driver/Src/stm32f1xx_hal_can.c ****   if ((interrupts & CAN_IT_RX_FIFO0_MSG_PENDING) != 0U)
1872:Drivers/STM32F1xx_HAL_Driver/Src/stm32f1xx_hal_can.c ****   {
1873:Drivers/STM32F1xx_HAL_Driver/Src/stm32f1xx_hal_can.c ****     /* Check if message is still pending */
1874:Drivers/STM32F1xx_HAL_Driver/Src/stm32f1xx_hal_can.c ****     if ((hcan->Instance->RF0R & CAN_RF0R_FMP0) != 0U)
1875:Drivers/STM32F1xx_HAL_Driver/Src/stm32f1xx_hal_can.c ****     {
1876:Drivers/STM32F1xx_HAL_Driver/Src/stm32f1xx_hal_can.c ****       /* Receive FIFO 0 message pending Callback */
1877:Drivers/STM32F1xx_HAL_Driver/Src/stm32f1xx_hal_can.c **** #if USE_HAL_CAN_REGISTER_CALLBACKS == 1
1878:Drivers/STM32F1xx_HAL_Driver/Src/stm32f1xx_hal_can.c ****       /* Call registered callback*/
1879:Drivers/STM32F1xx_HAL_Driver/Src/stm32f1xx_hal_can.c ****       hcan->RxFifo0MsgPendingCallback(hcan);
1880:Drivers/STM32F1xx_HAL_Driver/Src/stm32f1xx_hal_can.c **** #else
1881:Drivers/STM32F1xx_HAL_Driver/Src/stm32f1xx_hal_can.c ****       /* Call weak (surcharged) callback */
1882:Drivers/STM32F1xx_HAL_Driver/Src/stm32f1xx_hal_can.c ****       HAL_CAN_RxFifo0MsgPendingCallback(hcan);
1883:Drivers/STM32F1xx_HAL_Driver/Src/stm32f1xx_hal_can.c **** #endif /* USE_HAL_CAN_REGISTER_CALLBACKS */
1884:Drivers/STM32F1xx_HAL_Driver/Src/stm32f1xx_hal_can.c ****     }
1885:Drivers/STM32F1xx_HAL_Driver/Src/stm32f1xx_hal_can.c ****   }
1886:Drivers/STM32F1xx_HAL_Driver/Src/stm32f1xx_hal_can.c **** 
1887:Drivers/STM32F1xx_HAL_Driver/Src/stm32f1xx_hal_can.c ****   /* Receive FIFO 1 overrun interrupt management *****************************/
1888:Drivers/STM32F1xx_HAL_Driver/Src/stm32f1xx_hal_can.c ****   if ((interrupts & CAN_IT_RX_FIFO1_OVERRUN) != 0U)
1889:Drivers/STM32F1xx_HAL_Driver/Src/stm32f1xx_hal_can.c ****   {
1890:Drivers/STM32F1xx_HAL_Driver/Src/stm32f1xx_hal_can.c ****     if ((rf1rflags & CAN_RF1R_FOVR1) != 0U)
1891:Drivers/STM32F1xx_HAL_Driver/Src/stm32f1xx_hal_can.c ****     {
1892:Drivers/STM32F1xx_HAL_Driver/Src/stm32f1xx_hal_can.c ****       /* Set CAN error code to Rx Fifo 1 overrun error */
1893:Drivers/STM32F1xx_HAL_Driver/Src/stm32f1xx_hal_can.c ****       errorcode |= HAL_CAN_ERROR_RX_FOV1;
1894:Drivers/STM32F1xx_HAL_Driver/Src/stm32f1xx_hal_can.c **** 
1895:Drivers/STM32F1xx_HAL_Driver/Src/stm32f1xx_hal_can.c ****       /* Clear FIFO1 Overrun Flag */
1896:Drivers/STM32F1xx_HAL_Driver/Src/stm32f1xx_hal_can.c ****       __HAL_CAN_CLEAR_FLAG(hcan, CAN_FLAG_FOV1);
1897:Drivers/STM32F1xx_HAL_Driver/Src/stm32f1xx_hal_can.c ****     }
1898:Drivers/STM32F1xx_HAL_Driver/Src/stm32f1xx_hal_can.c ****   }
1899:Drivers/STM32F1xx_HAL_Driver/Src/stm32f1xx_hal_can.c **** 
1900:Drivers/STM32F1xx_HAL_Driver/Src/stm32f1xx_hal_can.c ****   /* Receive FIFO 1 full interrupt management ********************************/
1901:Drivers/STM32F1xx_HAL_Driver/Src/stm32f1xx_hal_can.c ****   if ((interrupts & CAN_IT_RX_FIFO1_FULL) != 0U)
1902:Drivers/STM32F1xx_HAL_Driver/Src/stm32f1xx_hal_can.c ****   {
1903:Drivers/STM32F1xx_HAL_Driver/Src/stm32f1xx_hal_can.c ****     if ((rf1rflags & CAN_RF1R_FULL1) != 0U)
1904:Drivers/STM32F1xx_HAL_Driver/Src/stm32f1xx_hal_can.c ****     {
1905:Drivers/STM32F1xx_HAL_Driver/Src/stm32f1xx_hal_can.c ****       /* Clear FIFO 1 full Flag */
1906:Drivers/STM32F1xx_HAL_Driver/Src/stm32f1xx_hal_can.c ****       __HAL_CAN_CLEAR_FLAG(hcan, CAN_FLAG_FF1);
1907:Drivers/STM32F1xx_HAL_Driver/Src/stm32f1xx_hal_can.c **** 
1908:Drivers/STM32F1xx_HAL_Driver/Src/stm32f1xx_hal_can.c ****       /* Receive FIFO 1 full Callback */
1909:Drivers/STM32F1xx_HAL_Driver/Src/stm32f1xx_hal_can.c **** #if USE_HAL_CAN_REGISTER_CALLBACKS == 1
1910:Drivers/STM32F1xx_HAL_Driver/Src/stm32f1xx_hal_can.c ****       /* Call registered callback*/
1911:Drivers/STM32F1xx_HAL_Driver/Src/stm32f1xx_hal_can.c ****       hcan->RxFifo1FullCallback(hcan);
1912:Drivers/STM32F1xx_HAL_Driver/Src/stm32f1xx_hal_can.c **** #else
1913:Drivers/STM32F1xx_HAL_Driver/Src/stm32f1xx_hal_can.c ****       /* Call weak (surcharged) callback */
1914:Drivers/STM32F1xx_HAL_Driver/Src/stm32f1xx_hal_can.c ****       HAL_CAN_RxFifo1FullCallback(hcan);
1915:Drivers/STM32F1xx_HAL_Driver/Src/stm32f1xx_hal_can.c **** #endif /* USE_HAL_CAN_REGISTER_CALLBACKS */
1916:Drivers/STM32F1xx_HAL_Driver/Src/stm32f1xx_hal_can.c ****     }
1917:Drivers/STM32F1xx_HAL_Driver/Src/stm32f1xx_hal_can.c ****   }
1918:Drivers/STM32F1xx_HAL_Driver/Src/stm32f1xx_hal_can.c **** 
1919:Drivers/STM32F1xx_HAL_Driver/Src/stm32f1xx_hal_can.c ****   /* Receive FIFO 1 message pending interrupt management *********************/
1920:Drivers/STM32F1xx_HAL_Driver/Src/stm32f1xx_hal_can.c ****   if ((interrupts & CAN_IT_RX_FIFO1_MSG_PENDING) != 0U)
1921:Drivers/STM32F1xx_HAL_Driver/Src/stm32f1xx_hal_can.c ****   {
1922:Drivers/STM32F1xx_HAL_Driver/Src/stm32f1xx_hal_can.c ****     /* Check if message is still pending */
1923:Drivers/STM32F1xx_HAL_Driver/Src/stm32f1xx_hal_can.c ****     if ((hcan->Instance->RF1R & CAN_RF1R_FMP1) != 0U)
1924:Drivers/STM32F1xx_HAL_Driver/Src/stm32f1xx_hal_can.c ****     {
ARM GAS  C:\Users\ride_pig\AppData\Local\Temp\ccAMFt1h.s 			page 94


1925:Drivers/STM32F1xx_HAL_Driver/Src/stm32f1xx_hal_can.c ****       /* Receive FIFO 1 message pending Callback */
1926:Drivers/STM32F1xx_HAL_Driver/Src/stm32f1xx_hal_can.c **** #if USE_HAL_CAN_REGISTER_CALLBACKS == 1
1927:Drivers/STM32F1xx_HAL_Driver/Src/stm32f1xx_hal_can.c ****       /* Call registered callback*/
1928:Drivers/STM32F1xx_HAL_Driver/Src/stm32f1xx_hal_can.c ****       hcan->RxFifo1MsgPendingCallback(hcan);
1929:Drivers/STM32F1xx_HAL_Driver/Src/stm32f1xx_hal_can.c **** #else
1930:Drivers/STM32F1xx_HAL_Driver/Src/stm32f1xx_hal_can.c ****       /* Call weak (surcharged) callback */
1931:Drivers/STM32F1xx_HAL_Driver/Src/stm32f1xx_hal_can.c ****       HAL_CAN_RxFifo1MsgPendingCallback(hcan);
1932:Drivers/STM32F1xx_HAL_Driver/Src/stm32f1xx_hal_can.c **** #endif /* USE_HAL_CAN_REGISTER_CALLBACKS */
1933:Drivers/STM32F1xx_HAL_Driver/Src/stm32f1xx_hal_can.c ****     }
1934:Drivers/STM32F1xx_HAL_Driver/Src/stm32f1xx_hal_can.c ****   }
1935:Drivers/STM32F1xx_HAL_Driver/Src/stm32f1xx_hal_can.c **** 
1936:Drivers/STM32F1xx_HAL_Driver/Src/stm32f1xx_hal_can.c ****   /* Sleep interrupt management *********************************************/
1937:Drivers/STM32F1xx_HAL_Driver/Src/stm32f1xx_hal_can.c ****   if ((interrupts & CAN_IT_SLEEP_ACK) != 0U)
1938:Drivers/STM32F1xx_HAL_Driver/Src/stm32f1xx_hal_can.c ****   {
1939:Drivers/STM32F1xx_HAL_Driver/Src/stm32f1xx_hal_can.c ****     if ((msrflags & CAN_MSR_SLAKI) != 0U)
1940:Drivers/STM32F1xx_HAL_Driver/Src/stm32f1xx_hal_can.c ****     {
1941:Drivers/STM32F1xx_HAL_Driver/Src/stm32f1xx_hal_can.c ****       /* Clear Sleep interrupt Flag */
1942:Drivers/STM32F1xx_HAL_Driver/Src/stm32f1xx_hal_can.c ****       __HAL_CAN_CLEAR_FLAG(hcan, CAN_FLAG_SLAKI);
1943:Drivers/STM32F1xx_HAL_Driver/Src/stm32f1xx_hal_can.c **** 
1944:Drivers/STM32F1xx_HAL_Driver/Src/stm32f1xx_hal_can.c ****       /* Sleep Callback */
1945:Drivers/STM32F1xx_HAL_Driver/Src/stm32f1xx_hal_can.c **** #if USE_HAL_CAN_REGISTER_CALLBACKS == 1
1946:Drivers/STM32F1xx_HAL_Driver/Src/stm32f1xx_hal_can.c ****       /* Call registered callback*/
1947:Drivers/STM32F1xx_HAL_Driver/Src/stm32f1xx_hal_can.c ****       hcan->SleepCallback(hcan);
1948:Drivers/STM32F1xx_HAL_Driver/Src/stm32f1xx_hal_can.c **** #else
1949:Drivers/STM32F1xx_HAL_Driver/Src/stm32f1xx_hal_can.c ****       /* Call weak (surcharged) callback */
1950:Drivers/STM32F1xx_HAL_Driver/Src/stm32f1xx_hal_can.c ****       HAL_CAN_SleepCallback(hcan);
1951:Drivers/STM32F1xx_HAL_Driver/Src/stm32f1xx_hal_can.c **** #endif /* USE_HAL_CAN_REGISTER_CALLBACKS */
1952:Drivers/STM32F1xx_HAL_Driver/Src/stm32f1xx_hal_can.c ****     }
1953:Drivers/STM32F1xx_HAL_Driver/Src/stm32f1xx_hal_can.c ****   }
1954:Drivers/STM32F1xx_HAL_Driver/Src/stm32f1xx_hal_can.c **** 
1955:Drivers/STM32F1xx_HAL_Driver/Src/stm32f1xx_hal_can.c ****   /* WakeUp interrupt management *********************************************/
1956:Drivers/STM32F1xx_HAL_Driver/Src/stm32f1xx_hal_can.c ****   if ((interrupts & CAN_IT_WAKEUP) != 0U)
1957:Drivers/STM32F1xx_HAL_Driver/Src/stm32f1xx_hal_can.c ****   {
1958:Drivers/STM32F1xx_HAL_Driver/Src/stm32f1xx_hal_can.c ****     if ((msrflags & CAN_MSR_WKUI) != 0U)
1959:Drivers/STM32F1xx_HAL_Driver/Src/stm32f1xx_hal_can.c ****     {
1960:Drivers/STM32F1xx_HAL_Driver/Src/stm32f1xx_hal_can.c ****       /* Clear WakeUp Flag */
1961:Drivers/STM32F1xx_HAL_Driver/Src/stm32f1xx_hal_can.c ****       __HAL_CAN_CLEAR_FLAG(hcan, CAN_FLAG_WKU);
1962:Drivers/STM32F1xx_HAL_Driver/Src/stm32f1xx_hal_can.c **** 
1963:Drivers/STM32F1xx_HAL_Driver/Src/stm32f1xx_hal_can.c ****       /* WakeUp Callback */
1964:Drivers/STM32F1xx_HAL_Driver/Src/stm32f1xx_hal_can.c **** #if USE_HAL_CAN_REGISTER_CALLBACKS == 1
1965:Drivers/STM32F1xx_HAL_Driver/Src/stm32f1xx_hal_can.c ****       /* Call registered callback*/
1966:Drivers/STM32F1xx_HAL_Driver/Src/stm32f1xx_hal_can.c ****       hcan->WakeUpFromRxMsgCallback(hcan);
1967:Drivers/STM32F1xx_HAL_Driver/Src/stm32f1xx_hal_can.c **** #else
1968:Drivers/STM32F1xx_HAL_Driver/Src/stm32f1xx_hal_can.c ****       /* Call weak (surcharged) callback */
1969:Drivers/STM32F1xx_HAL_Driver/Src/stm32f1xx_hal_can.c ****       HAL_CAN_WakeUpFromRxMsgCallback(hcan);
1970:Drivers/STM32F1xx_HAL_Driver/Src/stm32f1xx_hal_can.c **** #endif /* USE_HAL_CAN_REGISTER_CALLBACKS */
1971:Drivers/STM32F1xx_HAL_Driver/Src/stm32f1xx_hal_can.c ****     }
1972:Drivers/STM32F1xx_HAL_Driver/Src/stm32f1xx_hal_can.c ****   }
1973:Drivers/STM32F1xx_HAL_Driver/Src/stm32f1xx_hal_can.c **** 
1974:Drivers/STM32F1xx_HAL_Driver/Src/stm32f1xx_hal_can.c ****   /* Error interrupts management *********************************************/
1975:Drivers/STM32F1xx_HAL_Driver/Src/stm32f1xx_hal_can.c ****   if ((interrupts & CAN_IT_ERROR) != 0U)
1976:Drivers/STM32F1xx_HAL_Driver/Src/stm32f1xx_hal_can.c ****   {
1977:Drivers/STM32F1xx_HAL_Driver/Src/stm32f1xx_hal_can.c ****     if ((msrflags & CAN_MSR_ERRI) != 0U)
1978:Drivers/STM32F1xx_HAL_Driver/Src/stm32f1xx_hal_can.c ****     {
1979:Drivers/STM32F1xx_HAL_Driver/Src/stm32f1xx_hal_can.c ****       /* Check Error Warning Flag */
1980:Drivers/STM32F1xx_HAL_Driver/Src/stm32f1xx_hal_can.c ****       if (((interrupts & CAN_IT_ERROR_WARNING) != 0U) &&
1981:Drivers/STM32F1xx_HAL_Driver/Src/stm32f1xx_hal_can.c ****           ((esrflags & CAN_ESR_EWGF) != 0U))
ARM GAS  C:\Users\ride_pig\AppData\Local\Temp\ccAMFt1h.s 			page 95


1982:Drivers/STM32F1xx_HAL_Driver/Src/stm32f1xx_hal_can.c ****       {
1983:Drivers/STM32F1xx_HAL_Driver/Src/stm32f1xx_hal_can.c ****         /* Set CAN error code to Error Warning */
1984:Drivers/STM32F1xx_HAL_Driver/Src/stm32f1xx_hal_can.c ****         errorcode |= HAL_CAN_ERROR_EWG;
1985:Drivers/STM32F1xx_HAL_Driver/Src/stm32f1xx_hal_can.c **** 
1986:Drivers/STM32F1xx_HAL_Driver/Src/stm32f1xx_hal_can.c ****         /* No need for clear of Error Warning Flag as read-only */
1987:Drivers/STM32F1xx_HAL_Driver/Src/stm32f1xx_hal_can.c ****       }
1988:Drivers/STM32F1xx_HAL_Driver/Src/stm32f1xx_hal_can.c **** 
1989:Drivers/STM32F1xx_HAL_Driver/Src/stm32f1xx_hal_can.c ****       /* Check Error Passive Flag */
1990:Drivers/STM32F1xx_HAL_Driver/Src/stm32f1xx_hal_can.c ****       if (((interrupts & CAN_IT_ERROR_PASSIVE) != 0U) &&
1991:Drivers/STM32F1xx_HAL_Driver/Src/stm32f1xx_hal_can.c ****           ((esrflags & CAN_ESR_EPVF) != 0U))
1992:Drivers/STM32F1xx_HAL_Driver/Src/stm32f1xx_hal_can.c ****       {
1993:Drivers/STM32F1xx_HAL_Driver/Src/stm32f1xx_hal_can.c ****         /* Set CAN error code to Error Passive */
1994:Drivers/STM32F1xx_HAL_Driver/Src/stm32f1xx_hal_can.c ****         errorcode |= HAL_CAN_ERROR_EPV;
1995:Drivers/STM32F1xx_HAL_Driver/Src/stm32f1xx_hal_can.c **** 
1996:Drivers/STM32F1xx_HAL_Driver/Src/stm32f1xx_hal_can.c ****         /* No need for clear of Error Passive Flag as read-only */
1997:Drivers/STM32F1xx_HAL_Driver/Src/stm32f1xx_hal_can.c ****       }
1998:Drivers/STM32F1xx_HAL_Driver/Src/stm32f1xx_hal_can.c **** 
1999:Drivers/STM32F1xx_HAL_Driver/Src/stm32f1xx_hal_can.c ****       /* Check Bus-off Flag */
2000:Drivers/STM32F1xx_HAL_Driver/Src/stm32f1xx_hal_can.c ****       if (((interrupts & CAN_IT_BUSOFF) != 0U) &&
2001:Drivers/STM32F1xx_HAL_Driver/Src/stm32f1xx_hal_can.c ****           ((esrflags & CAN_ESR_BOFF) != 0U))
2002:Drivers/STM32F1xx_HAL_Driver/Src/stm32f1xx_hal_can.c ****       {
2003:Drivers/STM32F1xx_HAL_Driver/Src/stm32f1xx_hal_can.c ****         /* Set CAN error code to Bus-Off */
2004:Drivers/STM32F1xx_HAL_Driver/Src/stm32f1xx_hal_can.c ****         errorcode |= HAL_CAN_ERROR_BOF;
2005:Drivers/STM32F1xx_HAL_Driver/Src/stm32f1xx_hal_can.c **** 
2006:Drivers/STM32F1xx_HAL_Driver/Src/stm32f1xx_hal_can.c ****         /* No need for clear of Error Bus-Off as read-only */
2007:Drivers/STM32F1xx_HAL_Driver/Src/stm32f1xx_hal_can.c ****       }
2008:Drivers/STM32F1xx_HAL_Driver/Src/stm32f1xx_hal_can.c **** 
2009:Drivers/STM32F1xx_HAL_Driver/Src/stm32f1xx_hal_can.c ****       /* Check Last Error Code Flag */
2010:Drivers/STM32F1xx_HAL_Driver/Src/stm32f1xx_hal_can.c ****       if (((interrupts & CAN_IT_LAST_ERROR_CODE) != 0U) &&
2011:Drivers/STM32F1xx_HAL_Driver/Src/stm32f1xx_hal_can.c ****           ((esrflags & CAN_ESR_LEC) != 0U))
2012:Drivers/STM32F1xx_HAL_Driver/Src/stm32f1xx_hal_can.c ****       {
2013:Drivers/STM32F1xx_HAL_Driver/Src/stm32f1xx_hal_can.c ****         switch (esrflags & CAN_ESR_LEC)
2014:Drivers/STM32F1xx_HAL_Driver/Src/stm32f1xx_hal_can.c ****         {
2015:Drivers/STM32F1xx_HAL_Driver/Src/stm32f1xx_hal_can.c ****           case (CAN_ESR_LEC_0):
2016:Drivers/STM32F1xx_HAL_Driver/Src/stm32f1xx_hal_can.c ****             /* Set CAN error code to Stuff error */
2017:Drivers/STM32F1xx_HAL_Driver/Src/stm32f1xx_hal_can.c ****             errorcode |= HAL_CAN_ERROR_STF;
2018:Drivers/STM32F1xx_HAL_Driver/Src/stm32f1xx_hal_can.c ****             break;
2019:Drivers/STM32F1xx_HAL_Driver/Src/stm32f1xx_hal_can.c ****           case (CAN_ESR_LEC_1):
2020:Drivers/STM32F1xx_HAL_Driver/Src/stm32f1xx_hal_can.c ****             /* Set CAN error code to Form error */
2021:Drivers/STM32F1xx_HAL_Driver/Src/stm32f1xx_hal_can.c ****             errorcode |= HAL_CAN_ERROR_FOR;
2022:Drivers/STM32F1xx_HAL_Driver/Src/stm32f1xx_hal_can.c ****             break;
2023:Drivers/STM32F1xx_HAL_Driver/Src/stm32f1xx_hal_can.c ****           case (CAN_ESR_LEC_1 | CAN_ESR_LEC_0):
2024:Drivers/STM32F1xx_HAL_Driver/Src/stm32f1xx_hal_can.c ****             /* Set CAN error code to Acknowledgement error */
2025:Drivers/STM32F1xx_HAL_Driver/Src/stm32f1xx_hal_can.c ****             errorcode |= HAL_CAN_ERROR_ACK;
2026:Drivers/STM32F1xx_HAL_Driver/Src/stm32f1xx_hal_can.c ****             break;
2027:Drivers/STM32F1xx_HAL_Driver/Src/stm32f1xx_hal_can.c ****           case (CAN_ESR_LEC_2):
2028:Drivers/STM32F1xx_HAL_Driver/Src/stm32f1xx_hal_can.c ****             /* Set CAN error code to Bit recessive error */
2029:Drivers/STM32F1xx_HAL_Driver/Src/stm32f1xx_hal_can.c ****             errorcode |= HAL_CAN_ERROR_BR;
2030:Drivers/STM32F1xx_HAL_Driver/Src/stm32f1xx_hal_can.c ****             break;
2031:Drivers/STM32F1xx_HAL_Driver/Src/stm32f1xx_hal_can.c ****           case (CAN_ESR_LEC_2 | CAN_ESR_LEC_0):
2032:Drivers/STM32F1xx_HAL_Driver/Src/stm32f1xx_hal_can.c ****             /* Set CAN error code to Bit Dominant error */
2033:Drivers/STM32F1xx_HAL_Driver/Src/stm32f1xx_hal_can.c ****             errorcode |= HAL_CAN_ERROR_BD;
2034:Drivers/STM32F1xx_HAL_Driver/Src/stm32f1xx_hal_can.c ****             break;
2035:Drivers/STM32F1xx_HAL_Driver/Src/stm32f1xx_hal_can.c ****           case (CAN_ESR_LEC_2 | CAN_ESR_LEC_1):
2036:Drivers/STM32F1xx_HAL_Driver/Src/stm32f1xx_hal_can.c ****             /* Set CAN error code to CRC error */
2037:Drivers/STM32F1xx_HAL_Driver/Src/stm32f1xx_hal_can.c ****             errorcode |= HAL_CAN_ERROR_CRC;
2038:Drivers/STM32F1xx_HAL_Driver/Src/stm32f1xx_hal_can.c ****             break;
ARM GAS  C:\Users\ride_pig\AppData\Local\Temp\ccAMFt1h.s 			page 96


2039:Drivers/STM32F1xx_HAL_Driver/Src/stm32f1xx_hal_can.c ****           default:
2040:Drivers/STM32F1xx_HAL_Driver/Src/stm32f1xx_hal_can.c ****             break;
2041:Drivers/STM32F1xx_HAL_Driver/Src/stm32f1xx_hal_can.c ****         }
2042:Drivers/STM32F1xx_HAL_Driver/Src/stm32f1xx_hal_can.c **** 
2043:Drivers/STM32F1xx_HAL_Driver/Src/stm32f1xx_hal_can.c ****         /* Clear Last error code Flag */
2044:Drivers/STM32F1xx_HAL_Driver/Src/stm32f1xx_hal_can.c ****         CLEAR_BIT(hcan->Instance->ESR, CAN_ESR_LEC);
2045:Drivers/STM32F1xx_HAL_Driver/Src/stm32f1xx_hal_can.c ****       }
2046:Drivers/STM32F1xx_HAL_Driver/Src/stm32f1xx_hal_can.c ****     }
2047:Drivers/STM32F1xx_HAL_Driver/Src/stm32f1xx_hal_can.c **** 
2048:Drivers/STM32F1xx_HAL_Driver/Src/stm32f1xx_hal_can.c ****     /* Clear ERRI Flag */
2049:Drivers/STM32F1xx_HAL_Driver/Src/stm32f1xx_hal_can.c ****     __HAL_CAN_CLEAR_FLAG(hcan, CAN_FLAG_ERRI);
2050:Drivers/STM32F1xx_HAL_Driver/Src/stm32f1xx_hal_can.c ****   }
2051:Drivers/STM32F1xx_HAL_Driver/Src/stm32f1xx_hal_can.c **** 
2052:Drivers/STM32F1xx_HAL_Driver/Src/stm32f1xx_hal_can.c ****   /* Call the Error call Back in case of Errors */
2053:Drivers/STM32F1xx_HAL_Driver/Src/stm32f1xx_hal_can.c ****   if (errorcode != HAL_CAN_ERROR_NONE)
2054:Drivers/STM32F1xx_HAL_Driver/Src/stm32f1xx_hal_can.c ****   {
2055:Drivers/STM32F1xx_HAL_Driver/Src/stm32f1xx_hal_can.c ****     /* Update error code in handle */
2056:Drivers/STM32F1xx_HAL_Driver/Src/stm32f1xx_hal_can.c ****     hcan->ErrorCode |= errorcode;
2057:Drivers/STM32F1xx_HAL_Driver/Src/stm32f1xx_hal_can.c **** 
2058:Drivers/STM32F1xx_HAL_Driver/Src/stm32f1xx_hal_can.c ****     /* Call Error callback function */
2059:Drivers/STM32F1xx_HAL_Driver/Src/stm32f1xx_hal_can.c **** #if USE_HAL_CAN_REGISTER_CALLBACKS == 1
2060:Drivers/STM32F1xx_HAL_Driver/Src/stm32f1xx_hal_can.c ****     /* Call registered callback*/
2061:Drivers/STM32F1xx_HAL_Driver/Src/stm32f1xx_hal_can.c ****     hcan->ErrorCallback(hcan);
2062:Drivers/STM32F1xx_HAL_Driver/Src/stm32f1xx_hal_can.c **** #else
2063:Drivers/STM32F1xx_HAL_Driver/Src/stm32f1xx_hal_can.c ****     /* Call weak (surcharged) callback */
2064:Drivers/STM32F1xx_HAL_Driver/Src/stm32f1xx_hal_can.c ****     HAL_CAN_ErrorCallback(hcan);
2065:Drivers/STM32F1xx_HAL_Driver/Src/stm32f1xx_hal_can.c **** #endif /* USE_HAL_CAN_REGISTER_CALLBACKS */
2066:Drivers/STM32F1xx_HAL_Driver/Src/stm32f1xx_hal_can.c ****   }
2067:Drivers/STM32F1xx_HAL_Driver/Src/stm32f1xx_hal_can.c **** }
2068:Drivers/STM32F1xx_HAL_Driver/Src/stm32f1xx_hal_can.c **** 
2069:Drivers/STM32F1xx_HAL_Driver/Src/stm32f1xx_hal_can.c **** /**
2070:Drivers/STM32F1xx_HAL_Driver/Src/stm32f1xx_hal_can.c ****   * @}
2071:Drivers/STM32F1xx_HAL_Driver/Src/stm32f1xx_hal_can.c ****   */
2072:Drivers/STM32F1xx_HAL_Driver/Src/stm32f1xx_hal_can.c **** 
2073:Drivers/STM32F1xx_HAL_Driver/Src/stm32f1xx_hal_can.c **** /** @defgroup CAN_Exported_Functions_Group5 Callback functions
2074:Drivers/STM32F1xx_HAL_Driver/Src/stm32f1xx_hal_can.c ****  *  @brief   CAN Callback functions
2075:Drivers/STM32F1xx_HAL_Driver/Src/stm32f1xx_hal_can.c ****  *
2076:Drivers/STM32F1xx_HAL_Driver/Src/stm32f1xx_hal_can.c **** @verbatim
2077:Drivers/STM32F1xx_HAL_Driver/Src/stm32f1xx_hal_can.c ****   ==============================================================================
2078:Drivers/STM32F1xx_HAL_Driver/Src/stm32f1xx_hal_can.c ****                           ##### Callback functions #####
2079:Drivers/STM32F1xx_HAL_Driver/Src/stm32f1xx_hal_can.c ****   ==============================================================================
2080:Drivers/STM32F1xx_HAL_Driver/Src/stm32f1xx_hal_can.c ****     [..]
2081:Drivers/STM32F1xx_HAL_Driver/Src/stm32f1xx_hal_can.c ****     This subsection provides the following callback functions:
2082:Drivers/STM32F1xx_HAL_Driver/Src/stm32f1xx_hal_can.c ****       (+) HAL_CAN_TxMailbox0CompleteCallback
2083:Drivers/STM32F1xx_HAL_Driver/Src/stm32f1xx_hal_can.c ****       (+) HAL_CAN_TxMailbox1CompleteCallback
2084:Drivers/STM32F1xx_HAL_Driver/Src/stm32f1xx_hal_can.c ****       (+) HAL_CAN_TxMailbox2CompleteCallback
2085:Drivers/STM32F1xx_HAL_Driver/Src/stm32f1xx_hal_can.c ****       (+) HAL_CAN_TxMailbox0AbortCallback
2086:Drivers/STM32F1xx_HAL_Driver/Src/stm32f1xx_hal_can.c ****       (+) HAL_CAN_TxMailbox1AbortCallback
2087:Drivers/STM32F1xx_HAL_Driver/Src/stm32f1xx_hal_can.c ****       (+) HAL_CAN_TxMailbox2AbortCallback
2088:Drivers/STM32F1xx_HAL_Driver/Src/stm32f1xx_hal_can.c ****       (+) HAL_CAN_RxFifo0MsgPendingCallback
2089:Drivers/STM32F1xx_HAL_Driver/Src/stm32f1xx_hal_can.c ****       (+) HAL_CAN_RxFifo0FullCallback
2090:Drivers/STM32F1xx_HAL_Driver/Src/stm32f1xx_hal_can.c ****       (+) HAL_CAN_RxFifo1MsgPendingCallback
2091:Drivers/STM32F1xx_HAL_Driver/Src/stm32f1xx_hal_can.c ****       (+) HAL_CAN_RxFifo1FullCallback
2092:Drivers/STM32F1xx_HAL_Driver/Src/stm32f1xx_hal_can.c ****       (+) HAL_CAN_SleepCallback
2093:Drivers/STM32F1xx_HAL_Driver/Src/stm32f1xx_hal_can.c ****       (+) HAL_CAN_WakeUpFromRxMsgCallback
2094:Drivers/STM32F1xx_HAL_Driver/Src/stm32f1xx_hal_can.c ****       (+) HAL_CAN_ErrorCallback
2095:Drivers/STM32F1xx_HAL_Driver/Src/stm32f1xx_hal_can.c **** 
ARM GAS  C:\Users\ride_pig\AppData\Local\Temp\ccAMFt1h.s 			page 97


2096:Drivers/STM32F1xx_HAL_Driver/Src/stm32f1xx_hal_can.c **** @endverbatim
2097:Drivers/STM32F1xx_HAL_Driver/Src/stm32f1xx_hal_can.c ****   * @{
2098:Drivers/STM32F1xx_HAL_Driver/Src/stm32f1xx_hal_can.c ****   */
2099:Drivers/STM32F1xx_HAL_Driver/Src/stm32f1xx_hal_can.c **** 
2100:Drivers/STM32F1xx_HAL_Driver/Src/stm32f1xx_hal_can.c **** /**
2101:Drivers/STM32F1xx_HAL_Driver/Src/stm32f1xx_hal_can.c ****   * @brief  Transmission Mailbox 0 complete callback.
2102:Drivers/STM32F1xx_HAL_Driver/Src/stm32f1xx_hal_can.c ****   * @param  hcan pointer to a CAN_HandleTypeDef structure that contains
2103:Drivers/STM32F1xx_HAL_Driver/Src/stm32f1xx_hal_can.c ****   *         the configuration information for the specified CAN.
2104:Drivers/STM32F1xx_HAL_Driver/Src/stm32f1xx_hal_can.c ****   * @retval None
2105:Drivers/STM32F1xx_HAL_Driver/Src/stm32f1xx_hal_can.c ****   */
2106:Drivers/STM32F1xx_HAL_Driver/Src/stm32f1xx_hal_can.c **** __weak void HAL_CAN_TxMailbox0CompleteCallback(CAN_HandleTypeDef *hcan)
2107:Drivers/STM32F1xx_HAL_Driver/Src/stm32f1xx_hal_can.c **** {
 2087              		.loc 1 2107 1 is_stmt 1 view -0
 2088              		.cfi_startproc
 2089              		@ args = 0, pretend = 0, frame = 0
 2090              		@ frame_needed = 0, uses_anonymous_args = 0
 2091              		@ link register save eliminated.
2108:Drivers/STM32F1xx_HAL_Driver/Src/stm32f1xx_hal_can.c ****   /* Prevent unused argument(s) compilation warning */
2109:Drivers/STM32F1xx_HAL_Driver/Src/stm32f1xx_hal_can.c ****   UNUSED(hcan);
 2092              		.loc 1 2109 3 view .LVU695
2110:Drivers/STM32F1xx_HAL_Driver/Src/stm32f1xx_hal_can.c **** 
2111:Drivers/STM32F1xx_HAL_Driver/Src/stm32f1xx_hal_can.c ****   /* NOTE : This function Should not be modified, when the callback is needed,
2112:Drivers/STM32F1xx_HAL_Driver/Src/stm32f1xx_hal_can.c ****             the HAL_CAN_TxMailbox0CompleteCallback could be implemented in the
2113:Drivers/STM32F1xx_HAL_Driver/Src/stm32f1xx_hal_can.c ****             user file
2114:Drivers/STM32F1xx_HAL_Driver/Src/stm32f1xx_hal_can.c ****    */
2115:Drivers/STM32F1xx_HAL_Driver/Src/stm32f1xx_hal_can.c **** }
 2093              		.loc 1 2115 1 is_stmt 0 view .LVU696
 2094 0000 7047     		bx	lr
 2095              		.cfi_endproc
 2096              	.LFE85:
 2098              		.section	.text.HAL_CAN_TxMailbox1CompleteCallback,"ax",%progbits
 2099              		.align	1
 2100              		.weak	HAL_CAN_TxMailbox1CompleteCallback
 2101              		.syntax unified
 2102              		.thumb
 2103              		.thumb_func
 2105              	HAL_CAN_TxMailbox1CompleteCallback:
 2106              	.LVL162:
 2107              	.LFB86:
2116:Drivers/STM32F1xx_HAL_Driver/Src/stm32f1xx_hal_can.c **** 
2117:Drivers/STM32F1xx_HAL_Driver/Src/stm32f1xx_hal_can.c **** /**
2118:Drivers/STM32F1xx_HAL_Driver/Src/stm32f1xx_hal_can.c ****   * @brief  Transmission Mailbox 1 complete callback.
2119:Drivers/STM32F1xx_HAL_Driver/Src/stm32f1xx_hal_can.c ****   * @param  hcan pointer to a CAN_HandleTypeDef structure that contains
2120:Drivers/STM32F1xx_HAL_Driver/Src/stm32f1xx_hal_can.c ****   *         the configuration information for the specified CAN.
2121:Drivers/STM32F1xx_HAL_Driver/Src/stm32f1xx_hal_can.c ****   * @retval None
2122:Drivers/STM32F1xx_HAL_Driver/Src/stm32f1xx_hal_can.c ****   */
2123:Drivers/STM32F1xx_HAL_Driver/Src/stm32f1xx_hal_can.c **** __weak void HAL_CAN_TxMailbox1CompleteCallback(CAN_HandleTypeDef *hcan)
2124:Drivers/STM32F1xx_HAL_Driver/Src/stm32f1xx_hal_can.c **** {
 2108              		.loc 1 2124 1 is_stmt 1 view -0
 2109              		.cfi_startproc
 2110              		@ args = 0, pretend = 0, frame = 0
 2111              		@ frame_needed = 0, uses_anonymous_args = 0
 2112              		@ link register save eliminated.
2125:Drivers/STM32F1xx_HAL_Driver/Src/stm32f1xx_hal_can.c ****   /* Prevent unused argument(s) compilation warning */
2126:Drivers/STM32F1xx_HAL_Driver/Src/stm32f1xx_hal_can.c ****   UNUSED(hcan);
 2113              		.loc 1 2126 3 view .LVU698
2127:Drivers/STM32F1xx_HAL_Driver/Src/stm32f1xx_hal_can.c **** 
ARM GAS  C:\Users\ride_pig\AppData\Local\Temp\ccAMFt1h.s 			page 98


2128:Drivers/STM32F1xx_HAL_Driver/Src/stm32f1xx_hal_can.c ****   /* NOTE : This function Should not be modified, when the callback is needed,
2129:Drivers/STM32F1xx_HAL_Driver/Src/stm32f1xx_hal_can.c ****             the HAL_CAN_TxMailbox1CompleteCallback could be implemented in the
2130:Drivers/STM32F1xx_HAL_Driver/Src/stm32f1xx_hal_can.c ****             user file
2131:Drivers/STM32F1xx_HAL_Driver/Src/stm32f1xx_hal_can.c ****    */
2132:Drivers/STM32F1xx_HAL_Driver/Src/stm32f1xx_hal_can.c **** }
 2114              		.loc 1 2132 1 is_stmt 0 view .LVU699
 2115 0000 7047     		bx	lr
 2116              		.cfi_endproc
 2117              	.LFE86:
 2119              		.section	.text.HAL_CAN_TxMailbox2CompleteCallback,"ax",%progbits
 2120              		.align	1
 2121              		.weak	HAL_CAN_TxMailbox2CompleteCallback
 2122              		.syntax unified
 2123              		.thumb
 2124              		.thumb_func
 2126              	HAL_CAN_TxMailbox2CompleteCallback:
 2127              	.LVL163:
 2128              	.LFB87:
2133:Drivers/STM32F1xx_HAL_Driver/Src/stm32f1xx_hal_can.c **** 
2134:Drivers/STM32F1xx_HAL_Driver/Src/stm32f1xx_hal_can.c **** /**
2135:Drivers/STM32F1xx_HAL_Driver/Src/stm32f1xx_hal_can.c ****   * @brief  Transmission Mailbox 2 complete callback.
2136:Drivers/STM32F1xx_HAL_Driver/Src/stm32f1xx_hal_can.c ****   * @param  hcan pointer to a CAN_HandleTypeDef structure that contains
2137:Drivers/STM32F1xx_HAL_Driver/Src/stm32f1xx_hal_can.c ****   *         the configuration information for the specified CAN.
2138:Drivers/STM32F1xx_HAL_Driver/Src/stm32f1xx_hal_can.c ****   * @retval None
2139:Drivers/STM32F1xx_HAL_Driver/Src/stm32f1xx_hal_can.c ****   */
2140:Drivers/STM32F1xx_HAL_Driver/Src/stm32f1xx_hal_can.c **** __weak void HAL_CAN_TxMailbox2CompleteCallback(CAN_HandleTypeDef *hcan)
2141:Drivers/STM32F1xx_HAL_Driver/Src/stm32f1xx_hal_can.c **** {
 2129              		.loc 1 2141 1 is_stmt 1 view -0
 2130              		.cfi_startproc
 2131              		@ args = 0, pretend = 0, frame = 0
 2132              		@ frame_needed = 0, uses_anonymous_args = 0
 2133              		@ link register save eliminated.
2142:Drivers/STM32F1xx_HAL_Driver/Src/stm32f1xx_hal_can.c ****   /* Prevent unused argument(s) compilation warning */
2143:Drivers/STM32F1xx_HAL_Driver/Src/stm32f1xx_hal_can.c ****   UNUSED(hcan);
 2134              		.loc 1 2143 3 view .LVU701
2144:Drivers/STM32F1xx_HAL_Driver/Src/stm32f1xx_hal_can.c **** 
2145:Drivers/STM32F1xx_HAL_Driver/Src/stm32f1xx_hal_can.c ****   /* NOTE : This function Should not be modified, when the callback is needed,
2146:Drivers/STM32F1xx_HAL_Driver/Src/stm32f1xx_hal_can.c ****             the HAL_CAN_TxMailbox2CompleteCallback could be implemented in the
2147:Drivers/STM32F1xx_HAL_Driver/Src/stm32f1xx_hal_can.c ****             user file
2148:Drivers/STM32F1xx_HAL_Driver/Src/stm32f1xx_hal_can.c ****    */
2149:Drivers/STM32F1xx_HAL_Driver/Src/stm32f1xx_hal_can.c **** }
 2135              		.loc 1 2149 1 is_stmt 0 view .LVU702
 2136 0000 7047     		bx	lr
 2137              		.cfi_endproc
 2138              	.LFE87:
 2140              		.section	.text.HAL_CAN_TxMailbox0AbortCallback,"ax",%progbits
 2141              		.align	1
 2142              		.weak	HAL_CAN_TxMailbox0AbortCallback
 2143              		.syntax unified
 2144              		.thumb
 2145              		.thumb_func
 2147              	HAL_CAN_TxMailbox0AbortCallback:
 2148              	.LVL164:
 2149              	.LFB88:
2150:Drivers/STM32F1xx_HAL_Driver/Src/stm32f1xx_hal_can.c **** 
2151:Drivers/STM32F1xx_HAL_Driver/Src/stm32f1xx_hal_can.c **** /**
2152:Drivers/STM32F1xx_HAL_Driver/Src/stm32f1xx_hal_can.c ****   * @brief  Transmission Mailbox 0 Cancellation callback.
ARM GAS  C:\Users\ride_pig\AppData\Local\Temp\ccAMFt1h.s 			page 99


2153:Drivers/STM32F1xx_HAL_Driver/Src/stm32f1xx_hal_can.c ****   * @param  hcan pointer to an CAN_HandleTypeDef structure that contains
2154:Drivers/STM32F1xx_HAL_Driver/Src/stm32f1xx_hal_can.c ****   *         the configuration information for the specified CAN.
2155:Drivers/STM32F1xx_HAL_Driver/Src/stm32f1xx_hal_can.c ****   * @retval None
2156:Drivers/STM32F1xx_HAL_Driver/Src/stm32f1xx_hal_can.c ****   */
2157:Drivers/STM32F1xx_HAL_Driver/Src/stm32f1xx_hal_can.c **** __weak void HAL_CAN_TxMailbox0AbortCallback(CAN_HandleTypeDef *hcan)
2158:Drivers/STM32F1xx_HAL_Driver/Src/stm32f1xx_hal_can.c **** {
 2150              		.loc 1 2158 1 is_stmt 1 view -0
 2151              		.cfi_startproc
 2152              		@ args = 0, pretend = 0, frame = 0
 2153              		@ frame_needed = 0, uses_anonymous_args = 0
 2154              		@ link register save eliminated.
2159:Drivers/STM32F1xx_HAL_Driver/Src/stm32f1xx_hal_can.c ****   /* Prevent unused argument(s) compilation warning */
2160:Drivers/STM32F1xx_HAL_Driver/Src/stm32f1xx_hal_can.c ****   UNUSED(hcan);
 2155              		.loc 1 2160 3 view .LVU704
2161:Drivers/STM32F1xx_HAL_Driver/Src/stm32f1xx_hal_can.c **** 
2162:Drivers/STM32F1xx_HAL_Driver/Src/stm32f1xx_hal_can.c ****   /* NOTE : This function Should not be modified, when the callback is needed,
2163:Drivers/STM32F1xx_HAL_Driver/Src/stm32f1xx_hal_can.c ****             the HAL_CAN_TxMailbox0AbortCallback could be implemented in the
2164:Drivers/STM32F1xx_HAL_Driver/Src/stm32f1xx_hal_can.c ****             user file
2165:Drivers/STM32F1xx_HAL_Driver/Src/stm32f1xx_hal_can.c ****    */
2166:Drivers/STM32F1xx_HAL_Driver/Src/stm32f1xx_hal_can.c **** }
 2156              		.loc 1 2166 1 is_stmt 0 view .LVU705
 2157 0000 7047     		bx	lr
 2158              		.cfi_endproc
 2159              	.LFE88:
 2161              		.section	.text.HAL_CAN_TxMailbox1AbortCallback,"ax",%progbits
 2162              		.align	1
 2163              		.weak	HAL_CAN_TxMailbox1AbortCallback
 2164              		.syntax unified
 2165              		.thumb
 2166              		.thumb_func
 2168              	HAL_CAN_TxMailbox1AbortCallback:
 2169              	.LVL165:
 2170              	.LFB89:
2167:Drivers/STM32F1xx_HAL_Driver/Src/stm32f1xx_hal_can.c **** 
2168:Drivers/STM32F1xx_HAL_Driver/Src/stm32f1xx_hal_can.c **** /**
2169:Drivers/STM32F1xx_HAL_Driver/Src/stm32f1xx_hal_can.c ****   * @brief  Transmission Mailbox 1 Cancellation callback.
2170:Drivers/STM32F1xx_HAL_Driver/Src/stm32f1xx_hal_can.c ****   * @param  hcan pointer to an CAN_HandleTypeDef structure that contains
2171:Drivers/STM32F1xx_HAL_Driver/Src/stm32f1xx_hal_can.c ****   *         the configuration information for the specified CAN.
2172:Drivers/STM32F1xx_HAL_Driver/Src/stm32f1xx_hal_can.c ****   * @retval None
2173:Drivers/STM32F1xx_HAL_Driver/Src/stm32f1xx_hal_can.c ****   */
2174:Drivers/STM32F1xx_HAL_Driver/Src/stm32f1xx_hal_can.c **** __weak void HAL_CAN_TxMailbox1AbortCallback(CAN_HandleTypeDef *hcan)
2175:Drivers/STM32F1xx_HAL_Driver/Src/stm32f1xx_hal_can.c **** {
 2171              		.loc 1 2175 1 is_stmt 1 view -0
 2172              		.cfi_startproc
 2173              		@ args = 0, pretend = 0, frame = 0
 2174              		@ frame_needed = 0, uses_anonymous_args = 0
 2175              		@ link register save eliminated.
2176:Drivers/STM32F1xx_HAL_Driver/Src/stm32f1xx_hal_can.c ****   /* Prevent unused argument(s) compilation warning */
2177:Drivers/STM32F1xx_HAL_Driver/Src/stm32f1xx_hal_can.c ****   UNUSED(hcan);
 2176              		.loc 1 2177 3 view .LVU707
2178:Drivers/STM32F1xx_HAL_Driver/Src/stm32f1xx_hal_can.c **** 
2179:Drivers/STM32F1xx_HAL_Driver/Src/stm32f1xx_hal_can.c ****   /* NOTE : This function Should not be modified, when the callback is needed,
2180:Drivers/STM32F1xx_HAL_Driver/Src/stm32f1xx_hal_can.c ****             the HAL_CAN_TxMailbox1AbortCallback could be implemented in the
2181:Drivers/STM32F1xx_HAL_Driver/Src/stm32f1xx_hal_can.c ****             user file
2182:Drivers/STM32F1xx_HAL_Driver/Src/stm32f1xx_hal_can.c ****    */
2183:Drivers/STM32F1xx_HAL_Driver/Src/stm32f1xx_hal_can.c **** }
 2177              		.loc 1 2183 1 is_stmt 0 view .LVU708
ARM GAS  C:\Users\ride_pig\AppData\Local\Temp\ccAMFt1h.s 			page 100


 2178 0000 7047     		bx	lr
 2179              		.cfi_endproc
 2180              	.LFE89:
 2182              		.section	.text.HAL_CAN_TxMailbox2AbortCallback,"ax",%progbits
 2183              		.align	1
 2184              		.weak	HAL_CAN_TxMailbox2AbortCallback
 2185              		.syntax unified
 2186              		.thumb
 2187              		.thumb_func
 2189              	HAL_CAN_TxMailbox2AbortCallback:
 2190              	.LVL166:
 2191              	.LFB90:
2184:Drivers/STM32F1xx_HAL_Driver/Src/stm32f1xx_hal_can.c **** 
2185:Drivers/STM32F1xx_HAL_Driver/Src/stm32f1xx_hal_can.c **** /**
2186:Drivers/STM32F1xx_HAL_Driver/Src/stm32f1xx_hal_can.c ****   * @brief  Transmission Mailbox 2 Cancellation callback.
2187:Drivers/STM32F1xx_HAL_Driver/Src/stm32f1xx_hal_can.c ****   * @param  hcan pointer to an CAN_HandleTypeDef structure that contains
2188:Drivers/STM32F1xx_HAL_Driver/Src/stm32f1xx_hal_can.c ****   *         the configuration information for the specified CAN.
2189:Drivers/STM32F1xx_HAL_Driver/Src/stm32f1xx_hal_can.c ****   * @retval None
2190:Drivers/STM32F1xx_HAL_Driver/Src/stm32f1xx_hal_can.c ****   */
2191:Drivers/STM32F1xx_HAL_Driver/Src/stm32f1xx_hal_can.c **** __weak void HAL_CAN_TxMailbox2AbortCallback(CAN_HandleTypeDef *hcan)
2192:Drivers/STM32F1xx_HAL_Driver/Src/stm32f1xx_hal_can.c **** {
 2192              		.loc 1 2192 1 is_stmt 1 view -0
 2193              		.cfi_startproc
 2194              		@ args = 0, pretend = 0, frame = 0
 2195              		@ frame_needed = 0, uses_anonymous_args = 0
 2196              		@ link register save eliminated.
2193:Drivers/STM32F1xx_HAL_Driver/Src/stm32f1xx_hal_can.c ****   /* Prevent unused argument(s) compilation warning */
2194:Drivers/STM32F1xx_HAL_Driver/Src/stm32f1xx_hal_can.c ****   UNUSED(hcan);
 2197              		.loc 1 2194 3 view .LVU710
2195:Drivers/STM32F1xx_HAL_Driver/Src/stm32f1xx_hal_can.c **** 
2196:Drivers/STM32F1xx_HAL_Driver/Src/stm32f1xx_hal_can.c ****   /* NOTE : This function Should not be modified, when the callback is needed,
2197:Drivers/STM32F1xx_HAL_Driver/Src/stm32f1xx_hal_can.c ****             the HAL_CAN_TxMailbox2AbortCallback could be implemented in the
2198:Drivers/STM32F1xx_HAL_Driver/Src/stm32f1xx_hal_can.c ****             user file
2199:Drivers/STM32F1xx_HAL_Driver/Src/stm32f1xx_hal_can.c ****    */
2200:Drivers/STM32F1xx_HAL_Driver/Src/stm32f1xx_hal_can.c **** }
 2198              		.loc 1 2200 1 is_stmt 0 view .LVU711
 2199 0000 7047     		bx	lr
 2200              		.cfi_endproc
 2201              	.LFE90:
 2203              		.section	.text.HAL_CAN_RxFifo0MsgPendingCallback,"ax",%progbits
 2204              		.align	1
 2205              		.weak	HAL_CAN_RxFifo0MsgPendingCallback
 2206              		.syntax unified
 2207              		.thumb
 2208              		.thumb_func
 2210              	HAL_CAN_RxFifo0MsgPendingCallback:
 2211              	.LVL167:
 2212              	.LFB91:
2201:Drivers/STM32F1xx_HAL_Driver/Src/stm32f1xx_hal_can.c **** 
2202:Drivers/STM32F1xx_HAL_Driver/Src/stm32f1xx_hal_can.c **** /**
2203:Drivers/STM32F1xx_HAL_Driver/Src/stm32f1xx_hal_can.c ****   * @brief  Rx FIFO 0 message pending callback.
2204:Drivers/STM32F1xx_HAL_Driver/Src/stm32f1xx_hal_can.c ****   * @param  hcan pointer to a CAN_HandleTypeDef structure that contains
2205:Drivers/STM32F1xx_HAL_Driver/Src/stm32f1xx_hal_can.c ****   *         the configuration information for the specified CAN.
2206:Drivers/STM32F1xx_HAL_Driver/Src/stm32f1xx_hal_can.c ****   * @retval None
2207:Drivers/STM32F1xx_HAL_Driver/Src/stm32f1xx_hal_can.c ****   */
2208:Drivers/STM32F1xx_HAL_Driver/Src/stm32f1xx_hal_can.c **** __weak void HAL_CAN_RxFifo0MsgPendingCallback(CAN_HandleTypeDef *hcan)
2209:Drivers/STM32F1xx_HAL_Driver/Src/stm32f1xx_hal_can.c **** {
ARM GAS  C:\Users\ride_pig\AppData\Local\Temp\ccAMFt1h.s 			page 101


 2213              		.loc 1 2209 1 is_stmt 1 view -0
 2214              		.cfi_startproc
 2215              		@ args = 0, pretend = 0, frame = 0
 2216              		@ frame_needed = 0, uses_anonymous_args = 0
 2217              		@ link register save eliminated.
2210:Drivers/STM32F1xx_HAL_Driver/Src/stm32f1xx_hal_can.c ****   /* Prevent unused argument(s) compilation warning */
2211:Drivers/STM32F1xx_HAL_Driver/Src/stm32f1xx_hal_can.c ****   UNUSED(hcan);
 2218              		.loc 1 2211 3 view .LVU713
2212:Drivers/STM32F1xx_HAL_Driver/Src/stm32f1xx_hal_can.c **** 
2213:Drivers/STM32F1xx_HAL_Driver/Src/stm32f1xx_hal_can.c ****   /* NOTE : This function Should not be modified, when the callback is needed,
2214:Drivers/STM32F1xx_HAL_Driver/Src/stm32f1xx_hal_can.c ****             the HAL_CAN_RxFifo0MsgPendingCallback could be implemented in the
2215:Drivers/STM32F1xx_HAL_Driver/Src/stm32f1xx_hal_can.c ****             user file
2216:Drivers/STM32F1xx_HAL_Driver/Src/stm32f1xx_hal_can.c ****    */
2217:Drivers/STM32F1xx_HAL_Driver/Src/stm32f1xx_hal_can.c **** }
 2219              		.loc 1 2217 1 is_stmt 0 view .LVU714
 2220 0000 7047     		bx	lr
 2221              		.cfi_endproc
 2222              	.LFE91:
 2224              		.section	.text.HAL_CAN_RxFifo0FullCallback,"ax",%progbits
 2225              		.align	1
 2226              		.weak	HAL_CAN_RxFifo0FullCallback
 2227              		.syntax unified
 2228              		.thumb
 2229              		.thumb_func
 2231              	HAL_CAN_RxFifo0FullCallback:
 2232              	.LVL168:
 2233              	.LFB92:
2218:Drivers/STM32F1xx_HAL_Driver/Src/stm32f1xx_hal_can.c **** 
2219:Drivers/STM32F1xx_HAL_Driver/Src/stm32f1xx_hal_can.c **** /**
2220:Drivers/STM32F1xx_HAL_Driver/Src/stm32f1xx_hal_can.c ****   * @brief  Rx FIFO 0 full callback.
2221:Drivers/STM32F1xx_HAL_Driver/Src/stm32f1xx_hal_can.c ****   * @param  hcan pointer to a CAN_HandleTypeDef structure that contains
2222:Drivers/STM32F1xx_HAL_Driver/Src/stm32f1xx_hal_can.c ****   *         the configuration information for the specified CAN.
2223:Drivers/STM32F1xx_HAL_Driver/Src/stm32f1xx_hal_can.c ****   * @retval None
2224:Drivers/STM32F1xx_HAL_Driver/Src/stm32f1xx_hal_can.c ****   */
2225:Drivers/STM32F1xx_HAL_Driver/Src/stm32f1xx_hal_can.c **** __weak void HAL_CAN_RxFifo0FullCallback(CAN_HandleTypeDef *hcan)
2226:Drivers/STM32F1xx_HAL_Driver/Src/stm32f1xx_hal_can.c **** {
 2234              		.loc 1 2226 1 is_stmt 1 view -0
 2235              		.cfi_startproc
 2236              		@ args = 0, pretend = 0, frame = 0
 2237              		@ frame_needed = 0, uses_anonymous_args = 0
 2238              		@ link register save eliminated.
2227:Drivers/STM32F1xx_HAL_Driver/Src/stm32f1xx_hal_can.c ****   /* Prevent unused argument(s) compilation warning */
2228:Drivers/STM32F1xx_HAL_Driver/Src/stm32f1xx_hal_can.c ****   UNUSED(hcan);
 2239              		.loc 1 2228 3 view .LVU716
2229:Drivers/STM32F1xx_HAL_Driver/Src/stm32f1xx_hal_can.c **** 
2230:Drivers/STM32F1xx_HAL_Driver/Src/stm32f1xx_hal_can.c ****   /* NOTE : This function Should not be modified, when the callback is needed,
2231:Drivers/STM32F1xx_HAL_Driver/Src/stm32f1xx_hal_can.c ****             the HAL_CAN_RxFifo0FullCallback could be implemented in the user
2232:Drivers/STM32F1xx_HAL_Driver/Src/stm32f1xx_hal_can.c ****             file
2233:Drivers/STM32F1xx_HAL_Driver/Src/stm32f1xx_hal_can.c ****    */
2234:Drivers/STM32F1xx_HAL_Driver/Src/stm32f1xx_hal_can.c **** }
 2240              		.loc 1 2234 1 is_stmt 0 view .LVU717
 2241 0000 7047     		bx	lr
 2242              		.cfi_endproc
 2243              	.LFE92:
 2245              		.section	.text.HAL_CAN_RxFifo1MsgPendingCallback,"ax",%progbits
 2246              		.align	1
 2247              		.weak	HAL_CAN_RxFifo1MsgPendingCallback
ARM GAS  C:\Users\ride_pig\AppData\Local\Temp\ccAMFt1h.s 			page 102


 2248              		.syntax unified
 2249              		.thumb
 2250              		.thumb_func
 2252              	HAL_CAN_RxFifo1MsgPendingCallback:
 2253              	.LVL169:
 2254              	.LFB93:
2235:Drivers/STM32F1xx_HAL_Driver/Src/stm32f1xx_hal_can.c **** 
2236:Drivers/STM32F1xx_HAL_Driver/Src/stm32f1xx_hal_can.c **** /**
2237:Drivers/STM32F1xx_HAL_Driver/Src/stm32f1xx_hal_can.c ****   * @brief  Rx FIFO 1 message pending callback.
2238:Drivers/STM32F1xx_HAL_Driver/Src/stm32f1xx_hal_can.c ****   * @param  hcan pointer to a CAN_HandleTypeDef structure that contains
2239:Drivers/STM32F1xx_HAL_Driver/Src/stm32f1xx_hal_can.c ****   *         the configuration information for the specified CAN.
2240:Drivers/STM32F1xx_HAL_Driver/Src/stm32f1xx_hal_can.c ****   * @retval None
2241:Drivers/STM32F1xx_HAL_Driver/Src/stm32f1xx_hal_can.c ****   */
2242:Drivers/STM32F1xx_HAL_Driver/Src/stm32f1xx_hal_can.c **** __weak void HAL_CAN_RxFifo1MsgPendingCallback(CAN_HandleTypeDef *hcan)
2243:Drivers/STM32F1xx_HAL_Driver/Src/stm32f1xx_hal_can.c **** {
 2255              		.loc 1 2243 1 is_stmt 1 view -0
 2256              		.cfi_startproc
 2257              		@ args = 0, pretend = 0, frame = 0
 2258              		@ frame_needed = 0, uses_anonymous_args = 0
 2259              		@ link register save eliminated.
2244:Drivers/STM32F1xx_HAL_Driver/Src/stm32f1xx_hal_can.c ****   /* Prevent unused argument(s) compilation warning */
2245:Drivers/STM32F1xx_HAL_Driver/Src/stm32f1xx_hal_can.c ****   UNUSED(hcan);
 2260              		.loc 1 2245 3 view .LVU719
2246:Drivers/STM32F1xx_HAL_Driver/Src/stm32f1xx_hal_can.c **** 
2247:Drivers/STM32F1xx_HAL_Driver/Src/stm32f1xx_hal_can.c ****   /* NOTE : This function Should not be modified, when the callback is needed,
2248:Drivers/STM32F1xx_HAL_Driver/Src/stm32f1xx_hal_can.c ****             the HAL_CAN_RxFifo1MsgPendingCallback could be implemented in the
2249:Drivers/STM32F1xx_HAL_Driver/Src/stm32f1xx_hal_can.c ****             user file
2250:Drivers/STM32F1xx_HAL_Driver/Src/stm32f1xx_hal_can.c ****    */
2251:Drivers/STM32F1xx_HAL_Driver/Src/stm32f1xx_hal_can.c **** }
 2261              		.loc 1 2251 1 is_stmt 0 view .LVU720
 2262 0000 7047     		bx	lr
 2263              		.cfi_endproc
 2264              	.LFE93:
 2266              		.section	.text.HAL_CAN_RxFifo1FullCallback,"ax",%progbits
 2267              		.align	1
 2268              		.weak	HAL_CAN_RxFifo1FullCallback
 2269              		.syntax unified
 2270              		.thumb
 2271              		.thumb_func
 2273              	HAL_CAN_RxFifo1FullCallback:
 2274              	.LVL170:
 2275              	.LFB94:
2252:Drivers/STM32F1xx_HAL_Driver/Src/stm32f1xx_hal_can.c **** 
2253:Drivers/STM32F1xx_HAL_Driver/Src/stm32f1xx_hal_can.c **** /**
2254:Drivers/STM32F1xx_HAL_Driver/Src/stm32f1xx_hal_can.c ****   * @brief  Rx FIFO 1 full callback.
2255:Drivers/STM32F1xx_HAL_Driver/Src/stm32f1xx_hal_can.c ****   * @param  hcan pointer to a CAN_HandleTypeDef structure that contains
2256:Drivers/STM32F1xx_HAL_Driver/Src/stm32f1xx_hal_can.c ****   *         the configuration information for the specified CAN.
2257:Drivers/STM32F1xx_HAL_Driver/Src/stm32f1xx_hal_can.c ****   * @retval None
2258:Drivers/STM32F1xx_HAL_Driver/Src/stm32f1xx_hal_can.c ****   */
2259:Drivers/STM32F1xx_HAL_Driver/Src/stm32f1xx_hal_can.c **** __weak void HAL_CAN_RxFifo1FullCallback(CAN_HandleTypeDef *hcan)
2260:Drivers/STM32F1xx_HAL_Driver/Src/stm32f1xx_hal_can.c **** {
 2276              		.loc 1 2260 1 is_stmt 1 view -0
 2277              		.cfi_startproc
 2278              		@ args = 0, pretend = 0, frame = 0
 2279              		@ frame_needed = 0, uses_anonymous_args = 0
 2280              		@ link register save eliminated.
2261:Drivers/STM32F1xx_HAL_Driver/Src/stm32f1xx_hal_can.c ****   /* Prevent unused argument(s) compilation warning */
ARM GAS  C:\Users\ride_pig\AppData\Local\Temp\ccAMFt1h.s 			page 103


2262:Drivers/STM32F1xx_HAL_Driver/Src/stm32f1xx_hal_can.c ****   UNUSED(hcan);
 2281              		.loc 1 2262 3 view .LVU722
2263:Drivers/STM32F1xx_HAL_Driver/Src/stm32f1xx_hal_can.c **** 
2264:Drivers/STM32F1xx_HAL_Driver/Src/stm32f1xx_hal_can.c ****   /* NOTE : This function Should not be modified, when the callback is needed,
2265:Drivers/STM32F1xx_HAL_Driver/Src/stm32f1xx_hal_can.c ****             the HAL_CAN_RxFifo1FullCallback could be implemented in the user
2266:Drivers/STM32F1xx_HAL_Driver/Src/stm32f1xx_hal_can.c ****             file
2267:Drivers/STM32F1xx_HAL_Driver/Src/stm32f1xx_hal_can.c ****    */
2268:Drivers/STM32F1xx_HAL_Driver/Src/stm32f1xx_hal_can.c **** }
 2282              		.loc 1 2268 1 is_stmt 0 view .LVU723
 2283 0000 7047     		bx	lr
 2284              		.cfi_endproc
 2285              	.LFE94:
 2287              		.section	.text.HAL_CAN_SleepCallback,"ax",%progbits
 2288              		.align	1
 2289              		.weak	HAL_CAN_SleepCallback
 2290              		.syntax unified
 2291              		.thumb
 2292              		.thumb_func
 2294              	HAL_CAN_SleepCallback:
 2295              	.LVL171:
 2296              	.LFB95:
2269:Drivers/STM32F1xx_HAL_Driver/Src/stm32f1xx_hal_can.c **** 
2270:Drivers/STM32F1xx_HAL_Driver/Src/stm32f1xx_hal_can.c **** /**
2271:Drivers/STM32F1xx_HAL_Driver/Src/stm32f1xx_hal_can.c ****   * @brief  Sleep callback.
2272:Drivers/STM32F1xx_HAL_Driver/Src/stm32f1xx_hal_can.c ****   * @param  hcan pointer to a CAN_HandleTypeDef structure that contains
2273:Drivers/STM32F1xx_HAL_Driver/Src/stm32f1xx_hal_can.c ****   *         the configuration information for the specified CAN.
2274:Drivers/STM32F1xx_HAL_Driver/Src/stm32f1xx_hal_can.c ****   * @retval None
2275:Drivers/STM32F1xx_HAL_Driver/Src/stm32f1xx_hal_can.c ****   */
2276:Drivers/STM32F1xx_HAL_Driver/Src/stm32f1xx_hal_can.c **** __weak void HAL_CAN_SleepCallback(CAN_HandleTypeDef *hcan)
2277:Drivers/STM32F1xx_HAL_Driver/Src/stm32f1xx_hal_can.c **** {
 2297              		.loc 1 2277 1 is_stmt 1 view -0
 2298              		.cfi_startproc
 2299              		@ args = 0, pretend = 0, frame = 0
 2300              		@ frame_needed = 0, uses_anonymous_args = 0
 2301              		@ link register save eliminated.
2278:Drivers/STM32F1xx_HAL_Driver/Src/stm32f1xx_hal_can.c ****   /* Prevent unused argument(s) compilation warning */
2279:Drivers/STM32F1xx_HAL_Driver/Src/stm32f1xx_hal_can.c ****   UNUSED(hcan);
 2302              		.loc 1 2279 3 view .LVU725
2280:Drivers/STM32F1xx_HAL_Driver/Src/stm32f1xx_hal_can.c **** 
2281:Drivers/STM32F1xx_HAL_Driver/Src/stm32f1xx_hal_can.c ****   /* NOTE : This function Should not be modified, when the callback is needed,
2282:Drivers/STM32F1xx_HAL_Driver/Src/stm32f1xx_hal_can.c ****             the HAL_CAN_SleepCallback could be implemented in the user file
2283:Drivers/STM32F1xx_HAL_Driver/Src/stm32f1xx_hal_can.c ****    */
2284:Drivers/STM32F1xx_HAL_Driver/Src/stm32f1xx_hal_can.c **** }
 2303              		.loc 1 2284 1 is_stmt 0 view .LVU726
 2304 0000 7047     		bx	lr
 2305              		.cfi_endproc
 2306              	.LFE95:
 2308              		.section	.text.HAL_CAN_WakeUpFromRxMsgCallback,"ax",%progbits
 2309              		.align	1
 2310              		.weak	HAL_CAN_WakeUpFromRxMsgCallback
 2311              		.syntax unified
 2312              		.thumb
 2313              		.thumb_func
 2315              	HAL_CAN_WakeUpFromRxMsgCallback:
 2316              	.LVL172:
 2317              	.LFB96:
2285:Drivers/STM32F1xx_HAL_Driver/Src/stm32f1xx_hal_can.c **** 
ARM GAS  C:\Users\ride_pig\AppData\Local\Temp\ccAMFt1h.s 			page 104


2286:Drivers/STM32F1xx_HAL_Driver/Src/stm32f1xx_hal_can.c **** /**
2287:Drivers/STM32F1xx_HAL_Driver/Src/stm32f1xx_hal_can.c ****   * @brief  WakeUp from Rx message callback.
2288:Drivers/STM32F1xx_HAL_Driver/Src/stm32f1xx_hal_can.c ****   * @param  hcan pointer to a CAN_HandleTypeDef structure that contains
2289:Drivers/STM32F1xx_HAL_Driver/Src/stm32f1xx_hal_can.c ****   *         the configuration information for the specified CAN.
2290:Drivers/STM32F1xx_HAL_Driver/Src/stm32f1xx_hal_can.c ****   * @retval None
2291:Drivers/STM32F1xx_HAL_Driver/Src/stm32f1xx_hal_can.c ****   */
2292:Drivers/STM32F1xx_HAL_Driver/Src/stm32f1xx_hal_can.c **** __weak void HAL_CAN_WakeUpFromRxMsgCallback(CAN_HandleTypeDef *hcan)
2293:Drivers/STM32F1xx_HAL_Driver/Src/stm32f1xx_hal_can.c **** {
 2318              		.loc 1 2293 1 is_stmt 1 view -0
 2319              		.cfi_startproc
 2320              		@ args = 0, pretend = 0, frame = 0
 2321              		@ frame_needed = 0, uses_anonymous_args = 0
 2322              		@ link register save eliminated.
2294:Drivers/STM32F1xx_HAL_Driver/Src/stm32f1xx_hal_can.c ****   /* Prevent unused argument(s) compilation warning */
2295:Drivers/STM32F1xx_HAL_Driver/Src/stm32f1xx_hal_can.c ****   UNUSED(hcan);
 2323              		.loc 1 2295 3 view .LVU728
2296:Drivers/STM32F1xx_HAL_Driver/Src/stm32f1xx_hal_can.c **** 
2297:Drivers/STM32F1xx_HAL_Driver/Src/stm32f1xx_hal_can.c ****   /* NOTE : This function Should not be modified, when the callback is needed,
2298:Drivers/STM32F1xx_HAL_Driver/Src/stm32f1xx_hal_can.c ****             the HAL_CAN_WakeUpFromRxMsgCallback could be implemented in the
2299:Drivers/STM32F1xx_HAL_Driver/Src/stm32f1xx_hal_can.c ****             user file
2300:Drivers/STM32F1xx_HAL_Driver/Src/stm32f1xx_hal_can.c ****    */
2301:Drivers/STM32F1xx_HAL_Driver/Src/stm32f1xx_hal_can.c **** }
 2324              		.loc 1 2301 1 is_stmt 0 view .LVU729
 2325 0000 7047     		bx	lr
 2326              		.cfi_endproc
 2327              	.LFE96:
 2329              		.section	.text.HAL_CAN_ErrorCallback,"ax",%progbits
 2330              		.align	1
 2331              		.weak	HAL_CAN_ErrorCallback
 2332              		.syntax unified
 2333              		.thumb
 2334              		.thumb_func
 2336              	HAL_CAN_ErrorCallback:
 2337              	.LVL173:
 2338              	.LFB97:
2302:Drivers/STM32F1xx_HAL_Driver/Src/stm32f1xx_hal_can.c **** 
2303:Drivers/STM32F1xx_HAL_Driver/Src/stm32f1xx_hal_can.c **** /**
2304:Drivers/STM32F1xx_HAL_Driver/Src/stm32f1xx_hal_can.c ****   * @brief  Error CAN callback.
2305:Drivers/STM32F1xx_HAL_Driver/Src/stm32f1xx_hal_can.c ****   * @param  hcan pointer to a CAN_HandleTypeDef structure that contains
2306:Drivers/STM32F1xx_HAL_Driver/Src/stm32f1xx_hal_can.c ****   *         the configuration information for the specified CAN.
2307:Drivers/STM32F1xx_HAL_Driver/Src/stm32f1xx_hal_can.c ****   * @retval None
2308:Drivers/STM32F1xx_HAL_Driver/Src/stm32f1xx_hal_can.c ****   */
2309:Drivers/STM32F1xx_HAL_Driver/Src/stm32f1xx_hal_can.c **** __weak void HAL_CAN_ErrorCallback(CAN_HandleTypeDef *hcan)
2310:Drivers/STM32F1xx_HAL_Driver/Src/stm32f1xx_hal_can.c **** {
 2339              		.loc 1 2310 1 is_stmt 1 view -0
 2340              		.cfi_startproc
 2341              		@ args = 0, pretend = 0, frame = 0
 2342              		@ frame_needed = 0, uses_anonymous_args = 0
 2343              		@ link register save eliminated.
2311:Drivers/STM32F1xx_HAL_Driver/Src/stm32f1xx_hal_can.c ****   /* Prevent unused argument(s) compilation warning */
2312:Drivers/STM32F1xx_HAL_Driver/Src/stm32f1xx_hal_can.c ****   UNUSED(hcan);
 2344              		.loc 1 2312 3 view .LVU731
2313:Drivers/STM32F1xx_HAL_Driver/Src/stm32f1xx_hal_can.c **** 
2314:Drivers/STM32F1xx_HAL_Driver/Src/stm32f1xx_hal_can.c ****   /* NOTE : This function Should not be modified, when the callback is needed,
2315:Drivers/STM32F1xx_HAL_Driver/Src/stm32f1xx_hal_can.c ****             the HAL_CAN_ErrorCallback could be implemented in the user file
2316:Drivers/STM32F1xx_HAL_Driver/Src/stm32f1xx_hal_can.c ****    */
2317:Drivers/STM32F1xx_HAL_Driver/Src/stm32f1xx_hal_can.c **** }
ARM GAS  C:\Users\ride_pig\AppData\Local\Temp\ccAMFt1h.s 			page 105


 2345              		.loc 1 2317 1 is_stmt 0 view .LVU732
 2346 0000 7047     		bx	lr
 2347              		.cfi_endproc
 2348              	.LFE97:
 2350              		.section	.text.HAL_CAN_IRQHandler,"ax",%progbits
 2351              		.align	1
 2352              		.global	HAL_CAN_IRQHandler
 2353              		.syntax unified
 2354              		.thumb
 2355              		.thumb_func
 2357              	HAL_CAN_IRQHandler:
 2358              	.LVL174:
 2359              	.LFB84:
1696:Drivers/STM32F1xx_HAL_Driver/Src/stm32f1xx_hal_can.c ****   uint32_t errorcode = HAL_CAN_ERROR_NONE;
 2360              		.loc 1 1696 1 is_stmt 1 view -0
 2361              		.cfi_startproc
 2362              		@ args = 0, pretend = 0, frame = 0
 2363              		@ frame_needed = 0, uses_anonymous_args = 0
1696:Drivers/STM32F1xx_HAL_Driver/Src/stm32f1xx_hal_can.c ****   uint32_t errorcode = HAL_CAN_ERROR_NONE;
 2364              		.loc 1 1696 1 is_stmt 0 view .LVU734
 2365 0000 2DE9F84F 		push	{r3, r4, r5, r6, r7, r8, r9, r10, fp, lr}
 2366              	.LCFI14:
 2367              		.cfi_def_cfa_offset 40
 2368              		.cfi_offset 3, -40
 2369              		.cfi_offset 4, -36
 2370              		.cfi_offset 5, -32
 2371              		.cfi_offset 6, -28
 2372              		.cfi_offset 7, -24
 2373              		.cfi_offset 8, -20
 2374              		.cfi_offset 9, -16
 2375              		.cfi_offset 10, -12
 2376              		.cfi_offset 11, -8
 2377              		.cfi_offset 14, -4
 2378 0004 0546     		mov	r5, r0
1697:Drivers/STM32F1xx_HAL_Driver/Src/stm32f1xx_hal_can.c ****   uint32_t interrupts = READ_REG(hcan->Instance->IER);
 2379              		.loc 1 1697 3 is_stmt 1 view .LVU735
 2380              	.LVL175:
1698:Drivers/STM32F1xx_HAL_Driver/Src/stm32f1xx_hal_can.c ****   uint32_t msrflags = READ_REG(hcan->Instance->MSR);
 2381              		.loc 1 1698 3 view .LVU736
1698:Drivers/STM32F1xx_HAL_Driver/Src/stm32f1xx_hal_can.c ****   uint32_t msrflags = READ_REG(hcan->Instance->MSR);
 2382              		.loc 1 1698 25 is_stmt 0 view .LVU737
 2383 0006 0368     		ldr	r3, [r0]
1698:Drivers/STM32F1xx_HAL_Driver/Src/stm32f1xx_hal_can.c ****   uint32_t msrflags = READ_REG(hcan->Instance->MSR);
 2384              		.loc 1 1698 12 view .LVU738
 2385 0008 5C69     		ldr	r4, [r3, #20]
 2386              	.LVL176:
1699:Drivers/STM32F1xx_HAL_Driver/Src/stm32f1xx_hal_can.c ****   uint32_t tsrflags = READ_REG(hcan->Instance->TSR);
 2387              		.loc 1 1699 3 is_stmt 1 view .LVU739
1699:Drivers/STM32F1xx_HAL_Driver/Src/stm32f1xx_hal_can.c ****   uint32_t tsrflags = READ_REG(hcan->Instance->TSR);
 2388              		.loc 1 1699 12 is_stmt 0 view .LVU740
 2389 000a D3F80480 		ldr	r8, [r3, #4]
 2390              	.LVL177:
1700:Drivers/STM32F1xx_HAL_Driver/Src/stm32f1xx_hal_can.c ****   uint32_t rf0rflags = READ_REG(hcan->Instance->RF0R);
 2391              		.loc 1 1700 3 is_stmt 1 view .LVU741
1700:Drivers/STM32F1xx_HAL_Driver/Src/stm32f1xx_hal_can.c ****   uint32_t rf0rflags = READ_REG(hcan->Instance->RF0R);
 2392              		.loc 1 1700 12 is_stmt 0 view .LVU742
 2393 000e 9F68     		ldr	r7, [r3, #8]
ARM GAS  C:\Users\ride_pig\AppData\Local\Temp\ccAMFt1h.s 			page 106


 2394              	.LVL178:
1701:Drivers/STM32F1xx_HAL_Driver/Src/stm32f1xx_hal_can.c ****   uint32_t rf1rflags = READ_REG(hcan->Instance->RF1R);
 2395              		.loc 1 1701 3 is_stmt 1 view .LVU743
1701:Drivers/STM32F1xx_HAL_Driver/Src/stm32f1xx_hal_can.c ****   uint32_t rf1rflags = READ_REG(hcan->Instance->RF1R);
 2396              		.loc 1 1701 12 is_stmt 0 view .LVU744
 2397 0010 D3F80CB0 		ldr	fp, [r3, #12]
 2398              	.LVL179:
1702:Drivers/STM32F1xx_HAL_Driver/Src/stm32f1xx_hal_can.c ****   uint32_t esrflags = READ_REG(hcan->Instance->ESR);
 2399              		.loc 1 1702 3 is_stmt 1 view .LVU745
1702:Drivers/STM32F1xx_HAL_Driver/Src/stm32f1xx_hal_can.c ****   uint32_t esrflags = READ_REG(hcan->Instance->ESR);
 2400              		.loc 1 1702 12 is_stmt 0 view .LVU746
 2401 0014 D3F810A0 		ldr	r10, [r3, #16]
 2402              	.LVL180:
1703:Drivers/STM32F1xx_HAL_Driver/Src/stm32f1xx_hal_can.c **** 
 2403              		.loc 1 1703 3 is_stmt 1 view .LVU747
1703:Drivers/STM32F1xx_HAL_Driver/Src/stm32f1xx_hal_can.c **** 
 2404              		.loc 1 1703 12 is_stmt 0 view .LVU748
 2405 0018 D3F81890 		ldr	r9, [r3, #24]
 2406              	.LVL181:
1706:Drivers/STM32F1xx_HAL_Driver/Src/stm32f1xx_hal_can.c ****   {
 2407              		.loc 1 1706 3 is_stmt 1 view .LVU749
1706:Drivers/STM32F1xx_HAL_Driver/Src/stm32f1xx_hal_can.c ****   {
 2408              		.loc 1 1706 6 is_stmt 0 view .LVU750
 2409 001c 14F00106 		ands	r6, r4, #1
 2410 0020 3BD0     		beq	.L170
1709:Drivers/STM32F1xx_HAL_Driver/Src/stm32f1xx_hal_can.c ****     {
 2411              		.loc 1 1709 5 is_stmt 1 view .LVU751
1709:Drivers/STM32F1xx_HAL_Driver/Src/stm32f1xx_hal_can.c ****     {
 2412              		.loc 1 1709 8 is_stmt 0 view .LVU752
 2413 0022 17F00106 		ands	r6, r7, #1
 2414 0026 16D0     		beq	.L171
1712:Drivers/STM32F1xx_HAL_Driver/Src/stm32f1xx_hal_can.c **** 
 2415              		.loc 1 1712 7 is_stmt 1 view .LVU753
 2416 0028 0122     		movs	r2, #1
 2417 002a 9A60     		str	r2, [r3, #8]
1714:Drivers/STM32F1xx_HAL_Driver/Src/stm32f1xx_hal_can.c ****       {
 2418              		.loc 1 1714 7 view .LVU754
1714:Drivers/STM32F1xx_HAL_Driver/Src/stm32f1xx_hal_can.c ****       {
 2419              		.loc 1 1714 10 is_stmt 0 view .LVU755
 2420 002c 17F0020F 		tst	r7, #2
 2421 0030 08D1     		bne	.L205
1727:Drivers/STM32F1xx_HAL_Driver/Src/stm32f1xx_hal_can.c ****         {
 2422              		.loc 1 1727 9 is_stmt 1 view .LVU756
1727:Drivers/STM32F1xx_HAL_Driver/Src/stm32f1xx_hal_can.c ****         {
 2423              		.loc 1 1727 12 is_stmt 0 view .LVU757
 2424 0032 17F0040F 		tst	r7, #4
 2425 0036 0CD1     		bne	.L202
1732:Drivers/STM32F1xx_HAL_Driver/Src/stm32f1xx_hal_can.c ****         {
 2426              		.loc 1 1732 14 is_stmt 1 view .LVU758
1732:Drivers/STM32F1xx_HAL_Driver/Src/stm32f1xx_hal_can.c ****         {
 2427              		.loc 1 1732 17 is_stmt 0 view .LVU759
 2428 0038 17F00806 		ands	r6, r7, #8
 2429 003c 06D0     		beq	.L206
1735:Drivers/STM32F1xx_HAL_Driver/Src/stm32f1xx_hal_can.c ****         }
 2430              		.loc 1 1735 21 view .LVU760
 2431 003e 4FF48056 		mov	r6, #4096
 2432 0042 08E0     		b	.L171
ARM GAS  C:\Users\ride_pig\AppData\Local\Temp\ccAMFt1h.s 			page 107


 2433              	.L205:
1722:Drivers/STM32F1xx_HAL_Driver/Src/stm32f1xx_hal_can.c **** #endif /* USE_HAL_CAN_REGISTER_CALLBACKS */
 2434              		.loc 1 1722 9 is_stmt 1 view .LVU761
 2435 0044 FFF7FEFF 		bl	HAL_CAN_TxMailbox0CompleteCallback
 2436              	.LVL182:
1697:Drivers/STM32F1xx_HAL_Driver/Src/stm32f1xx_hal_can.c ****   uint32_t interrupts = READ_REG(hcan->Instance->IER);
 2437              		.loc 1 1697 12 is_stmt 0 view .LVU762
 2438 0048 0026     		movs	r6, #0
 2439 004a 04E0     		b	.L171
 2440              	.LVL183:
 2441              	.L206:
1745:Drivers/STM32F1xx_HAL_Driver/Src/stm32f1xx_hal_can.c **** #endif /* USE_HAL_CAN_REGISTER_CALLBACKS */
 2442              		.loc 1 1745 11 is_stmt 1 view .LVU763
 2443 004c FFF7FEFF 		bl	HAL_CAN_TxMailbox0AbortCallback
 2444              	.LVL184:
1745:Drivers/STM32F1xx_HAL_Driver/Src/stm32f1xx_hal_can.c **** #endif /* USE_HAL_CAN_REGISTER_CALLBACKS */
 2445              		.loc 1 1745 11 is_stmt 0 view .LVU764
 2446 0050 01E0     		b	.L171
 2447              	.LVL185:
 2448              	.L202:
1730:Drivers/STM32F1xx_HAL_Driver/Src/stm32f1xx_hal_can.c ****         }
 2449              		.loc 1 1730 21 view .LVU765
 2450 0052 4FF40066 		mov	r6, #2048
 2451              	.LVL186:
 2452              	.L171:
1752:Drivers/STM32F1xx_HAL_Driver/Src/stm32f1xx_hal_can.c ****     {
 2453              		.loc 1 1752 5 is_stmt 1 view .LVU766
1752:Drivers/STM32F1xx_HAL_Driver/Src/stm32f1xx_hal_can.c ****     {
 2454              		.loc 1 1752 8 is_stmt 0 view .LVU767
 2455 0056 17F4807F 		tst	r7, #256
 2456 005a 0DD0     		beq	.L173
1755:Drivers/STM32F1xx_HAL_Driver/Src/stm32f1xx_hal_can.c **** 
 2457              		.loc 1 1755 7 is_stmt 1 view .LVU768
 2458 005c 2B68     		ldr	r3, [r5]
 2459 005e 4FF48072 		mov	r2, #256
 2460 0062 9A60     		str	r2, [r3, #8]
1757:Drivers/STM32F1xx_HAL_Driver/Src/stm32f1xx_hal_can.c ****       {
 2461              		.loc 1 1757 7 view .LVU769
1757:Drivers/STM32F1xx_HAL_Driver/Src/stm32f1xx_hal_can.c ****       {
 2462              		.loc 1 1757 10 is_stmt 0 view .LVU770
 2463 0064 17F4007F 		tst	r7, #512
 2464 0068 40F08680 		bne	.L207
1770:Drivers/STM32F1xx_HAL_Driver/Src/stm32f1xx_hal_can.c ****         {
 2465              		.loc 1 1770 9 is_stmt 1 view .LVU771
1770:Drivers/STM32F1xx_HAL_Driver/Src/stm32f1xx_hal_can.c ****         {
 2466              		.loc 1 1770 12 is_stmt 0 view .LVU772
 2467 006c 17F4806F 		tst	r7, #1024
 2468 0070 00F08680 		beq	.L175
1773:Drivers/STM32F1xx_HAL_Driver/Src/stm32f1xx_hal_can.c ****         }
 2469              		.loc 1 1773 11 is_stmt 1 view .LVU773
1773:Drivers/STM32F1xx_HAL_Driver/Src/stm32f1xx_hal_can.c ****         }
 2470              		.loc 1 1773 21 is_stmt 0 view .LVU774
 2471 0074 46F40056 		orr	r6, r6, #8192
 2472              	.LVL187:
 2473              	.L173:
1795:Drivers/STM32F1xx_HAL_Driver/Src/stm32f1xx_hal_can.c ****     {
 2474              		.loc 1 1795 5 is_stmt 1 view .LVU775
ARM GAS  C:\Users\ride_pig\AppData\Local\Temp\ccAMFt1h.s 			page 108


1795:Drivers/STM32F1xx_HAL_Driver/Src/stm32f1xx_hal_can.c ****     {
 2475              		.loc 1 1795 8 is_stmt 0 view .LVU776
 2476 0078 17F4803F 		tst	r7, #65536
 2477 007c 0DD0     		beq	.L170
1798:Drivers/STM32F1xx_HAL_Driver/Src/stm32f1xx_hal_can.c **** 
 2478              		.loc 1 1798 7 is_stmt 1 view .LVU777
 2479 007e 2B68     		ldr	r3, [r5]
 2480 0080 4FF48032 		mov	r2, #65536
 2481 0084 9A60     		str	r2, [r3, #8]
1800:Drivers/STM32F1xx_HAL_Driver/Src/stm32f1xx_hal_can.c ****       {
 2482              		.loc 1 1800 7 view .LVU778
1800:Drivers/STM32F1xx_HAL_Driver/Src/stm32f1xx_hal_can.c ****       {
 2483              		.loc 1 1800 10 is_stmt 0 view .LVU779
 2484 0086 17F4003F 		tst	r7, #131072
 2485 008a 40F08380 		bne	.L208
1813:Drivers/STM32F1xx_HAL_Driver/Src/stm32f1xx_hal_can.c ****         {
 2486              		.loc 1 1813 9 is_stmt 1 view .LVU780
1813:Drivers/STM32F1xx_HAL_Driver/Src/stm32f1xx_hal_can.c ****         {
 2487              		.loc 1 1813 12 is_stmt 0 view .LVU781
 2488 008e 17F4802F 		tst	r7, #262144
 2489 0092 00F08380 		beq	.L178
1816:Drivers/STM32F1xx_HAL_Driver/Src/stm32f1xx_hal_can.c ****         }
 2490              		.loc 1 1816 11 is_stmt 1 view .LVU782
1816:Drivers/STM32F1xx_HAL_Driver/Src/stm32f1xx_hal_can.c ****         }
 2491              		.loc 1 1816 21 is_stmt 0 view .LVU783
 2492 0096 46F40046 		orr	r6, r6, #32768
 2493              	.LVL188:
 2494              	.L170:
1839:Drivers/STM32F1xx_HAL_Driver/Src/stm32f1xx_hal_can.c ****   {
 2495              		.loc 1 1839 3 is_stmt 1 view .LVU784
1839:Drivers/STM32F1xx_HAL_Driver/Src/stm32f1xx_hal_can.c ****   {
 2496              		.loc 1 1839 6 is_stmt 0 view .LVU785
 2497 009a 14F0080F 		tst	r4, #8
 2498 009e 07D0     		beq	.L180
1841:Drivers/STM32F1xx_HAL_Driver/Src/stm32f1xx_hal_can.c ****     {
 2499              		.loc 1 1841 5 is_stmt 1 view .LVU786
1841:Drivers/STM32F1xx_HAL_Driver/Src/stm32f1xx_hal_can.c ****     {
 2500              		.loc 1 1841 8 is_stmt 0 view .LVU787
 2501 00a0 1BF0100F 		tst	fp, #16
 2502 00a4 04D0     		beq	.L180
1844:Drivers/STM32F1xx_HAL_Driver/Src/stm32f1xx_hal_can.c **** 
 2503              		.loc 1 1844 7 is_stmt 1 view .LVU788
1844:Drivers/STM32F1xx_HAL_Driver/Src/stm32f1xx_hal_can.c **** 
 2504              		.loc 1 1844 17 is_stmt 0 view .LVU789
 2505 00a6 46F40076 		orr	r6, r6, #512
 2506              	.LVL189:
1847:Drivers/STM32F1xx_HAL_Driver/Src/stm32f1xx_hal_can.c ****     }
 2507              		.loc 1 1847 7 is_stmt 1 view .LVU790
 2508 00aa 2B68     		ldr	r3, [r5]
 2509 00ac 1022     		movs	r2, #16
 2510 00ae DA60     		str	r2, [r3, #12]
 2511              	.L180:
1852:Drivers/STM32F1xx_HAL_Driver/Src/stm32f1xx_hal_can.c ****   {
 2512              		.loc 1 1852 3 view .LVU791
1852:Drivers/STM32F1xx_HAL_Driver/Src/stm32f1xx_hal_can.c ****   {
 2513              		.loc 1 1852 6 is_stmt 0 view .LVU792
 2514 00b0 14F0040F 		tst	r4, #4
ARM GAS  C:\Users\ride_pig\AppData\Local\Temp\ccAMFt1h.s 			page 109


 2515 00b4 02D0     		beq	.L181
1854:Drivers/STM32F1xx_HAL_Driver/Src/stm32f1xx_hal_can.c ****     {
 2516              		.loc 1 1854 5 is_stmt 1 view .LVU793
1854:Drivers/STM32F1xx_HAL_Driver/Src/stm32f1xx_hal_can.c ****     {
 2517              		.loc 1 1854 8 is_stmt 0 view .LVU794
 2518 00b6 1BF0080F 		tst	fp, #8
 2519 00ba 79D1     		bne	.L209
 2520              	.L181:
1871:Drivers/STM32F1xx_HAL_Driver/Src/stm32f1xx_hal_can.c ****   {
 2521              		.loc 1 1871 3 is_stmt 1 view .LVU795
1871:Drivers/STM32F1xx_HAL_Driver/Src/stm32f1xx_hal_can.c ****   {
 2522              		.loc 1 1871 6 is_stmt 0 view .LVU796
 2523 00bc 14F0020F 		tst	r4, #2
 2524 00c0 04D0     		beq	.L182
1874:Drivers/STM32F1xx_HAL_Driver/Src/stm32f1xx_hal_can.c ****     {
 2525              		.loc 1 1874 5 is_stmt 1 view .LVU797
1874:Drivers/STM32F1xx_HAL_Driver/Src/stm32f1xx_hal_can.c ****     {
 2526              		.loc 1 1874 14 is_stmt 0 view .LVU798
 2527 00c2 2B68     		ldr	r3, [r5]
1874:Drivers/STM32F1xx_HAL_Driver/Src/stm32f1xx_hal_can.c ****     {
 2528              		.loc 1 1874 24 view .LVU799
 2529 00c4 DB68     		ldr	r3, [r3, #12]
1874:Drivers/STM32F1xx_HAL_Driver/Src/stm32f1xx_hal_can.c ****     {
 2530              		.loc 1 1874 8 view .LVU800
 2531 00c6 13F0030F 		tst	r3, #3
 2532 00ca 78D1     		bne	.L210
 2533              	.L182:
1888:Drivers/STM32F1xx_HAL_Driver/Src/stm32f1xx_hal_can.c ****   {
 2534              		.loc 1 1888 3 is_stmt 1 view .LVU801
1888:Drivers/STM32F1xx_HAL_Driver/Src/stm32f1xx_hal_can.c ****   {
 2535              		.loc 1 1888 6 is_stmt 0 view .LVU802
 2536 00cc 14F0400F 		tst	r4, #64
 2537 00d0 07D0     		beq	.L183
1890:Drivers/STM32F1xx_HAL_Driver/Src/stm32f1xx_hal_can.c ****     {
 2538              		.loc 1 1890 5 is_stmt 1 view .LVU803
1890:Drivers/STM32F1xx_HAL_Driver/Src/stm32f1xx_hal_can.c ****     {
 2539              		.loc 1 1890 8 is_stmt 0 view .LVU804
 2540 00d2 1AF0100F 		tst	r10, #16
 2541 00d6 04D0     		beq	.L183
1893:Drivers/STM32F1xx_HAL_Driver/Src/stm32f1xx_hal_can.c **** 
 2542              		.loc 1 1893 7 is_stmt 1 view .LVU805
1893:Drivers/STM32F1xx_HAL_Driver/Src/stm32f1xx_hal_can.c **** 
 2543              		.loc 1 1893 17 is_stmt 0 view .LVU806
 2544 00d8 46F48066 		orr	r6, r6, #1024
 2545              	.LVL190:
1896:Drivers/STM32F1xx_HAL_Driver/Src/stm32f1xx_hal_can.c ****     }
 2546              		.loc 1 1896 7 is_stmt 1 view .LVU807
 2547 00dc 2B68     		ldr	r3, [r5]
 2548 00de 1022     		movs	r2, #16
 2549 00e0 1A61     		str	r2, [r3, #16]
 2550              	.L183:
1901:Drivers/STM32F1xx_HAL_Driver/Src/stm32f1xx_hal_can.c ****   {
 2551              		.loc 1 1901 3 view .LVU808
1901:Drivers/STM32F1xx_HAL_Driver/Src/stm32f1xx_hal_can.c ****   {
 2552              		.loc 1 1901 6 is_stmt 0 view .LVU809
 2553 00e2 14F0200F 		tst	r4, #32
 2554 00e6 02D0     		beq	.L184
ARM GAS  C:\Users\ride_pig\AppData\Local\Temp\ccAMFt1h.s 			page 110


1903:Drivers/STM32F1xx_HAL_Driver/Src/stm32f1xx_hal_can.c ****     {
 2555              		.loc 1 1903 5 is_stmt 1 view .LVU810
1903:Drivers/STM32F1xx_HAL_Driver/Src/stm32f1xx_hal_can.c ****     {
 2556              		.loc 1 1903 8 is_stmt 0 view .LVU811
 2557 00e8 1AF0080F 		tst	r10, #8
 2558 00ec 6BD1     		bne	.L211
 2559              	.L184:
1920:Drivers/STM32F1xx_HAL_Driver/Src/stm32f1xx_hal_can.c ****   {
 2560              		.loc 1 1920 3 is_stmt 1 view .LVU812
1920:Drivers/STM32F1xx_HAL_Driver/Src/stm32f1xx_hal_can.c ****   {
 2561              		.loc 1 1920 6 is_stmt 0 view .LVU813
 2562 00ee 14F0100F 		tst	r4, #16
 2563 00f2 04D0     		beq	.L185
1923:Drivers/STM32F1xx_HAL_Driver/Src/stm32f1xx_hal_can.c ****     {
 2564              		.loc 1 1923 5 is_stmt 1 view .LVU814
1923:Drivers/STM32F1xx_HAL_Driver/Src/stm32f1xx_hal_can.c ****     {
 2565              		.loc 1 1923 14 is_stmt 0 view .LVU815
 2566 00f4 2B68     		ldr	r3, [r5]
1923:Drivers/STM32F1xx_HAL_Driver/Src/stm32f1xx_hal_can.c ****     {
 2567              		.loc 1 1923 24 view .LVU816
 2568 00f6 1B69     		ldr	r3, [r3, #16]
1923:Drivers/STM32F1xx_HAL_Driver/Src/stm32f1xx_hal_can.c ****     {
 2569              		.loc 1 1923 8 view .LVU817
 2570 00f8 13F0030F 		tst	r3, #3
 2571 00fc 6AD1     		bne	.L212
 2572              	.L185:
1937:Drivers/STM32F1xx_HAL_Driver/Src/stm32f1xx_hal_can.c ****   {
 2573              		.loc 1 1937 3 is_stmt 1 view .LVU818
1937:Drivers/STM32F1xx_HAL_Driver/Src/stm32f1xx_hal_can.c ****   {
 2574              		.loc 1 1937 6 is_stmt 0 view .LVU819
 2575 00fe 14F4003F 		tst	r4, #131072
 2576 0102 02D0     		beq	.L186
1939:Drivers/STM32F1xx_HAL_Driver/Src/stm32f1xx_hal_can.c ****     {
 2577              		.loc 1 1939 5 is_stmt 1 view .LVU820
1939:Drivers/STM32F1xx_HAL_Driver/Src/stm32f1xx_hal_can.c ****     {
 2578              		.loc 1 1939 8 is_stmt 0 view .LVU821
 2579 0104 18F0100F 		tst	r8, #16
 2580 0108 68D1     		bne	.L213
 2581              	.L186:
1956:Drivers/STM32F1xx_HAL_Driver/Src/stm32f1xx_hal_can.c ****   {
 2582              		.loc 1 1956 3 is_stmt 1 view .LVU822
1956:Drivers/STM32F1xx_HAL_Driver/Src/stm32f1xx_hal_can.c ****   {
 2583              		.loc 1 1956 6 is_stmt 0 view .LVU823
 2584 010a 14F4803F 		tst	r4, #65536
 2585 010e 02D0     		beq	.L187
1958:Drivers/STM32F1xx_HAL_Driver/Src/stm32f1xx_hal_can.c ****     {
 2586              		.loc 1 1958 5 is_stmt 1 view .LVU824
1958:Drivers/STM32F1xx_HAL_Driver/Src/stm32f1xx_hal_can.c ****     {
 2587              		.loc 1 1958 8 is_stmt 0 view .LVU825
 2588 0110 18F0080F 		tst	r8, #8
 2589 0114 69D1     		bne	.L214
 2590              	.L187:
1975:Drivers/STM32F1xx_HAL_Driver/Src/stm32f1xx_hal_can.c ****   {
 2591              		.loc 1 1975 3 is_stmt 1 view .LVU826
1975:Drivers/STM32F1xx_HAL_Driver/Src/stm32f1xx_hal_can.c ****   {
 2592              		.loc 1 1975 6 is_stmt 0 view .LVU827
 2593 0116 14F4004F 		tst	r4, #32768
ARM GAS  C:\Users\ride_pig\AppData\Local\Temp\ccAMFt1h.s 			page 111


 2594 011a 7AD0     		beq	.L188
1977:Drivers/STM32F1xx_HAL_Driver/Src/stm32f1xx_hal_can.c ****     {
 2595              		.loc 1 1977 5 is_stmt 1 view .LVU828
1977:Drivers/STM32F1xx_HAL_Driver/Src/stm32f1xx_hal_can.c ****     {
 2596              		.loc 1 1977 8 is_stmt 0 view .LVU829
 2597 011c 18F0040F 		tst	r8, #4
 2598 0120 74D0     		beq	.L189
1980:Drivers/STM32F1xx_HAL_Driver/Src/stm32f1xx_hal_can.c ****           ((esrflags & CAN_ESR_EWGF) != 0U))
 2599              		.loc 1 1980 7 is_stmt 1 view .LVU830
1980:Drivers/STM32F1xx_HAL_Driver/Src/stm32f1xx_hal_can.c ****           ((esrflags & CAN_ESR_EWGF) != 0U))
 2600              		.loc 1 1980 10 is_stmt 0 view .LVU831
 2601 0122 14F4807F 		tst	r4, #256
 2602 0126 04D0     		beq	.L190
1980:Drivers/STM32F1xx_HAL_Driver/Src/stm32f1xx_hal_can.c ****           ((esrflags & CAN_ESR_EWGF) != 0U))
 2603              		.loc 1 1980 55 discriminator 1 view .LVU832
 2604 0128 19F0010F 		tst	r9, #1
 2605 012c 01D0     		beq	.L190
1984:Drivers/STM32F1xx_HAL_Driver/Src/stm32f1xx_hal_can.c **** 
 2606              		.loc 1 1984 9 is_stmt 1 view .LVU833
1984:Drivers/STM32F1xx_HAL_Driver/Src/stm32f1xx_hal_can.c **** 
 2607              		.loc 1 1984 19 is_stmt 0 view .LVU834
 2608 012e 46F00106 		orr	r6, r6, #1
 2609              	.LVL191:
 2610              	.L190:
1990:Drivers/STM32F1xx_HAL_Driver/Src/stm32f1xx_hal_can.c ****           ((esrflags & CAN_ESR_EPVF) != 0U))
 2611              		.loc 1 1990 7 is_stmt 1 view .LVU835
1990:Drivers/STM32F1xx_HAL_Driver/Src/stm32f1xx_hal_can.c ****           ((esrflags & CAN_ESR_EPVF) != 0U))
 2612              		.loc 1 1990 10 is_stmt 0 view .LVU836
 2613 0132 14F4007F 		tst	r4, #512
 2614 0136 04D0     		beq	.L191
1990:Drivers/STM32F1xx_HAL_Driver/Src/stm32f1xx_hal_can.c ****           ((esrflags & CAN_ESR_EPVF) != 0U))
 2615              		.loc 1 1990 55 discriminator 1 view .LVU837
 2616 0138 19F0020F 		tst	r9, #2
 2617 013c 01D0     		beq	.L191
1994:Drivers/STM32F1xx_HAL_Driver/Src/stm32f1xx_hal_can.c **** 
 2618              		.loc 1 1994 9 is_stmt 1 view .LVU838
1994:Drivers/STM32F1xx_HAL_Driver/Src/stm32f1xx_hal_can.c **** 
 2619              		.loc 1 1994 19 is_stmt 0 view .LVU839
 2620 013e 46F00206 		orr	r6, r6, #2
 2621              	.LVL192:
 2622              	.L191:
2000:Drivers/STM32F1xx_HAL_Driver/Src/stm32f1xx_hal_can.c ****           ((esrflags & CAN_ESR_BOFF) != 0U))
 2623              		.loc 1 2000 7 is_stmt 1 view .LVU840
2000:Drivers/STM32F1xx_HAL_Driver/Src/stm32f1xx_hal_can.c ****           ((esrflags & CAN_ESR_BOFF) != 0U))
 2624              		.loc 1 2000 10 is_stmt 0 view .LVU841
 2625 0142 14F4806F 		tst	r4, #1024
 2626 0146 04D0     		beq	.L192
2000:Drivers/STM32F1xx_HAL_Driver/Src/stm32f1xx_hal_can.c ****           ((esrflags & CAN_ESR_BOFF) != 0U))
 2627              		.loc 1 2000 48 discriminator 1 view .LVU842
 2628 0148 19F0040F 		tst	r9, #4
 2629 014c 01D0     		beq	.L192
2004:Drivers/STM32F1xx_HAL_Driver/Src/stm32f1xx_hal_can.c **** 
 2630              		.loc 1 2004 9 is_stmt 1 view .LVU843
2004:Drivers/STM32F1xx_HAL_Driver/Src/stm32f1xx_hal_can.c **** 
 2631              		.loc 1 2004 19 is_stmt 0 view .LVU844
 2632 014e 46F00406 		orr	r6, r6, #4
 2633              	.LVL193:
ARM GAS  C:\Users\ride_pig\AppData\Local\Temp\ccAMFt1h.s 			page 112


 2634              	.L192:
2010:Drivers/STM32F1xx_HAL_Driver/Src/stm32f1xx_hal_can.c ****           ((esrflags & CAN_ESR_LEC) != 0U))
 2635              		.loc 1 2010 7 is_stmt 1 view .LVU845
2010:Drivers/STM32F1xx_HAL_Driver/Src/stm32f1xx_hal_can.c ****           ((esrflags & CAN_ESR_LEC) != 0U))
 2636              		.loc 1 2010 10 is_stmt 0 view .LVU846
 2637 0152 14F4006F 		tst	r4, #2048
 2638 0156 59D0     		beq	.L189
2010:Drivers/STM32F1xx_HAL_Driver/Src/stm32f1xx_hal_can.c ****           ((esrflags & CAN_ESR_LEC) != 0U))
 2639              		.loc 1 2010 57 discriminator 1 view .LVU847
 2640 0158 19F07009 		ands	r9, r9, #112
 2641              	.LVL194:
2010:Drivers/STM32F1xx_HAL_Driver/Src/stm32f1xx_hal_can.c ****           ((esrflags & CAN_ESR_LEC) != 0U))
 2642              		.loc 1 2010 57 discriminator 1 view .LVU848
 2643 015c 56D0     		beq	.L189
2013:Drivers/STM32F1xx_HAL_Driver/Src/stm32f1xx_hal_can.c ****         {
 2644              		.loc 1 2013 9 is_stmt 1 view .LVU849
 2645 015e B9F1400F 		cmp	r9, #64
 2646 0162 65D0     		beq	.L193
 2647 0164 58D8     		bhi	.L194
 2648 0166 B9F1200F 		cmp	r9, #32
 2649 016a 5ED0     		beq	.L195
 2650 016c B9F1300F 		cmp	r9, #48
 2651 0170 42D1     		bne	.L215
2025:Drivers/STM32F1xx_HAL_Driver/Src/stm32f1xx_hal_can.c ****             break;
 2652              		.loc 1 2025 13 view .LVU850
2025:Drivers/STM32F1xx_HAL_Driver/Src/stm32f1xx_hal_can.c ****             break;
 2653              		.loc 1 2025 23 is_stmt 0 view .LVU851
 2654 0172 46F02006 		orr	r6, r6, #32
 2655              	.LVL195:
2026:Drivers/STM32F1xx_HAL_Driver/Src/stm32f1xx_hal_can.c ****           case (CAN_ESR_LEC_2):
 2656              		.loc 1 2026 13 is_stmt 1 view .LVU852
 2657 0176 44E0     		b	.L198
 2658              	.LVL196:
 2659              	.L207:
1765:Drivers/STM32F1xx_HAL_Driver/Src/stm32f1xx_hal_can.c **** #endif /* USE_HAL_CAN_REGISTER_CALLBACKS */
 2660              		.loc 1 1765 9 view .LVU853
 2661 0178 2846     		mov	r0, r5
 2662 017a FFF7FEFF 		bl	HAL_CAN_TxMailbox1CompleteCallback
 2663              	.LVL197:
 2664 017e 7BE7     		b	.L173
 2665              	.L175:
1775:Drivers/STM32F1xx_HAL_Driver/Src/stm32f1xx_hal_can.c ****         {
 2666              		.loc 1 1775 14 view .LVU854
1775:Drivers/STM32F1xx_HAL_Driver/Src/stm32f1xx_hal_can.c ****         {
 2667              		.loc 1 1775 17 is_stmt 0 view .LVU855
 2668 0180 17F4006F 		tst	r7, #2048
 2669 0184 02D0     		beq	.L176
1778:Drivers/STM32F1xx_HAL_Driver/Src/stm32f1xx_hal_can.c ****         }
 2670              		.loc 1 1778 11 is_stmt 1 view .LVU856
1778:Drivers/STM32F1xx_HAL_Driver/Src/stm32f1xx_hal_can.c ****         }
 2671              		.loc 1 1778 21 is_stmt 0 view .LVU857
 2672 0186 46F48046 		orr	r6, r6, #16384
 2673              	.LVL198:
1778:Drivers/STM32F1xx_HAL_Driver/Src/stm32f1xx_hal_can.c ****         }
 2674              		.loc 1 1778 21 view .LVU858
 2675 018a 75E7     		b	.L173
 2676              	.L176:
ARM GAS  C:\Users\ride_pig\AppData\Local\Temp\ccAMFt1h.s 			page 113


1788:Drivers/STM32F1xx_HAL_Driver/Src/stm32f1xx_hal_can.c **** #endif /* USE_HAL_CAN_REGISTER_CALLBACKS */
 2677              		.loc 1 1788 11 is_stmt 1 view .LVU859
 2678 018c 2846     		mov	r0, r5
 2679 018e FFF7FEFF 		bl	HAL_CAN_TxMailbox1AbortCallback
 2680              	.LVL199:
 2681 0192 71E7     		b	.L173
 2682              	.L208:
1808:Drivers/STM32F1xx_HAL_Driver/Src/stm32f1xx_hal_can.c **** #endif /* USE_HAL_CAN_REGISTER_CALLBACKS */
 2683              		.loc 1 1808 9 view .LVU860
 2684 0194 2846     		mov	r0, r5
 2685 0196 FFF7FEFF 		bl	HAL_CAN_TxMailbox2CompleteCallback
 2686              	.LVL200:
 2687 019a 7EE7     		b	.L170
 2688              	.L178:
1818:Drivers/STM32F1xx_HAL_Driver/Src/stm32f1xx_hal_can.c ****         {
 2689              		.loc 1 1818 14 view .LVU861
1818:Drivers/STM32F1xx_HAL_Driver/Src/stm32f1xx_hal_can.c ****         {
 2690              		.loc 1 1818 17 is_stmt 0 view .LVU862
 2691 019c 17F4002F 		tst	r7, #524288
 2692 01a0 02D0     		beq	.L179
1821:Drivers/STM32F1xx_HAL_Driver/Src/stm32f1xx_hal_can.c ****         }
 2693              		.loc 1 1821 11 is_stmt 1 view .LVU863
1821:Drivers/STM32F1xx_HAL_Driver/Src/stm32f1xx_hal_can.c ****         }
 2694              		.loc 1 1821 21 is_stmt 0 view .LVU864
 2695 01a2 46F48036 		orr	r6, r6, #65536
 2696              	.LVL201:
1821:Drivers/STM32F1xx_HAL_Driver/Src/stm32f1xx_hal_can.c ****         }
 2697              		.loc 1 1821 21 view .LVU865
 2698 01a6 78E7     		b	.L170
 2699              	.L179:
1831:Drivers/STM32F1xx_HAL_Driver/Src/stm32f1xx_hal_can.c **** #endif /* USE_HAL_CAN_REGISTER_CALLBACKS */
 2700              		.loc 1 1831 11 is_stmt 1 view .LVU866
 2701 01a8 2846     		mov	r0, r5
 2702 01aa FFF7FEFF 		bl	HAL_CAN_TxMailbox2AbortCallback
 2703              	.LVL202:
 2704 01ae 74E7     		b	.L170
 2705              	.L209:
1857:Drivers/STM32F1xx_HAL_Driver/Src/stm32f1xx_hal_can.c **** 
 2706              		.loc 1 1857 7 view .LVU867
 2707 01b0 2B68     		ldr	r3, [r5]
 2708 01b2 0822     		movs	r2, #8
 2709 01b4 DA60     		str	r2, [r3, #12]
1865:Drivers/STM32F1xx_HAL_Driver/Src/stm32f1xx_hal_can.c **** #endif /* USE_HAL_CAN_REGISTER_CALLBACKS */
 2710              		.loc 1 1865 7 view .LVU868
 2711 01b6 2846     		mov	r0, r5
 2712 01b8 FFF7FEFF 		bl	HAL_CAN_RxFifo0FullCallback
 2713              	.LVL203:
 2714 01bc 7EE7     		b	.L181
 2715              	.L210:
1882:Drivers/STM32F1xx_HAL_Driver/Src/stm32f1xx_hal_can.c **** #endif /* USE_HAL_CAN_REGISTER_CALLBACKS */
 2716              		.loc 1 1882 7 view .LVU869
 2717 01be 2846     		mov	r0, r5
 2718 01c0 FFF7FEFF 		bl	HAL_CAN_RxFifo0MsgPendingCallback
 2719              	.LVL204:
 2720 01c4 82E7     		b	.L182
 2721              	.L211:
1906:Drivers/STM32F1xx_HAL_Driver/Src/stm32f1xx_hal_can.c **** 
ARM GAS  C:\Users\ride_pig\AppData\Local\Temp\ccAMFt1h.s 			page 114


 2722              		.loc 1 1906 7 view .LVU870
 2723 01c6 2B68     		ldr	r3, [r5]
 2724 01c8 0822     		movs	r2, #8
 2725 01ca 1A61     		str	r2, [r3, #16]
1914:Drivers/STM32F1xx_HAL_Driver/Src/stm32f1xx_hal_can.c **** #endif /* USE_HAL_CAN_REGISTER_CALLBACKS */
 2726              		.loc 1 1914 7 view .LVU871
 2727 01cc 2846     		mov	r0, r5
 2728 01ce FFF7FEFF 		bl	HAL_CAN_RxFifo1FullCallback
 2729              	.LVL205:
 2730 01d2 8CE7     		b	.L184
 2731              	.L212:
1931:Drivers/STM32F1xx_HAL_Driver/Src/stm32f1xx_hal_can.c **** #endif /* USE_HAL_CAN_REGISTER_CALLBACKS */
 2732              		.loc 1 1931 7 view .LVU872
 2733 01d4 2846     		mov	r0, r5
 2734 01d6 FFF7FEFF 		bl	HAL_CAN_RxFifo1MsgPendingCallback
 2735              	.LVL206:
 2736 01da 90E7     		b	.L185
 2737              	.L213:
1942:Drivers/STM32F1xx_HAL_Driver/Src/stm32f1xx_hal_can.c **** 
 2738              		.loc 1 1942 7 view .LVU873
 2739 01dc 2B68     		ldr	r3, [r5]
 2740 01de 1022     		movs	r2, #16
 2741 01e0 5A60     		str	r2, [r3, #4]
1950:Drivers/STM32F1xx_HAL_Driver/Src/stm32f1xx_hal_can.c **** #endif /* USE_HAL_CAN_REGISTER_CALLBACKS */
 2742              		.loc 1 1950 7 view .LVU874
 2743 01e2 2846     		mov	r0, r5
 2744 01e4 FFF7FEFF 		bl	HAL_CAN_SleepCallback
 2745              	.LVL207:
 2746 01e8 8FE7     		b	.L186
 2747              	.L214:
1961:Drivers/STM32F1xx_HAL_Driver/Src/stm32f1xx_hal_can.c **** 
 2748              		.loc 1 1961 7 view .LVU875
 2749 01ea 2B68     		ldr	r3, [r5]
 2750 01ec 0822     		movs	r2, #8
 2751 01ee 5A60     		str	r2, [r3, #4]
1969:Drivers/STM32F1xx_HAL_Driver/Src/stm32f1xx_hal_can.c **** #endif /* USE_HAL_CAN_REGISTER_CALLBACKS */
 2752              		.loc 1 1969 7 view .LVU876
 2753 01f0 2846     		mov	r0, r5
 2754 01f2 FFF7FEFF 		bl	HAL_CAN_WakeUpFromRxMsgCallback
 2755              	.LVL208:
 2756 01f6 8EE7     		b	.L187
 2757              	.LVL209:
 2758              	.L215:
2013:Drivers/STM32F1xx_HAL_Driver/Src/stm32f1xx_hal_can.c ****         {
 2759              		.loc 1 2013 9 is_stmt 0 view .LVU877
 2760 01f8 B9F1100F 		cmp	r9, #16
 2761 01fc 01D1     		bne	.L198
2017:Drivers/STM32F1xx_HAL_Driver/Src/stm32f1xx_hal_can.c ****             break;
 2762              		.loc 1 2017 13 is_stmt 1 view .LVU878
2017:Drivers/STM32F1xx_HAL_Driver/Src/stm32f1xx_hal_can.c ****             break;
 2763              		.loc 1 2017 23 is_stmt 0 view .LVU879
 2764 01fe 46F00806 		orr	r6, r6, #8
 2765              	.LVL210:
2018:Drivers/STM32F1xx_HAL_Driver/Src/stm32f1xx_hal_can.c ****           case (CAN_ESR_LEC_1):
 2766              		.loc 1 2018 13 is_stmt 1 view .LVU880
 2767              	.L198:
2044:Drivers/STM32F1xx_HAL_Driver/Src/stm32f1xx_hal_can.c ****       }
ARM GAS  C:\Users\ride_pig\AppData\Local\Temp\ccAMFt1h.s 			page 115


 2768              		.loc 1 2044 9 view .LVU881
 2769 0202 2A68     		ldr	r2, [r5]
 2770 0204 9369     		ldr	r3, [r2, #24]
 2771 0206 23F07003 		bic	r3, r3, #112
 2772 020a 9361     		str	r3, [r2, #24]
 2773              	.L189:
2049:Drivers/STM32F1xx_HAL_Driver/Src/stm32f1xx_hal_can.c ****   }
 2774              		.loc 1 2049 5 view .LVU882
 2775 020c 2B68     		ldr	r3, [r5]
 2776 020e 0422     		movs	r2, #4
 2777 0210 5A60     		str	r2, [r3, #4]
 2778              	.L188:
2053:Drivers/STM32F1xx_HAL_Driver/Src/stm32f1xx_hal_can.c ****   {
 2779              		.loc 1 2053 3 view .LVU883
2053:Drivers/STM32F1xx_HAL_Driver/Src/stm32f1xx_hal_can.c ****   {
 2780              		.loc 1 2053 6 is_stmt 0 view .LVU884
 2781 0212 9EB9     		cbnz	r6, .L216
 2782              	.L169:
2067:Drivers/STM32F1xx_HAL_Driver/Src/stm32f1xx_hal_can.c **** 
 2783              		.loc 1 2067 1 view .LVU885
 2784 0214 BDE8F88F 		pop	{r3, r4, r5, r6, r7, r8, r9, r10, fp, pc}
 2785              	.LVL211:
 2786              	.L194:
2013:Drivers/STM32F1xx_HAL_Driver/Src/stm32f1xx_hal_can.c ****         {
 2787              		.loc 1 2013 9 view .LVU886
 2788 0218 B9F1500F 		cmp	r9, #80
 2789 021c 0BD0     		beq	.L199
 2790 021e B9F1600F 		cmp	r9, #96
 2791 0222 EED1     		bne	.L198
2037:Drivers/STM32F1xx_HAL_Driver/Src/stm32f1xx_hal_can.c ****             break;
 2792              		.loc 1 2037 13 is_stmt 1 view .LVU887
2037:Drivers/STM32F1xx_HAL_Driver/Src/stm32f1xx_hal_can.c ****             break;
 2793              		.loc 1 2037 23 is_stmt 0 view .LVU888
 2794 0224 46F48076 		orr	r6, r6, #256
 2795              	.LVL212:
2038:Drivers/STM32F1xx_HAL_Driver/Src/stm32f1xx_hal_can.c ****           default:
 2796              		.loc 1 2038 13 is_stmt 1 view .LVU889
 2797 0228 EBE7     		b	.L198
 2798              	.L195:
2021:Drivers/STM32F1xx_HAL_Driver/Src/stm32f1xx_hal_can.c ****             break;
 2799              		.loc 1 2021 13 view .LVU890
2021:Drivers/STM32F1xx_HAL_Driver/Src/stm32f1xx_hal_can.c ****             break;
 2800              		.loc 1 2021 23 is_stmt 0 view .LVU891
 2801 022a 46F01006 		orr	r6, r6, #16
 2802              	.LVL213:
2022:Drivers/STM32F1xx_HAL_Driver/Src/stm32f1xx_hal_can.c ****           case (CAN_ESR_LEC_1 | CAN_ESR_LEC_0):
 2803              		.loc 1 2022 13 is_stmt 1 view .LVU892
 2804 022e E8E7     		b	.L198
 2805              	.L193:
2029:Drivers/STM32F1xx_HAL_Driver/Src/stm32f1xx_hal_can.c ****             break;
 2806              		.loc 1 2029 13 view .LVU893
2029:Drivers/STM32F1xx_HAL_Driver/Src/stm32f1xx_hal_can.c ****             break;
 2807              		.loc 1 2029 23 is_stmt 0 view .LVU894
 2808 0230 46F04006 		orr	r6, r6, #64
 2809              	.LVL214:
2030:Drivers/STM32F1xx_HAL_Driver/Src/stm32f1xx_hal_can.c ****           case (CAN_ESR_LEC_2 | CAN_ESR_LEC_0):
 2810              		.loc 1 2030 13 is_stmt 1 view .LVU895
ARM GAS  C:\Users\ride_pig\AppData\Local\Temp\ccAMFt1h.s 			page 116


 2811 0234 E5E7     		b	.L198
 2812              	.L199:
2033:Drivers/STM32F1xx_HAL_Driver/Src/stm32f1xx_hal_can.c ****             break;
 2813              		.loc 1 2033 13 view .LVU896
2033:Drivers/STM32F1xx_HAL_Driver/Src/stm32f1xx_hal_can.c ****             break;
 2814              		.loc 1 2033 23 is_stmt 0 view .LVU897
 2815 0236 46F08006 		orr	r6, r6, #128
 2816              	.LVL215:
2034:Drivers/STM32F1xx_HAL_Driver/Src/stm32f1xx_hal_can.c ****           case (CAN_ESR_LEC_2 | CAN_ESR_LEC_1):
 2817              		.loc 1 2034 13 is_stmt 1 view .LVU898
 2818 023a E2E7     		b	.L198
 2819              	.L216:
2056:Drivers/STM32F1xx_HAL_Driver/Src/stm32f1xx_hal_can.c **** 
 2820              		.loc 1 2056 5 view .LVU899
2056:Drivers/STM32F1xx_HAL_Driver/Src/stm32f1xx_hal_can.c **** 
 2821              		.loc 1 2056 21 is_stmt 0 view .LVU900
 2822 023c 6B6A     		ldr	r3, [r5, #36]
 2823 023e 3343     		orrs	r3, r3, r6
 2824 0240 6B62     		str	r3, [r5, #36]
2064:Drivers/STM32F1xx_HAL_Driver/Src/stm32f1xx_hal_can.c **** #endif /* USE_HAL_CAN_REGISTER_CALLBACKS */
 2825              		.loc 1 2064 5 is_stmt 1 view .LVU901
 2826 0242 2846     		mov	r0, r5
 2827 0244 FFF7FEFF 		bl	HAL_CAN_ErrorCallback
 2828              	.LVL216:
2067:Drivers/STM32F1xx_HAL_Driver/Src/stm32f1xx_hal_can.c **** 
 2829              		.loc 1 2067 1 is_stmt 0 view .LVU902
 2830 0248 E4E7     		b	.L169
 2831              		.cfi_endproc
 2832              	.LFE84:
 2834              		.section	.text.HAL_CAN_GetState,"ax",%progbits
 2835              		.align	1
 2836              		.global	HAL_CAN_GetState
 2837              		.syntax unified
 2838              		.thumb
 2839              		.thumb_func
 2841              	HAL_CAN_GetState:
 2842              	.LVL217:
 2843              	.LFB98:
2318:Drivers/STM32F1xx_HAL_Driver/Src/stm32f1xx_hal_can.c **** 
2319:Drivers/STM32F1xx_HAL_Driver/Src/stm32f1xx_hal_can.c **** /**
2320:Drivers/STM32F1xx_HAL_Driver/Src/stm32f1xx_hal_can.c ****   * @}
2321:Drivers/STM32F1xx_HAL_Driver/Src/stm32f1xx_hal_can.c ****   */
2322:Drivers/STM32F1xx_HAL_Driver/Src/stm32f1xx_hal_can.c **** 
2323:Drivers/STM32F1xx_HAL_Driver/Src/stm32f1xx_hal_can.c **** /** @defgroup CAN_Exported_Functions_Group6 Peripheral State and Error functions
2324:Drivers/STM32F1xx_HAL_Driver/Src/stm32f1xx_hal_can.c ****  *  @brief   CAN Peripheral State functions
2325:Drivers/STM32F1xx_HAL_Driver/Src/stm32f1xx_hal_can.c ****  *
2326:Drivers/STM32F1xx_HAL_Driver/Src/stm32f1xx_hal_can.c **** @verbatim
2327:Drivers/STM32F1xx_HAL_Driver/Src/stm32f1xx_hal_can.c ****   ==============================================================================
2328:Drivers/STM32F1xx_HAL_Driver/Src/stm32f1xx_hal_can.c ****             ##### Peripheral State and Error functions #####
2329:Drivers/STM32F1xx_HAL_Driver/Src/stm32f1xx_hal_can.c ****   ==============================================================================
2330:Drivers/STM32F1xx_HAL_Driver/Src/stm32f1xx_hal_can.c ****     [..]
2331:Drivers/STM32F1xx_HAL_Driver/Src/stm32f1xx_hal_can.c ****     This subsection provides functions allowing to :
2332:Drivers/STM32F1xx_HAL_Driver/Src/stm32f1xx_hal_can.c ****       (+) HAL_CAN_GetState()  : Return the CAN state.
2333:Drivers/STM32F1xx_HAL_Driver/Src/stm32f1xx_hal_can.c ****       (+) HAL_CAN_GetError()  : Return the CAN error codes if any.
2334:Drivers/STM32F1xx_HAL_Driver/Src/stm32f1xx_hal_can.c ****       (+) HAL_CAN_ResetError(): Reset the CAN error codes if any.
2335:Drivers/STM32F1xx_HAL_Driver/Src/stm32f1xx_hal_can.c **** 
2336:Drivers/STM32F1xx_HAL_Driver/Src/stm32f1xx_hal_can.c **** @endverbatim
ARM GAS  C:\Users\ride_pig\AppData\Local\Temp\ccAMFt1h.s 			page 117


2337:Drivers/STM32F1xx_HAL_Driver/Src/stm32f1xx_hal_can.c ****   * @{
2338:Drivers/STM32F1xx_HAL_Driver/Src/stm32f1xx_hal_can.c ****   */
2339:Drivers/STM32F1xx_HAL_Driver/Src/stm32f1xx_hal_can.c **** 
2340:Drivers/STM32F1xx_HAL_Driver/Src/stm32f1xx_hal_can.c **** /**
2341:Drivers/STM32F1xx_HAL_Driver/Src/stm32f1xx_hal_can.c ****   * @brief  Return the CAN state.
2342:Drivers/STM32F1xx_HAL_Driver/Src/stm32f1xx_hal_can.c ****   * @param  hcan pointer to a CAN_HandleTypeDef structure that contains
2343:Drivers/STM32F1xx_HAL_Driver/Src/stm32f1xx_hal_can.c ****   *         the configuration information for the specified CAN.
2344:Drivers/STM32F1xx_HAL_Driver/Src/stm32f1xx_hal_can.c ****   * @retval HAL state
2345:Drivers/STM32F1xx_HAL_Driver/Src/stm32f1xx_hal_can.c ****   */
2346:Drivers/STM32F1xx_HAL_Driver/Src/stm32f1xx_hal_can.c **** HAL_CAN_StateTypeDef HAL_CAN_GetState(CAN_HandleTypeDef *hcan)
2347:Drivers/STM32F1xx_HAL_Driver/Src/stm32f1xx_hal_can.c **** {
 2844              		.loc 1 2347 1 is_stmt 1 view -0
 2845              		.cfi_startproc
 2846              		@ args = 0, pretend = 0, frame = 0
 2847              		@ frame_needed = 0, uses_anonymous_args = 0
 2848              		@ link register save eliminated.
 2849              		.loc 1 2347 1 is_stmt 0 view .LVU904
 2850 0000 0246     		mov	r2, r0
2348:Drivers/STM32F1xx_HAL_Driver/Src/stm32f1xx_hal_can.c ****   HAL_CAN_StateTypeDef state = hcan->State;
 2851              		.loc 1 2348 3 is_stmt 1 view .LVU905
 2852              		.loc 1 2348 24 is_stmt 0 view .LVU906
 2853 0002 90F82030 		ldrb	r3, [r0, #32]	@ zero_extendqisi2
 2854 0006 D8B2     		uxtb	r0, r3
 2855              	.LVL218:
2349:Drivers/STM32F1xx_HAL_Driver/Src/stm32f1xx_hal_can.c **** 
2350:Drivers/STM32F1xx_HAL_Driver/Src/stm32f1xx_hal_can.c ****   if ((state == HAL_CAN_STATE_READY) ||
 2856              		.loc 1 2350 3 is_stmt 1 view .LVU907
 2857              		.loc 1 2350 38 is_stmt 0 view .LVU908
 2858 0008 013B     		subs	r3, r3, #1
 2859 000a DBB2     		uxtb	r3, r3
 2860              		.loc 1 2350 6 view .LVU909
 2861 000c 012B     		cmp	r3, #1
 2862 000e 00D9     		bls	.L221
 2863              	.LVL219:
 2864              	.L218:
2351:Drivers/STM32F1xx_HAL_Driver/Src/stm32f1xx_hal_can.c ****       (state == HAL_CAN_STATE_LISTENING))
2352:Drivers/STM32F1xx_HAL_Driver/Src/stm32f1xx_hal_can.c ****   {
2353:Drivers/STM32F1xx_HAL_Driver/Src/stm32f1xx_hal_can.c ****     /* Check sleep mode acknowledge flag */
2354:Drivers/STM32F1xx_HAL_Driver/Src/stm32f1xx_hal_can.c ****     if ((hcan->Instance->MSR & CAN_MSR_SLAK) != 0U)
2355:Drivers/STM32F1xx_HAL_Driver/Src/stm32f1xx_hal_can.c ****     {
2356:Drivers/STM32F1xx_HAL_Driver/Src/stm32f1xx_hal_can.c ****       /* Sleep mode is active */
2357:Drivers/STM32F1xx_HAL_Driver/Src/stm32f1xx_hal_can.c ****       state = HAL_CAN_STATE_SLEEP_ACTIVE;
2358:Drivers/STM32F1xx_HAL_Driver/Src/stm32f1xx_hal_can.c ****     }
2359:Drivers/STM32F1xx_HAL_Driver/Src/stm32f1xx_hal_can.c ****     /* Check sleep mode request flag */
2360:Drivers/STM32F1xx_HAL_Driver/Src/stm32f1xx_hal_can.c ****     else if ((hcan->Instance->MCR & CAN_MCR_SLEEP) != 0U)
2361:Drivers/STM32F1xx_HAL_Driver/Src/stm32f1xx_hal_can.c ****     {
2362:Drivers/STM32F1xx_HAL_Driver/Src/stm32f1xx_hal_can.c ****       /* Sleep mode request is pending */
2363:Drivers/STM32F1xx_HAL_Driver/Src/stm32f1xx_hal_can.c ****       state = HAL_CAN_STATE_SLEEP_PENDING;
2364:Drivers/STM32F1xx_HAL_Driver/Src/stm32f1xx_hal_can.c ****     }
2365:Drivers/STM32F1xx_HAL_Driver/Src/stm32f1xx_hal_can.c ****     else
2366:Drivers/STM32F1xx_HAL_Driver/Src/stm32f1xx_hal_can.c ****     {
2367:Drivers/STM32F1xx_HAL_Driver/Src/stm32f1xx_hal_can.c ****       /* Neither sleep mode request nor sleep mode acknowledge */
2368:Drivers/STM32F1xx_HAL_Driver/Src/stm32f1xx_hal_can.c ****     }
 2865              		.loc 1 2368 5 is_stmt 1 view .LVU910
2369:Drivers/STM32F1xx_HAL_Driver/Src/stm32f1xx_hal_can.c ****   }
2370:Drivers/STM32F1xx_HAL_Driver/Src/stm32f1xx_hal_can.c **** 
2371:Drivers/STM32F1xx_HAL_Driver/Src/stm32f1xx_hal_can.c ****   /* Return CAN state */
ARM GAS  C:\Users\ride_pig\AppData\Local\Temp\ccAMFt1h.s 			page 118


2372:Drivers/STM32F1xx_HAL_Driver/Src/stm32f1xx_hal_can.c ****   return state;
 2866              		.loc 1 2372 3 view .LVU911
2373:Drivers/STM32F1xx_HAL_Driver/Src/stm32f1xx_hal_can.c **** }
 2867              		.loc 1 2373 1 is_stmt 0 view .LVU912
 2868 0010 7047     		bx	lr
 2869              	.LVL220:
 2870              	.L221:
2354:Drivers/STM32F1xx_HAL_Driver/Src/stm32f1xx_hal_can.c ****     {
 2871              		.loc 1 2354 5 is_stmt 1 view .LVU913
2354:Drivers/STM32F1xx_HAL_Driver/Src/stm32f1xx_hal_can.c ****     {
 2872              		.loc 1 2354 14 is_stmt 0 view .LVU914
 2873 0012 1368     		ldr	r3, [r2]
2354:Drivers/STM32F1xx_HAL_Driver/Src/stm32f1xx_hal_can.c ****     {
 2874              		.loc 1 2354 24 view .LVU915
 2875 0014 5A68     		ldr	r2, [r3, #4]
 2876              	.LVL221:
2354:Drivers/STM32F1xx_HAL_Driver/Src/stm32f1xx_hal_can.c ****     {
 2877              		.loc 1 2354 8 view .LVU916
 2878 0016 12F0020F 		tst	r2, #2
 2879 001a 05D1     		bne	.L219
2360:Drivers/STM32F1xx_HAL_Driver/Src/stm32f1xx_hal_can.c ****     {
 2880              		.loc 1 2360 10 is_stmt 1 view .LVU917
2360:Drivers/STM32F1xx_HAL_Driver/Src/stm32f1xx_hal_can.c ****     {
 2881              		.loc 1 2360 29 is_stmt 0 view .LVU918
 2882 001c 1B68     		ldr	r3, [r3]
2360:Drivers/STM32F1xx_HAL_Driver/Src/stm32f1xx_hal_can.c ****     {
 2883              		.loc 1 2360 13 view .LVU919
 2884 001e 13F0020F 		tst	r3, #2
 2885 0022 F5D0     		beq	.L218
2363:Drivers/STM32F1xx_HAL_Driver/Src/stm32f1xx_hal_can.c ****     }
 2886              		.loc 1 2363 13 view .LVU920
 2887 0024 0320     		movs	r0, #3
 2888              	.LVL222:
2363:Drivers/STM32F1xx_HAL_Driver/Src/stm32f1xx_hal_can.c ****     }
 2889              		.loc 1 2363 13 view .LVU921
 2890 0026 F3E7     		b	.L218
 2891              	.LVL223:
 2892              	.L219:
2357:Drivers/STM32F1xx_HAL_Driver/Src/stm32f1xx_hal_can.c ****     }
 2893              		.loc 1 2357 13 view .LVU922
 2894 0028 0420     		movs	r0, #4
 2895              	.LVL224:
2357:Drivers/STM32F1xx_HAL_Driver/Src/stm32f1xx_hal_can.c ****     }
 2896              		.loc 1 2357 13 view .LVU923
 2897 002a 7047     		bx	lr
 2898              		.cfi_endproc
 2899              	.LFE98:
 2901              		.section	.text.HAL_CAN_GetError,"ax",%progbits
 2902              		.align	1
 2903              		.global	HAL_CAN_GetError
 2904              		.syntax unified
 2905              		.thumb
 2906              		.thumb_func
 2908              	HAL_CAN_GetError:
 2909              	.LVL225:
 2910              	.LFB99:
2374:Drivers/STM32F1xx_HAL_Driver/Src/stm32f1xx_hal_can.c **** 
ARM GAS  C:\Users\ride_pig\AppData\Local\Temp\ccAMFt1h.s 			page 119


2375:Drivers/STM32F1xx_HAL_Driver/Src/stm32f1xx_hal_can.c **** /**
2376:Drivers/STM32F1xx_HAL_Driver/Src/stm32f1xx_hal_can.c ****   * @brief  Return the CAN error code.
2377:Drivers/STM32F1xx_HAL_Driver/Src/stm32f1xx_hal_can.c ****   * @param  hcan pointer to a CAN_HandleTypeDef structure that contains
2378:Drivers/STM32F1xx_HAL_Driver/Src/stm32f1xx_hal_can.c ****   *         the configuration information for the specified CAN.
2379:Drivers/STM32F1xx_HAL_Driver/Src/stm32f1xx_hal_can.c ****   * @retval CAN Error Code
2380:Drivers/STM32F1xx_HAL_Driver/Src/stm32f1xx_hal_can.c ****   */
2381:Drivers/STM32F1xx_HAL_Driver/Src/stm32f1xx_hal_can.c **** uint32_t HAL_CAN_GetError(CAN_HandleTypeDef *hcan)
2382:Drivers/STM32F1xx_HAL_Driver/Src/stm32f1xx_hal_can.c **** {
 2911              		.loc 1 2382 1 is_stmt 1 view -0
 2912              		.cfi_startproc
 2913              		@ args = 0, pretend = 0, frame = 0
 2914              		@ frame_needed = 0, uses_anonymous_args = 0
 2915              		@ link register save eliminated.
2383:Drivers/STM32F1xx_HAL_Driver/Src/stm32f1xx_hal_can.c ****   /* Return CAN error code */
2384:Drivers/STM32F1xx_HAL_Driver/Src/stm32f1xx_hal_can.c ****   return hcan->ErrorCode;
 2916              		.loc 1 2384 3 view .LVU925
 2917              		.loc 1 2384 14 is_stmt 0 view .LVU926
 2918 0000 406A     		ldr	r0, [r0, #36]
 2919              	.LVL226:
2385:Drivers/STM32F1xx_HAL_Driver/Src/stm32f1xx_hal_can.c **** }
 2920              		.loc 1 2385 1 view .LVU927
 2921 0002 7047     		bx	lr
 2922              		.cfi_endproc
 2923              	.LFE99:
 2925              		.section	.text.HAL_CAN_ResetError,"ax",%progbits
 2926              		.align	1
 2927              		.global	HAL_CAN_ResetError
 2928              		.syntax unified
 2929              		.thumb
 2930              		.thumb_func
 2932              	HAL_CAN_ResetError:
 2933              	.LVL227:
 2934              	.LFB100:
2386:Drivers/STM32F1xx_HAL_Driver/Src/stm32f1xx_hal_can.c **** 
2387:Drivers/STM32F1xx_HAL_Driver/Src/stm32f1xx_hal_can.c **** /**
2388:Drivers/STM32F1xx_HAL_Driver/Src/stm32f1xx_hal_can.c ****   * @brief  Reset the CAN error code.
2389:Drivers/STM32F1xx_HAL_Driver/Src/stm32f1xx_hal_can.c ****   * @param  hcan pointer to a CAN_HandleTypeDef structure that contains
2390:Drivers/STM32F1xx_HAL_Driver/Src/stm32f1xx_hal_can.c ****   *         the configuration information for the specified CAN.
2391:Drivers/STM32F1xx_HAL_Driver/Src/stm32f1xx_hal_can.c ****   * @retval HAL status
2392:Drivers/STM32F1xx_HAL_Driver/Src/stm32f1xx_hal_can.c ****   */
2393:Drivers/STM32F1xx_HAL_Driver/Src/stm32f1xx_hal_can.c **** HAL_StatusTypeDef HAL_CAN_ResetError(CAN_HandleTypeDef *hcan)
2394:Drivers/STM32F1xx_HAL_Driver/Src/stm32f1xx_hal_can.c **** {
 2935              		.loc 1 2394 1 is_stmt 1 view -0
 2936              		.cfi_startproc
 2937              		@ args = 0, pretend = 0, frame = 0
 2938              		@ frame_needed = 0, uses_anonymous_args = 0
 2939              		@ link register save eliminated.
2395:Drivers/STM32F1xx_HAL_Driver/Src/stm32f1xx_hal_can.c ****   HAL_StatusTypeDef status = HAL_OK;
 2940              		.loc 1 2395 3 view .LVU929
2396:Drivers/STM32F1xx_HAL_Driver/Src/stm32f1xx_hal_can.c ****   HAL_CAN_StateTypeDef state = hcan->State;
 2941              		.loc 1 2396 3 view .LVU930
 2942              		.loc 1 2396 24 is_stmt 0 view .LVU931
 2943 0000 90F82030 		ldrb	r3, [r0, #32]	@ zero_extendqisi2
 2944              	.LVL228:
2397:Drivers/STM32F1xx_HAL_Driver/Src/stm32f1xx_hal_can.c **** 
2398:Drivers/STM32F1xx_HAL_Driver/Src/stm32f1xx_hal_can.c ****   if ((state == HAL_CAN_STATE_READY) ||
 2945              		.loc 1 2398 3 is_stmt 1 view .LVU932
ARM GAS  C:\Users\ride_pig\AppData\Local\Temp\ccAMFt1h.s 			page 120


 2946              		.loc 1 2398 38 is_stmt 0 view .LVU933
 2947 0004 013B     		subs	r3, r3, #1
 2948              	.LVL229:
 2949              		.loc 1 2398 38 view .LVU934
 2950 0006 DBB2     		uxtb	r3, r3
 2951              		.loc 1 2398 6 view .LVU935
 2952 0008 012B     		cmp	r3, #1
 2953 000a 05D9     		bls	.L226
2399:Drivers/STM32F1xx_HAL_Driver/Src/stm32f1xx_hal_can.c ****       (state == HAL_CAN_STATE_LISTENING))
2400:Drivers/STM32F1xx_HAL_Driver/Src/stm32f1xx_hal_can.c ****   {
2401:Drivers/STM32F1xx_HAL_Driver/Src/stm32f1xx_hal_can.c ****     /* Reset CAN error code */
2402:Drivers/STM32F1xx_HAL_Driver/Src/stm32f1xx_hal_can.c ****     hcan->ErrorCode = 0U;
2403:Drivers/STM32F1xx_HAL_Driver/Src/stm32f1xx_hal_can.c ****   }
2404:Drivers/STM32F1xx_HAL_Driver/Src/stm32f1xx_hal_can.c ****   else
2405:Drivers/STM32F1xx_HAL_Driver/Src/stm32f1xx_hal_can.c ****   {
2406:Drivers/STM32F1xx_HAL_Driver/Src/stm32f1xx_hal_can.c ****     /* Update error code */
2407:Drivers/STM32F1xx_HAL_Driver/Src/stm32f1xx_hal_can.c ****     hcan->ErrorCode |= HAL_CAN_ERROR_NOT_INITIALIZED;
 2954              		.loc 1 2407 5 is_stmt 1 view .LVU936
 2955              		.loc 1 2407 21 is_stmt 0 view .LVU937
 2956 000c 436A     		ldr	r3, [r0, #36]
 2957 000e 43F48023 		orr	r3, r3, #262144
 2958 0012 4362     		str	r3, [r0, #36]
2408:Drivers/STM32F1xx_HAL_Driver/Src/stm32f1xx_hal_can.c **** 
2409:Drivers/STM32F1xx_HAL_Driver/Src/stm32f1xx_hal_can.c ****     status = HAL_ERROR;
 2959              		.loc 1 2409 5 is_stmt 1 view .LVU938
 2960              	.LVL230:
 2961              		.loc 1 2409 12 is_stmt 0 view .LVU939
 2962 0014 0120     		movs	r0, #1
 2963              	.LVL231:
2410:Drivers/STM32F1xx_HAL_Driver/Src/stm32f1xx_hal_can.c ****   }
2411:Drivers/STM32F1xx_HAL_Driver/Src/stm32f1xx_hal_can.c **** 
2412:Drivers/STM32F1xx_HAL_Driver/Src/stm32f1xx_hal_can.c ****   /* Return the status */
2413:Drivers/STM32F1xx_HAL_Driver/Src/stm32f1xx_hal_can.c ****   return status;
 2964              		.loc 1 2413 3 is_stmt 1 view .LVU940
2414:Drivers/STM32F1xx_HAL_Driver/Src/stm32f1xx_hal_can.c **** }
 2965              		.loc 1 2414 1 is_stmt 0 view .LVU941
 2966 0016 7047     		bx	lr
 2967              	.LVL232:
 2968              	.L226:
2402:Drivers/STM32F1xx_HAL_Driver/Src/stm32f1xx_hal_can.c ****   }
 2969              		.loc 1 2402 5 is_stmt 1 view .LVU942
2402:Drivers/STM32F1xx_HAL_Driver/Src/stm32f1xx_hal_can.c ****   }
 2970              		.loc 1 2402 21 is_stmt 0 view .LVU943
 2971 0018 0023     		movs	r3, #0
 2972 001a 4362     		str	r3, [r0, #36]
2395:Drivers/STM32F1xx_HAL_Driver/Src/stm32f1xx_hal_can.c ****   HAL_CAN_StateTypeDef state = hcan->State;
 2973              		.loc 1 2395 21 view .LVU944
 2974 001c 1846     		mov	r0, r3
 2975              	.LVL233:
2395:Drivers/STM32F1xx_HAL_Driver/Src/stm32f1xx_hal_can.c ****   HAL_CAN_StateTypeDef state = hcan->State;
 2976              		.loc 1 2395 21 view .LVU945
 2977 001e 7047     		bx	lr
 2978              		.cfi_endproc
 2979              	.LFE100:
 2981              		.text
 2982              	.Letext0:
 2983              		.file 3 "e:\\gcc-arm-none-eabi\\arm-none-eabi\\include\\machine\\_default_types.h"
ARM GAS  C:\Users\ride_pig\AppData\Local\Temp\ccAMFt1h.s 			page 121


 2984              		.file 4 "e:\\gcc-arm-none-eabi\\arm-none-eabi\\include\\sys\\_stdint.h"
 2985              		.file 5 "Drivers/CMSIS/Device/ST/STM32F1xx/Include/stm32f105xc.h"
 2986              		.file 6 "Drivers/CMSIS/Device/ST/STM32F1xx/Include/stm32f1xx.h"
 2987              		.file 7 "Drivers/STM32F1xx_HAL_Driver/Inc/stm32f1xx_hal_def.h"
 2988              		.file 8 "Drivers/STM32F1xx_HAL_Driver/Inc/stm32f1xx_hal_can.h"
 2989              		.file 9 "Drivers/STM32F1xx_HAL_Driver/Inc/stm32f1xx_hal.h"
ARM GAS  C:\Users\ride_pig\AppData\Local\Temp\ccAMFt1h.s 			page 122


DEFINED SYMBOLS
                            *ABS*:00000000 stm32f1xx_hal_can.c
C:\Users\ride_pig\AppData\Local\Temp\ccAMFt1h.s:18     .text.HAL_CAN_MspInit:00000000 $t
C:\Users\ride_pig\AppData\Local\Temp\ccAMFt1h.s:24     .text.HAL_CAN_MspInit:00000000 HAL_CAN_MspInit
C:\Users\ride_pig\AppData\Local\Temp\ccAMFt1h.s:40     .text.HAL_CAN_Init:00000000 $t
C:\Users\ride_pig\AppData\Local\Temp\ccAMFt1h.s:46     .text.HAL_CAN_Init:00000000 HAL_CAN_Init
C:\Users\ride_pig\AppData\Local\Temp\ccAMFt1h.s:336    .text.HAL_CAN_MspDeInit:00000000 $t
C:\Users\ride_pig\AppData\Local\Temp\ccAMFt1h.s:342    .text.HAL_CAN_MspDeInit:00000000 HAL_CAN_MspDeInit
C:\Users\ride_pig\AppData\Local\Temp\ccAMFt1h.s:357    .text.HAL_CAN_ConfigFilter:00000000 $t
C:\Users\ride_pig\AppData\Local\Temp\ccAMFt1h.s:363    .text.HAL_CAN_ConfigFilter:00000000 HAL_CAN_ConfigFilter
C:\Users\ride_pig\AppData\Local\Temp\ccAMFt1h.s:587    .text.HAL_CAN_ConfigFilter:00000138 $d
C:\Users\ride_pig\AppData\Local\Temp\ccAMFt1h.s:592    .text.HAL_CAN_Start:00000000 $t
C:\Users\ride_pig\AppData\Local\Temp\ccAMFt1h.s:598    .text.HAL_CAN_Start:00000000 HAL_CAN_Start
C:\Users\ride_pig\AppData\Local\Temp\ccAMFt1h.s:696    .text.HAL_CAN_Stop:00000000 $t
C:\Users\ride_pig\AppData\Local\Temp\ccAMFt1h.s:702    .text.HAL_CAN_Stop:00000000 HAL_CAN_Stop
C:\Users\ride_pig\AppData\Local\Temp\ccAMFt1h.s:801    .text.HAL_CAN_DeInit:00000000 $t
C:\Users\ride_pig\AppData\Local\Temp\ccAMFt1h.s:807    .text.HAL_CAN_DeInit:00000000 HAL_CAN_DeInit
C:\Users\ride_pig\AppData\Local\Temp\ccAMFt1h.s:863    .text.HAL_CAN_RequestSleep:00000000 $t
C:\Users\ride_pig\AppData\Local\Temp\ccAMFt1h.s:869    .text.HAL_CAN_RequestSleep:00000000 HAL_CAN_RequestSleep
C:\Users\ride_pig\AppData\Local\Temp\ccAMFt1h.s:918    .text.HAL_CAN_WakeUp:00000000 $t
C:\Users\ride_pig\AppData\Local\Temp\ccAMFt1h.s:924    .text.HAL_CAN_WakeUp:00000000 HAL_CAN_WakeUp
C:\Users\ride_pig\AppData\Local\Temp\ccAMFt1h.s:1021   .text.HAL_CAN_WakeUp:00000054 $d
C:\Users\ride_pig\AppData\Local\Temp\ccAMFt1h.s:1026   .text.HAL_CAN_IsSleepActive:00000000 $t
C:\Users\ride_pig\AppData\Local\Temp\ccAMFt1h.s:1032   .text.HAL_CAN_IsSleepActive:00000000 HAL_CAN_IsSleepActive
C:\Users\ride_pig\AppData\Local\Temp\ccAMFt1h.s:1082   .text.HAL_CAN_AddTxMessage:00000000 $t
C:\Users\ride_pig\AppData\Local\Temp\ccAMFt1h.s:1088   .text.HAL_CAN_AddTxMessage:00000000 HAL_CAN_AddTxMessage
C:\Users\ride_pig\AppData\Local\Temp\ccAMFt1h.s:1303   .text.HAL_CAN_AbortTxRequest:00000000 $t
C:\Users\ride_pig\AppData\Local\Temp\ccAMFt1h.s:1309   .text.HAL_CAN_AbortTxRequest:00000000 HAL_CAN_AbortTxRequest
C:\Users\ride_pig\AppData\Local\Temp\ccAMFt1h.s:1384   .text.HAL_CAN_GetTxMailboxesFreeLevel:00000000 $t
C:\Users\ride_pig\AppData\Local\Temp\ccAMFt1h.s:1390   .text.HAL_CAN_GetTxMailboxesFreeLevel:00000000 HAL_CAN_GetTxMailboxesFreeLevel
C:\Users\ride_pig\AppData\Local\Temp\ccAMFt1h.s:1461   .text.HAL_CAN_IsTxMessagePending:00000000 $t
C:\Users\ride_pig\AppData\Local\Temp\ccAMFt1h.s:1467   .text.HAL_CAN_IsTxMessagePending:00000000 HAL_CAN_IsTxMessagePending
C:\Users\ride_pig\AppData\Local\Temp\ccAMFt1h.s:1524   .text.HAL_CAN_GetTxTimestamp:00000000 $t
C:\Users\ride_pig\AppData\Local\Temp\ccAMFt1h.s:1530   .text.HAL_CAN_GetTxTimestamp:00000000 HAL_CAN_GetTxTimestamp
C:\Users\ride_pig\AppData\Local\Temp\ccAMFt1h.s:1603   .text.HAL_CAN_GetRxMessage:00000000 $t
C:\Users\ride_pig\AppData\Local\Temp\ccAMFt1h.s:1609   .text.HAL_CAN_GetRxMessage:00000000 HAL_CAN_GetRxMessage
C:\Users\ride_pig\AppData\Local\Temp\ccAMFt1h.s:1898   .text.HAL_CAN_GetRxFifoFillLevel:00000000 $t
C:\Users\ride_pig\AppData\Local\Temp\ccAMFt1h.s:1904   .text.HAL_CAN_GetRxFifoFillLevel:00000000 HAL_CAN_GetRxFifoFillLevel
C:\Users\ride_pig\AppData\Local\Temp\ccAMFt1h.s:1966   .text.HAL_CAN_ActivateNotification:00000000 $t
C:\Users\ride_pig\AppData\Local\Temp\ccAMFt1h.s:1972   .text.HAL_CAN_ActivateNotification:00000000 HAL_CAN_ActivateNotification
C:\Users\ride_pig\AppData\Local\Temp\ccAMFt1h.s:2022   .text.HAL_CAN_DeactivateNotification:00000000 $t
C:\Users\ride_pig\AppData\Local\Temp\ccAMFt1h.s:2028   .text.HAL_CAN_DeactivateNotification:00000000 HAL_CAN_DeactivateNotification
C:\Users\ride_pig\AppData\Local\Temp\ccAMFt1h.s:2078   .text.HAL_CAN_TxMailbox0CompleteCallback:00000000 $t
C:\Users\ride_pig\AppData\Local\Temp\ccAMFt1h.s:2084   .text.HAL_CAN_TxMailbox0CompleteCallback:00000000 HAL_CAN_TxMailbox0CompleteCallback
C:\Users\ride_pig\AppData\Local\Temp\ccAMFt1h.s:2099   .text.HAL_CAN_TxMailbox1CompleteCallback:00000000 $t
C:\Users\ride_pig\AppData\Local\Temp\ccAMFt1h.s:2105   .text.HAL_CAN_TxMailbox1CompleteCallback:00000000 HAL_CAN_TxMailbox1CompleteCallback
C:\Users\ride_pig\AppData\Local\Temp\ccAMFt1h.s:2120   .text.HAL_CAN_TxMailbox2CompleteCallback:00000000 $t
C:\Users\ride_pig\AppData\Local\Temp\ccAMFt1h.s:2126   .text.HAL_CAN_TxMailbox2CompleteCallback:00000000 HAL_CAN_TxMailbox2CompleteCallback
C:\Users\ride_pig\AppData\Local\Temp\ccAMFt1h.s:2141   .text.HAL_CAN_TxMailbox0AbortCallback:00000000 $t
C:\Users\ride_pig\AppData\Local\Temp\ccAMFt1h.s:2147   .text.HAL_CAN_TxMailbox0AbortCallback:00000000 HAL_CAN_TxMailbox0AbortCallback
C:\Users\ride_pig\AppData\Local\Temp\ccAMFt1h.s:2162   .text.HAL_CAN_TxMailbox1AbortCallback:00000000 $t
C:\Users\ride_pig\AppData\Local\Temp\ccAMFt1h.s:2168   .text.HAL_CAN_TxMailbox1AbortCallback:00000000 HAL_CAN_TxMailbox1AbortCallback
C:\Users\ride_pig\AppData\Local\Temp\ccAMFt1h.s:2183   .text.HAL_CAN_TxMailbox2AbortCallback:00000000 $t
C:\Users\ride_pig\AppData\Local\Temp\ccAMFt1h.s:2189   .text.HAL_CAN_TxMailbox2AbortCallback:00000000 HAL_CAN_TxMailbox2AbortCallback
C:\Users\ride_pig\AppData\Local\Temp\ccAMFt1h.s:2204   .text.HAL_CAN_RxFifo0MsgPendingCallback:00000000 $t
C:\Users\ride_pig\AppData\Local\Temp\ccAMFt1h.s:2210   .text.HAL_CAN_RxFifo0MsgPendingCallback:00000000 HAL_CAN_RxFifo0MsgPendingCallback
C:\Users\ride_pig\AppData\Local\Temp\ccAMFt1h.s:2225   .text.HAL_CAN_RxFifo0FullCallback:00000000 $t
ARM GAS  C:\Users\ride_pig\AppData\Local\Temp\ccAMFt1h.s 			page 123


C:\Users\ride_pig\AppData\Local\Temp\ccAMFt1h.s:2231   .text.HAL_CAN_RxFifo0FullCallback:00000000 HAL_CAN_RxFifo0FullCallback
C:\Users\ride_pig\AppData\Local\Temp\ccAMFt1h.s:2246   .text.HAL_CAN_RxFifo1MsgPendingCallback:00000000 $t
C:\Users\ride_pig\AppData\Local\Temp\ccAMFt1h.s:2252   .text.HAL_CAN_RxFifo1MsgPendingCallback:00000000 HAL_CAN_RxFifo1MsgPendingCallback
C:\Users\ride_pig\AppData\Local\Temp\ccAMFt1h.s:2267   .text.HAL_CAN_RxFifo1FullCallback:00000000 $t
C:\Users\ride_pig\AppData\Local\Temp\ccAMFt1h.s:2273   .text.HAL_CAN_RxFifo1FullCallback:00000000 HAL_CAN_RxFifo1FullCallback
C:\Users\ride_pig\AppData\Local\Temp\ccAMFt1h.s:2288   .text.HAL_CAN_SleepCallback:00000000 $t
C:\Users\ride_pig\AppData\Local\Temp\ccAMFt1h.s:2294   .text.HAL_CAN_SleepCallback:00000000 HAL_CAN_SleepCallback
C:\Users\ride_pig\AppData\Local\Temp\ccAMFt1h.s:2309   .text.HAL_CAN_WakeUpFromRxMsgCallback:00000000 $t
C:\Users\ride_pig\AppData\Local\Temp\ccAMFt1h.s:2315   .text.HAL_CAN_WakeUpFromRxMsgCallback:00000000 HAL_CAN_WakeUpFromRxMsgCallback
C:\Users\ride_pig\AppData\Local\Temp\ccAMFt1h.s:2330   .text.HAL_CAN_ErrorCallback:00000000 $t
C:\Users\ride_pig\AppData\Local\Temp\ccAMFt1h.s:2336   .text.HAL_CAN_ErrorCallback:00000000 HAL_CAN_ErrorCallback
C:\Users\ride_pig\AppData\Local\Temp\ccAMFt1h.s:2351   .text.HAL_CAN_IRQHandler:00000000 $t
C:\Users\ride_pig\AppData\Local\Temp\ccAMFt1h.s:2357   .text.HAL_CAN_IRQHandler:00000000 HAL_CAN_IRQHandler
C:\Users\ride_pig\AppData\Local\Temp\ccAMFt1h.s:2835   .text.HAL_CAN_GetState:00000000 $t
C:\Users\ride_pig\AppData\Local\Temp\ccAMFt1h.s:2841   .text.HAL_CAN_GetState:00000000 HAL_CAN_GetState
C:\Users\ride_pig\AppData\Local\Temp\ccAMFt1h.s:2902   .text.HAL_CAN_GetError:00000000 $t
C:\Users\ride_pig\AppData\Local\Temp\ccAMFt1h.s:2908   .text.HAL_CAN_GetError:00000000 HAL_CAN_GetError
C:\Users\ride_pig\AppData\Local\Temp\ccAMFt1h.s:2926   .text.HAL_CAN_ResetError:00000000 $t
C:\Users\ride_pig\AppData\Local\Temp\ccAMFt1h.s:2932   .text.HAL_CAN_ResetError:00000000 HAL_CAN_ResetError

UNDEFINED SYMBOLS
HAL_GetTick
