ARM GAS  C:\Users\ride_pig\AppData\Local\Temp\ccyvwVwa.s 			page 1


   1              		.cpu cortex-m3
   2              		.arch armv7-m
   3              		.fpu softvfp
   4              		.eabi_attribute 20, 1
   5              		.eabi_attribute 21, 1
   6              		.eabi_attribute 23, 3
   7              		.eabi_attribute 24, 1
   8              		.eabi_attribute 25, 1
   9              		.eabi_attribute 26, 1
  10              		.eabi_attribute 30, 1
  11              		.eabi_attribute 34, 1
  12              		.eabi_attribute 18, 4
  13              		.file	"stm32f1xx_hal_rtc.c"
  14              		.text
  15              	.Ltext0:
  16              		.cfi_sections	.debug_frame
  17              		.section	.text.RTC_ReadTimeCounter,"ax",%progbits
  18              		.align	1
  19              		.syntax unified
  20              		.thumb
  21              		.thumb_func
  23              	RTC_ReadTimeCounter:
  24              	.LVL0:
  25              	.LFB82:
  26              		.file 1 "Drivers/STM32F1xx_HAL_Driver/Src/stm32f1xx_hal_rtc.c"
   1:Drivers/STM32F1xx_HAL_Driver/Src/stm32f1xx_hal_rtc.c **** /**
   2:Drivers/STM32F1xx_HAL_Driver/Src/stm32f1xx_hal_rtc.c ****   ******************************************************************************
   3:Drivers/STM32F1xx_HAL_Driver/Src/stm32f1xx_hal_rtc.c ****   * @file    stm32f1xx_hal_rtc.c
   4:Drivers/STM32F1xx_HAL_Driver/Src/stm32f1xx_hal_rtc.c ****   * @author  MCD Application Team
   5:Drivers/STM32F1xx_HAL_Driver/Src/stm32f1xx_hal_rtc.c ****   * @brief   RTC HAL module driver.
   6:Drivers/STM32F1xx_HAL_Driver/Src/stm32f1xx_hal_rtc.c ****   *          This file provides firmware functions to manage the following
   7:Drivers/STM32F1xx_HAL_Driver/Src/stm32f1xx_hal_rtc.c ****   *          functionalities of the Real Time Clock (RTC) peripheral:
   8:Drivers/STM32F1xx_HAL_Driver/Src/stm32f1xx_hal_rtc.c ****   *           + Initialization and de-initialization functions
   9:Drivers/STM32F1xx_HAL_Driver/Src/stm32f1xx_hal_rtc.c ****   *           + RTC Time and Date functions
  10:Drivers/STM32F1xx_HAL_Driver/Src/stm32f1xx_hal_rtc.c ****   *           + RTC Alarm functions
  11:Drivers/STM32F1xx_HAL_Driver/Src/stm32f1xx_hal_rtc.c ****   *           + Peripheral Control functions
  12:Drivers/STM32F1xx_HAL_Driver/Src/stm32f1xx_hal_rtc.c ****   *           + Peripheral State functions
  13:Drivers/STM32F1xx_HAL_Driver/Src/stm32f1xx_hal_rtc.c ****   *
  14:Drivers/STM32F1xx_HAL_Driver/Src/stm32f1xx_hal_rtc.c ****   @verbatim
  15:Drivers/STM32F1xx_HAL_Driver/Src/stm32f1xx_hal_rtc.c ****   ==============================================================================
  16:Drivers/STM32F1xx_HAL_Driver/Src/stm32f1xx_hal_rtc.c ****                   ##### How to use this driver #####
  17:Drivers/STM32F1xx_HAL_Driver/Src/stm32f1xx_hal_rtc.c ****   ==================================================================
  18:Drivers/STM32F1xx_HAL_Driver/Src/stm32f1xx_hal_rtc.c ****   [..]
  19:Drivers/STM32F1xx_HAL_Driver/Src/stm32f1xx_hal_rtc.c ****     (+) Enable the RTC domain access (see description in the section above).
  20:Drivers/STM32F1xx_HAL_Driver/Src/stm32f1xx_hal_rtc.c ****     (+) Configure the RTC Prescaler (Asynchronous prescaler to generate RTC 1Hz time base)
  21:Drivers/STM32F1xx_HAL_Driver/Src/stm32f1xx_hal_rtc.c ****         using the HAL_RTC_Init() function.
  22:Drivers/STM32F1xx_HAL_Driver/Src/stm32f1xx_hal_rtc.c **** 
  23:Drivers/STM32F1xx_HAL_Driver/Src/stm32f1xx_hal_rtc.c ****   *** Time and Date configuration ***
  24:Drivers/STM32F1xx_HAL_Driver/Src/stm32f1xx_hal_rtc.c ****   ===================================
  25:Drivers/STM32F1xx_HAL_Driver/Src/stm32f1xx_hal_rtc.c ****   [..]
  26:Drivers/STM32F1xx_HAL_Driver/Src/stm32f1xx_hal_rtc.c ****     (+) To configure the RTC Calendar (Time and Date) use the HAL_RTC_SetTime()
  27:Drivers/STM32F1xx_HAL_Driver/Src/stm32f1xx_hal_rtc.c ****         and HAL_RTC_SetDate() functions.
  28:Drivers/STM32F1xx_HAL_Driver/Src/stm32f1xx_hal_rtc.c ****     (+) To read the RTC Calendar, use the HAL_RTC_GetTime() and HAL_RTC_GetDate() functions.
  29:Drivers/STM32F1xx_HAL_Driver/Src/stm32f1xx_hal_rtc.c **** 
  30:Drivers/STM32F1xx_HAL_Driver/Src/stm32f1xx_hal_rtc.c ****   *** Alarm configuration ***
  31:Drivers/STM32F1xx_HAL_Driver/Src/stm32f1xx_hal_rtc.c ****   ===========================
  32:Drivers/STM32F1xx_HAL_Driver/Src/stm32f1xx_hal_rtc.c ****   [..]
ARM GAS  C:\Users\ride_pig\AppData\Local\Temp\ccyvwVwa.s 			page 2


  33:Drivers/STM32F1xx_HAL_Driver/Src/stm32f1xx_hal_rtc.c ****     (+) To configure the RTC Alarm use the HAL_RTC_SetAlarm() function.
  34:Drivers/STM32F1xx_HAL_Driver/Src/stm32f1xx_hal_rtc.c ****         You can also configure the RTC Alarm with interrupt mode using the HAL_RTC_SetAlarm_IT() fu
  35:Drivers/STM32F1xx_HAL_Driver/Src/stm32f1xx_hal_rtc.c ****     (+) To read the RTC Alarm, use the HAL_RTC_GetAlarm() function.
  36:Drivers/STM32F1xx_HAL_Driver/Src/stm32f1xx_hal_rtc.c **** 
  37:Drivers/STM32F1xx_HAL_Driver/Src/stm32f1xx_hal_rtc.c ****   *** Tamper configuration ***
  38:Drivers/STM32F1xx_HAL_Driver/Src/stm32f1xx_hal_rtc.c ****   ============================
  39:Drivers/STM32F1xx_HAL_Driver/Src/stm32f1xx_hal_rtc.c ****   [..]
  40:Drivers/STM32F1xx_HAL_Driver/Src/stm32f1xx_hal_rtc.c ****     (+) Enable the RTC Tamper and configure the Tamper Level using the
  41:Drivers/STM32F1xx_HAL_Driver/Src/stm32f1xx_hal_rtc.c ****         HAL_RTCEx_SetTamper() function. You can configure RTC Tamper with interrupt
  42:Drivers/STM32F1xx_HAL_Driver/Src/stm32f1xx_hal_rtc.c ****         mode using HAL_RTCEx_SetTamper_IT() function.
  43:Drivers/STM32F1xx_HAL_Driver/Src/stm32f1xx_hal_rtc.c ****     (+) The TAMPER1 alternate function can be mapped to PC13
  44:Drivers/STM32F1xx_HAL_Driver/Src/stm32f1xx_hal_rtc.c **** 
  45:Drivers/STM32F1xx_HAL_Driver/Src/stm32f1xx_hal_rtc.c ****   *** Backup Data Registers configuration ***
  46:Drivers/STM32F1xx_HAL_Driver/Src/stm32f1xx_hal_rtc.c ****   ===========================================
  47:Drivers/STM32F1xx_HAL_Driver/Src/stm32f1xx_hal_rtc.c ****   [..]
  48:Drivers/STM32F1xx_HAL_Driver/Src/stm32f1xx_hal_rtc.c ****     (+) To write to the RTC Backup Data registers, use the HAL_RTCEx_BKUPWrite()
  49:Drivers/STM32F1xx_HAL_Driver/Src/stm32f1xx_hal_rtc.c ****         function.
  50:Drivers/STM32F1xx_HAL_Driver/Src/stm32f1xx_hal_rtc.c ****     (+) To read the RTC Backup Data registers, use the HAL_RTCEx_BKUPRead()
  51:Drivers/STM32F1xx_HAL_Driver/Src/stm32f1xx_hal_rtc.c ****         function.
  52:Drivers/STM32F1xx_HAL_Driver/Src/stm32f1xx_hal_rtc.c **** 
  53:Drivers/STM32F1xx_HAL_Driver/Src/stm32f1xx_hal_rtc.c ****                   ##### WARNING: Drivers Restrictions  #####
  54:Drivers/STM32F1xx_HAL_Driver/Src/stm32f1xx_hal_rtc.c ****   ==================================================================
  55:Drivers/STM32F1xx_HAL_Driver/Src/stm32f1xx_hal_rtc.c ****   [..] RTC version used on STM32F1 families is version V1. All the features supported by V2
  56:Drivers/STM32F1xx_HAL_Driver/Src/stm32f1xx_hal_rtc.c ****        (other families) will be not supported on F1.
  57:Drivers/STM32F1xx_HAL_Driver/Src/stm32f1xx_hal_rtc.c ****   [..] As on V2, main RTC features are managed by HW. But on F1, date feature is completely
  58:Drivers/STM32F1xx_HAL_Driver/Src/stm32f1xx_hal_rtc.c ****        managed by SW.
  59:Drivers/STM32F1xx_HAL_Driver/Src/stm32f1xx_hal_rtc.c ****   [..] Then, there are some restrictions compared to other families:
  60:Drivers/STM32F1xx_HAL_Driver/Src/stm32f1xx_hal_rtc.c ****     (+) Only format 24 hours supported in HAL (format 12 hours not supported)
  61:Drivers/STM32F1xx_HAL_Driver/Src/stm32f1xx_hal_rtc.c ****     (+) Date is saved in SRAM. Then, when MCU is in STOP or STANDBY mode, date will be lost.
  62:Drivers/STM32F1xx_HAL_Driver/Src/stm32f1xx_hal_rtc.c ****         User should implement a way to save date before entering in low power mode (an
  63:Drivers/STM32F1xx_HAL_Driver/Src/stm32f1xx_hal_rtc.c ****         example is provided with firmware package based on backup registers)
  64:Drivers/STM32F1xx_HAL_Driver/Src/stm32f1xx_hal_rtc.c ****     (+) Date is automatically updated each time a HAL_RTC_GetTime or HAL_RTC_GetDate is called.
  65:Drivers/STM32F1xx_HAL_Driver/Src/stm32f1xx_hal_rtc.c ****     (+) Alarm detection is limited to 1 day. It will expire only 1 time (no alarm repetition, need
  66:Drivers/STM32F1xx_HAL_Driver/Src/stm32f1xx_hal_rtc.c ****         to program a new alarm)
  67:Drivers/STM32F1xx_HAL_Driver/Src/stm32f1xx_hal_rtc.c **** 
  68:Drivers/STM32F1xx_HAL_Driver/Src/stm32f1xx_hal_rtc.c ****               ##### Backup Domain Operating Condition #####
  69:Drivers/STM32F1xx_HAL_Driver/Src/stm32f1xx_hal_rtc.c ****   ==============================================================================
  70:Drivers/STM32F1xx_HAL_Driver/Src/stm32f1xx_hal_rtc.c ****   [..] The real-time clock (RTC) and the RTC backup registers can be powered
  71:Drivers/STM32F1xx_HAL_Driver/Src/stm32f1xx_hal_rtc.c ****        from the VBAT voltage when the main VDD supply is powered off.
  72:Drivers/STM32F1xx_HAL_Driver/Src/stm32f1xx_hal_rtc.c ****        To retain the content of the RTC backup registers and supply the RTC
  73:Drivers/STM32F1xx_HAL_Driver/Src/stm32f1xx_hal_rtc.c ****        when VDD is turned off, VBAT pin can be connected to an optional
  74:Drivers/STM32F1xx_HAL_Driver/Src/stm32f1xx_hal_rtc.c ****        standby voltage supplied by a battery or by another source.
  75:Drivers/STM32F1xx_HAL_Driver/Src/stm32f1xx_hal_rtc.c **** 
  76:Drivers/STM32F1xx_HAL_Driver/Src/stm32f1xx_hal_rtc.c ****   [..] To allow the RTC operating even when the main digital supply (VDD) is turned
  77:Drivers/STM32F1xx_HAL_Driver/Src/stm32f1xx_hal_rtc.c ****        off, the VBAT pin powers the following blocks:
  78:Drivers/STM32F1xx_HAL_Driver/Src/stm32f1xx_hal_rtc.c ****     (#) The RTC
  79:Drivers/STM32F1xx_HAL_Driver/Src/stm32f1xx_hal_rtc.c ****     (#) The LSE oscillator
  80:Drivers/STM32F1xx_HAL_Driver/Src/stm32f1xx_hal_rtc.c ****     (#) The backup SRAM when the low power backup regulator is enabled
  81:Drivers/STM32F1xx_HAL_Driver/Src/stm32f1xx_hal_rtc.c ****     (#) PC13 to PC15 I/Os, plus PI8 I/O (when available)
  82:Drivers/STM32F1xx_HAL_Driver/Src/stm32f1xx_hal_rtc.c **** 
  83:Drivers/STM32F1xx_HAL_Driver/Src/stm32f1xx_hal_rtc.c ****   [..] When the backup domain is supplied by VDD (analog switch connected to VDD),
  84:Drivers/STM32F1xx_HAL_Driver/Src/stm32f1xx_hal_rtc.c ****        the following pins are available:
  85:Drivers/STM32F1xx_HAL_Driver/Src/stm32f1xx_hal_rtc.c ****     (+) PC13 can be used as a Tamper pin
  86:Drivers/STM32F1xx_HAL_Driver/Src/stm32f1xx_hal_rtc.c **** 
  87:Drivers/STM32F1xx_HAL_Driver/Src/stm32f1xx_hal_rtc.c ****   [..] When the backup domain is supplied by VBAT (analog switch connected to VBAT
  88:Drivers/STM32F1xx_HAL_Driver/Src/stm32f1xx_hal_rtc.c ****        because VDD is not present), the following pins are available:
  89:Drivers/STM32F1xx_HAL_Driver/Src/stm32f1xx_hal_rtc.c ****     (+) PC13 can be used as the Tamper pin
ARM GAS  C:\Users\ride_pig\AppData\Local\Temp\ccyvwVwa.s 			page 3


  90:Drivers/STM32F1xx_HAL_Driver/Src/stm32f1xx_hal_rtc.c **** 
  91:Drivers/STM32F1xx_HAL_Driver/Src/stm32f1xx_hal_rtc.c ****                    ##### Backup Domain Reset #####
  92:Drivers/STM32F1xx_HAL_Driver/Src/stm32f1xx_hal_rtc.c ****   ==================================================================
  93:Drivers/STM32F1xx_HAL_Driver/Src/stm32f1xx_hal_rtc.c ****   [..] The backup domain reset sets all RTC registers and the RCC_BDCR register
  94:Drivers/STM32F1xx_HAL_Driver/Src/stm32f1xx_hal_rtc.c ****        to their reset values.
  95:Drivers/STM32F1xx_HAL_Driver/Src/stm32f1xx_hal_rtc.c ****   [..] A backup domain reset is generated when one of the following events occurs:
  96:Drivers/STM32F1xx_HAL_Driver/Src/stm32f1xx_hal_rtc.c ****     (#) Software reset, triggered by setting the BDRST bit in the
  97:Drivers/STM32F1xx_HAL_Driver/Src/stm32f1xx_hal_rtc.c ****         RCC Backup domain control register (RCC_BDCR).
  98:Drivers/STM32F1xx_HAL_Driver/Src/stm32f1xx_hal_rtc.c ****     (#) VDD or VBAT power on, if both supplies have previously been powered off.
  99:Drivers/STM32F1xx_HAL_Driver/Src/stm32f1xx_hal_rtc.c ****     (#) Tamper detection event resets all data backup registers.
 100:Drivers/STM32F1xx_HAL_Driver/Src/stm32f1xx_hal_rtc.c **** 
 101:Drivers/STM32F1xx_HAL_Driver/Src/stm32f1xx_hal_rtc.c ****                    ##### Backup Domain Access #####
 102:Drivers/STM32F1xx_HAL_Driver/Src/stm32f1xx_hal_rtc.c ****   ==================================================================
 103:Drivers/STM32F1xx_HAL_Driver/Src/stm32f1xx_hal_rtc.c ****   [..] After reset, the backup domain (RTC registers, RTC backup data
 104:Drivers/STM32F1xx_HAL_Driver/Src/stm32f1xx_hal_rtc.c ****        registers and backup SRAM) is protected against possible unwanted write
 105:Drivers/STM32F1xx_HAL_Driver/Src/stm32f1xx_hal_rtc.c ****        accesses.
 106:Drivers/STM32F1xx_HAL_Driver/Src/stm32f1xx_hal_rtc.c ****   [..] To enable access to the RTC Domain and RTC registers, proceed as follows:
 107:Drivers/STM32F1xx_HAL_Driver/Src/stm32f1xx_hal_rtc.c ****     (+) Call the function HAL_RCCEx_PeriphCLKConfig in using RCC_PERIPHCLK_RTC for
 108:Drivers/STM32F1xx_HAL_Driver/Src/stm32f1xx_hal_rtc.c ****         PeriphClockSelection and select RTCClockSelection (LSE, LSI or HSE)
 109:Drivers/STM32F1xx_HAL_Driver/Src/stm32f1xx_hal_rtc.c ****     (+) Enable the BKP clock in using __HAL_RCC_BKP_CLK_ENABLE()
 110:Drivers/STM32F1xx_HAL_Driver/Src/stm32f1xx_hal_rtc.c **** 
 111:Drivers/STM32F1xx_HAL_Driver/Src/stm32f1xx_hal_rtc.c ****                   ##### RTC and low power modes #####
 112:Drivers/STM32F1xx_HAL_Driver/Src/stm32f1xx_hal_rtc.c ****   ==================================================================
 113:Drivers/STM32F1xx_HAL_Driver/Src/stm32f1xx_hal_rtc.c ****   [..] The MCU can be woken up from a low power mode by an RTC alternate
 114:Drivers/STM32F1xx_HAL_Driver/Src/stm32f1xx_hal_rtc.c ****        function.
 115:Drivers/STM32F1xx_HAL_Driver/Src/stm32f1xx_hal_rtc.c ****   [..] The RTC alternate functions are the RTC alarms (Alarm A),
 116:Drivers/STM32F1xx_HAL_Driver/Src/stm32f1xx_hal_rtc.c ****        and RTC tamper event detection.
 117:Drivers/STM32F1xx_HAL_Driver/Src/stm32f1xx_hal_rtc.c ****        These RTC alternate functions can wake up the system from the Stop and
 118:Drivers/STM32F1xx_HAL_Driver/Src/stm32f1xx_hal_rtc.c ****        Standby low power modes.
 119:Drivers/STM32F1xx_HAL_Driver/Src/stm32f1xx_hal_rtc.c ****   [..] The system can also wake up from low power modes without depending
 120:Drivers/STM32F1xx_HAL_Driver/Src/stm32f1xx_hal_rtc.c ****        on an external interrupt (Auto-wakeup mode), by using the RTC alarm.
 121:Drivers/STM32F1xx_HAL_Driver/Src/stm32f1xx_hal_rtc.c **** 
 122:Drivers/STM32F1xx_HAL_Driver/Src/stm32f1xx_hal_rtc.c ****   *** Callback registration ***
 123:Drivers/STM32F1xx_HAL_Driver/Src/stm32f1xx_hal_rtc.c ****   =============================================
 124:Drivers/STM32F1xx_HAL_Driver/Src/stm32f1xx_hal_rtc.c ****   [..]
 125:Drivers/STM32F1xx_HAL_Driver/Src/stm32f1xx_hal_rtc.c ****   The compilation define  USE_HAL_RTC_REGISTER_CALLBACKS when set to 1
 126:Drivers/STM32F1xx_HAL_Driver/Src/stm32f1xx_hal_rtc.c ****   allows the user to configure dynamically the driver callbacks.
 127:Drivers/STM32F1xx_HAL_Driver/Src/stm32f1xx_hal_rtc.c ****   Use Function @ref HAL_RTC_RegisterCallback() to register an interrupt callback.
 128:Drivers/STM32F1xx_HAL_Driver/Src/stm32f1xx_hal_rtc.c ****   
 129:Drivers/STM32F1xx_HAL_Driver/Src/stm32f1xx_hal_rtc.c ****   [..]
 130:Drivers/STM32F1xx_HAL_Driver/Src/stm32f1xx_hal_rtc.c ****   Function @ref HAL_RTC_RegisterCallback() allows to register following callbacks:
 131:Drivers/STM32F1xx_HAL_Driver/Src/stm32f1xx_hal_rtc.c ****     (+) AlarmAEventCallback          : RTC Alarm A Event callback.
 132:Drivers/STM32F1xx_HAL_Driver/Src/stm32f1xx_hal_rtc.c ****     (+) Tamper1EventCallback         : RTC Tamper 1 Event callback.
 133:Drivers/STM32F1xx_HAL_Driver/Src/stm32f1xx_hal_rtc.c ****     (+) MspInitCallback              : RTC MspInit callback.
 134:Drivers/STM32F1xx_HAL_Driver/Src/stm32f1xx_hal_rtc.c ****     (+) MspDeInitCallback            : RTC MspDeInit callback.
 135:Drivers/STM32F1xx_HAL_Driver/Src/stm32f1xx_hal_rtc.c ****   [..]	  
 136:Drivers/STM32F1xx_HAL_Driver/Src/stm32f1xx_hal_rtc.c ****   This function takes as parameters the HAL peripheral handle, the Callback ID
 137:Drivers/STM32F1xx_HAL_Driver/Src/stm32f1xx_hal_rtc.c ****   and a pointer to the user callback function.
 138:Drivers/STM32F1xx_HAL_Driver/Src/stm32f1xx_hal_rtc.c ****   
 139:Drivers/STM32F1xx_HAL_Driver/Src/stm32f1xx_hal_rtc.c ****   [..]
 140:Drivers/STM32F1xx_HAL_Driver/Src/stm32f1xx_hal_rtc.c ****   Use function @ref HAL_RTC_UnRegisterCallback() to reset a callback to the default
 141:Drivers/STM32F1xx_HAL_Driver/Src/stm32f1xx_hal_rtc.c ****   weak function.
 142:Drivers/STM32F1xx_HAL_Driver/Src/stm32f1xx_hal_rtc.c ****   @ref HAL_RTC_UnRegisterCallback() takes as parameters the HAL peripheral handle,
 143:Drivers/STM32F1xx_HAL_Driver/Src/stm32f1xx_hal_rtc.c ****   and the Callback ID.
 144:Drivers/STM32F1xx_HAL_Driver/Src/stm32f1xx_hal_rtc.c ****   This function allows to reset following callbacks:
 145:Drivers/STM32F1xx_HAL_Driver/Src/stm32f1xx_hal_rtc.c ****     (+) AlarmAEventCallback          : RTC Alarm A Event callback.
 146:Drivers/STM32F1xx_HAL_Driver/Src/stm32f1xx_hal_rtc.c ****     (+) Tamper1EventCallback         : RTC Tamper 1 Event callback.
ARM GAS  C:\Users\ride_pig\AppData\Local\Temp\ccyvwVwa.s 			page 4


 147:Drivers/STM32F1xx_HAL_Driver/Src/stm32f1xx_hal_rtc.c ****     (+) MspInitCallback              : RTC MspInit callback.
 148:Drivers/STM32F1xx_HAL_Driver/Src/stm32f1xx_hal_rtc.c ****     (+) MspDeInitCallback            : RTC MspDeInit callback.
 149:Drivers/STM32F1xx_HAL_Driver/Src/stm32f1xx_hal_rtc.c ****   [..]
 150:Drivers/STM32F1xx_HAL_Driver/Src/stm32f1xx_hal_rtc.c ****   By default, after the @ref HAL_RTC_Init() and when the state is HAL_RTC_STATE_RESET,
 151:Drivers/STM32F1xx_HAL_Driver/Src/stm32f1xx_hal_rtc.c ****   all callbacks are set to the corresponding weak functions :
 152:Drivers/STM32F1xx_HAL_Driver/Src/stm32f1xx_hal_rtc.c ****   example @ref AlarmAEventCallback().
 153:Drivers/STM32F1xx_HAL_Driver/Src/stm32f1xx_hal_rtc.c ****   Exception done for MspInit and MspDeInit callbacks that are reset to the legacy weak function
 154:Drivers/STM32F1xx_HAL_Driver/Src/stm32f1xx_hal_rtc.c ****   in the @ref HAL_RTC_Init()/@ref HAL_RTC_DeInit() only when these callbacks are null
 155:Drivers/STM32F1xx_HAL_Driver/Src/stm32f1xx_hal_rtc.c ****   (not registered beforehand).
 156:Drivers/STM32F1xx_HAL_Driver/Src/stm32f1xx_hal_rtc.c ****   If not, MspInit or MspDeInit are not null, @ref HAL_RTC_Init()/@ref HAL_RTC_DeInit()
 157:Drivers/STM32F1xx_HAL_Driver/Src/stm32f1xx_hal_rtc.c ****   keep and use the user MspInit/MspDeInit callbacks (registered beforehand)
 158:Drivers/STM32F1xx_HAL_Driver/Src/stm32f1xx_hal_rtc.c ****   [..]
 159:Drivers/STM32F1xx_HAL_Driver/Src/stm32f1xx_hal_rtc.c ****   Callbacks can be registered/unregistered in HAL_RTC_STATE_READY state only.
 160:Drivers/STM32F1xx_HAL_Driver/Src/stm32f1xx_hal_rtc.c ****   Exception done MspInit/MspDeInit that can be registered/unregistered
 161:Drivers/STM32F1xx_HAL_Driver/Src/stm32f1xx_hal_rtc.c ****   in HAL_RTC_STATE_READY or HAL_RTC_STATE_RESET state,
 162:Drivers/STM32F1xx_HAL_Driver/Src/stm32f1xx_hal_rtc.c ****   thus registered (user) MspInit/DeInit callbacks can be used during the Init/DeInit.
 163:Drivers/STM32F1xx_HAL_Driver/Src/stm32f1xx_hal_rtc.c ****   In that case first register the MspInit/MspDeInit user callbacks
 164:Drivers/STM32F1xx_HAL_Driver/Src/stm32f1xx_hal_rtc.c ****   using @ref HAL_RTC_RegisterCallback() before calling @ref HAL_RTC_DeInit()
 165:Drivers/STM32F1xx_HAL_Driver/Src/stm32f1xx_hal_rtc.c ****   or @ref HAL_RTC_Init() function.
 166:Drivers/STM32F1xx_HAL_Driver/Src/stm32f1xx_hal_rtc.c ****   [..]
 167:Drivers/STM32F1xx_HAL_Driver/Src/stm32f1xx_hal_rtc.c ****   When The compilation define USE_HAL_RTC_REGISTER_CALLBACKS is set to 0 or
 168:Drivers/STM32F1xx_HAL_Driver/Src/stm32f1xx_hal_rtc.c ****   not defined, the callback registration feature is not available and all callbacks
 169:Drivers/STM32F1xx_HAL_Driver/Src/stm32f1xx_hal_rtc.c ****   are set to the corresponding weak functions.
 170:Drivers/STM32F1xx_HAL_Driver/Src/stm32f1xx_hal_rtc.c ****    @endverbatim
 171:Drivers/STM32F1xx_HAL_Driver/Src/stm32f1xx_hal_rtc.c ****   ******************************************************************************
 172:Drivers/STM32F1xx_HAL_Driver/Src/stm32f1xx_hal_rtc.c ****   * @attention
 173:Drivers/STM32F1xx_HAL_Driver/Src/stm32f1xx_hal_rtc.c ****   *
 174:Drivers/STM32F1xx_HAL_Driver/Src/stm32f1xx_hal_rtc.c ****   * <h2><center>&copy; Copyright (c) 2016 STMicroelectronics.
 175:Drivers/STM32F1xx_HAL_Driver/Src/stm32f1xx_hal_rtc.c ****   * All rights reserved.</center></h2>
 176:Drivers/STM32F1xx_HAL_Driver/Src/stm32f1xx_hal_rtc.c ****   *
 177:Drivers/STM32F1xx_HAL_Driver/Src/stm32f1xx_hal_rtc.c ****   * This software component is licensed by ST under BSD 3-Clause license,
 178:Drivers/STM32F1xx_HAL_Driver/Src/stm32f1xx_hal_rtc.c ****   * the "License"; You may not use this file except in compliance with the
 179:Drivers/STM32F1xx_HAL_Driver/Src/stm32f1xx_hal_rtc.c ****   * License. You may obtain a copy of the License at:
 180:Drivers/STM32F1xx_HAL_Driver/Src/stm32f1xx_hal_rtc.c ****   *                        opensource.org/licenses/BSD-3-Clause
 181:Drivers/STM32F1xx_HAL_Driver/Src/stm32f1xx_hal_rtc.c ****   *
 182:Drivers/STM32F1xx_HAL_Driver/Src/stm32f1xx_hal_rtc.c ****   ******************************************************************************
 183:Drivers/STM32F1xx_HAL_Driver/Src/stm32f1xx_hal_rtc.c ****   */
 184:Drivers/STM32F1xx_HAL_Driver/Src/stm32f1xx_hal_rtc.c **** 
 185:Drivers/STM32F1xx_HAL_Driver/Src/stm32f1xx_hal_rtc.c **** /* Includes ------------------------------------------------------------------*/
 186:Drivers/STM32F1xx_HAL_Driver/Src/stm32f1xx_hal_rtc.c **** #include "stm32f1xx_hal.h"
 187:Drivers/STM32F1xx_HAL_Driver/Src/stm32f1xx_hal_rtc.c **** 
 188:Drivers/STM32F1xx_HAL_Driver/Src/stm32f1xx_hal_rtc.c **** /** @addtogroup STM32F1xx_HAL_Driver
 189:Drivers/STM32F1xx_HAL_Driver/Src/stm32f1xx_hal_rtc.c ****   * @{
 190:Drivers/STM32F1xx_HAL_Driver/Src/stm32f1xx_hal_rtc.c ****   */
 191:Drivers/STM32F1xx_HAL_Driver/Src/stm32f1xx_hal_rtc.c **** 
 192:Drivers/STM32F1xx_HAL_Driver/Src/stm32f1xx_hal_rtc.c **** /** @defgroup RTC RTC
 193:Drivers/STM32F1xx_HAL_Driver/Src/stm32f1xx_hal_rtc.c ****   * @brief RTC HAL module driver
 194:Drivers/STM32F1xx_HAL_Driver/Src/stm32f1xx_hal_rtc.c ****   * @{
 195:Drivers/STM32F1xx_HAL_Driver/Src/stm32f1xx_hal_rtc.c ****   */
 196:Drivers/STM32F1xx_HAL_Driver/Src/stm32f1xx_hal_rtc.c **** 
 197:Drivers/STM32F1xx_HAL_Driver/Src/stm32f1xx_hal_rtc.c **** #ifdef HAL_RTC_MODULE_ENABLED
 198:Drivers/STM32F1xx_HAL_Driver/Src/stm32f1xx_hal_rtc.c **** 
 199:Drivers/STM32F1xx_HAL_Driver/Src/stm32f1xx_hal_rtc.c **** /* Private typedef -----------------------------------------------------------*/
 200:Drivers/STM32F1xx_HAL_Driver/Src/stm32f1xx_hal_rtc.c **** /* Private define ------------------------------------------------------------*/
 201:Drivers/STM32F1xx_HAL_Driver/Src/stm32f1xx_hal_rtc.c **** /** @defgroup RTC_Private_Constants RTC Private Constants
 202:Drivers/STM32F1xx_HAL_Driver/Src/stm32f1xx_hal_rtc.c ****   * @{
 203:Drivers/STM32F1xx_HAL_Driver/Src/stm32f1xx_hal_rtc.c ****   */
ARM GAS  C:\Users\ride_pig\AppData\Local\Temp\ccyvwVwa.s 			page 5


 204:Drivers/STM32F1xx_HAL_Driver/Src/stm32f1xx_hal_rtc.c **** #define RTC_ALARM_RESETVALUE_REGISTER    (uint16_t)0xFFFF
 205:Drivers/STM32F1xx_HAL_Driver/Src/stm32f1xx_hal_rtc.c **** #define RTC_ALARM_RESETVALUE             0xFFFFFFFFU
 206:Drivers/STM32F1xx_HAL_Driver/Src/stm32f1xx_hal_rtc.c **** 
 207:Drivers/STM32F1xx_HAL_Driver/Src/stm32f1xx_hal_rtc.c **** /**
 208:Drivers/STM32F1xx_HAL_Driver/Src/stm32f1xx_hal_rtc.c ****   * @}
 209:Drivers/STM32F1xx_HAL_Driver/Src/stm32f1xx_hal_rtc.c ****   */
 210:Drivers/STM32F1xx_HAL_Driver/Src/stm32f1xx_hal_rtc.c **** 
 211:Drivers/STM32F1xx_HAL_Driver/Src/stm32f1xx_hal_rtc.c **** /* Private macro -------------------------------------------------------------*/
 212:Drivers/STM32F1xx_HAL_Driver/Src/stm32f1xx_hal_rtc.c **** /** @defgroup RTC_Private_Macros RTC Private Macros
 213:Drivers/STM32F1xx_HAL_Driver/Src/stm32f1xx_hal_rtc.c ****   * @{
 214:Drivers/STM32F1xx_HAL_Driver/Src/stm32f1xx_hal_rtc.c ****   */
 215:Drivers/STM32F1xx_HAL_Driver/Src/stm32f1xx_hal_rtc.c **** /**
 216:Drivers/STM32F1xx_HAL_Driver/Src/stm32f1xx_hal_rtc.c ****   * @}
 217:Drivers/STM32F1xx_HAL_Driver/Src/stm32f1xx_hal_rtc.c ****   */
 218:Drivers/STM32F1xx_HAL_Driver/Src/stm32f1xx_hal_rtc.c **** 
 219:Drivers/STM32F1xx_HAL_Driver/Src/stm32f1xx_hal_rtc.c **** /* Private variables ---------------------------------------------------------*/
 220:Drivers/STM32F1xx_HAL_Driver/Src/stm32f1xx_hal_rtc.c **** /* Private function prototypes -----------------------------------------------*/
 221:Drivers/STM32F1xx_HAL_Driver/Src/stm32f1xx_hal_rtc.c **** /** @defgroup RTC_Private_Functions RTC Private Functions
 222:Drivers/STM32F1xx_HAL_Driver/Src/stm32f1xx_hal_rtc.c ****   * @{
 223:Drivers/STM32F1xx_HAL_Driver/Src/stm32f1xx_hal_rtc.c ****   */
 224:Drivers/STM32F1xx_HAL_Driver/Src/stm32f1xx_hal_rtc.c **** static uint32_t           RTC_ReadTimeCounter(RTC_HandleTypeDef *hrtc);
 225:Drivers/STM32F1xx_HAL_Driver/Src/stm32f1xx_hal_rtc.c **** static HAL_StatusTypeDef  RTC_WriteTimeCounter(RTC_HandleTypeDef *hrtc, uint32_t TimeCounter);
 226:Drivers/STM32F1xx_HAL_Driver/Src/stm32f1xx_hal_rtc.c **** static uint32_t           RTC_ReadAlarmCounter(RTC_HandleTypeDef *hrtc);
 227:Drivers/STM32F1xx_HAL_Driver/Src/stm32f1xx_hal_rtc.c **** static HAL_StatusTypeDef  RTC_WriteAlarmCounter(RTC_HandleTypeDef *hrtc, uint32_t AlarmCounter);
 228:Drivers/STM32F1xx_HAL_Driver/Src/stm32f1xx_hal_rtc.c **** static HAL_StatusTypeDef  RTC_EnterInitMode(RTC_HandleTypeDef *hrtc);
 229:Drivers/STM32F1xx_HAL_Driver/Src/stm32f1xx_hal_rtc.c **** static HAL_StatusTypeDef  RTC_ExitInitMode(RTC_HandleTypeDef *hrtc);
 230:Drivers/STM32F1xx_HAL_Driver/Src/stm32f1xx_hal_rtc.c **** static uint8_t            RTC_ByteToBcd2(uint8_t Value);
 231:Drivers/STM32F1xx_HAL_Driver/Src/stm32f1xx_hal_rtc.c **** static uint8_t            RTC_Bcd2ToByte(uint8_t Value);
 232:Drivers/STM32F1xx_HAL_Driver/Src/stm32f1xx_hal_rtc.c **** static uint8_t            RTC_IsLeapYear(uint16_t nYear);
 233:Drivers/STM32F1xx_HAL_Driver/Src/stm32f1xx_hal_rtc.c **** static void               RTC_DateUpdate(RTC_HandleTypeDef *hrtc, uint32_t DayElapsed);
 234:Drivers/STM32F1xx_HAL_Driver/Src/stm32f1xx_hal_rtc.c **** static uint8_t            RTC_WeekDayNum(uint32_t nYear, uint8_t nMonth, uint8_t nDay);
 235:Drivers/STM32F1xx_HAL_Driver/Src/stm32f1xx_hal_rtc.c **** 
 236:Drivers/STM32F1xx_HAL_Driver/Src/stm32f1xx_hal_rtc.c **** /**
 237:Drivers/STM32F1xx_HAL_Driver/Src/stm32f1xx_hal_rtc.c ****   * @}
 238:Drivers/STM32F1xx_HAL_Driver/Src/stm32f1xx_hal_rtc.c ****   */
 239:Drivers/STM32F1xx_HAL_Driver/Src/stm32f1xx_hal_rtc.c **** 
 240:Drivers/STM32F1xx_HAL_Driver/Src/stm32f1xx_hal_rtc.c **** /* Private functions ---------------------------------------------------------*/
 241:Drivers/STM32F1xx_HAL_Driver/Src/stm32f1xx_hal_rtc.c **** /** @defgroup RTC_Exported_Functions RTC Exported Functions
 242:Drivers/STM32F1xx_HAL_Driver/Src/stm32f1xx_hal_rtc.c ****   * @{
 243:Drivers/STM32F1xx_HAL_Driver/Src/stm32f1xx_hal_rtc.c ****   */
 244:Drivers/STM32F1xx_HAL_Driver/Src/stm32f1xx_hal_rtc.c **** 
 245:Drivers/STM32F1xx_HAL_Driver/Src/stm32f1xx_hal_rtc.c **** /** @defgroup RTC_Exported_Functions_Group1 Initialization and de-initialization functions
 246:Drivers/STM32F1xx_HAL_Driver/Src/stm32f1xx_hal_rtc.c ****  *  @brief    Initialization and Configuration functions
 247:Drivers/STM32F1xx_HAL_Driver/Src/stm32f1xx_hal_rtc.c ****  *
 248:Drivers/STM32F1xx_HAL_Driver/Src/stm32f1xx_hal_rtc.c **** @verbatim
 249:Drivers/STM32F1xx_HAL_Driver/Src/stm32f1xx_hal_rtc.c ****  ===============================================================================
 250:Drivers/STM32F1xx_HAL_Driver/Src/stm32f1xx_hal_rtc.c ****               ##### Initialization and de-initialization functions #####
 251:Drivers/STM32F1xx_HAL_Driver/Src/stm32f1xx_hal_rtc.c ****  ===============================================================================
 252:Drivers/STM32F1xx_HAL_Driver/Src/stm32f1xx_hal_rtc.c ****    [..] This section provides functions allowing to initialize and configure the
 253:Drivers/STM32F1xx_HAL_Driver/Src/stm32f1xx_hal_rtc.c ****          RTC Prescaler (Asynchronous), disable RTC registers Write protection,
 254:Drivers/STM32F1xx_HAL_Driver/Src/stm32f1xx_hal_rtc.c ****          enter and exit the RTC initialization mode,
 255:Drivers/STM32F1xx_HAL_Driver/Src/stm32f1xx_hal_rtc.c ****          RTC registers synchronization check and reference clock detection enable.
 256:Drivers/STM32F1xx_HAL_Driver/Src/stm32f1xx_hal_rtc.c ****          (#) The RTC Prescaler should be programmed to generate the RTC 1Hz time base.
 257:Drivers/STM32F1xx_HAL_Driver/Src/stm32f1xx_hal_rtc.c ****          (#) All RTC registers are Write protected. Writing to the RTC registers
 258:Drivers/STM32F1xx_HAL_Driver/Src/stm32f1xx_hal_rtc.c ****              is enabled by setting the CNF bit in the RTC_CRL register.
 259:Drivers/STM32F1xx_HAL_Driver/Src/stm32f1xx_hal_rtc.c ****          (#) To read the calendar after wakeup from low power modes (Standby or Stop)
 260:Drivers/STM32F1xx_HAL_Driver/Src/stm32f1xx_hal_rtc.c ****              the software must first wait for the RSF bit (Register Synchronized Flag)
ARM GAS  C:\Users\ride_pig\AppData\Local\Temp\ccyvwVwa.s 			page 6


 261:Drivers/STM32F1xx_HAL_Driver/Src/stm32f1xx_hal_rtc.c ****              in the RTC_CRL register to be set by hardware.
 262:Drivers/STM32F1xx_HAL_Driver/Src/stm32f1xx_hal_rtc.c ****              The HAL_RTC_WaitForSynchro() function implements the above software
 263:Drivers/STM32F1xx_HAL_Driver/Src/stm32f1xx_hal_rtc.c ****              sequence (RSF clear and RSF check).
 264:Drivers/STM32F1xx_HAL_Driver/Src/stm32f1xx_hal_rtc.c **** 
 265:Drivers/STM32F1xx_HAL_Driver/Src/stm32f1xx_hal_rtc.c **** @endverbatim
 266:Drivers/STM32F1xx_HAL_Driver/Src/stm32f1xx_hal_rtc.c ****   * @{
 267:Drivers/STM32F1xx_HAL_Driver/Src/stm32f1xx_hal_rtc.c ****   */
 268:Drivers/STM32F1xx_HAL_Driver/Src/stm32f1xx_hal_rtc.c **** 
 269:Drivers/STM32F1xx_HAL_Driver/Src/stm32f1xx_hal_rtc.c **** /**
 270:Drivers/STM32F1xx_HAL_Driver/Src/stm32f1xx_hal_rtc.c ****   * @brief  Initializes the RTC peripheral
 271:Drivers/STM32F1xx_HAL_Driver/Src/stm32f1xx_hal_rtc.c ****   * @param  hrtc   pointer to a RTC_HandleTypeDef structure that contains
 272:Drivers/STM32F1xx_HAL_Driver/Src/stm32f1xx_hal_rtc.c ****   *                the configuration information for RTC.
 273:Drivers/STM32F1xx_HAL_Driver/Src/stm32f1xx_hal_rtc.c ****   * @retval HAL status
 274:Drivers/STM32F1xx_HAL_Driver/Src/stm32f1xx_hal_rtc.c ****   */
 275:Drivers/STM32F1xx_HAL_Driver/Src/stm32f1xx_hal_rtc.c **** HAL_StatusTypeDef HAL_RTC_Init(RTC_HandleTypeDef *hrtc)
 276:Drivers/STM32F1xx_HAL_Driver/Src/stm32f1xx_hal_rtc.c **** {
 277:Drivers/STM32F1xx_HAL_Driver/Src/stm32f1xx_hal_rtc.c ****   uint32_t prescaler = 0U;
 278:Drivers/STM32F1xx_HAL_Driver/Src/stm32f1xx_hal_rtc.c ****   /* Check input parameters */
 279:Drivers/STM32F1xx_HAL_Driver/Src/stm32f1xx_hal_rtc.c ****   if (hrtc == NULL)
 280:Drivers/STM32F1xx_HAL_Driver/Src/stm32f1xx_hal_rtc.c ****   {
 281:Drivers/STM32F1xx_HAL_Driver/Src/stm32f1xx_hal_rtc.c ****     return HAL_ERROR;
 282:Drivers/STM32F1xx_HAL_Driver/Src/stm32f1xx_hal_rtc.c ****   }
 283:Drivers/STM32F1xx_HAL_Driver/Src/stm32f1xx_hal_rtc.c **** 
 284:Drivers/STM32F1xx_HAL_Driver/Src/stm32f1xx_hal_rtc.c ****   /* Check the parameters */
 285:Drivers/STM32F1xx_HAL_Driver/Src/stm32f1xx_hal_rtc.c ****   assert_param(IS_RTC_ALL_INSTANCE(hrtc->Instance));
 286:Drivers/STM32F1xx_HAL_Driver/Src/stm32f1xx_hal_rtc.c ****   assert_param(IS_RTC_CALIB_OUTPUT(hrtc->Init.OutPut));
 287:Drivers/STM32F1xx_HAL_Driver/Src/stm32f1xx_hal_rtc.c ****   assert_param(IS_RTC_ASYNCH_PREDIV(hrtc->Init.AsynchPrediv));
 288:Drivers/STM32F1xx_HAL_Driver/Src/stm32f1xx_hal_rtc.c **** 
 289:Drivers/STM32F1xx_HAL_Driver/Src/stm32f1xx_hal_rtc.c **** #if (USE_HAL_RTC_REGISTER_CALLBACKS == 1)
 290:Drivers/STM32F1xx_HAL_Driver/Src/stm32f1xx_hal_rtc.c ****   if (hrtc->State == HAL_RTC_STATE_RESET)
 291:Drivers/STM32F1xx_HAL_Driver/Src/stm32f1xx_hal_rtc.c ****   {
 292:Drivers/STM32F1xx_HAL_Driver/Src/stm32f1xx_hal_rtc.c ****     /* Allocate lock resource and initialize it */
 293:Drivers/STM32F1xx_HAL_Driver/Src/stm32f1xx_hal_rtc.c ****     hrtc->Lock = HAL_UNLOCKED;
 294:Drivers/STM32F1xx_HAL_Driver/Src/stm32f1xx_hal_rtc.c **** 
 295:Drivers/STM32F1xx_HAL_Driver/Src/stm32f1xx_hal_rtc.c ****     hrtc->AlarmAEventCallback          =  HAL_RTC_AlarmAEventCallback;        /* Legacy weak AlarmA
 296:Drivers/STM32F1xx_HAL_Driver/Src/stm32f1xx_hal_rtc.c ****     hrtc->Tamper1EventCallback         =  HAL_RTCEx_Tamper1EventCallback;     /* Legacy weak Tamper
 297:Drivers/STM32F1xx_HAL_Driver/Src/stm32f1xx_hal_rtc.c **** 
 298:Drivers/STM32F1xx_HAL_Driver/Src/stm32f1xx_hal_rtc.c ****     if (hrtc->MspInitCallback == NULL)
 299:Drivers/STM32F1xx_HAL_Driver/Src/stm32f1xx_hal_rtc.c ****     {
 300:Drivers/STM32F1xx_HAL_Driver/Src/stm32f1xx_hal_rtc.c ****       hrtc->MspInitCallback = HAL_RTC_MspInit;
 301:Drivers/STM32F1xx_HAL_Driver/Src/stm32f1xx_hal_rtc.c ****     }
 302:Drivers/STM32F1xx_HAL_Driver/Src/stm32f1xx_hal_rtc.c ****     /* Init the low level hardware */
 303:Drivers/STM32F1xx_HAL_Driver/Src/stm32f1xx_hal_rtc.c ****     hrtc->MspInitCallback(hrtc);
 304:Drivers/STM32F1xx_HAL_Driver/Src/stm32f1xx_hal_rtc.c **** 
 305:Drivers/STM32F1xx_HAL_Driver/Src/stm32f1xx_hal_rtc.c ****     if (hrtc->MspDeInitCallback == NULL)
 306:Drivers/STM32F1xx_HAL_Driver/Src/stm32f1xx_hal_rtc.c ****     {
 307:Drivers/STM32F1xx_HAL_Driver/Src/stm32f1xx_hal_rtc.c ****       hrtc->MspDeInitCallback = HAL_RTC_MspDeInit;
 308:Drivers/STM32F1xx_HAL_Driver/Src/stm32f1xx_hal_rtc.c ****     }
 309:Drivers/STM32F1xx_HAL_Driver/Src/stm32f1xx_hal_rtc.c ****   }
 310:Drivers/STM32F1xx_HAL_Driver/Src/stm32f1xx_hal_rtc.c **** #else
 311:Drivers/STM32F1xx_HAL_Driver/Src/stm32f1xx_hal_rtc.c ****   if (hrtc->State == HAL_RTC_STATE_RESET)
 312:Drivers/STM32F1xx_HAL_Driver/Src/stm32f1xx_hal_rtc.c ****   {
 313:Drivers/STM32F1xx_HAL_Driver/Src/stm32f1xx_hal_rtc.c ****     /* Allocate lock resource and initialize it */
 314:Drivers/STM32F1xx_HAL_Driver/Src/stm32f1xx_hal_rtc.c ****     hrtc->Lock = HAL_UNLOCKED;
 315:Drivers/STM32F1xx_HAL_Driver/Src/stm32f1xx_hal_rtc.c **** 
 316:Drivers/STM32F1xx_HAL_Driver/Src/stm32f1xx_hal_rtc.c ****     /* Initialize RTC MSP */
 317:Drivers/STM32F1xx_HAL_Driver/Src/stm32f1xx_hal_rtc.c ****     HAL_RTC_MspInit(hrtc);
ARM GAS  C:\Users\ride_pig\AppData\Local\Temp\ccyvwVwa.s 			page 7


 318:Drivers/STM32F1xx_HAL_Driver/Src/stm32f1xx_hal_rtc.c ****   }
 319:Drivers/STM32F1xx_HAL_Driver/Src/stm32f1xx_hal_rtc.c **** #endif /* (USE_HAL_RTC_REGISTER_CALLBACKS) */
 320:Drivers/STM32F1xx_HAL_Driver/Src/stm32f1xx_hal_rtc.c **** 
 321:Drivers/STM32F1xx_HAL_Driver/Src/stm32f1xx_hal_rtc.c ****   /* Set RTC state */
 322:Drivers/STM32F1xx_HAL_Driver/Src/stm32f1xx_hal_rtc.c ****   hrtc->State = HAL_RTC_STATE_BUSY;
 323:Drivers/STM32F1xx_HAL_Driver/Src/stm32f1xx_hal_rtc.c **** 
 324:Drivers/STM32F1xx_HAL_Driver/Src/stm32f1xx_hal_rtc.c ****   /* Waiting for synchro */
 325:Drivers/STM32F1xx_HAL_Driver/Src/stm32f1xx_hal_rtc.c ****   if (HAL_RTC_WaitForSynchro(hrtc) != HAL_OK)
 326:Drivers/STM32F1xx_HAL_Driver/Src/stm32f1xx_hal_rtc.c ****   {
 327:Drivers/STM32F1xx_HAL_Driver/Src/stm32f1xx_hal_rtc.c ****     /* Set RTC state */
 328:Drivers/STM32F1xx_HAL_Driver/Src/stm32f1xx_hal_rtc.c ****     hrtc->State = HAL_RTC_STATE_ERROR;
 329:Drivers/STM32F1xx_HAL_Driver/Src/stm32f1xx_hal_rtc.c **** 
 330:Drivers/STM32F1xx_HAL_Driver/Src/stm32f1xx_hal_rtc.c ****     return HAL_ERROR;
 331:Drivers/STM32F1xx_HAL_Driver/Src/stm32f1xx_hal_rtc.c ****   }
 332:Drivers/STM32F1xx_HAL_Driver/Src/stm32f1xx_hal_rtc.c **** 
 333:Drivers/STM32F1xx_HAL_Driver/Src/stm32f1xx_hal_rtc.c ****   /* Set Initialization mode */
 334:Drivers/STM32F1xx_HAL_Driver/Src/stm32f1xx_hal_rtc.c ****   if (RTC_EnterInitMode(hrtc) != HAL_OK)
 335:Drivers/STM32F1xx_HAL_Driver/Src/stm32f1xx_hal_rtc.c ****   {
 336:Drivers/STM32F1xx_HAL_Driver/Src/stm32f1xx_hal_rtc.c ****     /* Set RTC state */
 337:Drivers/STM32F1xx_HAL_Driver/Src/stm32f1xx_hal_rtc.c ****     hrtc->State = HAL_RTC_STATE_ERROR;
 338:Drivers/STM32F1xx_HAL_Driver/Src/stm32f1xx_hal_rtc.c **** 
 339:Drivers/STM32F1xx_HAL_Driver/Src/stm32f1xx_hal_rtc.c ****     return HAL_ERROR;
 340:Drivers/STM32F1xx_HAL_Driver/Src/stm32f1xx_hal_rtc.c ****   }
 341:Drivers/STM32F1xx_HAL_Driver/Src/stm32f1xx_hal_rtc.c ****   else
 342:Drivers/STM32F1xx_HAL_Driver/Src/stm32f1xx_hal_rtc.c ****   {
 343:Drivers/STM32F1xx_HAL_Driver/Src/stm32f1xx_hal_rtc.c ****     /* Clear Flags Bits */
 344:Drivers/STM32F1xx_HAL_Driver/Src/stm32f1xx_hal_rtc.c ****     CLEAR_BIT(hrtc->Instance->CRL, (RTC_FLAG_OW | RTC_FLAG_ALRAF | RTC_FLAG_SEC));
 345:Drivers/STM32F1xx_HAL_Driver/Src/stm32f1xx_hal_rtc.c **** 
 346:Drivers/STM32F1xx_HAL_Driver/Src/stm32f1xx_hal_rtc.c ****     if (hrtc->Init.OutPut != RTC_OUTPUTSOURCE_NONE)
 347:Drivers/STM32F1xx_HAL_Driver/Src/stm32f1xx_hal_rtc.c ****     {
 348:Drivers/STM32F1xx_HAL_Driver/Src/stm32f1xx_hal_rtc.c ****       /* Disable the selected Tamper pin */
 349:Drivers/STM32F1xx_HAL_Driver/Src/stm32f1xx_hal_rtc.c ****       CLEAR_BIT(BKP->CR, BKP_CR_TPE);
 350:Drivers/STM32F1xx_HAL_Driver/Src/stm32f1xx_hal_rtc.c ****     }
 351:Drivers/STM32F1xx_HAL_Driver/Src/stm32f1xx_hal_rtc.c **** 
 352:Drivers/STM32F1xx_HAL_Driver/Src/stm32f1xx_hal_rtc.c ****     /* Set the signal which will be routed to RTC Tamper pin*/
 353:Drivers/STM32F1xx_HAL_Driver/Src/stm32f1xx_hal_rtc.c ****     MODIFY_REG(BKP->RTCCR, (BKP_RTCCR_CCO | BKP_RTCCR_ASOE | BKP_RTCCR_ASOS), hrtc->Init.OutPut);
 354:Drivers/STM32F1xx_HAL_Driver/Src/stm32f1xx_hal_rtc.c **** 
 355:Drivers/STM32F1xx_HAL_Driver/Src/stm32f1xx_hal_rtc.c ****     if (hrtc->Init.AsynchPrediv != RTC_AUTO_1_SECOND)
 356:Drivers/STM32F1xx_HAL_Driver/Src/stm32f1xx_hal_rtc.c ****     {
 357:Drivers/STM32F1xx_HAL_Driver/Src/stm32f1xx_hal_rtc.c ****       /* RTC Prescaler provided directly by end-user*/
 358:Drivers/STM32F1xx_HAL_Driver/Src/stm32f1xx_hal_rtc.c ****       prescaler = hrtc->Init.AsynchPrediv;
 359:Drivers/STM32F1xx_HAL_Driver/Src/stm32f1xx_hal_rtc.c ****     }
 360:Drivers/STM32F1xx_HAL_Driver/Src/stm32f1xx_hal_rtc.c ****     else
 361:Drivers/STM32F1xx_HAL_Driver/Src/stm32f1xx_hal_rtc.c ****     {
 362:Drivers/STM32F1xx_HAL_Driver/Src/stm32f1xx_hal_rtc.c ****       /* RTC Prescaler will be automatically calculated to get 1 second timebase */
 363:Drivers/STM32F1xx_HAL_Driver/Src/stm32f1xx_hal_rtc.c ****       /* Get the RTCCLK frequency */
 364:Drivers/STM32F1xx_HAL_Driver/Src/stm32f1xx_hal_rtc.c ****       prescaler = HAL_RCCEx_GetPeriphCLKFreq(RCC_PERIPHCLK_RTC);
 365:Drivers/STM32F1xx_HAL_Driver/Src/stm32f1xx_hal_rtc.c **** 
 366:Drivers/STM32F1xx_HAL_Driver/Src/stm32f1xx_hal_rtc.c ****       /* Check that RTC clock is enabled*/
 367:Drivers/STM32F1xx_HAL_Driver/Src/stm32f1xx_hal_rtc.c ****       if (prescaler == 0U)
 368:Drivers/STM32F1xx_HAL_Driver/Src/stm32f1xx_hal_rtc.c ****       {
 369:Drivers/STM32F1xx_HAL_Driver/Src/stm32f1xx_hal_rtc.c ****         /* Should not happen. Frequency is not available*/
 370:Drivers/STM32F1xx_HAL_Driver/Src/stm32f1xx_hal_rtc.c ****         hrtc->State = HAL_RTC_STATE_ERROR;
 371:Drivers/STM32F1xx_HAL_Driver/Src/stm32f1xx_hal_rtc.c ****         return HAL_ERROR;
 372:Drivers/STM32F1xx_HAL_Driver/Src/stm32f1xx_hal_rtc.c ****       }
 373:Drivers/STM32F1xx_HAL_Driver/Src/stm32f1xx_hal_rtc.c ****       else
 374:Drivers/STM32F1xx_HAL_Driver/Src/stm32f1xx_hal_rtc.c ****       {
ARM GAS  C:\Users\ride_pig\AppData\Local\Temp\ccyvwVwa.s 			page 8


 375:Drivers/STM32F1xx_HAL_Driver/Src/stm32f1xx_hal_rtc.c ****         /* RTC period = RTCCLK/(RTC_PR + 1) */
 376:Drivers/STM32F1xx_HAL_Driver/Src/stm32f1xx_hal_rtc.c ****         prescaler = prescaler - 1U;
 377:Drivers/STM32F1xx_HAL_Driver/Src/stm32f1xx_hal_rtc.c ****       }
 378:Drivers/STM32F1xx_HAL_Driver/Src/stm32f1xx_hal_rtc.c ****     }
 379:Drivers/STM32F1xx_HAL_Driver/Src/stm32f1xx_hal_rtc.c **** 
 380:Drivers/STM32F1xx_HAL_Driver/Src/stm32f1xx_hal_rtc.c ****     /* Configure the RTC_PRLH / RTC_PRLL */
 381:Drivers/STM32F1xx_HAL_Driver/Src/stm32f1xx_hal_rtc.c ****     MODIFY_REG(hrtc->Instance->PRLH, RTC_PRLH_PRL, (prescaler >> 16U));
 382:Drivers/STM32F1xx_HAL_Driver/Src/stm32f1xx_hal_rtc.c ****     MODIFY_REG(hrtc->Instance->PRLL, RTC_PRLL_PRL, (prescaler & RTC_PRLL_PRL));
 383:Drivers/STM32F1xx_HAL_Driver/Src/stm32f1xx_hal_rtc.c **** 
 384:Drivers/STM32F1xx_HAL_Driver/Src/stm32f1xx_hal_rtc.c ****     /* Wait for synchro */
 385:Drivers/STM32F1xx_HAL_Driver/Src/stm32f1xx_hal_rtc.c ****     if (RTC_ExitInitMode(hrtc) != HAL_OK)
 386:Drivers/STM32F1xx_HAL_Driver/Src/stm32f1xx_hal_rtc.c ****     {
 387:Drivers/STM32F1xx_HAL_Driver/Src/stm32f1xx_hal_rtc.c ****       hrtc->State = HAL_RTC_STATE_ERROR;
 388:Drivers/STM32F1xx_HAL_Driver/Src/stm32f1xx_hal_rtc.c **** 
 389:Drivers/STM32F1xx_HAL_Driver/Src/stm32f1xx_hal_rtc.c ****       return HAL_ERROR;
 390:Drivers/STM32F1xx_HAL_Driver/Src/stm32f1xx_hal_rtc.c ****     }
 391:Drivers/STM32F1xx_HAL_Driver/Src/stm32f1xx_hal_rtc.c **** 
 392:Drivers/STM32F1xx_HAL_Driver/Src/stm32f1xx_hal_rtc.c ****     /* Initialize date to 1st of January 2000 */
 393:Drivers/STM32F1xx_HAL_Driver/Src/stm32f1xx_hal_rtc.c ****     hrtc->DateToUpdate.Year = 0x00U;
 394:Drivers/STM32F1xx_HAL_Driver/Src/stm32f1xx_hal_rtc.c ****     hrtc->DateToUpdate.Month = RTC_MONTH_JANUARY;
 395:Drivers/STM32F1xx_HAL_Driver/Src/stm32f1xx_hal_rtc.c ****     hrtc->DateToUpdate.Date = 0x01U;
 396:Drivers/STM32F1xx_HAL_Driver/Src/stm32f1xx_hal_rtc.c **** 
 397:Drivers/STM32F1xx_HAL_Driver/Src/stm32f1xx_hal_rtc.c ****     /* Set RTC state */
 398:Drivers/STM32F1xx_HAL_Driver/Src/stm32f1xx_hal_rtc.c ****     hrtc->State = HAL_RTC_STATE_READY;
 399:Drivers/STM32F1xx_HAL_Driver/Src/stm32f1xx_hal_rtc.c **** 
 400:Drivers/STM32F1xx_HAL_Driver/Src/stm32f1xx_hal_rtc.c ****     return HAL_OK;
 401:Drivers/STM32F1xx_HAL_Driver/Src/stm32f1xx_hal_rtc.c ****   }
 402:Drivers/STM32F1xx_HAL_Driver/Src/stm32f1xx_hal_rtc.c **** }
 403:Drivers/STM32F1xx_HAL_Driver/Src/stm32f1xx_hal_rtc.c **** 
 404:Drivers/STM32F1xx_HAL_Driver/Src/stm32f1xx_hal_rtc.c **** /**
 405:Drivers/STM32F1xx_HAL_Driver/Src/stm32f1xx_hal_rtc.c ****   * @brief  DeInitializes the RTC peripheral
 406:Drivers/STM32F1xx_HAL_Driver/Src/stm32f1xx_hal_rtc.c ****   * @param  hrtc   pointer to a RTC_HandleTypeDef structure that contains
 407:Drivers/STM32F1xx_HAL_Driver/Src/stm32f1xx_hal_rtc.c ****   *                the configuration information for RTC.
 408:Drivers/STM32F1xx_HAL_Driver/Src/stm32f1xx_hal_rtc.c ****   * @note   This function does not reset the RTC Backup Data registers.
 409:Drivers/STM32F1xx_HAL_Driver/Src/stm32f1xx_hal_rtc.c ****   * @retval HAL status
 410:Drivers/STM32F1xx_HAL_Driver/Src/stm32f1xx_hal_rtc.c ****   */
 411:Drivers/STM32F1xx_HAL_Driver/Src/stm32f1xx_hal_rtc.c **** HAL_StatusTypeDef HAL_RTC_DeInit(RTC_HandleTypeDef *hrtc)
 412:Drivers/STM32F1xx_HAL_Driver/Src/stm32f1xx_hal_rtc.c **** {
 413:Drivers/STM32F1xx_HAL_Driver/Src/stm32f1xx_hal_rtc.c ****   /* Check input parameters */
 414:Drivers/STM32F1xx_HAL_Driver/Src/stm32f1xx_hal_rtc.c ****   if (hrtc == NULL)
 415:Drivers/STM32F1xx_HAL_Driver/Src/stm32f1xx_hal_rtc.c ****   {
 416:Drivers/STM32F1xx_HAL_Driver/Src/stm32f1xx_hal_rtc.c ****     return HAL_ERROR;
 417:Drivers/STM32F1xx_HAL_Driver/Src/stm32f1xx_hal_rtc.c ****   }
 418:Drivers/STM32F1xx_HAL_Driver/Src/stm32f1xx_hal_rtc.c **** 
 419:Drivers/STM32F1xx_HAL_Driver/Src/stm32f1xx_hal_rtc.c ****   /* Check the parameters */
 420:Drivers/STM32F1xx_HAL_Driver/Src/stm32f1xx_hal_rtc.c ****   assert_param(IS_RTC_ALL_INSTANCE(hrtc->Instance));
 421:Drivers/STM32F1xx_HAL_Driver/Src/stm32f1xx_hal_rtc.c **** 
 422:Drivers/STM32F1xx_HAL_Driver/Src/stm32f1xx_hal_rtc.c ****   /* Set RTC state */
 423:Drivers/STM32F1xx_HAL_Driver/Src/stm32f1xx_hal_rtc.c ****   hrtc->State = HAL_RTC_STATE_BUSY;
 424:Drivers/STM32F1xx_HAL_Driver/Src/stm32f1xx_hal_rtc.c **** 
 425:Drivers/STM32F1xx_HAL_Driver/Src/stm32f1xx_hal_rtc.c ****   /* Set Initialization mode */
 426:Drivers/STM32F1xx_HAL_Driver/Src/stm32f1xx_hal_rtc.c ****   if (RTC_EnterInitMode(hrtc) != HAL_OK)
 427:Drivers/STM32F1xx_HAL_Driver/Src/stm32f1xx_hal_rtc.c ****   {
 428:Drivers/STM32F1xx_HAL_Driver/Src/stm32f1xx_hal_rtc.c ****     /* Set RTC state */
 429:Drivers/STM32F1xx_HAL_Driver/Src/stm32f1xx_hal_rtc.c ****     hrtc->State = HAL_RTC_STATE_ERROR;
 430:Drivers/STM32F1xx_HAL_Driver/Src/stm32f1xx_hal_rtc.c **** 
 431:Drivers/STM32F1xx_HAL_Driver/Src/stm32f1xx_hal_rtc.c ****     /* Release Lock */
ARM GAS  C:\Users\ride_pig\AppData\Local\Temp\ccyvwVwa.s 			page 9


 432:Drivers/STM32F1xx_HAL_Driver/Src/stm32f1xx_hal_rtc.c ****     __HAL_UNLOCK(hrtc);
 433:Drivers/STM32F1xx_HAL_Driver/Src/stm32f1xx_hal_rtc.c **** 
 434:Drivers/STM32F1xx_HAL_Driver/Src/stm32f1xx_hal_rtc.c ****     return HAL_ERROR;
 435:Drivers/STM32F1xx_HAL_Driver/Src/stm32f1xx_hal_rtc.c ****   }
 436:Drivers/STM32F1xx_HAL_Driver/Src/stm32f1xx_hal_rtc.c ****   else
 437:Drivers/STM32F1xx_HAL_Driver/Src/stm32f1xx_hal_rtc.c ****   {
 438:Drivers/STM32F1xx_HAL_Driver/Src/stm32f1xx_hal_rtc.c ****     CLEAR_REG(hrtc->Instance->CNTL);
 439:Drivers/STM32F1xx_HAL_Driver/Src/stm32f1xx_hal_rtc.c ****     CLEAR_REG(hrtc->Instance->CNTH);
 440:Drivers/STM32F1xx_HAL_Driver/Src/stm32f1xx_hal_rtc.c ****     WRITE_REG(hrtc->Instance->PRLL, 0x00008000U);
 441:Drivers/STM32F1xx_HAL_Driver/Src/stm32f1xx_hal_rtc.c ****     CLEAR_REG(hrtc->Instance->PRLH);
 442:Drivers/STM32F1xx_HAL_Driver/Src/stm32f1xx_hal_rtc.c **** 
 443:Drivers/STM32F1xx_HAL_Driver/Src/stm32f1xx_hal_rtc.c ****     /* Reset All CRH/CRL bits */
 444:Drivers/STM32F1xx_HAL_Driver/Src/stm32f1xx_hal_rtc.c ****     CLEAR_REG(hrtc->Instance->CRH);
 445:Drivers/STM32F1xx_HAL_Driver/Src/stm32f1xx_hal_rtc.c ****     CLEAR_REG(hrtc->Instance->CRL);
 446:Drivers/STM32F1xx_HAL_Driver/Src/stm32f1xx_hal_rtc.c **** 
 447:Drivers/STM32F1xx_HAL_Driver/Src/stm32f1xx_hal_rtc.c ****     if (RTC_ExitInitMode(hrtc) != HAL_OK)
 448:Drivers/STM32F1xx_HAL_Driver/Src/stm32f1xx_hal_rtc.c ****     {
 449:Drivers/STM32F1xx_HAL_Driver/Src/stm32f1xx_hal_rtc.c ****       hrtc->State = HAL_RTC_STATE_ERROR;
 450:Drivers/STM32F1xx_HAL_Driver/Src/stm32f1xx_hal_rtc.c **** 
 451:Drivers/STM32F1xx_HAL_Driver/Src/stm32f1xx_hal_rtc.c ****       /* Process Unlocked */
 452:Drivers/STM32F1xx_HAL_Driver/Src/stm32f1xx_hal_rtc.c ****       __HAL_UNLOCK(hrtc);
 453:Drivers/STM32F1xx_HAL_Driver/Src/stm32f1xx_hal_rtc.c **** 
 454:Drivers/STM32F1xx_HAL_Driver/Src/stm32f1xx_hal_rtc.c ****       return HAL_ERROR;
 455:Drivers/STM32F1xx_HAL_Driver/Src/stm32f1xx_hal_rtc.c ****     }
 456:Drivers/STM32F1xx_HAL_Driver/Src/stm32f1xx_hal_rtc.c ****   }
 457:Drivers/STM32F1xx_HAL_Driver/Src/stm32f1xx_hal_rtc.c **** 
 458:Drivers/STM32F1xx_HAL_Driver/Src/stm32f1xx_hal_rtc.c ****   /* Wait for synchro*/
 459:Drivers/STM32F1xx_HAL_Driver/Src/stm32f1xx_hal_rtc.c ****   HAL_RTC_WaitForSynchro(hrtc);
 460:Drivers/STM32F1xx_HAL_Driver/Src/stm32f1xx_hal_rtc.c **** 
 461:Drivers/STM32F1xx_HAL_Driver/Src/stm32f1xx_hal_rtc.c ****   /* Clear RSF flag */
 462:Drivers/STM32F1xx_HAL_Driver/Src/stm32f1xx_hal_rtc.c ****   CLEAR_BIT(hrtc->Instance->CRL, RTC_FLAG_RSF);
 463:Drivers/STM32F1xx_HAL_Driver/Src/stm32f1xx_hal_rtc.c **** 
 464:Drivers/STM32F1xx_HAL_Driver/Src/stm32f1xx_hal_rtc.c **** #if (USE_HAL_RTC_REGISTER_CALLBACKS == 1)
 465:Drivers/STM32F1xx_HAL_Driver/Src/stm32f1xx_hal_rtc.c ****   if (hrtc->MspDeInitCallback == NULL)
 466:Drivers/STM32F1xx_HAL_Driver/Src/stm32f1xx_hal_rtc.c ****   {
 467:Drivers/STM32F1xx_HAL_Driver/Src/stm32f1xx_hal_rtc.c ****     hrtc->MspDeInitCallback = HAL_RTC_MspDeInit;
 468:Drivers/STM32F1xx_HAL_Driver/Src/stm32f1xx_hal_rtc.c ****   }
 469:Drivers/STM32F1xx_HAL_Driver/Src/stm32f1xx_hal_rtc.c **** 
 470:Drivers/STM32F1xx_HAL_Driver/Src/stm32f1xx_hal_rtc.c ****   /* DeInit the low level hardware: CLOCK, NVIC.*/
 471:Drivers/STM32F1xx_HAL_Driver/Src/stm32f1xx_hal_rtc.c ****   hrtc->MspDeInitCallback(hrtc);
 472:Drivers/STM32F1xx_HAL_Driver/Src/stm32f1xx_hal_rtc.c **** 
 473:Drivers/STM32F1xx_HAL_Driver/Src/stm32f1xx_hal_rtc.c **** #else
 474:Drivers/STM32F1xx_HAL_Driver/Src/stm32f1xx_hal_rtc.c ****   /* De-Initialize RTC MSP */
 475:Drivers/STM32F1xx_HAL_Driver/Src/stm32f1xx_hal_rtc.c ****   HAL_RTC_MspDeInit(hrtc);
 476:Drivers/STM32F1xx_HAL_Driver/Src/stm32f1xx_hal_rtc.c **** #endif /* (USE_HAL_RTC_REGISTER_CALLBACKS) */
 477:Drivers/STM32F1xx_HAL_Driver/Src/stm32f1xx_hal_rtc.c **** 
 478:Drivers/STM32F1xx_HAL_Driver/Src/stm32f1xx_hal_rtc.c ****   hrtc->State = HAL_RTC_STATE_RESET;
 479:Drivers/STM32F1xx_HAL_Driver/Src/stm32f1xx_hal_rtc.c **** 
 480:Drivers/STM32F1xx_HAL_Driver/Src/stm32f1xx_hal_rtc.c ****   /* Release Lock */
 481:Drivers/STM32F1xx_HAL_Driver/Src/stm32f1xx_hal_rtc.c ****   __HAL_UNLOCK(hrtc);
 482:Drivers/STM32F1xx_HAL_Driver/Src/stm32f1xx_hal_rtc.c **** 
 483:Drivers/STM32F1xx_HAL_Driver/Src/stm32f1xx_hal_rtc.c ****   return HAL_OK;
 484:Drivers/STM32F1xx_HAL_Driver/Src/stm32f1xx_hal_rtc.c **** }
 485:Drivers/STM32F1xx_HAL_Driver/Src/stm32f1xx_hal_rtc.c **** 
 486:Drivers/STM32F1xx_HAL_Driver/Src/stm32f1xx_hal_rtc.c **** #if (USE_HAL_RTC_REGISTER_CALLBACKS == 1)
 487:Drivers/STM32F1xx_HAL_Driver/Src/stm32f1xx_hal_rtc.c **** /**
 488:Drivers/STM32F1xx_HAL_Driver/Src/stm32f1xx_hal_rtc.c ****   * @brief  Register a User RTC Callback
ARM GAS  C:\Users\ride_pig\AppData\Local\Temp\ccyvwVwa.s 			page 10


 489:Drivers/STM32F1xx_HAL_Driver/Src/stm32f1xx_hal_rtc.c ****   *         To be used instead of the weak predefined callback
 490:Drivers/STM32F1xx_HAL_Driver/Src/stm32f1xx_hal_rtc.c ****   * @param  hrtc RTC handle
 491:Drivers/STM32F1xx_HAL_Driver/Src/stm32f1xx_hal_rtc.c ****   * @param  CallbackID ID of the callback to be registered
 492:Drivers/STM32F1xx_HAL_Driver/Src/stm32f1xx_hal_rtc.c ****   *         This parameter can be one of the following values:
 493:Drivers/STM32F1xx_HAL_Driver/Src/stm32f1xx_hal_rtc.c ****   *          @arg @ref HAL_RTC_ALARM_A_EVENT_CB_ID          Alarm A Event Callback ID
 494:Drivers/STM32F1xx_HAL_Driver/Src/stm32f1xx_hal_rtc.c ****   *          @arg @ref HAL_RTC_TAMPER1_EVENT_CB_ID          Tamper 1 Callback ID
 495:Drivers/STM32F1xx_HAL_Driver/Src/stm32f1xx_hal_rtc.c ****   *          @arg @ref HAL_RTC_MSPINIT_CB_ID                Msp Init callback ID
 496:Drivers/STM32F1xx_HAL_Driver/Src/stm32f1xx_hal_rtc.c ****   *          @arg @ref HAL_RTC_MSPDEINIT_CB_ID              Msp DeInit callback ID
 497:Drivers/STM32F1xx_HAL_Driver/Src/stm32f1xx_hal_rtc.c ****   * @param  pCallback pointer to the Callback function
 498:Drivers/STM32F1xx_HAL_Driver/Src/stm32f1xx_hal_rtc.c ****   * @retval HAL status
 499:Drivers/STM32F1xx_HAL_Driver/Src/stm32f1xx_hal_rtc.c ****   */
 500:Drivers/STM32F1xx_HAL_Driver/Src/stm32f1xx_hal_rtc.c **** HAL_StatusTypeDef HAL_RTC_RegisterCallback(RTC_HandleTypeDef *hrtc, HAL_RTC_CallbackIDTypeDef Callb
 501:Drivers/STM32F1xx_HAL_Driver/Src/stm32f1xx_hal_rtc.c **** {
 502:Drivers/STM32F1xx_HAL_Driver/Src/stm32f1xx_hal_rtc.c ****   HAL_StatusTypeDef status = HAL_OK;
 503:Drivers/STM32F1xx_HAL_Driver/Src/stm32f1xx_hal_rtc.c **** 
 504:Drivers/STM32F1xx_HAL_Driver/Src/stm32f1xx_hal_rtc.c ****   if (pCallback == NULL)
 505:Drivers/STM32F1xx_HAL_Driver/Src/stm32f1xx_hal_rtc.c ****   {
 506:Drivers/STM32F1xx_HAL_Driver/Src/stm32f1xx_hal_rtc.c ****     return HAL_ERROR;
 507:Drivers/STM32F1xx_HAL_Driver/Src/stm32f1xx_hal_rtc.c ****   }
 508:Drivers/STM32F1xx_HAL_Driver/Src/stm32f1xx_hal_rtc.c **** 
 509:Drivers/STM32F1xx_HAL_Driver/Src/stm32f1xx_hal_rtc.c ****   /* Process locked */
 510:Drivers/STM32F1xx_HAL_Driver/Src/stm32f1xx_hal_rtc.c ****   __HAL_LOCK(hrtc);
 511:Drivers/STM32F1xx_HAL_Driver/Src/stm32f1xx_hal_rtc.c **** 
 512:Drivers/STM32F1xx_HAL_Driver/Src/stm32f1xx_hal_rtc.c ****   if (HAL_RTC_STATE_READY == hrtc->State)
 513:Drivers/STM32F1xx_HAL_Driver/Src/stm32f1xx_hal_rtc.c ****   {
 514:Drivers/STM32F1xx_HAL_Driver/Src/stm32f1xx_hal_rtc.c ****     switch (CallbackID)
 515:Drivers/STM32F1xx_HAL_Driver/Src/stm32f1xx_hal_rtc.c ****     {
 516:Drivers/STM32F1xx_HAL_Driver/Src/stm32f1xx_hal_rtc.c ****       case HAL_RTC_ALARM_A_EVENT_CB_ID :
 517:Drivers/STM32F1xx_HAL_Driver/Src/stm32f1xx_hal_rtc.c ****         hrtc->AlarmAEventCallback = pCallback;
 518:Drivers/STM32F1xx_HAL_Driver/Src/stm32f1xx_hal_rtc.c ****         break;
 519:Drivers/STM32F1xx_HAL_Driver/Src/stm32f1xx_hal_rtc.c **** 
 520:Drivers/STM32F1xx_HAL_Driver/Src/stm32f1xx_hal_rtc.c ****       case HAL_RTC_TAMPER1_EVENT_CB_ID :
 521:Drivers/STM32F1xx_HAL_Driver/Src/stm32f1xx_hal_rtc.c ****         hrtc->Tamper1EventCallback = pCallback;
 522:Drivers/STM32F1xx_HAL_Driver/Src/stm32f1xx_hal_rtc.c ****         break;
 523:Drivers/STM32F1xx_HAL_Driver/Src/stm32f1xx_hal_rtc.c **** 
 524:Drivers/STM32F1xx_HAL_Driver/Src/stm32f1xx_hal_rtc.c ****       case HAL_RTC_MSPINIT_CB_ID :
 525:Drivers/STM32F1xx_HAL_Driver/Src/stm32f1xx_hal_rtc.c ****         hrtc->MspInitCallback = pCallback;
 526:Drivers/STM32F1xx_HAL_Driver/Src/stm32f1xx_hal_rtc.c ****         break;
 527:Drivers/STM32F1xx_HAL_Driver/Src/stm32f1xx_hal_rtc.c **** 
 528:Drivers/STM32F1xx_HAL_Driver/Src/stm32f1xx_hal_rtc.c ****       case HAL_RTC_MSPDEINIT_CB_ID :
 529:Drivers/STM32F1xx_HAL_Driver/Src/stm32f1xx_hal_rtc.c ****         hrtc->MspDeInitCallback = pCallback;
 530:Drivers/STM32F1xx_HAL_Driver/Src/stm32f1xx_hal_rtc.c ****         break;
 531:Drivers/STM32F1xx_HAL_Driver/Src/stm32f1xx_hal_rtc.c **** 
 532:Drivers/STM32F1xx_HAL_Driver/Src/stm32f1xx_hal_rtc.c ****       default :
 533:Drivers/STM32F1xx_HAL_Driver/Src/stm32f1xx_hal_rtc.c ****         /* Return error status */
 534:Drivers/STM32F1xx_HAL_Driver/Src/stm32f1xx_hal_rtc.c ****         status =  HAL_ERROR;
 535:Drivers/STM32F1xx_HAL_Driver/Src/stm32f1xx_hal_rtc.c ****         break;
 536:Drivers/STM32F1xx_HAL_Driver/Src/stm32f1xx_hal_rtc.c ****     }
 537:Drivers/STM32F1xx_HAL_Driver/Src/stm32f1xx_hal_rtc.c ****   }
 538:Drivers/STM32F1xx_HAL_Driver/Src/stm32f1xx_hal_rtc.c ****   else if (HAL_RTC_STATE_RESET == hrtc->State)
 539:Drivers/STM32F1xx_HAL_Driver/Src/stm32f1xx_hal_rtc.c ****   {
 540:Drivers/STM32F1xx_HAL_Driver/Src/stm32f1xx_hal_rtc.c ****     switch (CallbackID)
 541:Drivers/STM32F1xx_HAL_Driver/Src/stm32f1xx_hal_rtc.c ****     {
 542:Drivers/STM32F1xx_HAL_Driver/Src/stm32f1xx_hal_rtc.c ****       case HAL_RTC_MSPINIT_CB_ID :
 543:Drivers/STM32F1xx_HAL_Driver/Src/stm32f1xx_hal_rtc.c ****         hrtc->MspInitCallback = pCallback;
 544:Drivers/STM32F1xx_HAL_Driver/Src/stm32f1xx_hal_rtc.c ****         break;
 545:Drivers/STM32F1xx_HAL_Driver/Src/stm32f1xx_hal_rtc.c **** 
ARM GAS  C:\Users\ride_pig\AppData\Local\Temp\ccyvwVwa.s 			page 11


 546:Drivers/STM32F1xx_HAL_Driver/Src/stm32f1xx_hal_rtc.c ****       case HAL_RTC_MSPDEINIT_CB_ID :
 547:Drivers/STM32F1xx_HAL_Driver/Src/stm32f1xx_hal_rtc.c ****         hrtc->MspDeInitCallback = pCallback;
 548:Drivers/STM32F1xx_HAL_Driver/Src/stm32f1xx_hal_rtc.c ****         break;
 549:Drivers/STM32F1xx_HAL_Driver/Src/stm32f1xx_hal_rtc.c **** 
 550:Drivers/STM32F1xx_HAL_Driver/Src/stm32f1xx_hal_rtc.c ****       default :
 551:Drivers/STM32F1xx_HAL_Driver/Src/stm32f1xx_hal_rtc.c ****         /* Return error status */
 552:Drivers/STM32F1xx_HAL_Driver/Src/stm32f1xx_hal_rtc.c ****         status =  HAL_ERROR;
 553:Drivers/STM32F1xx_HAL_Driver/Src/stm32f1xx_hal_rtc.c ****         break;
 554:Drivers/STM32F1xx_HAL_Driver/Src/stm32f1xx_hal_rtc.c ****     }
 555:Drivers/STM32F1xx_HAL_Driver/Src/stm32f1xx_hal_rtc.c ****   }
 556:Drivers/STM32F1xx_HAL_Driver/Src/stm32f1xx_hal_rtc.c ****   else
 557:Drivers/STM32F1xx_HAL_Driver/Src/stm32f1xx_hal_rtc.c ****   {
 558:Drivers/STM32F1xx_HAL_Driver/Src/stm32f1xx_hal_rtc.c ****     /* Return error status */
 559:Drivers/STM32F1xx_HAL_Driver/Src/stm32f1xx_hal_rtc.c ****     status =  HAL_ERROR;
 560:Drivers/STM32F1xx_HAL_Driver/Src/stm32f1xx_hal_rtc.c ****   }
 561:Drivers/STM32F1xx_HAL_Driver/Src/stm32f1xx_hal_rtc.c **** 
 562:Drivers/STM32F1xx_HAL_Driver/Src/stm32f1xx_hal_rtc.c ****   /* Release Lock */
 563:Drivers/STM32F1xx_HAL_Driver/Src/stm32f1xx_hal_rtc.c ****   __HAL_UNLOCK(hrtc);
 564:Drivers/STM32F1xx_HAL_Driver/Src/stm32f1xx_hal_rtc.c **** 
 565:Drivers/STM32F1xx_HAL_Driver/Src/stm32f1xx_hal_rtc.c ****   return status;
 566:Drivers/STM32F1xx_HAL_Driver/Src/stm32f1xx_hal_rtc.c **** }
 567:Drivers/STM32F1xx_HAL_Driver/Src/stm32f1xx_hal_rtc.c **** 
 568:Drivers/STM32F1xx_HAL_Driver/Src/stm32f1xx_hal_rtc.c **** /**
 569:Drivers/STM32F1xx_HAL_Driver/Src/stm32f1xx_hal_rtc.c ****   * @brief  Unregister an RTC Callback
 570:Drivers/STM32F1xx_HAL_Driver/Src/stm32f1xx_hal_rtc.c ****   *         RTC callabck is redirected to the weak predefined callback
 571:Drivers/STM32F1xx_HAL_Driver/Src/stm32f1xx_hal_rtc.c ****   * @param  hrtc RTC handle
 572:Drivers/STM32F1xx_HAL_Driver/Src/stm32f1xx_hal_rtc.c ****   * @param  CallbackID ID of the callback to be unregistered
 573:Drivers/STM32F1xx_HAL_Driver/Src/stm32f1xx_hal_rtc.c ****   *         This parameter can be one of the following values:
 574:Drivers/STM32F1xx_HAL_Driver/Src/stm32f1xx_hal_rtc.c ****   *          @arg @ref HAL_RTC_ALARM_A_EVENT_CB_ID          Alarm A Event Callback ID
 575:Drivers/STM32F1xx_HAL_Driver/Src/stm32f1xx_hal_rtc.c ****   *          @arg @ref HAL_RTC_TAMPER1_EVENT_CB_ID          Tamper 1 Callback ID
 576:Drivers/STM32F1xx_HAL_Driver/Src/stm32f1xx_hal_rtc.c ****   *          @arg @ref HAL_RTC_MSPINIT_CB_ID Msp Init callback ID
 577:Drivers/STM32F1xx_HAL_Driver/Src/stm32f1xx_hal_rtc.c ****   *          @arg @ref HAL_RTC_MSPDEINIT_CB_ID Msp DeInit callback ID
 578:Drivers/STM32F1xx_HAL_Driver/Src/stm32f1xx_hal_rtc.c ****   * @retval HAL status
 579:Drivers/STM32F1xx_HAL_Driver/Src/stm32f1xx_hal_rtc.c ****   */
 580:Drivers/STM32F1xx_HAL_Driver/Src/stm32f1xx_hal_rtc.c **** HAL_StatusTypeDef HAL_RTC_UnRegisterCallback(RTC_HandleTypeDef *hrtc, HAL_RTC_CallbackIDTypeDef Cal
 581:Drivers/STM32F1xx_HAL_Driver/Src/stm32f1xx_hal_rtc.c **** {
 582:Drivers/STM32F1xx_HAL_Driver/Src/stm32f1xx_hal_rtc.c ****   HAL_StatusTypeDef status = HAL_OK;
 583:Drivers/STM32F1xx_HAL_Driver/Src/stm32f1xx_hal_rtc.c **** 
 584:Drivers/STM32F1xx_HAL_Driver/Src/stm32f1xx_hal_rtc.c ****   /* Process locked */
 585:Drivers/STM32F1xx_HAL_Driver/Src/stm32f1xx_hal_rtc.c ****   __HAL_LOCK(hrtc);
 586:Drivers/STM32F1xx_HAL_Driver/Src/stm32f1xx_hal_rtc.c **** 
 587:Drivers/STM32F1xx_HAL_Driver/Src/stm32f1xx_hal_rtc.c ****   if (HAL_RTC_STATE_READY == hrtc->State)
 588:Drivers/STM32F1xx_HAL_Driver/Src/stm32f1xx_hal_rtc.c ****   {
 589:Drivers/STM32F1xx_HAL_Driver/Src/stm32f1xx_hal_rtc.c ****     switch (CallbackID)
 590:Drivers/STM32F1xx_HAL_Driver/Src/stm32f1xx_hal_rtc.c ****     {
 591:Drivers/STM32F1xx_HAL_Driver/Src/stm32f1xx_hal_rtc.c ****       case HAL_RTC_ALARM_A_EVENT_CB_ID :
 592:Drivers/STM32F1xx_HAL_Driver/Src/stm32f1xx_hal_rtc.c ****         hrtc->AlarmAEventCallback = HAL_RTC_AlarmAEventCallback;         /* Legacy weak AlarmAEvent
 593:Drivers/STM32F1xx_HAL_Driver/Src/stm32f1xx_hal_rtc.c ****         break;
 594:Drivers/STM32F1xx_HAL_Driver/Src/stm32f1xx_hal_rtc.c **** 
 595:Drivers/STM32F1xx_HAL_Driver/Src/stm32f1xx_hal_rtc.c ****       case HAL_RTC_TAMPER1_EVENT_CB_ID :
 596:Drivers/STM32F1xx_HAL_Driver/Src/stm32f1xx_hal_rtc.c ****         hrtc->Tamper1EventCallback = HAL_RTCEx_Tamper1EventCallback;         /* Legacy weak Tamper1
 597:Drivers/STM32F1xx_HAL_Driver/Src/stm32f1xx_hal_rtc.c ****         break;
 598:Drivers/STM32F1xx_HAL_Driver/Src/stm32f1xx_hal_rtc.c **** 
 599:Drivers/STM32F1xx_HAL_Driver/Src/stm32f1xx_hal_rtc.c ****       case HAL_RTC_MSPINIT_CB_ID :
 600:Drivers/STM32F1xx_HAL_Driver/Src/stm32f1xx_hal_rtc.c ****         hrtc->MspInitCallback = HAL_RTC_MspInit;
 601:Drivers/STM32F1xx_HAL_Driver/Src/stm32f1xx_hal_rtc.c ****         break;
 602:Drivers/STM32F1xx_HAL_Driver/Src/stm32f1xx_hal_rtc.c **** 
ARM GAS  C:\Users\ride_pig\AppData\Local\Temp\ccyvwVwa.s 			page 12


 603:Drivers/STM32F1xx_HAL_Driver/Src/stm32f1xx_hal_rtc.c ****       case HAL_RTC_MSPDEINIT_CB_ID :
 604:Drivers/STM32F1xx_HAL_Driver/Src/stm32f1xx_hal_rtc.c ****         hrtc->MspDeInitCallback = HAL_RTC_MspDeInit;
 605:Drivers/STM32F1xx_HAL_Driver/Src/stm32f1xx_hal_rtc.c ****         break;
 606:Drivers/STM32F1xx_HAL_Driver/Src/stm32f1xx_hal_rtc.c **** 
 607:Drivers/STM32F1xx_HAL_Driver/Src/stm32f1xx_hal_rtc.c ****       default :
 608:Drivers/STM32F1xx_HAL_Driver/Src/stm32f1xx_hal_rtc.c ****         /* Return error status */
 609:Drivers/STM32F1xx_HAL_Driver/Src/stm32f1xx_hal_rtc.c ****         status =  HAL_ERROR;
 610:Drivers/STM32F1xx_HAL_Driver/Src/stm32f1xx_hal_rtc.c ****         break;
 611:Drivers/STM32F1xx_HAL_Driver/Src/stm32f1xx_hal_rtc.c ****     }
 612:Drivers/STM32F1xx_HAL_Driver/Src/stm32f1xx_hal_rtc.c ****   }
 613:Drivers/STM32F1xx_HAL_Driver/Src/stm32f1xx_hal_rtc.c ****   else if (HAL_RTC_STATE_RESET == hrtc->State)
 614:Drivers/STM32F1xx_HAL_Driver/Src/stm32f1xx_hal_rtc.c ****   {
 615:Drivers/STM32F1xx_HAL_Driver/Src/stm32f1xx_hal_rtc.c ****     switch (CallbackID)
 616:Drivers/STM32F1xx_HAL_Driver/Src/stm32f1xx_hal_rtc.c ****     {
 617:Drivers/STM32F1xx_HAL_Driver/Src/stm32f1xx_hal_rtc.c ****       case HAL_RTC_MSPINIT_CB_ID :
 618:Drivers/STM32F1xx_HAL_Driver/Src/stm32f1xx_hal_rtc.c ****         hrtc->MspInitCallback = HAL_RTC_MspInit;
 619:Drivers/STM32F1xx_HAL_Driver/Src/stm32f1xx_hal_rtc.c ****         break;
 620:Drivers/STM32F1xx_HAL_Driver/Src/stm32f1xx_hal_rtc.c **** 
 621:Drivers/STM32F1xx_HAL_Driver/Src/stm32f1xx_hal_rtc.c ****       case HAL_RTC_MSPDEINIT_CB_ID :
 622:Drivers/STM32F1xx_HAL_Driver/Src/stm32f1xx_hal_rtc.c ****         hrtc->MspDeInitCallback = HAL_RTC_MspDeInit;
 623:Drivers/STM32F1xx_HAL_Driver/Src/stm32f1xx_hal_rtc.c ****         break;
 624:Drivers/STM32F1xx_HAL_Driver/Src/stm32f1xx_hal_rtc.c **** 
 625:Drivers/STM32F1xx_HAL_Driver/Src/stm32f1xx_hal_rtc.c ****       default :
 626:Drivers/STM32F1xx_HAL_Driver/Src/stm32f1xx_hal_rtc.c ****         /* Return error status */
 627:Drivers/STM32F1xx_HAL_Driver/Src/stm32f1xx_hal_rtc.c ****         status =  HAL_ERROR;
 628:Drivers/STM32F1xx_HAL_Driver/Src/stm32f1xx_hal_rtc.c ****         break;
 629:Drivers/STM32F1xx_HAL_Driver/Src/stm32f1xx_hal_rtc.c ****     }
 630:Drivers/STM32F1xx_HAL_Driver/Src/stm32f1xx_hal_rtc.c ****   }
 631:Drivers/STM32F1xx_HAL_Driver/Src/stm32f1xx_hal_rtc.c ****   else
 632:Drivers/STM32F1xx_HAL_Driver/Src/stm32f1xx_hal_rtc.c ****   {
 633:Drivers/STM32F1xx_HAL_Driver/Src/stm32f1xx_hal_rtc.c ****     /* Return error status */
 634:Drivers/STM32F1xx_HAL_Driver/Src/stm32f1xx_hal_rtc.c ****     status =  HAL_ERROR;
 635:Drivers/STM32F1xx_HAL_Driver/Src/stm32f1xx_hal_rtc.c ****   }
 636:Drivers/STM32F1xx_HAL_Driver/Src/stm32f1xx_hal_rtc.c **** 
 637:Drivers/STM32F1xx_HAL_Driver/Src/stm32f1xx_hal_rtc.c ****   /* Release Lock */
 638:Drivers/STM32F1xx_HAL_Driver/Src/stm32f1xx_hal_rtc.c ****   __HAL_UNLOCK(hrtc);
 639:Drivers/STM32F1xx_HAL_Driver/Src/stm32f1xx_hal_rtc.c **** 
 640:Drivers/STM32F1xx_HAL_Driver/Src/stm32f1xx_hal_rtc.c ****   return status;
 641:Drivers/STM32F1xx_HAL_Driver/Src/stm32f1xx_hal_rtc.c **** }
 642:Drivers/STM32F1xx_HAL_Driver/Src/stm32f1xx_hal_rtc.c **** #endif /* USE_HAL_RTC_REGISTER_CALLBACKS */
 643:Drivers/STM32F1xx_HAL_Driver/Src/stm32f1xx_hal_rtc.c **** 
 644:Drivers/STM32F1xx_HAL_Driver/Src/stm32f1xx_hal_rtc.c **** /**
 645:Drivers/STM32F1xx_HAL_Driver/Src/stm32f1xx_hal_rtc.c ****   * @brief  Initializes the RTC MSP.
 646:Drivers/STM32F1xx_HAL_Driver/Src/stm32f1xx_hal_rtc.c ****   * @param  hrtc   pointer to a RTC_HandleTypeDef structure that contains
 647:Drivers/STM32F1xx_HAL_Driver/Src/stm32f1xx_hal_rtc.c ****   *                the configuration information for RTC.
 648:Drivers/STM32F1xx_HAL_Driver/Src/stm32f1xx_hal_rtc.c ****   * @retval None
 649:Drivers/STM32F1xx_HAL_Driver/Src/stm32f1xx_hal_rtc.c ****   */
 650:Drivers/STM32F1xx_HAL_Driver/Src/stm32f1xx_hal_rtc.c **** __weak void HAL_RTC_MspInit(RTC_HandleTypeDef *hrtc)
 651:Drivers/STM32F1xx_HAL_Driver/Src/stm32f1xx_hal_rtc.c **** {
 652:Drivers/STM32F1xx_HAL_Driver/Src/stm32f1xx_hal_rtc.c ****   /* Prevent unused argument(s) compilation warning */
 653:Drivers/STM32F1xx_HAL_Driver/Src/stm32f1xx_hal_rtc.c ****   UNUSED(hrtc);
 654:Drivers/STM32F1xx_HAL_Driver/Src/stm32f1xx_hal_rtc.c ****   /* NOTE : This function Should not be modified, when the callback is needed,
 655:Drivers/STM32F1xx_HAL_Driver/Src/stm32f1xx_hal_rtc.c ****             the HAL_RTC_MspInit could be implemented in the user file
 656:Drivers/STM32F1xx_HAL_Driver/Src/stm32f1xx_hal_rtc.c ****    */
 657:Drivers/STM32F1xx_HAL_Driver/Src/stm32f1xx_hal_rtc.c **** }
 658:Drivers/STM32F1xx_HAL_Driver/Src/stm32f1xx_hal_rtc.c **** 
 659:Drivers/STM32F1xx_HAL_Driver/Src/stm32f1xx_hal_rtc.c **** /**
ARM GAS  C:\Users\ride_pig\AppData\Local\Temp\ccyvwVwa.s 			page 13


 660:Drivers/STM32F1xx_HAL_Driver/Src/stm32f1xx_hal_rtc.c ****   * @brief  DeInitializes the RTC MSP.
 661:Drivers/STM32F1xx_HAL_Driver/Src/stm32f1xx_hal_rtc.c ****   * @param  hrtc   pointer to a RTC_HandleTypeDef structure that contains
 662:Drivers/STM32F1xx_HAL_Driver/Src/stm32f1xx_hal_rtc.c ****   *                the configuration information for RTC.
 663:Drivers/STM32F1xx_HAL_Driver/Src/stm32f1xx_hal_rtc.c ****   * @retval None
 664:Drivers/STM32F1xx_HAL_Driver/Src/stm32f1xx_hal_rtc.c ****   */
 665:Drivers/STM32F1xx_HAL_Driver/Src/stm32f1xx_hal_rtc.c **** __weak void HAL_RTC_MspDeInit(RTC_HandleTypeDef *hrtc)
 666:Drivers/STM32F1xx_HAL_Driver/Src/stm32f1xx_hal_rtc.c **** {
 667:Drivers/STM32F1xx_HAL_Driver/Src/stm32f1xx_hal_rtc.c ****   /* Prevent unused argument(s) compilation warning */
 668:Drivers/STM32F1xx_HAL_Driver/Src/stm32f1xx_hal_rtc.c ****   UNUSED(hrtc);
 669:Drivers/STM32F1xx_HAL_Driver/Src/stm32f1xx_hal_rtc.c ****   /* NOTE : This function Should not be modified, when the callback is needed,
 670:Drivers/STM32F1xx_HAL_Driver/Src/stm32f1xx_hal_rtc.c ****             the HAL_RTC_MspDeInit could be implemented in the user file
 671:Drivers/STM32F1xx_HAL_Driver/Src/stm32f1xx_hal_rtc.c ****    */
 672:Drivers/STM32F1xx_HAL_Driver/Src/stm32f1xx_hal_rtc.c **** }
 673:Drivers/STM32F1xx_HAL_Driver/Src/stm32f1xx_hal_rtc.c **** 
 674:Drivers/STM32F1xx_HAL_Driver/Src/stm32f1xx_hal_rtc.c **** /**
 675:Drivers/STM32F1xx_HAL_Driver/Src/stm32f1xx_hal_rtc.c ****   * @}
 676:Drivers/STM32F1xx_HAL_Driver/Src/stm32f1xx_hal_rtc.c ****   */
 677:Drivers/STM32F1xx_HAL_Driver/Src/stm32f1xx_hal_rtc.c **** 
 678:Drivers/STM32F1xx_HAL_Driver/Src/stm32f1xx_hal_rtc.c **** /** @defgroup RTC_Exported_Functions_Group2 Time and Date functions
 679:Drivers/STM32F1xx_HAL_Driver/Src/stm32f1xx_hal_rtc.c ****  *  @brief   RTC Time and Date functions
 680:Drivers/STM32F1xx_HAL_Driver/Src/stm32f1xx_hal_rtc.c ****  *
 681:Drivers/STM32F1xx_HAL_Driver/Src/stm32f1xx_hal_rtc.c **** @verbatim
 682:Drivers/STM32F1xx_HAL_Driver/Src/stm32f1xx_hal_rtc.c ****  ===============================================================================
 683:Drivers/STM32F1xx_HAL_Driver/Src/stm32f1xx_hal_rtc.c ****                  ##### RTC Time and Date functions #####
 684:Drivers/STM32F1xx_HAL_Driver/Src/stm32f1xx_hal_rtc.c ****  ===============================================================================
 685:Drivers/STM32F1xx_HAL_Driver/Src/stm32f1xx_hal_rtc.c **** 
 686:Drivers/STM32F1xx_HAL_Driver/Src/stm32f1xx_hal_rtc.c ****  [..] This section provides functions allowing to configure Time and Date features
 687:Drivers/STM32F1xx_HAL_Driver/Src/stm32f1xx_hal_rtc.c **** 
 688:Drivers/STM32F1xx_HAL_Driver/Src/stm32f1xx_hal_rtc.c **** @endverbatim
 689:Drivers/STM32F1xx_HAL_Driver/Src/stm32f1xx_hal_rtc.c ****   * @{
 690:Drivers/STM32F1xx_HAL_Driver/Src/stm32f1xx_hal_rtc.c ****   */
 691:Drivers/STM32F1xx_HAL_Driver/Src/stm32f1xx_hal_rtc.c **** 
 692:Drivers/STM32F1xx_HAL_Driver/Src/stm32f1xx_hal_rtc.c **** /**
 693:Drivers/STM32F1xx_HAL_Driver/Src/stm32f1xx_hal_rtc.c ****   * @brief  Sets RTC current time.
 694:Drivers/STM32F1xx_HAL_Driver/Src/stm32f1xx_hal_rtc.c ****   * @param  hrtc   pointer to a RTC_HandleTypeDef structure that contains
 695:Drivers/STM32F1xx_HAL_Driver/Src/stm32f1xx_hal_rtc.c ****   *                the configuration information for RTC.
 696:Drivers/STM32F1xx_HAL_Driver/Src/stm32f1xx_hal_rtc.c ****   * @param  sTime: Pointer to Time structure
 697:Drivers/STM32F1xx_HAL_Driver/Src/stm32f1xx_hal_rtc.c ****   * @param  Format: Specifies the format of the entered parameters.
 698:Drivers/STM32F1xx_HAL_Driver/Src/stm32f1xx_hal_rtc.c ****   *          This parameter can be one of the following values:
 699:Drivers/STM32F1xx_HAL_Driver/Src/stm32f1xx_hal_rtc.c ****   *            @arg RTC_FORMAT_BIN: Binary data format
 700:Drivers/STM32F1xx_HAL_Driver/Src/stm32f1xx_hal_rtc.c ****   *            @arg RTC_FORMAT_BCD: BCD data format
 701:Drivers/STM32F1xx_HAL_Driver/Src/stm32f1xx_hal_rtc.c ****   * @retval HAL status
 702:Drivers/STM32F1xx_HAL_Driver/Src/stm32f1xx_hal_rtc.c ****   */
 703:Drivers/STM32F1xx_HAL_Driver/Src/stm32f1xx_hal_rtc.c **** HAL_StatusTypeDef HAL_RTC_SetTime(RTC_HandleTypeDef *hrtc, RTC_TimeTypeDef *sTime, uint32_t Format)
 704:Drivers/STM32F1xx_HAL_Driver/Src/stm32f1xx_hal_rtc.c **** {
 705:Drivers/STM32F1xx_HAL_Driver/Src/stm32f1xx_hal_rtc.c ****   uint32_t counter_time = 0U, counter_alarm = 0U;
 706:Drivers/STM32F1xx_HAL_Driver/Src/stm32f1xx_hal_rtc.c **** 
 707:Drivers/STM32F1xx_HAL_Driver/Src/stm32f1xx_hal_rtc.c ****   /* Check input parameters */
 708:Drivers/STM32F1xx_HAL_Driver/Src/stm32f1xx_hal_rtc.c ****   if ((hrtc == NULL) || (sTime == NULL))
 709:Drivers/STM32F1xx_HAL_Driver/Src/stm32f1xx_hal_rtc.c ****   {
 710:Drivers/STM32F1xx_HAL_Driver/Src/stm32f1xx_hal_rtc.c ****     return HAL_ERROR;
 711:Drivers/STM32F1xx_HAL_Driver/Src/stm32f1xx_hal_rtc.c ****   }
 712:Drivers/STM32F1xx_HAL_Driver/Src/stm32f1xx_hal_rtc.c **** 
 713:Drivers/STM32F1xx_HAL_Driver/Src/stm32f1xx_hal_rtc.c ****   /* Check the parameters */
 714:Drivers/STM32F1xx_HAL_Driver/Src/stm32f1xx_hal_rtc.c ****   assert_param(IS_RTC_FORMAT(Format));
 715:Drivers/STM32F1xx_HAL_Driver/Src/stm32f1xx_hal_rtc.c **** 
 716:Drivers/STM32F1xx_HAL_Driver/Src/stm32f1xx_hal_rtc.c ****   /* Process Locked */
ARM GAS  C:\Users\ride_pig\AppData\Local\Temp\ccyvwVwa.s 			page 14


 717:Drivers/STM32F1xx_HAL_Driver/Src/stm32f1xx_hal_rtc.c ****   __HAL_LOCK(hrtc);
 718:Drivers/STM32F1xx_HAL_Driver/Src/stm32f1xx_hal_rtc.c **** 
 719:Drivers/STM32F1xx_HAL_Driver/Src/stm32f1xx_hal_rtc.c ****   hrtc->State = HAL_RTC_STATE_BUSY;
 720:Drivers/STM32F1xx_HAL_Driver/Src/stm32f1xx_hal_rtc.c **** 
 721:Drivers/STM32F1xx_HAL_Driver/Src/stm32f1xx_hal_rtc.c ****   if (Format == RTC_FORMAT_BIN)
 722:Drivers/STM32F1xx_HAL_Driver/Src/stm32f1xx_hal_rtc.c ****   {
 723:Drivers/STM32F1xx_HAL_Driver/Src/stm32f1xx_hal_rtc.c ****     assert_param(IS_RTC_HOUR24(sTime->Hours));
 724:Drivers/STM32F1xx_HAL_Driver/Src/stm32f1xx_hal_rtc.c ****     assert_param(IS_RTC_MINUTES(sTime->Minutes));
 725:Drivers/STM32F1xx_HAL_Driver/Src/stm32f1xx_hal_rtc.c ****     assert_param(IS_RTC_SECONDS(sTime->Seconds));
 726:Drivers/STM32F1xx_HAL_Driver/Src/stm32f1xx_hal_rtc.c **** 
 727:Drivers/STM32F1xx_HAL_Driver/Src/stm32f1xx_hal_rtc.c ****     counter_time = (uint32_t)(((uint32_t)sTime->Hours * 3600U) + \
 728:Drivers/STM32F1xx_HAL_Driver/Src/stm32f1xx_hal_rtc.c ****                               ((uint32_t)sTime->Minutes * 60U) + \
 729:Drivers/STM32F1xx_HAL_Driver/Src/stm32f1xx_hal_rtc.c ****                               ((uint32_t)sTime->Seconds));
 730:Drivers/STM32F1xx_HAL_Driver/Src/stm32f1xx_hal_rtc.c ****   }
 731:Drivers/STM32F1xx_HAL_Driver/Src/stm32f1xx_hal_rtc.c ****   else
 732:Drivers/STM32F1xx_HAL_Driver/Src/stm32f1xx_hal_rtc.c ****   {
 733:Drivers/STM32F1xx_HAL_Driver/Src/stm32f1xx_hal_rtc.c ****     assert_param(IS_RTC_HOUR24(RTC_Bcd2ToByte(sTime->Hours)));
 734:Drivers/STM32F1xx_HAL_Driver/Src/stm32f1xx_hal_rtc.c ****     assert_param(IS_RTC_MINUTES(RTC_Bcd2ToByte(sTime->Minutes)));
 735:Drivers/STM32F1xx_HAL_Driver/Src/stm32f1xx_hal_rtc.c ****     assert_param(IS_RTC_SECONDS(RTC_Bcd2ToByte(sTime->Seconds)));
 736:Drivers/STM32F1xx_HAL_Driver/Src/stm32f1xx_hal_rtc.c **** 
 737:Drivers/STM32F1xx_HAL_Driver/Src/stm32f1xx_hal_rtc.c ****     counter_time = (((uint32_t)(RTC_Bcd2ToByte(sTime->Hours)) * 3600U) + \
 738:Drivers/STM32F1xx_HAL_Driver/Src/stm32f1xx_hal_rtc.c ****                     ((uint32_t)(RTC_Bcd2ToByte(sTime->Minutes)) * 60U) + \
 739:Drivers/STM32F1xx_HAL_Driver/Src/stm32f1xx_hal_rtc.c ****                     ((uint32_t)(RTC_Bcd2ToByte(sTime->Seconds))));
 740:Drivers/STM32F1xx_HAL_Driver/Src/stm32f1xx_hal_rtc.c ****   }
 741:Drivers/STM32F1xx_HAL_Driver/Src/stm32f1xx_hal_rtc.c **** 
 742:Drivers/STM32F1xx_HAL_Driver/Src/stm32f1xx_hal_rtc.c ****   /* Write time counter in RTC registers */
 743:Drivers/STM32F1xx_HAL_Driver/Src/stm32f1xx_hal_rtc.c ****   if (RTC_WriteTimeCounter(hrtc, counter_time) != HAL_OK)
 744:Drivers/STM32F1xx_HAL_Driver/Src/stm32f1xx_hal_rtc.c ****   {
 745:Drivers/STM32F1xx_HAL_Driver/Src/stm32f1xx_hal_rtc.c ****     /* Set RTC state */
 746:Drivers/STM32F1xx_HAL_Driver/Src/stm32f1xx_hal_rtc.c ****     hrtc->State = HAL_RTC_STATE_ERROR;
 747:Drivers/STM32F1xx_HAL_Driver/Src/stm32f1xx_hal_rtc.c **** 
 748:Drivers/STM32F1xx_HAL_Driver/Src/stm32f1xx_hal_rtc.c ****     /* Process Unlocked */
 749:Drivers/STM32F1xx_HAL_Driver/Src/stm32f1xx_hal_rtc.c ****     __HAL_UNLOCK(hrtc);
 750:Drivers/STM32F1xx_HAL_Driver/Src/stm32f1xx_hal_rtc.c **** 
 751:Drivers/STM32F1xx_HAL_Driver/Src/stm32f1xx_hal_rtc.c ****     return HAL_ERROR;
 752:Drivers/STM32F1xx_HAL_Driver/Src/stm32f1xx_hal_rtc.c ****   }
 753:Drivers/STM32F1xx_HAL_Driver/Src/stm32f1xx_hal_rtc.c ****   else
 754:Drivers/STM32F1xx_HAL_Driver/Src/stm32f1xx_hal_rtc.c ****   {
 755:Drivers/STM32F1xx_HAL_Driver/Src/stm32f1xx_hal_rtc.c ****     /* Clear Second and overflow flags */
 756:Drivers/STM32F1xx_HAL_Driver/Src/stm32f1xx_hal_rtc.c ****     CLEAR_BIT(hrtc->Instance->CRL, (RTC_FLAG_SEC | RTC_FLAG_OW));
 757:Drivers/STM32F1xx_HAL_Driver/Src/stm32f1xx_hal_rtc.c **** 
 758:Drivers/STM32F1xx_HAL_Driver/Src/stm32f1xx_hal_rtc.c ****     /* Read current Alarm counter in RTC registers */
 759:Drivers/STM32F1xx_HAL_Driver/Src/stm32f1xx_hal_rtc.c ****     counter_alarm = RTC_ReadAlarmCounter(hrtc);
 760:Drivers/STM32F1xx_HAL_Driver/Src/stm32f1xx_hal_rtc.c **** 
 761:Drivers/STM32F1xx_HAL_Driver/Src/stm32f1xx_hal_rtc.c ****     /* Set again alarm to match with new time if enabled */
 762:Drivers/STM32F1xx_HAL_Driver/Src/stm32f1xx_hal_rtc.c ****     if (counter_alarm != RTC_ALARM_RESETVALUE)
 763:Drivers/STM32F1xx_HAL_Driver/Src/stm32f1xx_hal_rtc.c ****     {
 764:Drivers/STM32F1xx_HAL_Driver/Src/stm32f1xx_hal_rtc.c ****       if (counter_alarm < counter_time)
 765:Drivers/STM32F1xx_HAL_Driver/Src/stm32f1xx_hal_rtc.c ****       {
 766:Drivers/STM32F1xx_HAL_Driver/Src/stm32f1xx_hal_rtc.c ****         /* Add 1 day to alarm counter*/
 767:Drivers/STM32F1xx_HAL_Driver/Src/stm32f1xx_hal_rtc.c ****         counter_alarm += (uint32_t)(24U * 3600U);
 768:Drivers/STM32F1xx_HAL_Driver/Src/stm32f1xx_hal_rtc.c **** 
 769:Drivers/STM32F1xx_HAL_Driver/Src/stm32f1xx_hal_rtc.c ****         /* Write new Alarm counter in RTC registers */
 770:Drivers/STM32F1xx_HAL_Driver/Src/stm32f1xx_hal_rtc.c ****         if (RTC_WriteAlarmCounter(hrtc, counter_alarm) != HAL_OK)
 771:Drivers/STM32F1xx_HAL_Driver/Src/stm32f1xx_hal_rtc.c ****         {
 772:Drivers/STM32F1xx_HAL_Driver/Src/stm32f1xx_hal_rtc.c ****           /* Set RTC state */
 773:Drivers/STM32F1xx_HAL_Driver/Src/stm32f1xx_hal_rtc.c ****           hrtc->State = HAL_RTC_STATE_ERROR;
ARM GAS  C:\Users\ride_pig\AppData\Local\Temp\ccyvwVwa.s 			page 15


 774:Drivers/STM32F1xx_HAL_Driver/Src/stm32f1xx_hal_rtc.c **** 
 775:Drivers/STM32F1xx_HAL_Driver/Src/stm32f1xx_hal_rtc.c ****           /* Process Unlocked */
 776:Drivers/STM32F1xx_HAL_Driver/Src/stm32f1xx_hal_rtc.c ****           __HAL_UNLOCK(hrtc);
 777:Drivers/STM32F1xx_HAL_Driver/Src/stm32f1xx_hal_rtc.c **** 
 778:Drivers/STM32F1xx_HAL_Driver/Src/stm32f1xx_hal_rtc.c ****           return HAL_ERROR;
 779:Drivers/STM32F1xx_HAL_Driver/Src/stm32f1xx_hal_rtc.c ****         }
 780:Drivers/STM32F1xx_HAL_Driver/Src/stm32f1xx_hal_rtc.c ****       }
 781:Drivers/STM32F1xx_HAL_Driver/Src/stm32f1xx_hal_rtc.c ****     }
 782:Drivers/STM32F1xx_HAL_Driver/Src/stm32f1xx_hal_rtc.c **** 
 783:Drivers/STM32F1xx_HAL_Driver/Src/stm32f1xx_hal_rtc.c ****     hrtc->State = HAL_RTC_STATE_READY;
 784:Drivers/STM32F1xx_HAL_Driver/Src/stm32f1xx_hal_rtc.c **** 
 785:Drivers/STM32F1xx_HAL_Driver/Src/stm32f1xx_hal_rtc.c ****     __HAL_UNLOCK(hrtc);
 786:Drivers/STM32F1xx_HAL_Driver/Src/stm32f1xx_hal_rtc.c **** 
 787:Drivers/STM32F1xx_HAL_Driver/Src/stm32f1xx_hal_rtc.c ****     return HAL_OK;
 788:Drivers/STM32F1xx_HAL_Driver/Src/stm32f1xx_hal_rtc.c ****   }
 789:Drivers/STM32F1xx_HAL_Driver/Src/stm32f1xx_hal_rtc.c **** }
 790:Drivers/STM32F1xx_HAL_Driver/Src/stm32f1xx_hal_rtc.c **** 
 791:Drivers/STM32F1xx_HAL_Driver/Src/stm32f1xx_hal_rtc.c **** /**
 792:Drivers/STM32F1xx_HAL_Driver/Src/stm32f1xx_hal_rtc.c ****   * @brief  Gets RTC current time.
 793:Drivers/STM32F1xx_HAL_Driver/Src/stm32f1xx_hal_rtc.c ****   * @param  hrtc   pointer to a RTC_HandleTypeDef structure that contains
 794:Drivers/STM32F1xx_HAL_Driver/Src/stm32f1xx_hal_rtc.c ****   *                the configuration information for RTC.
 795:Drivers/STM32F1xx_HAL_Driver/Src/stm32f1xx_hal_rtc.c ****   * @param  sTime: Pointer to Time structure
 796:Drivers/STM32F1xx_HAL_Driver/Src/stm32f1xx_hal_rtc.c ****   * @param  Format: Specifies the format of the entered parameters.
 797:Drivers/STM32F1xx_HAL_Driver/Src/stm32f1xx_hal_rtc.c ****   *          This parameter can be one of the following values:
 798:Drivers/STM32F1xx_HAL_Driver/Src/stm32f1xx_hal_rtc.c ****   *            @arg RTC_FORMAT_BIN: Binary data format
 799:Drivers/STM32F1xx_HAL_Driver/Src/stm32f1xx_hal_rtc.c ****   *            @arg RTC_FORMAT_BCD: BCD data format
 800:Drivers/STM32F1xx_HAL_Driver/Src/stm32f1xx_hal_rtc.c ****   * @retval HAL status
 801:Drivers/STM32F1xx_HAL_Driver/Src/stm32f1xx_hal_rtc.c ****   */
 802:Drivers/STM32F1xx_HAL_Driver/Src/stm32f1xx_hal_rtc.c **** HAL_StatusTypeDef HAL_RTC_GetTime(RTC_HandleTypeDef *hrtc, RTC_TimeTypeDef *sTime, uint32_t Format)
 803:Drivers/STM32F1xx_HAL_Driver/Src/stm32f1xx_hal_rtc.c **** {
 804:Drivers/STM32F1xx_HAL_Driver/Src/stm32f1xx_hal_rtc.c ****   uint32_t counter_time = 0U, counter_alarm = 0U, days_elapsed = 0U, hours = 0U;
 805:Drivers/STM32F1xx_HAL_Driver/Src/stm32f1xx_hal_rtc.c **** 
 806:Drivers/STM32F1xx_HAL_Driver/Src/stm32f1xx_hal_rtc.c ****   /* Check input parameters */
 807:Drivers/STM32F1xx_HAL_Driver/Src/stm32f1xx_hal_rtc.c ****   if ((hrtc == NULL) || (sTime == NULL))
 808:Drivers/STM32F1xx_HAL_Driver/Src/stm32f1xx_hal_rtc.c ****   {
 809:Drivers/STM32F1xx_HAL_Driver/Src/stm32f1xx_hal_rtc.c ****     return HAL_ERROR;
 810:Drivers/STM32F1xx_HAL_Driver/Src/stm32f1xx_hal_rtc.c ****   }
 811:Drivers/STM32F1xx_HAL_Driver/Src/stm32f1xx_hal_rtc.c **** 
 812:Drivers/STM32F1xx_HAL_Driver/Src/stm32f1xx_hal_rtc.c ****   /* Check the parameters */
 813:Drivers/STM32F1xx_HAL_Driver/Src/stm32f1xx_hal_rtc.c ****   assert_param(IS_RTC_FORMAT(Format));
 814:Drivers/STM32F1xx_HAL_Driver/Src/stm32f1xx_hal_rtc.c **** 
 815:Drivers/STM32F1xx_HAL_Driver/Src/stm32f1xx_hal_rtc.c ****   /* Check if counter overflow occurred */
 816:Drivers/STM32F1xx_HAL_Driver/Src/stm32f1xx_hal_rtc.c ****   if (__HAL_RTC_OVERFLOW_GET_FLAG(hrtc, RTC_FLAG_OW))
 817:Drivers/STM32F1xx_HAL_Driver/Src/stm32f1xx_hal_rtc.c ****   {
 818:Drivers/STM32F1xx_HAL_Driver/Src/stm32f1xx_hal_rtc.c ****     return HAL_ERROR;
 819:Drivers/STM32F1xx_HAL_Driver/Src/stm32f1xx_hal_rtc.c ****   }
 820:Drivers/STM32F1xx_HAL_Driver/Src/stm32f1xx_hal_rtc.c **** 
 821:Drivers/STM32F1xx_HAL_Driver/Src/stm32f1xx_hal_rtc.c ****   /* Read the time counter*/
 822:Drivers/STM32F1xx_HAL_Driver/Src/stm32f1xx_hal_rtc.c ****   counter_time = RTC_ReadTimeCounter(hrtc);
 823:Drivers/STM32F1xx_HAL_Driver/Src/stm32f1xx_hal_rtc.c **** 
 824:Drivers/STM32F1xx_HAL_Driver/Src/stm32f1xx_hal_rtc.c ****   /* Fill the structure fields with the read parameters */
 825:Drivers/STM32F1xx_HAL_Driver/Src/stm32f1xx_hal_rtc.c ****   hours = counter_time / 3600U;
 826:Drivers/STM32F1xx_HAL_Driver/Src/stm32f1xx_hal_rtc.c ****   sTime->Minutes  = (uint8_t)((counter_time % 3600U) / 60U);
 827:Drivers/STM32F1xx_HAL_Driver/Src/stm32f1xx_hal_rtc.c ****   sTime->Seconds  = (uint8_t)((counter_time % 3600U) % 60U);
 828:Drivers/STM32F1xx_HAL_Driver/Src/stm32f1xx_hal_rtc.c **** 
 829:Drivers/STM32F1xx_HAL_Driver/Src/stm32f1xx_hal_rtc.c ****   if (hours >= 24U)
 830:Drivers/STM32F1xx_HAL_Driver/Src/stm32f1xx_hal_rtc.c ****   {
ARM GAS  C:\Users\ride_pig\AppData\Local\Temp\ccyvwVwa.s 			page 16


 831:Drivers/STM32F1xx_HAL_Driver/Src/stm32f1xx_hal_rtc.c ****     /* Get number of days elapsed from last calculation */
 832:Drivers/STM32F1xx_HAL_Driver/Src/stm32f1xx_hal_rtc.c ****     days_elapsed = (hours / 24U);
 833:Drivers/STM32F1xx_HAL_Driver/Src/stm32f1xx_hal_rtc.c **** 
 834:Drivers/STM32F1xx_HAL_Driver/Src/stm32f1xx_hal_rtc.c ****     /* Set Hours in RTC_TimeTypeDef structure*/
 835:Drivers/STM32F1xx_HAL_Driver/Src/stm32f1xx_hal_rtc.c ****     sTime->Hours = (hours % 24U);
 836:Drivers/STM32F1xx_HAL_Driver/Src/stm32f1xx_hal_rtc.c **** 
 837:Drivers/STM32F1xx_HAL_Driver/Src/stm32f1xx_hal_rtc.c ****     /* Read Alarm counter in RTC registers */
 838:Drivers/STM32F1xx_HAL_Driver/Src/stm32f1xx_hal_rtc.c ****     counter_alarm = RTC_ReadAlarmCounter(hrtc);
 839:Drivers/STM32F1xx_HAL_Driver/Src/stm32f1xx_hal_rtc.c **** 
 840:Drivers/STM32F1xx_HAL_Driver/Src/stm32f1xx_hal_rtc.c ****     /* Calculate remaining time to reach alarm (only if set and not yet expired)*/
 841:Drivers/STM32F1xx_HAL_Driver/Src/stm32f1xx_hal_rtc.c ****     if ((counter_alarm != RTC_ALARM_RESETVALUE) && (counter_alarm > counter_time))
 842:Drivers/STM32F1xx_HAL_Driver/Src/stm32f1xx_hal_rtc.c ****     {
 843:Drivers/STM32F1xx_HAL_Driver/Src/stm32f1xx_hal_rtc.c ****       counter_alarm -= counter_time;
 844:Drivers/STM32F1xx_HAL_Driver/Src/stm32f1xx_hal_rtc.c ****     }
 845:Drivers/STM32F1xx_HAL_Driver/Src/stm32f1xx_hal_rtc.c ****     else
 846:Drivers/STM32F1xx_HAL_Driver/Src/stm32f1xx_hal_rtc.c ****     {
 847:Drivers/STM32F1xx_HAL_Driver/Src/stm32f1xx_hal_rtc.c ****       /* In case of counter_alarm < counter_time */
 848:Drivers/STM32F1xx_HAL_Driver/Src/stm32f1xx_hal_rtc.c ****       /* Alarm expiration already occurred but alarm not deactivated */
 849:Drivers/STM32F1xx_HAL_Driver/Src/stm32f1xx_hal_rtc.c ****       counter_alarm = RTC_ALARM_RESETVALUE;
 850:Drivers/STM32F1xx_HAL_Driver/Src/stm32f1xx_hal_rtc.c ****     }
 851:Drivers/STM32F1xx_HAL_Driver/Src/stm32f1xx_hal_rtc.c **** 
 852:Drivers/STM32F1xx_HAL_Driver/Src/stm32f1xx_hal_rtc.c ****     /* Set updated time in decreasing counter by number of days elapsed */
 853:Drivers/STM32F1xx_HAL_Driver/Src/stm32f1xx_hal_rtc.c ****     counter_time -= (days_elapsed * 24U * 3600U);
 854:Drivers/STM32F1xx_HAL_Driver/Src/stm32f1xx_hal_rtc.c **** 
 855:Drivers/STM32F1xx_HAL_Driver/Src/stm32f1xx_hal_rtc.c ****     /* Write time counter in RTC registers */
 856:Drivers/STM32F1xx_HAL_Driver/Src/stm32f1xx_hal_rtc.c ****     if (RTC_WriteTimeCounter(hrtc, counter_time) != HAL_OK)
 857:Drivers/STM32F1xx_HAL_Driver/Src/stm32f1xx_hal_rtc.c ****     {
 858:Drivers/STM32F1xx_HAL_Driver/Src/stm32f1xx_hal_rtc.c ****       return HAL_ERROR;
 859:Drivers/STM32F1xx_HAL_Driver/Src/stm32f1xx_hal_rtc.c ****     }
 860:Drivers/STM32F1xx_HAL_Driver/Src/stm32f1xx_hal_rtc.c **** 
 861:Drivers/STM32F1xx_HAL_Driver/Src/stm32f1xx_hal_rtc.c ****     /* Set updated alarm to be set */
 862:Drivers/STM32F1xx_HAL_Driver/Src/stm32f1xx_hal_rtc.c ****     if (counter_alarm != RTC_ALARM_RESETVALUE)
 863:Drivers/STM32F1xx_HAL_Driver/Src/stm32f1xx_hal_rtc.c ****     {
 864:Drivers/STM32F1xx_HAL_Driver/Src/stm32f1xx_hal_rtc.c ****       counter_alarm += counter_time;
 865:Drivers/STM32F1xx_HAL_Driver/Src/stm32f1xx_hal_rtc.c **** 
 866:Drivers/STM32F1xx_HAL_Driver/Src/stm32f1xx_hal_rtc.c ****       /* Write time counter in RTC registers */
 867:Drivers/STM32F1xx_HAL_Driver/Src/stm32f1xx_hal_rtc.c ****       if (RTC_WriteAlarmCounter(hrtc, counter_alarm) != HAL_OK)
 868:Drivers/STM32F1xx_HAL_Driver/Src/stm32f1xx_hal_rtc.c ****       {
 869:Drivers/STM32F1xx_HAL_Driver/Src/stm32f1xx_hal_rtc.c ****         return HAL_ERROR;
 870:Drivers/STM32F1xx_HAL_Driver/Src/stm32f1xx_hal_rtc.c ****       }
 871:Drivers/STM32F1xx_HAL_Driver/Src/stm32f1xx_hal_rtc.c ****     }
 872:Drivers/STM32F1xx_HAL_Driver/Src/stm32f1xx_hal_rtc.c ****     else
 873:Drivers/STM32F1xx_HAL_Driver/Src/stm32f1xx_hal_rtc.c ****     {
 874:Drivers/STM32F1xx_HAL_Driver/Src/stm32f1xx_hal_rtc.c ****       /* Alarm already occurred. Set it to reset values to avoid unexpected expiration */
 875:Drivers/STM32F1xx_HAL_Driver/Src/stm32f1xx_hal_rtc.c ****       if (RTC_WriteAlarmCounter(hrtc, counter_alarm) != HAL_OK)
 876:Drivers/STM32F1xx_HAL_Driver/Src/stm32f1xx_hal_rtc.c ****       {
 877:Drivers/STM32F1xx_HAL_Driver/Src/stm32f1xx_hal_rtc.c ****         return HAL_ERROR;
 878:Drivers/STM32F1xx_HAL_Driver/Src/stm32f1xx_hal_rtc.c ****       }
 879:Drivers/STM32F1xx_HAL_Driver/Src/stm32f1xx_hal_rtc.c ****     }
 880:Drivers/STM32F1xx_HAL_Driver/Src/stm32f1xx_hal_rtc.c **** 
 881:Drivers/STM32F1xx_HAL_Driver/Src/stm32f1xx_hal_rtc.c ****     /* Update date */
 882:Drivers/STM32F1xx_HAL_Driver/Src/stm32f1xx_hal_rtc.c ****     RTC_DateUpdate(hrtc, days_elapsed);
 883:Drivers/STM32F1xx_HAL_Driver/Src/stm32f1xx_hal_rtc.c ****   }
 884:Drivers/STM32F1xx_HAL_Driver/Src/stm32f1xx_hal_rtc.c ****   else
 885:Drivers/STM32F1xx_HAL_Driver/Src/stm32f1xx_hal_rtc.c ****   {
 886:Drivers/STM32F1xx_HAL_Driver/Src/stm32f1xx_hal_rtc.c ****     sTime->Hours = hours;
 887:Drivers/STM32F1xx_HAL_Driver/Src/stm32f1xx_hal_rtc.c ****   }
ARM GAS  C:\Users\ride_pig\AppData\Local\Temp\ccyvwVwa.s 			page 17


 888:Drivers/STM32F1xx_HAL_Driver/Src/stm32f1xx_hal_rtc.c **** 
 889:Drivers/STM32F1xx_HAL_Driver/Src/stm32f1xx_hal_rtc.c ****   /* Check the input parameters format */
 890:Drivers/STM32F1xx_HAL_Driver/Src/stm32f1xx_hal_rtc.c ****   if (Format != RTC_FORMAT_BIN)
 891:Drivers/STM32F1xx_HAL_Driver/Src/stm32f1xx_hal_rtc.c ****   {
 892:Drivers/STM32F1xx_HAL_Driver/Src/stm32f1xx_hal_rtc.c ****     /* Convert the time structure parameters to BCD format */
 893:Drivers/STM32F1xx_HAL_Driver/Src/stm32f1xx_hal_rtc.c ****     sTime->Hours    = (uint8_t)RTC_ByteToBcd2(sTime->Hours);
 894:Drivers/STM32F1xx_HAL_Driver/Src/stm32f1xx_hal_rtc.c ****     sTime->Minutes  = (uint8_t)RTC_ByteToBcd2(sTime->Minutes);
 895:Drivers/STM32F1xx_HAL_Driver/Src/stm32f1xx_hal_rtc.c ****     sTime->Seconds  = (uint8_t)RTC_ByteToBcd2(sTime->Seconds);
 896:Drivers/STM32F1xx_HAL_Driver/Src/stm32f1xx_hal_rtc.c ****   }
 897:Drivers/STM32F1xx_HAL_Driver/Src/stm32f1xx_hal_rtc.c **** 
 898:Drivers/STM32F1xx_HAL_Driver/Src/stm32f1xx_hal_rtc.c ****   return HAL_OK;
 899:Drivers/STM32F1xx_HAL_Driver/Src/stm32f1xx_hal_rtc.c **** }
 900:Drivers/STM32F1xx_HAL_Driver/Src/stm32f1xx_hal_rtc.c **** 
 901:Drivers/STM32F1xx_HAL_Driver/Src/stm32f1xx_hal_rtc.c **** 
 902:Drivers/STM32F1xx_HAL_Driver/Src/stm32f1xx_hal_rtc.c **** /**
 903:Drivers/STM32F1xx_HAL_Driver/Src/stm32f1xx_hal_rtc.c ****   * @brief  Sets RTC current date.
 904:Drivers/STM32F1xx_HAL_Driver/Src/stm32f1xx_hal_rtc.c ****   * @param  hrtc   pointer to a RTC_HandleTypeDef structure that contains
 905:Drivers/STM32F1xx_HAL_Driver/Src/stm32f1xx_hal_rtc.c ****   *                the configuration information for RTC.
 906:Drivers/STM32F1xx_HAL_Driver/Src/stm32f1xx_hal_rtc.c ****   * @param  sDate: Pointer to date structure
 907:Drivers/STM32F1xx_HAL_Driver/Src/stm32f1xx_hal_rtc.c ****   * @param  Format: specifies the format of the entered parameters.
 908:Drivers/STM32F1xx_HAL_Driver/Src/stm32f1xx_hal_rtc.c ****   *          This parameter can be one of the following values:
 909:Drivers/STM32F1xx_HAL_Driver/Src/stm32f1xx_hal_rtc.c ****   *            @arg RTC_FORMAT_BIN: Binary data format
 910:Drivers/STM32F1xx_HAL_Driver/Src/stm32f1xx_hal_rtc.c ****   *            @arg RTC_FORMAT_BCD: BCD data format
 911:Drivers/STM32F1xx_HAL_Driver/Src/stm32f1xx_hal_rtc.c ****   * @retval HAL status
 912:Drivers/STM32F1xx_HAL_Driver/Src/stm32f1xx_hal_rtc.c ****   */
 913:Drivers/STM32F1xx_HAL_Driver/Src/stm32f1xx_hal_rtc.c **** HAL_StatusTypeDef HAL_RTC_SetDate(RTC_HandleTypeDef *hrtc, RTC_DateTypeDef *sDate, uint32_t Format)
 914:Drivers/STM32F1xx_HAL_Driver/Src/stm32f1xx_hal_rtc.c **** {
 915:Drivers/STM32F1xx_HAL_Driver/Src/stm32f1xx_hal_rtc.c ****   uint32_t counter_time = 0U, counter_alarm = 0U, hours = 0U;
 916:Drivers/STM32F1xx_HAL_Driver/Src/stm32f1xx_hal_rtc.c **** 
 917:Drivers/STM32F1xx_HAL_Driver/Src/stm32f1xx_hal_rtc.c ****   /* Check input parameters */
 918:Drivers/STM32F1xx_HAL_Driver/Src/stm32f1xx_hal_rtc.c ****   if ((hrtc == NULL) || (sDate == NULL))
 919:Drivers/STM32F1xx_HAL_Driver/Src/stm32f1xx_hal_rtc.c ****   {
 920:Drivers/STM32F1xx_HAL_Driver/Src/stm32f1xx_hal_rtc.c ****     return HAL_ERROR;
 921:Drivers/STM32F1xx_HAL_Driver/Src/stm32f1xx_hal_rtc.c ****   }
 922:Drivers/STM32F1xx_HAL_Driver/Src/stm32f1xx_hal_rtc.c **** 
 923:Drivers/STM32F1xx_HAL_Driver/Src/stm32f1xx_hal_rtc.c ****   /* Check the parameters */
 924:Drivers/STM32F1xx_HAL_Driver/Src/stm32f1xx_hal_rtc.c ****   assert_param(IS_RTC_FORMAT(Format));
 925:Drivers/STM32F1xx_HAL_Driver/Src/stm32f1xx_hal_rtc.c **** 
 926:Drivers/STM32F1xx_HAL_Driver/Src/stm32f1xx_hal_rtc.c ****   /* Process Locked */
 927:Drivers/STM32F1xx_HAL_Driver/Src/stm32f1xx_hal_rtc.c ****   __HAL_LOCK(hrtc);
 928:Drivers/STM32F1xx_HAL_Driver/Src/stm32f1xx_hal_rtc.c **** 
 929:Drivers/STM32F1xx_HAL_Driver/Src/stm32f1xx_hal_rtc.c ****   hrtc->State = HAL_RTC_STATE_BUSY;
 930:Drivers/STM32F1xx_HAL_Driver/Src/stm32f1xx_hal_rtc.c **** 
 931:Drivers/STM32F1xx_HAL_Driver/Src/stm32f1xx_hal_rtc.c ****   if (Format == RTC_FORMAT_BIN)
 932:Drivers/STM32F1xx_HAL_Driver/Src/stm32f1xx_hal_rtc.c ****   {
 933:Drivers/STM32F1xx_HAL_Driver/Src/stm32f1xx_hal_rtc.c ****     assert_param(IS_RTC_YEAR(sDate->Year));
 934:Drivers/STM32F1xx_HAL_Driver/Src/stm32f1xx_hal_rtc.c ****     assert_param(IS_RTC_MONTH(sDate->Month));
 935:Drivers/STM32F1xx_HAL_Driver/Src/stm32f1xx_hal_rtc.c ****     assert_param(IS_RTC_DATE(sDate->Date));
 936:Drivers/STM32F1xx_HAL_Driver/Src/stm32f1xx_hal_rtc.c **** 
 937:Drivers/STM32F1xx_HAL_Driver/Src/stm32f1xx_hal_rtc.c ****     /* Change the current date */
 938:Drivers/STM32F1xx_HAL_Driver/Src/stm32f1xx_hal_rtc.c ****     hrtc->DateToUpdate.Year  = sDate->Year;
 939:Drivers/STM32F1xx_HAL_Driver/Src/stm32f1xx_hal_rtc.c ****     hrtc->DateToUpdate.Month = sDate->Month;
 940:Drivers/STM32F1xx_HAL_Driver/Src/stm32f1xx_hal_rtc.c ****     hrtc->DateToUpdate.Date  = sDate->Date;
 941:Drivers/STM32F1xx_HAL_Driver/Src/stm32f1xx_hal_rtc.c ****   }
 942:Drivers/STM32F1xx_HAL_Driver/Src/stm32f1xx_hal_rtc.c ****   else
 943:Drivers/STM32F1xx_HAL_Driver/Src/stm32f1xx_hal_rtc.c ****   {
 944:Drivers/STM32F1xx_HAL_Driver/Src/stm32f1xx_hal_rtc.c ****     assert_param(IS_RTC_YEAR(RTC_Bcd2ToByte(sDate->Year)));
ARM GAS  C:\Users\ride_pig\AppData\Local\Temp\ccyvwVwa.s 			page 18


 945:Drivers/STM32F1xx_HAL_Driver/Src/stm32f1xx_hal_rtc.c ****     assert_param(IS_RTC_MONTH(RTC_Bcd2ToByte(sDate->Month)));
 946:Drivers/STM32F1xx_HAL_Driver/Src/stm32f1xx_hal_rtc.c ****     assert_param(IS_RTC_DATE(RTC_Bcd2ToByte(sDate->Date)));
 947:Drivers/STM32F1xx_HAL_Driver/Src/stm32f1xx_hal_rtc.c **** 
 948:Drivers/STM32F1xx_HAL_Driver/Src/stm32f1xx_hal_rtc.c ****     /* Change the current date */
 949:Drivers/STM32F1xx_HAL_Driver/Src/stm32f1xx_hal_rtc.c ****     hrtc->DateToUpdate.Year  = RTC_Bcd2ToByte(sDate->Year);
 950:Drivers/STM32F1xx_HAL_Driver/Src/stm32f1xx_hal_rtc.c ****     hrtc->DateToUpdate.Month = RTC_Bcd2ToByte(sDate->Month);
 951:Drivers/STM32F1xx_HAL_Driver/Src/stm32f1xx_hal_rtc.c ****     hrtc->DateToUpdate.Date  = RTC_Bcd2ToByte(sDate->Date);
 952:Drivers/STM32F1xx_HAL_Driver/Src/stm32f1xx_hal_rtc.c ****   }
 953:Drivers/STM32F1xx_HAL_Driver/Src/stm32f1xx_hal_rtc.c **** 
 954:Drivers/STM32F1xx_HAL_Driver/Src/stm32f1xx_hal_rtc.c ****   /* WeekDay set by user can be ignored because automatically calculated */
 955:Drivers/STM32F1xx_HAL_Driver/Src/stm32f1xx_hal_rtc.c ****   hrtc->DateToUpdate.WeekDay = RTC_WeekDayNum(hrtc->DateToUpdate.Year, hrtc->DateToUpdate.Month, hr
 956:Drivers/STM32F1xx_HAL_Driver/Src/stm32f1xx_hal_rtc.c ****   sDate->WeekDay = hrtc->DateToUpdate.WeekDay;
 957:Drivers/STM32F1xx_HAL_Driver/Src/stm32f1xx_hal_rtc.c **** 
 958:Drivers/STM32F1xx_HAL_Driver/Src/stm32f1xx_hal_rtc.c ****   /* Reset time to be aligned on the same day */
 959:Drivers/STM32F1xx_HAL_Driver/Src/stm32f1xx_hal_rtc.c ****   /* Read the time counter*/
 960:Drivers/STM32F1xx_HAL_Driver/Src/stm32f1xx_hal_rtc.c ****   counter_time = RTC_ReadTimeCounter(hrtc);
 961:Drivers/STM32F1xx_HAL_Driver/Src/stm32f1xx_hal_rtc.c **** 
 962:Drivers/STM32F1xx_HAL_Driver/Src/stm32f1xx_hal_rtc.c ****   /* Fill the structure fields with the read parameters */
 963:Drivers/STM32F1xx_HAL_Driver/Src/stm32f1xx_hal_rtc.c ****   hours = counter_time / 3600U;
 964:Drivers/STM32F1xx_HAL_Driver/Src/stm32f1xx_hal_rtc.c ****   if (hours > 24U)
 965:Drivers/STM32F1xx_HAL_Driver/Src/stm32f1xx_hal_rtc.c ****   {
 966:Drivers/STM32F1xx_HAL_Driver/Src/stm32f1xx_hal_rtc.c ****     /* Set updated time in decreasing counter by number of days elapsed */
 967:Drivers/STM32F1xx_HAL_Driver/Src/stm32f1xx_hal_rtc.c ****     counter_time -= ((hours / 24U) * 24U * 3600U);
 968:Drivers/STM32F1xx_HAL_Driver/Src/stm32f1xx_hal_rtc.c ****     /* Write time counter in RTC registers */
 969:Drivers/STM32F1xx_HAL_Driver/Src/stm32f1xx_hal_rtc.c ****     if (RTC_WriteTimeCounter(hrtc, counter_time) != HAL_OK)
 970:Drivers/STM32F1xx_HAL_Driver/Src/stm32f1xx_hal_rtc.c ****     {
 971:Drivers/STM32F1xx_HAL_Driver/Src/stm32f1xx_hal_rtc.c ****       /* Set RTC state */
 972:Drivers/STM32F1xx_HAL_Driver/Src/stm32f1xx_hal_rtc.c ****       hrtc->State = HAL_RTC_STATE_ERROR;
 973:Drivers/STM32F1xx_HAL_Driver/Src/stm32f1xx_hal_rtc.c **** 
 974:Drivers/STM32F1xx_HAL_Driver/Src/stm32f1xx_hal_rtc.c ****       /* Process Unlocked */
 975:Drivers/STM32F1xx_HAL_Driver/Src/stm32f1xx_hal_rtc.c ****       __HAL_UNLOCK(hrtc);
 976:Drivers/STM32F1xx_HAL_Driver/Src/stm32f1xx_hal_rtc.c **** 
 977:Drivers/STM32F1xx_HAL_Driver/Src/stm32f1xx_hal_rtc.c ****       return HAL_ERROR;
 978:Drivers/STM32F1xx_HAL_Driver/Src/stm32f1xx_hal_rtc.c ****     }
 979:Drivers/STM32F1xx_HAL_Driver/Src/stm32f1xx_hal_rtc.c **** 
 980:Drivers/STM32F1xx_HAL_Driver/Src/stm32f1xx_hal_rtc.c ****     /* Read current Alarm counter in RTC registers */
 981:Drivers/STM32F1xx_HAL_Driver/Src/stm32f1xx_hal_rtc.c ****     counter_alarm = RTC_ReadAlarmCounter(hrtc);
 982:Drivers/STM32F1xx_HAL_Driver/Src/stm32f1xx_hal_rtc.c **** 
 983:Drivers/STM32F1xx_HAL_Driver/Src/stm32f1xx_hal_rtc.c ****     /* Set again alarm to match with new time if enabled */
 984:Drivers/STM32F1xx_HAL_Driver/Src/stm32f1xx_hal_rtc.c ****     if (counter_alarm != RTC_ALARM_RESETVALUE)
 985:Drivers/STM32F1xx_HAL_Driver/Src/stm32f1xx_hal_rtc.c ****     {
 986:Drivers/STM32F1xx_HAL_Driver/Src/stm32f1xx_hal_rtc.c ****       if (counter_alarm < counter_time)
 987:Drivers/STM32F1xx_HAL_Driver/Src/stm32f1xx_hal_rtc.c ****       {
 988:Drivers/STM32F1xx_HAL_Driver/Src/stm32f1xx_hal_rtc.c ****         /* Add 1 day to alarm counter*/
 989:Drivers/STM32F1xx_HAL_Driver/Src/stm32f1xx_hal_rtc.c ****         counter_alarm += (uint32_t)(24U * 3600U);
 990:Drivers/STM32F1xx_HAL_Driver/Src/stm32f1xx_hal_rtc.c **** 
 991:Drivers/STM32F1xx_HAL_Driver/Src/stm32f1xx_hal_rtc.c ****         /* Write new Alarm counter in RTC registers */
 992:Drivers/STM32F1xx_HAL_Driver/Src/stm32f1xx_hal_rtc.c ****         if (RTC_WriteAlarmCounter(hrtc, counter_alarm) != HAL_OK)
 993:Drivers/STM32F1xx_HAL_Driver/Src/stm32f1xx_hal_rtc.c ****         {
 994:Drivers/STM32F1xx_HAL_Driver/Src/stm32f1xx_hal_rtc.c ****           /* Set RTC state */
 995:Drivers/STM32F1xx_HAL_Driver/Src/stm32f1xx_hal_rtc.c ****           hrtc->State = HAL_RTC_STATE_ERROR;
 996:Drivers/STM32F1xx_HAL_Driver/Src/stm32f1xx_hal_rtc.c **** 
 997:Drivers/STM32F1xx_HAL_Driver/Src/stm32f1xx_hal_rtc.c ****           /* Process Unlocked */
 998:Drivers/STM32F1xx_HAL_Driver/Src/stm32f1xx_hal_rtc.c ****           __HAL_UNLOCK(hrtc);
 999:Drivers/STM32F1xx_HAL_Driver/Src/stm32f1xx_hal_rtc.c **** 
1000:Drivers/STM32F1xx_HAL_Driver/Src/stm32f1xx_hal_rtc.c ****           return HAL_ERROR;
1001:Drivers/STM32F1xx_HAL_Driver/Src/stm32f1xx_hal_rtc.c ****         }
ARM GAS  C:\Users\ride_pig\AppData\Local\Temp\ccyvwVwa.s 			page 19


1002:Drivers/STM32F1xx_HAL_Driver/Src/stm32f1xx_hal_rtc.c ****       }
1003:Drivers/STM32F1xx_HAL_Driver/Src/stm32f1xx_hal_rtc.c ****     }
1004:Drivers/STM32F1xx_HAL_Driver/Src/stm32f1xx_hal_rtc.c **** 
1005:Drivers/STM32F1xx_HAL_Driver/Src/stm32f1xx_hal_rtc.c **** 
1006:Drivers/STM32F1xx_HAL_Driver/Src/stm32f1xx_hal_rtc.c ****   }
1007:Drivers/STM32F1xx_HAL_Driver/Src/stm32f1xx_hal_rtc.c **** 
1008:Drivers/STM32F1xx_HAL_Driver/Src/stm32f1xx_hal_rtc.c ****   hrtc->State = HAL_RTC_STATE_READY ;
1009:Drivers/STM32F1xx_HAL_Driver/Src/stm32f1xx_hal_rtc.c **** 
1010:Drivers/STM32F1xx_HAL_Driver/Src/stm32f1xx_hal_rtc.c ****   /* Process Unlocked */
1011:Drivers/STM32F1xx_HAL_Driver/Src/stm32f1xx_hal_rtc.c ****   __HAL_UNLOCK(hrtc);
1012:Drivers/STM32F1xx_HAL_Driver/Src/stm32f1xx_hal_rtc.c **** 
1013:Drivers/STM32F1xx_HAL_Driver/Src/stm32f1xx_hal_rtc.c ****   return HAL_OK;
1014:Drivers/STM32F1xx_HAL_Driver/Src/stm32f1xx_hal_rtc.c **** }
1015:Drivers/STM32F1xx_HAL_Driver/Src/stm32f1xx_hal_rtc.c **** 
1016:Drivers/STM32F1xx_HAL_Driver/Src/stm32f1xx_hal_rtc.c **** /**
1017:Drivers/STM32F1xx_HAL_Driver/Src/stm32f1xx_hal_rtc.c ****   * @brief  Gets RTC current date.
1018:Drivers/STM32F1xx_HAL_Driver/Src/stm32f1xx_hal_rtc.c ****   * @param  hrtc   pointer to a RTC_HandleTypeDef structure that contains
1019:Drivers/STM32F1xx_HAL_Driver/Src/stm32f1xx_hal_rtc.c ****   *                the configuration information for RTC.
1020:Drivers/STM32F1xx_HAL_Driver/Src/stm32f1xx_hal_rtc.c ****   * @param  sDate: Pointer to Date structure
1021:Drivers/STM32F1xx_HAL_Driver/Src/stm32f1xx_hal_rtc.c ****   * @param  Format: Specifies the format of the entered parameters.
1022:Drivers/STM32F1xx_HAL_Driver/Src/stm32f1xx_hal_rtc.c ****   *          This parameter can be one of the following values:
1023:Drivers/STM32F1xx_HAL_Driver/Src/stm32f1xx_hal_rtc.c ****   *            @arg RTC_FORMAT_BIN:  Binary data format
1024:Drivers/STM32F1xx_HAL_Driver/Src/stm32f1xx_hal_rtc.c ****   *            @arg RTC_FORMAT_BCD:  BCD data format
1025:Drivers/STM32F1xx_HAL_Driver/Src/stm32f1xx_hal_rtc.c ****   * @retval HAL status
1026:Drivers/STM32F1xx_HAL_Driver/Src/stm32f1xx_hal_rtc.c ****   */
1027:Drivers/STM32F1xx_HAL_Driver/Src/stm32f1xx_hal_rtc.c **** HAL_StatusTypeDef HAL_RTC_GetDate(RTC_HandleTypeDef *hrtc, RTC_DateTypeDef *sDate, uint32_t Format)
1028:Drivers/STM32F1xx_HAL_Driver/Src/stm32f1xx_hal_rtc.c **** {
1029:Drivers/STM32F1xx_HAL_Driver/Src/stm32f1xx_hal_rtc.c ****   RTC_TimeTypeDef stime = {0U};
1030:Drivers/STM32F1xx_HAL_Driver/Src/stm32f1xx_hal_rtc.c **** 
1031:Drivers/STM32F1xx_HAL_Driver/Src/stm32f1xx_hal_rtc.c ****   /* Check input parameters */
1032:Drivers/STM32F1xx_HAL_Driver/Src/stm32f1xx_hal_rtc.c ****   if ((hrtc == NULL) || (sDate == NULL))
1033:Drivers/STM32F1xx_HAL_Driver/Src/stm32f1xx_hal_rtc.c ****   {
1034:Drivers/STM32F1xx_HAL_Driver/Src/stm32f1xx_hal_rtc.c ****     return HAL_ERROR;
1035:Drivers/STM32F1xx_HAL_Driver/Src/stm32f1xx_hal_rtc.c ****   }
1036:Drivers/STM32F1xx_HAL_Driver/Src/stm32f1xx_hal_rtc.c **** 
1037:Drivers/STM32F1xx_HAL_Driver/Src/stm32f1xx_hal_rtc.c ****   /* Check the parameters */
1038:Drivers/STM32F1xx_HAL_Driver/Src/stm32f1xx_hal_rtc.c ****   assert_param(IS_RTC_FORMAT(Format));
1039:Drivers/STM32F1xx_HAL_Driver/Src/stm32f1xx_hal_rtc.c **** 
1040:Drivers/STM32F1xx_HAL_Driver/Src/stm32f1xx_hal_rtc.c ****   /* Call HAL_RTC_GetTime function to update date if counter higher than 24 hours */
1041:Drivers/STM32F1xx_HAL_Driver/Src/stm32f1xx_hal_rtc.c ****   if (HAL_RTC_GetTime(hrtc, &stime, RTC_FORMAT_BIN) != HAL_OK)
1042:Drivers/STM32F1xx_HAL_Driver/Src/stm32f1xx_hal_rtc.c ****   {
1043:Drivers/STM32F1xx_HAL_Driver/Src/stm32f1xx_hal_rtc.c ****     return HAL_ERROR;
1044:Drivers/STM32F1xx_HAL_Driver/Src/stm32f1xx_hal_rtc.c ****   }
1045:Drivers/STM32F1xx_HAL_Driver/Src/stm32f1xx_hal_rtc.c **** 
1046:Drivers/STM32F1xx_HAL_Driver/Src/stm32f1xx_hal_rtc.c ****   /* Fill the structure fields with the read parameters */
1047:Drivers/STM32F1xx_HAL_Driver/Src/stm32f1xx_hal_rtc.c ****   sDate->WeekDay  = hrtc->DateToUpdate.WeekDay;
1048:Drivers/STM32F1xx_HAL_Driver/Src/stm32f1xx_hal_rtc.c ****   sDate->Year     = hrtc->DateToUpdate.Year;
1049:Drivers/STM32F1xx_HAL_Driver/Src/stm32f1xx_hal_rtc.c ****   sDate->Month    = hrtc->DateToUpdate.Month;
1050:Drivers/STM32F1xx_HAL_Driver/Src/stm32f1xx_hal_rtc.c ****   sDate->Date     = hrtc->DateToUpdate.Date;
1051:Drivers/STM32F1xx_HAL_Driver/Src/stm32f1xx_hal_rtc.c **** 
1052:Drivers/STM32F1xx_HAL_Driver/Src/stm32f1xx_hal_rtc.c ****   /* Check the input parameters format */
1053:Drivers/STM32F1xx_HAL_Driver/Src/stm32f1xx_hal_rtc.c ****   if (Format != RTC_FORMAT_BIN)
1054:Drivers/STM32F1xx_HAL_Driver/Src/stm32f1xx_hal_rtc.c ****   {
1055:Drivers/STM32F1xx_HAL_Driver/Src/stm32f1xx_hal_rtc.c ****     /* Convert the date structure parameters to BCD format */
1056:Drivers/STM32F1xx_HAL_Driver/Src/stm32f1xx_hal_rtc.c ****     sDate->Year   = (uint8_t)RTC_ByteToBcd2(sDate->Year);
1057:Drivers/STM32F1xx_HAL_Driver/Src/stm32f1xx_hal_rtc.c ****     sDate->Month  = (uint8_t)RTC_ByteToBcd2(sDate->Month);
1058:Drivers/STM32F1xx_HAL_Driver/Src/stm32f1xx_hal_rtc.c ****     sDate->Date   = (uint8_t)RTC_ByteToBcd2(sDate->Date);
ARM GAS  C:\Users\ride_pig\AppData\Local\Temp\ccyvwVwa.s 			page 20


1059:Drivers/STM32F1xx_HAL_Driver/Src/stm32f1xx_hal_rtc.c ****   }
1060:Drivers/STM32F1xx_HAL_Driver/Src/stm32f1xx_hal_rtc.c ****   return HAL_OK;
1061:Drivers/STM32F1xx_HAL_Driver/Src/stm32f1xx_hal_rtc.c **** }
1062:Drivers/STM32F1xx_HAL_Driver/Src/stm32f1xx_hal_rtc.c **** 
1063:Drivers/STM32F1xx_HAL_Driver/Src/stm32f1xx_hal_rtc.c **** /**
1064:Drivers/STM32F1xx_HAL_Driver/Src/stm32f1xx_hal_rtc.c ****   * @}
1065:Drivers/STM32F1xx_HAL_Driver/Src/stm32f1xx_hal_rtc.c ****   */
1066:Drivers/STM32F1xx_HAL_Driver/Src/stm32f1xx_hal_rtc.c **** 
1067:Drivers/STM32F1xx_HAL_Driver/Src/stm32f1xx_hal_rtc.c **** /** @defgroup RTC_Exported_Functions_Group3 Alarm functions
1068:Drivers/STM32F1xx_HAL_Driver/Src/stm32f1xx_hal_rtc.c ****  *  @brief   RTC Alarm functions
1069:Drivers/STM32F1xx_HAL_Driver/Src/stm32f1xx_hal_rtc.c ****  *
1070:Drivers/STM32F1xx_HAL_Driver/Src/stm32f1xx_hal_rtc.c **** @verbatim
1071:Drivers/STM32F1xx_HAL_Driver/Src/stm32f1xx_hal_rtc.c ****  ===============================================================================
1072:Drivers/STM32F1xx_HAL_Driver/Src/stm32f1xx_hal_rtc.c ****                  ##### RTC Alarm functions #####
1073:Drivers/STM32F1xx_HAL_Driver/Src/stm32f1xx_hal_rtc.c ****  ===============================================================================
1074:Drivers/STM32F1xx_HAL_Driver/Src/stm32f1xx_hal_rtc.c **** 
1075:Drivers/STM32F1xx_HAL_Driver/Src/stm32f1xx_hal_rtc.c ****  [..] This section provides functions allowing to configure Alarm feature
1076:Drivers/STM32F1xx_HAL_Driver/Src/stm32f1xx_hal_rtc.c **** 
1077:Drivers/STM32F1xx_HAL_Driver/Src/stm32f1xx_hal_rtc.c **** @endverbatim
1078:Drivers/STM32F1xx_HAL_Driver/Src/stm32f1xx_hal_rtc.c ****   * @{
1079:Drivers/STM32F1xx_HAL_Driver/Src/stm32f1xx_hal_rtc.c ****   */
1080:Drivers/STM32F1xx_HAL_Driver/Src/stm32f1xx_hal_rtc.c **** 
1081:Drivers/STM32F1xx_HAL_Driver/Src/stm32f1xx_hal_rtc.c **** /**
1082:Drivers/STM32F1xx_HAL_Driver/Src/stm32f1xx_hal_rtc.c ****   * @brief  Sets the specified RTC Alarm.
1083:Drivers/STM32F1xx_HAL_Driver/Src/stm32f1xx_hal_rtc.c ****   * @param  hrtc   pointer to a RTC_HandleTypeDef structure that contains
1084:Drivers/STM32F1xx_HAL_Driver/Src/stm32f1xx_hal_rtc.c ****   *                the configuration information for RTC.
1085:Drivers/STM32F1xx_HAL_Driver/Src/stm32f1xx_hal_rtc.c ****   * @param  sAlarm: Pointer to Alarm structure
1086:Drivers/STM32F1xx_HAL_Driver/Src/stm32f1xx_hal_rtc.c ****   * @param  Format: Specifies the format of the entered parameters.
1087:Drivers/STM32F1xx_HAL_Driver/Src/stm32f1xx_hal_rtc.c ****   *          This parameter can be one of the following values:
1088:Drivers/STM32F1xx_HAL_Driver/Src/stm32f1xx_hal_rtc.c ****   *             @arg RTC_FORMAT_BIN: Binary data format
1089:Drivers/STM32F1xx_HAL_Driver/Src/stm32f1xx_hal_rtc.c ****   *             @arg RTC_FORMAT_BCD: BCD data format
1090:Drivers/STM32F1xx_HAL_Driver/Src/stm32f1xx_hal_rtc.c ****   * @retval HAL status
1091:Drivers/STM32F1xx_HAL_Driver/Src/stm32f1xx_hal_rtc.c ****   */
1092:Drivers/STM32F1xx_HAL_Driver/Src/stm32f1xx_hal_rtc.c **** HAL_StatusTypeDef HAL_RTC_SetAlarm(RTC_HandleTypeDef *hrtc, RTC_AlarmTypeDef *sAlarm, uint32_t Form
1093:Drivers/STM32F1xx_HAL_Driver/Src/stm32f1xx_hal_rtc.c **** {
1094:Drivers/STM32F1xx_HAL_Driver/Src/stm32f1xx_hal_rtc.c ****   uint32_t counter_alarm = 0U, counter_time;
1095:Drivers/STM32F1xx_HAL_Driver/Src/stm32f1xx_hal_rtc.c ****   RTC_TimeTypeDef stime = {0U};
1096:Drivers/STM32F1xx_HAL_Driver/Src/stm32f1xx_hal_rtc.c **** 
1097:Drivers/STM32F1xx_HAL_Driver/Src/stm32f1xx_hal_rtc.c ****   /* Check input parameters */
1098:Drivers/STM32F1xx_HAL_Driver/Src/stm32f1xx_hal_rtc.c ****   if ((hrtc == NULL) || (sAlarm == NULL))
1099:Drivers/STM32F1xx_HAL_Driver/Src/stm32f1xx_hal_rtc.c ****   {
1100:Drivers/STM32F1xx_HAL_Driver/Src/stm32f1xx_hal_rtc.c ****     return HAL_ERROR;
1101:Drivers/STM32F1xx_HAL_Driver/Src/stm32f1xx_hal_rtc.c ****   }
1102:Drivers/STM32F1xx_HAL_Driver/Src/stm32f1xx_hal_rtc.c **** 
1103:Drivers/STM32F1xx_HAL_Driver/Src/stm32f1xx_hal_rtc.c ****   /* Check the parameters */
1104:Drivers/STM32F1xx_HAL_Driver/Src/stm32f1xx_hal_rtc.c ****   assert_param(IS_RTC_FORMAT(Format));
1105:Drivers/STM32F1xx_HAL_Driver/Src/stm32f1xx_hal_rtc.c ****   assert_param(IS_RTC_ALARM(sAlarm->Alarm));
1106:Drivers/STM32F1xx_HAL_Driver/Src/stm32f1xx_hal_rtc.c **** 
1107:Drivers/STM32F1xx_HAL_Driver/Src/stm32f1xx_hal_rtc.c ****   /* Process Locked */
1108:Drivers/STM32F1xx_HAL_Driver/Src/stm32f1xx_hal_rtc.c ****   __HAL_LOCK(hrtc);
1109:Drivers/STM32F1xx_HAL_Driver/Src/stm32f1xx_hal_rtc.c **** 
1110:Drivers/STM32F1xx_HAL_Driver/Src/stm32f1xx_hal_rtc.c ****   hrtc->State = HAL_RTC_STATE_BUSY;
1111:Drivers/STM32F1xx_HAL_Driver/Src/stm32f1xx_hal_rtc.c **** 
1112:Drivers/STM32F1xx_HAL_Driver/Src/stm32f1xx_hal_rtc.c ****   /* Call HAL_RTC_GetTime function to update date if counter higher than 24 hours */
1113:Drivers/STM32F1xx_HAL_Driver/Src/stm32f1xx_hal_rtc.c ****   if (HAL_RTC_GetTime(hrtc, &stime, RTC_FORMAT_BIN) != HAL_OK)
1114:Drivers/STM32F1xx_HAL_Driver/Src/stm32f1xx_hal_rtc.c ****   {
1115:Drivers/STM32F1xx_HAL_Driver/Src/stm32f1xx_hal_rtc.c ****     return HAL_ERROR;
ARM GAS  C:\Users\ride_pig\AppData\Local\Temp\ccyvwVwa.s 			page 21


1116:Drivers/STM32F1xx_HAL_Driver/Src/stm32f1xx_hal_rtc.c ****   }
1117:Drivers/STM32F1xx_HAL_Driver/Src/stm32f1xx_hal_rtc.c **** 
1118:Drivers/STM32F1xx_HAL_Driver/Src/stm32f1xx_hal_rtc.c ****   /* Convert time in seconds */
1119:Drivers/STM32F1xx_HAL_Driver/Src/stm32f1xx_hal_rtc.c ****   counter_time = (uint32_t)(((uint32_t)stime.Hours * 3600U) + \
1120:Drivers/STM32F1xx_HAL_Driver/Src/stm32f1xx_hal_rtc.c ****                             ((uint32_t)stime.Minutes * 60U) + \
1121:Drivers/STM32F1xx_HAL_Driver/Src/stm32f1xx_hal_rtc.c ****                             ((uint32_t)stime.Seconds));
1122:Drivers/STM32F1xx_HAL_Driver/Src/stm32f1xx_hal_rtc.c **** 
1123:Drivers/STM32F1xx_HAL_Driver/Src/stm32f1xx_hal_rtc.c ****   if (Format == RTC_FORMAT_BIN)
1124:Drivers/STM32F1xx_HAL_Driver/Src/stm32f1xx_hal_rtc.c ****   {
1125:Drivers/STM32F1xx_HAL_Driver/Src/stm32f1xx_hal_rtc.c ****     assert_param(IS_RTC_HOUR24(sAlarm->AlarmTime.Hours));
1126:Drivers/STM32F1xx_HAL_Driver/Src/stm32f1xx_hal_rtc.c ****     assert_param(IS_RTC_MINUTES(sAlarm->AlarmTime.Minutes));
1127:Drivers/STM32F1xx_HAL_Driver/Src/stm32f1xx_hal_rtc.c ****     assert_param(IS_RTC_SECONDS(sAlarm->AlarmTime.Seconds));
1128:Drivers/STM32F1xx_HAL_Driver/Src/stm32f1xx_hal_rtc.c **** 
1129:Drivers/STM32F1xx_HAL_Driver/Src/stm32f1xx_hal_rtc.c ****     counter_alarm = (uint32_t)(((uint32_t)sAlarm->AlarmTime.Hours * 3600U) + \
1130:Drivers/STM32F1xx_HAL_Driver/Src/stm32f1xx_hal_rtc.c ****                                ((uint32_t)sAlarm->AlarmTime.Minutes * 60U) + \
1131:Drivers/STM32F1xx_HAL_Driver/Src/stm32f1xx_hal_rtc.c ****                                ((uint32_t)sAlarm->AlarmTime.Seconds));
1132:Drivers/STM32F1xx_HAL_Driver/Src/stm32f1xx_hal_rtc.c ****   }
1133:Drivers/STM32F1xx_HAL_Driver/Src/stm32f1xx_hal_rtc.c ****   else
1134:Drivers/STM32F1xx_HAL_Driver/Src/stm32f1xx_hal_rtc.c ****   {
1135:Drivers/STM32F1xx_HAL_Driver/Src/stm32f1xx_hal_rtc.c ****     assert_param(IS_RTC_HOUR24(RTC_Bcd2ToByte(sAlarm->AlarmTime.Hours)));
1136:Drivers/STM32F1xx_HAL_Driver/Src/stm32f1xx_hal_rtc.c ****     assert_param(IS_RTC_MINUTES(RTC_Bcd2ToByte(sAlarm->AlarmTime.Minutes)));
1137:Drivers/STM32F1xx_HAL_Driver/Src/stm32f1xx_hal_rtc.c ****     assert_param(IS_RTC_SECONDS(RTC_Bcd2ToByte(sAlarm->AlarmTime.Seconds)));
1138:Drivers/STM32F1xx_HAL_Driver/Src/stm32f1xx_hal_rtc.c **** 
1139:Drivers/STM32F1xx_HAL_Driver/Src/stm32f1xx_hal_rtc.c ****     counter_alarm = (((uint32_t)(RTC_Bcd2ToByte(sAlarm->AlarmTime.Hours)) * 3600U) + \
1140:Drivers/STM32F1xx_HAL_Driver/Src/stm32f1xx_hal_rtc.c ****                      ((uint32_t)(RTC_Bcd2ToByte(sAlarm->AlarmTime.Minutes)) * 60U) + \
1141:Drivers/STM32F1xx_HAL_Driver/Src/stm32f1xx_hal_rtc.c ****                      ((uint32_t)RTC_Bcd2ToByte(sAlarm->AlarmTime.Seconds)));
1142:Drivers/STM32F1xx_HAL_Driver/Src/stm32f1xx_hal_rtc.c ****   }
1143:Drivers/STM32F1xx_HAL_Driver/Src/stm32f1xx_hal_rtc.c **** 
1144:Drivers/STM32F1xx_HAL_Driver/Src/stm32f1xx_hal_rtc.c ****   /* Check that requested alarm should expire in the same day (otherwise add 1 day) */
1145:Drivers/STM32F1xx_HAL_Driver/Src/stm32f1xx_hal_rtc.c ****   if (counter_alarm < counter_time)
1146:Drivers/STM32F1xx_HAL_Driver/Src/stm32f1xx_hal_rtc.c ****   {
1147:Drivers/STM32F1xx_HAL_Driver/Src/stm32f1xx_hal_rtc.c ****     /* Add 1 day to alarm counter*/
1148:Drivers/STM32F1xx_HAL_Driver/Src/stm32f1xx_hal_rtc.c ****     counter_alarm += (uint32_t)(24U * 3600U);
1149:Drivers/STM32F1xx_HAL_Driver/Src/stm32f1xx_hal_rtc.c ****   }
1150:Drivers/STM32F1xx_HAL_Driver/Src/stm32f1xx_hal_rtc.c **** 
1151:Drivers/STM32F1xx_HAL_Driver/Src/stm32f1xx_hal_rtc.c ****   /* Write Alarm counter in RTC registers */
1152:Drivers/STM32F1xx_HAL_Driver/Src/stm32f1xx_hal_rtc.c ****   if (RTC_WriteAlarmCounter(hrtc, counter_alarm) != HAL_OK)
1153:Drivers/STM32F1xx_HAL_Driver/Src/stm32f1xx_hal_rtc.c ****   {
1154:Drivers/STM32F1xx_HAL_Driver/Src/stm32f1xx_hal_rtc.c ****     /* Set RTC state */
1155:Drivers/STM32F1xx_HAL_Driver/Src/stm32f1xx_hal_rtc.c ****     hrtc->State = HAL_RTC_STATE_ERROR;
1156:Drivers/STM32F1xx_HAL_Driver/Src/stm32f1xx_hal_rtc.c **** 
1157:Drivers/STM32F1xx_HAL_Driver/Src/stm32f1xx_hal_rtc.c ****     /* Process Unlocked */
1158:Drivers/STM32F1xx_HAL_Driver/Src/stm32f1xx_hal_rtc.c ****     __HAL_UNLOCK(hrtc);
1159:Drivers/STM32F1xx_HAL_Driver/Src/stm32f1xx_hal_rtc.c **** 
1160:Drivers/STM32F1xx_HAL_Driver/Src/stm32f1xx_hal_rtc.c ****     return HAL_ERROR;
1161:Drivers/STM32F1xx_HAL_Driver/Src/stm32f1xx_hal_rtc.c ****   }
1162:Drivers/STM32F1xx_HAL_Driver/Src/stm32f1xx_hal_rtc.c ****   else
1163:Drivers/STM32F1xx_HAL_Driver/Src/stm32f1xx_hal_rtc.c ****   {
1164:Drivers/STM32F1xx_HAL_Driver/Src/stm32f1xx_hal_rtc.c ****     hrtc->State = HAL_RTC_STATE_READY;
1165:Drivers/STM32F1xx_HAL_Driver/Src/stm32f1xx_hal_rtc.c **** 
1166:Drivers/STM32F1xx_HAL_Driver/Src/stm32f1xx_hal_rtc.c ****     __HAL_UNLOCK(hrtc);
1167:Drivers/STM32F1xx_HAL_Driver/Src/stm32f1xx_hal_rtc.c **** 
1168:Drivers/STM32F1xx_HAL_Driver/Src/stm32f1xx_hal_rtc.c ****     return HAL_OK;
1169:Drivers/STM32F1xx_HAL_Driver/Src/stm32f1xx_hal_rtc.c ****   }
1170:Drivers/STM32F1xx_HAL_Driver/Src/stm32f1xx_hal_rtc.c **** }
1171:Drivers/STM32F1xx_HAL_Driver/Src/stm32f1xx_hal_rtc.c **** 
1172:Drivers/STM32F1xx_HAL_Driver/Src/stm32f1xx_hal_rtc.c **** /**
ARM GAS  C:\Users\ride_pig\AppData\Local\Temp\ccyvwVwa.s 			page 22


1173:Drivers/STM32F1xx_HAL_Driver/Src/stm32f1xx_hal_rtc.c ****   * @brief  Sets the specified RTC Alarm with Interrupt
1174:Drivers/STM32F1xx_HAL_Driver/Src/stm32f1xx_hal_rtc.c ****   * @param  hrtc   pointer to a RTC_HandleTypeDef structure that contains
1175:Drivers/STM32F1xx_HAL_Driver/Src/stm32f1xx_hal_rtc.c ****   *                the configuration information for RTC.
1176:Drivers/STM32F1xx_HAL_Driver/Src/stm32f1xx_hal_rtc.c ****   * @param  sAlarm: Pointer to Alarm structure
1177:Drivers/STM32F1xx_HAL_Driver/Src/stm32f1xx_hal_rtc.c ****   * @param  Format: Specifies the format of the entered parameters.
1178:Drivers/STM32F1xx_HAL_Driver/Src/stm32f1xx_hal_rtc.c ****   *          This parameter can be one of the following values:
1179:Drivers/STM32F1xx_HAL_Driver/Src/stm32f1xx_hal_rtc.c ****   *             @arg RTC_FORMAT_BIN: Binary data format
1180:Drivers/STM32F1xx_HAL_Driver/Src/stm32f1xx_hal_rtc.c ****   *             @arg RTC_FORMAT_BCD: BCD data format
1181:Drivers/STM32F1xx_HAL_Driver/Src/stm32f1xx_hal_rtc.c ****   * @note   The HAL_RTC_SetTime() must be called before enabling the Alarm feature.
1182:Drivers/STM32F1xx_HAL_Driver/Src/stm32f1xx_hal_rtc.c ****   * @retval HAL status
1183:Drivers/STM32F1xx_HAL_Driver/Src/stm32f1xx_hal_rtc.c ****   */
1184:Drivers/STM32F1xx_HAL_Driver/Src/stm32f1xx_hal_rtc.c **** HAL_StatusTypeDef HAL_RTC_SetAlarm_IT(RTC_HandleTypeDef *hrtc, RTC_AlarmTypeDef *sAlarm, uint32_t F
1185:Drivers/STM32F1xx_HAL_Driver/Src/stm32f1xx_hal_rtc.c **** {
1186:Drivers/STM32F1xx_HAL_Driver/Src/stm32f1xx_hal_rtc.c ****   uint32_t counter_alarm = 0U, counter_time;
1187:Drivers/STM32F1xx_HAL_Driver/Src/stm32f1xx_hal_rtc.c ****   RTC_TimeTypeDef stime = {0U};
1188:Drivers/STM32F1xx_HAL_Driver/Src/stm32f1xx_hal_rtc.c **** 
1189:Drivers/STM32F1xx_HAL_Driver/Src/stm32f1xx_hal_rtc.c ****   /* Check input parameters */
1190:Drivers/STM32F1xx_HAL_Driver/Src/stm32f1xx_hal_rtc.c ****   if ((hrtc == NULL) || (sAlarm == NULL))
1191:Drivers/STM32F1xx_HAL_Driver/Src/stm32f1xx_hal_rtc.c ****   {
1192:Drivers/STM32F1xx_HAL_Driver/Src/stm32f1xx_hal_rtc.c ****     return HAL_ERROR;
1193:Drivers/STM32F1xx_HAL_Driver/Src/stm32f1xx_hal_rtc.c ****   }
1194:Drivers/STM32F1xx_HAL_Driver/Src/stm32f1xx_hal_rtc.c **** 
1195:Drivers/STM32F1xx_HAL_Driver/Src/stm32f1xx_hal_rtc.c ****   /* Check the parameters */
1196:Drivers/STM32F1xx_HAL_Driver/Src/stm32f1xx_hal_rtc.c ****   assert_param(IS_RTC_FORMAT(Format));
1197:Drivers/STM32F1xx_HAL_Driver/Src/stm32f1xx_hal_rtc.c ****   assert_param(IS_RTC_ALARM(sAlarm->Alarm));
1198:Drivers/STM32F1xx_HAL_Driver/Src/stm32f1xx_hal_rtc.c **** 
1199:Drivers/STM32F1xx_HAL_Driver/Src/stm32f1xx_hal_rtc.c ****   /* Process Locked */
1200:Drivers/STM32F1xx_HAL_Driver/Src/stm32f1xx_hal_rtc.c ****   __HAL_LOCK(hrtc);
1201:Drivers/STM32F1xx_HAL_Driver/Src/stm32f1xx_hal_rtc.c **** 
1202:Drivers/STM32F1xx_HAL_Driver/Src/stm32f1xx_hal_rtc.c ****   hrtc->State = HAL_RTC_STATE_BUSY;
1203:Drivers/STM32F1xx_HAL_Driver/Src/stm32f1xx_hal_rtc.c **** 
1204:Drivers/STM32F1xx_HAL_Driver/Src/stm32f1xx_hal_rtc.c ****   /* Call HAL_RTC_GetTime function to update date if counter higher than 24 hours */
1205:Drivers/STM32F1xx_HAL_Driver/Src/stm32f1xx_hal_rtc.c ****   if (HAL_RTC_GetTime(hrtc, &stime, RTC_FORMAT_BIN) != HAL_OK)
1206:Drivers/STM32F1xx_HAL_Driver/Src/stm32f1xx_hal_rtc.c ****   {
1207:Drivers/STM32F1xx_HAL_Driver/Src/stm32f1xx_hal_rtc.c ****     return HAL_ERROR;
1208:Drivers/STM32F1xx_HAL_Driver/Src/stm32f1xx_hal_rtc.c ****   }
1209:Drivers/STM32F1xx_HAL_Driver/Src/stm32f1xx_hal_rtc.c **** 
1210:Drivers/STM32F1xx_HAL_Driver/Src/stm32f1xx_hal_rtc.c ****   /* Convert time in seconds */
1211:Drivers/STM32F1xx_HAL_Driver/Src/stm32f1xx_hal_rtc.c ****   counter_time = (uint32_t)(((uint32_t)stime.Hours * 3600U) + \
1212:Drivers/STM32F1xx_HAL_Driver/Src/stm32f1xx_hal_rtc.c ****                             ((uint32_t)stime.Minutes * 60U) + \
1213:Drivers/STM32F1xx_HAL_Driver/Src/stm32f1xx_hal_rtc.c ****                             ((uint32_t)stime.Seconds));
1214:Drivers/STM32F1xx_HAL_Driver/Src/stm32f1xx_hal_rtc.c **** 
1215:Drivers/STM32F1xx_HAL_Driver/Src/stm32f1xx_hal_rtc.c ****   if (Format == RTC_FORMAT_BIN)
1216:Drivers/STM32F1xx_HAL_Driver/Src/stm32f1xx_hal_rtc.c ****   {
1217:Drivers/STM32F1xx_HAL_Driver/Src/stm32f1xx_hal_rtc.c ****     assert_param(IS_RTC_HOUR24(sAlarm->AlarmTime.Hours));
1218:Drivers/STM32F1xx_HAL_Driver/Src/stm32f1xx_hal_rtc.c ****     assert_param(IS_RTC_MINUTES(sAlarm->AlarmTime.Minutes));
1219:Drivers/STM32F1xx_HAL_Driver/Src/stm32f1xx_hal_rtc.c ****     assert_param(IS_RTC_SECONDS(sAlarm->AlarmTime.Seconds));
1220:Drivers/STM32F1xx_HAL_Driver/Src/stm32f1xx_hal_rtc.c **** 
1221:Drivers/STM32F1xx_HAL_Driver/Src/stm32f1xx_hal_rtc.c ****     counter_alarm = (uint32_t)(((uint32_t)sAlarm->AlarmTime.Hours * 3600U) + \
1222:Drivers/STM32F1xx_HAL_Driver/Src/stm32f1xx_hal_rtc.c ****                                ((uint32_t)sAlarm->AlarmTime.Minutes * 60U) + \
1223:Drivers/STM32F1xx_HAL_Driver/Src/stm32f1xx_hal_rtc.c ****                                ((uint32_t)sAlarm->AlarmTime.Seconds));
1224:Drivers/STM32F1xx_HAL_Driver/Src/stm32f1xx_hal_rtc.c ****   }
1225:Drivers/STM32F1xx_HAL_Driver/Src/stm32f1xx_hal_rtc.c ****   else
1226:Drivers/STM32F1xx_HAL_Driver/Src/stm32f1xx_hal_rtc.c ****   {
1227:Drivers/STM32F1xx_HAL_Driver/Src/stm32f1xx_hal_rtc.c ****     assert_param(IS_RTC_HOUR24(RTC_Bcd2ToByte(sAlarm->AlarmTime.Hours)));
1228:Drivers/STM32F1xx_HAL_Driver/Src/stm32f1xx_hal_rtc.c ****     assert_param(IS_RTC_MINUTES(RTC_Bcd2ToByte(sAlarm->AlarmTime.Minutes)));
1229:Drivers/STM32F1xx_HAL_Driver/Src/stm32f1xx_hal_rtc.c ****     assert_param(IS_RTC_SECONDS(RTC_Bcd2ToByte(sAlarm->AlarmTime.Seconds)));
ARM GAS  C:\Users\ride_pig\AppData\Local\Temp\ccyvwVwa.s 			page 23


1230:Drivers/STM32F1xx_HAL_Driver/Src/stm32f1xx_hal_rtc.c **** 
1231:Drivers/STM32F1xx_HAL_Driver/Src/stm32f1xx_hal_rtc.c ****     counter_alarm = (((uint32_t)(RTC_Bcd2ToByte(sAlarm->AlarmTime.Hours)) * 3600U) + \
1232:Drivers/STM32F1xx_HAL_Driver/Src/stm32f1xx_hal_rtc.c ****                      ((uint32_t)(RTC_Bcd2ToByte(sAlarm->AlarmTime.Minutes)) * 60U) + \
1233:Drivers/STM32F1xx_HAL_Driver/Src/stm32f1xx_hal_rtc.c ****                      ((uint32_t)RTC_Bcd2ToByte(sAlarm->AlarmTime.Seconds)));
1234:Drivers/STM32F1xx_HAL_Driver/Src/stm32f1xx_hal_rtc.c ****   }
1235:Drivers/STM32F1xx_HAL_Driver/Src/stm32f1xx_hal_rtc.c **** 
1236:Drivers/STM32F1xx_HAL_Driver/Src/stm32f1xx_hal_rtc.c ****   /* Check that requested alarm should expire in the same day (otherwise add 1 day) */
1237:Drivers/STM32F1xx_HAL_Driver/Src/stm32f1xx_hal_rtc.c ****   if (counter_alarm < counter_time)
1238:Drivers/STM32F1xx_HAL_Driver/Src/stm32f1xx_hal_rtc.c ****   {
1239:Drivers/STM32F1xx_HAL_Driver/Src/stm32f1xx_hal_rtc.c ****     /* Add 1 day to alarm counter*/
1240:Drivers/STM32F1xx_HAL_Driver/Src/stm32f1xx_hal_rtc.c ****     counter_alarm += (uint32_t)(24U * 3600U);
1241:Drivers/STM32F1xx_HAL_Driver/Src/stm32f1xx_hal_rtc.c ****   }
1242:Drivers/STM32F1xx_HAL_Driver/Src/stm32f1xx_hal_rtc.c **** 
1243:Drivers/STM32F1xx_HAL_Driver/Src/stm32f1xx_hal_rtc.c ****   /* Write alarm counter in RTC registers */
1244:Drivers/STM32F1xx_HAL_Driver/Src/stm32f1xx_hal_rtc.c ****   if (RTC_WriteAlarmCounter(hrtc, counter_alarm) != HAL_OK)
1245:Drivers/STM32F1xx_HAL_Driver/Src/stm32f1xx_hal_rtc.c ****   {
1246:Drivers/STM32F1xx_HAL_Driver/Src/stm32f1xx_hal_rtc.c ****     /* Set RTC state */
1247:Drivers/STM32F1xx_HAL_Driver/Src/stm32f1xx_hal_rtc.c ****     hrtc->State = HAL_RTC_STATE_ERROR;
1248:Drivers/STM32F1xx_HAL_Driver/Src/stm32f1xx_hal_rtc.c **** 
1249:Drivers/STM32F1xx_HAL_Driver/Src/stm32f1xx_hal_rtc.c ****     /* Process Unlocked */
1250:Drivers/STM32F1xx_HAL_Driver/Src/stm32f1xx_hal_rtc.c ****     __HAL_UNLOCK(hrtc);
1251:Drivers/STM32F1xx_HAL_Driver/Src/stm32f1xx_hal_rtc.c **** 
1252:Drivers/STM32F1xx_HAL_Driver/Src/stm32f1xx_hal_rtc.c ****     return HAL_ERROR;
1253:Drivers/STM32F1xx_HAL_Driver/Src/stm32f1xx_hal_rtc.c ****   }
1254:Drivers/STM32F1xx_HAL_Driver/Src/stm32f1xx_hal_rtc.c ****   else
1255:Drivers/STM32F1xx_HAL_Driver/Src/stm32f1xx_hal_rtc.c ****   {
1256:Drivers/STM32F1xx_HAL_Driver/Src/stm32f1xx_hal_rtc.c ****     /* Clear flag alarm A */
1257:Drivers/STM32F1xx_HAL_Driver/Src/stm32f1xx_hal_rtc.c ****     __HAL_RTC_ALARM_CLEAR_FLAG(hrtc, RTC_FLAG_ALRAF);
1258:Drivers/STM32F1xx_HAL_Driver/Src/stm32f1xx_hal_rtc.c **** 
1259:Drivers/STM32F1xx_HAL_Driver/Src/stm32f1xx_hal_rtc.c ****     /* Configure the Alarm interrupt */
1260:Drivers/STM32F1xx_HAL_Driver/Src/stm32f1xx_hal_rtc.c ****     __HAL_RTC_ALARM_ENABLE_IT(hrtc, RTC_IT_ALRA);
1261:Drivers/STM32F1xx_HAL_Driver/Src/stm32f1xx_hal_rtc.c **** 
1262:Drivers/STM32F1xx_HAL_Driver/Src/stm32f1xx_hal_rtc.c ****     /* RTC Alarm Interrupt Configuration: EXTI configuration */
1263:Drivers/STM32F1xx_HAL_Driver/Src/stm32f1xx_hal_rtc.c ****     __HAL_RTC_ALARM_EXTI_ENABLE_IT();
1264:Drivers/STM32F1xx_HAL_Driver/Src/stm32f1xx_hal_rtc.c **** 
1265:Drivers/STM32F1xx_HAL_Driver/Src/stm32f1xx_hal_rtc.c ****     __HAL_RTC_ALARM_EXTI_ENABLE_RISING_EDGE();
1266:Drivers/STM32F1xx_HAL_Driver/Src/stm32f1xx_hal_rtc.c **** 
1267:Drivers/STM32F1xx_HAL_Driver/Src/stm32f1xx_hal_rtc.c ****     hrtc->State = HAL_RTC_STATE_READY;
1268:Drivers/STM32F1xx_HAL_Driver/Src/stm32f1xx_hal_rtc.c **** 
1269:Drivers/STM32F1xx_HAL_Driver/Src/stm32f1xx_hal_rtc.c ****     __HAL_UNLOCK(hrtc);
1270:Drivers/STM32F1xx_HAL_Driver/Src/stm32f1xx_hal_rtc.c **** 
1271:Drivers/STM32F1xx_HAL_Driver/Src/stm32f1xx_hal_rtc.c ****     return HAL_OK;
1272:Drivers/STM32F1xx_HAL_Driver/Src/stm32f1xx_hal_rtc.c ****   }
1273:Drivers/STM32F1xx_HAL_Driver/Src/stm32f1xx_hal_rtc.c **** }
1274:Drivers/STM32F1xx_HAL_Driver/Src/stm32f1xx_hal_rtc.c **** 
1275:Drivers/STM32F1xx_HAL_Driver/Src/stm32f1xx_hal_rtc.c **** /**
1276:Drivers/STM32F1xx_HAL_Driver/Src/stm32f1xx_hal_rtc.c ****   * @brief  Gets the RTC Alarm value and masks.
1277:Drivers/STM32F1xx_HAL_Driver/Src/stm32f1xx_hal_rtc.c ****   * @param  hrtc   pointer to a RTC_HandleTypeDef structure that contains
1278:Drivers/STM32F1xx_HAL_Driver/Src/stm32f1xx_hal_rtc.c ****   *                the configuration information for RTC.
1279:Drivers/STM32F1xx_HAL_Driver/Src/stm32f1xx_hal_rtc.c ****   * @param  sAlarm: Pointer to Date structure
1280:Drivers/STM32F1xx_HAL_Driver/Src/stm32f1xx_hal_rtc.c ****   * @param  Alarm: Specifies the Alarm.
1281:Drivers/STM32F1xx_HAL_Driver/Src/stm32f1xx_hal_rtc.c ****   *          This parameter can be one of the following values:
1282:Drivers/STM32F1xx_HAL_Driver/Src/stm32f1xx_hal_rtc.c ****   *             @arg RTC_ALARM_A: Alarm
1283:Drivers/STM32F1xx_HAL_Driver/Src/stm32f1xx_hal_rtc.c ****   * @param  Format: Specifies the format of the entered parameters.
1284:Drivers/STM32F1xx_HAL_Driver/Src/stm32f1xx_hal_rtc.c ****   *          This parameter can be one of the following values:
1285:Drivers/STM32F1xx_HAL_Driver/Src/stm32f1xx_hal_rtc.c ****   *             @arg RTC_FORMAT_BIN: Binary data format
1286:Drivers/STM32F1xx_HAL_Driver/Src/stm32f1xx_hal_rtc.c ****   *             @arg RTC_FORMAT_BCD: BCD data format
ARM GAS  C:\Users\ride_pig\AppData\Local\Temp\ccyvwVwa.s 			page 24


1287:Drivers/STM32F1xx_HAL_Driver/Src/stm32f1xx_hal_rtc.c ****   * @retval HAL status
1288:Drivers/STM32F1xx_HAL_Driver/Src/stm32f1xx_hal_rtc.c ****   */
1289:Drivers/STM32F1xx_HAL_Driver/Src/stm32f1xx_hal_rtc.c **** HAL_StatusTypeDef HAL_RTC_GetAlarm(RTC_HandleTypeDef *hrtc, RTC_AlarmTypeDef *sAlarm, uint32_t Alar
1290:Drivers/STM32F1xx_HAL_Driver/Src/stm32f1xx_hal_rtc.c **** {
1291:Drivers/STM32F1xx_HAL_Driver/Src/stm32f1xx_hal_rtc.c ****   uint32_t counter_alarm = 0U;
1292:Drivers/STM32F1xx_HAL_Driver/Src/stm32f1xx_hal_rtc.c **** 
1293:Drivers/STM32F1xx_HAL_Driver/Src/stm32f1xx_hal_rtc.c ****   /* Prevent unused argument(s) compilation warning */
1294:Drivers/STM32F1xx_HAL_Driver/Src/stm32f1xx_hal_rtc.c ****   UNUSED(Alarm);
1295:Drivers/STM32F1xx_HAL_Driver/Src/stm32f1xx_hal_rtc.c **** 
1296:Drivers/STM32F1xx_HAL_Driver/Src/stm32f1xx_hal_rtc.c ****   /* Check input parameters */
1297:Drivers/STM32F1xx_HAL_Driver/Src/stm32f1xx_hal_rtc.c ****   if ((hrtc == NULL) || (sAlarm == NULL))
1298:Drivers/STM32F1xx_HAL_Driver/Src/stm32f1xx_hal_rtc.c ****   {
1299:Drivers/STM32F1xx_HAL_Driver/Src/stm32f1xx_hal_rtc.c ****     return HAL_ERROR;
1300:Drivers/STM32F1xx_HAL_Driver/Src/stm32f1xx_hal_rtc.c ****   }
1301:Drivers/STM32F1xx_HAL_Driver/Src/stm32f1xx_hal_rtc.c **** 
1302:Drivers/STM32F1xx_HAL_Driver/Src/stm32f1xx_hal_rtc.c ****   /* Check the parameters */
1303:Drivers/STM32F1xx_HAL_Driver/Src/stm32f1xx_hal_rtc.c ****   assert_param(IS_RTC_FORMAT(Format));
1304:Drivers/STM32F1xx_HAL_Driver/Src/stm32f1xx_hal_rtc.c ****   assert_param(IS_RTC_ALARM(Alarm));
1305:Drivers/STM32F1xx_HAL_Driver/Src/stm32f1xx_hal_rtc.c **** 
1306:Drivers/STM32F1xx_HAL_Driver/Src/stm32f1xx_hal_rtc.c ****   /* Read Alarm counter in RTC registers */
1307:Drivers/STM32F1xx_HAL_Driver/Src/stm32f1xx_hal_rtc.c ****   counter_alarm = RTC_ReadAlarmCounter(hrtc);
1308:Drivers/STM32F1xx_HAL_Driver/Src/stm32f1xx_hal_rtc.c **** 
1309:Drivers/STM32F1xx_HAL_Driver/Src/stm32f1xx_hal_rtc.c ****   /* Fill the structure with the read parameters */
1310:Drivers/STM32F1xx_HAL_Driver/Src/stm32f1xx_hal_rtc.c ****   /* Set hours in a day range (between 0 to 24)*/
1311:Drivers/STM32F1xx_HAL_Driver/Src/stm32f1xx_hal_rtc.c ****   sAlarm->AlarmTime.Hours   = (uint32_t)((counter_alarm / 3600U) % 24U);
1312:Drivers/STM32F1xx_HAL_Driver/Src/stm32f1xx_hal_rtc.c ****   sAlarm->AlarmTime.Minutes = (uint32_t)((counter_alarm % 3600U) / 60U);
1313:Drivers/STM32F1xx_HAL_Driver/Src/stm32f1xx_hal_rtc.c ****   sAlarm->AlarmTime.Seconds = (uint32_t)((counter_alarm % 3600U) % 60U);
1314:Drivers/STM32F1xx_HAL_Driver/Src/stm32f1xx_hal_rtc.c **** 
1315:Drivers/STM32F1xx_HAL_Driver/Src/stm32f1xx_hal_rtc.c ****   if (Format != RTC_FORMAT_BIN)
1316:Drivers/STM32F1xx_HAL_Driver/Src/stm32f1xx_hal_rtc.c ****   {
1317:Drivers/STM32F1xx_HAL_Driver/Src/stm32f1xx_hal_rtc.c ****     sAlarm->AlarmTime.Hours   = RTC_ByteToBcd2(sAlarm->AlarmTime.Hours);
1318:Drivers/STM32F1xx_HAL_Driver/Src/stm32f1xx_hal_rtc.c ****     sAlarm->AlarmTime.Minutes = RTC_ByteToBcd2(sAlarm->AlarmTime.Minutes);
1319:Drivers/STM32F1xx_HAL_Driver/Src/stm32f1xx_hal_rtc.c ****     sAlarm->AlarmTime.Seconds = RTC_ByteToBcd2(sAlarm->AlarmTime.Seconds);
1320:Drivers/STM32F1xx_HAL_Driver/Src/stm32f1xx_hal_rtc.c ****   }
1321:Drivers/STM32F1xx_HAL_Driver/Src/stm32f1xx_hal_rtc.c **** 
1322:Drivers/STM32F1xx_HAL_Driver/Src/stm32f1xx_hal_rtc.c ****   return HAL_OK;
1323:Drivers/STM32F1xx_HAL_Driver/Src/stm32f1xx_hal_rtc.c **** }
1324:Drivers/STM32F1xx_HAL_Driver/Src/stm32f1xx_hal_rtc.c **** 
1325:Drivers/STM32F1xx_HAL_Driver/Src/stm32f1xx_hal_rtc.c **** /**
1326:Drivers/STM32F1xx_HAL_Driver/Src/stm32f1xx_hal_rtc.c ****   * @brief  Deactive the specified RTC Alarm
1327:Drivers/STM32F1xx_HAL_Driver/Src/stm32f1xx_hal_rtc.c ****   * @param  hrtc   pointer to a RTC_HandleTypeDef structure that contains
1328:Drivers/STM32F1xx_HAL_Driver/Src/stm32f1xx_hal_rtc.c ****   *                the configuration information for RTC.
1329:Drivers/STM32F1xx_HAL_Driver/Src/stm32f1xx_hal_rtc.c ****   * @param  Alarm: Specifies the Alarm.
1330:Drivers/STM32F1xx_HAL_Driver/Src/stm32f1xx_hal_rtc.c ****   *          This parameter can be one of the following values:
1331:Drivers/STM32F1xx_HAL_Driver/Src/stm32f1xx_hal_rtc.c ****   *            @arg RTC_ALARM_A:  AlarmA
1332:Drivers/STM32F1xx_HAL_Driver/Src/stm32f1xx_hal_rtc.c ****   * @retval HAL status
1333:Drivers/STM32F1xx_HAL_Driver/Src/stm32f1xx_hal_rtc.c ****   */
1334:Drivers/STM32F1xx_HAL_Driver/Src/stm32f1xx_hal_rtc.c **** HAL_StatusTypeDef HAL_RTC_DeactivateAlarm(RTC_HandleTypeDef *hrtc, uint32_t Alarm)
1335:Drivers/STM32F1xx_HAL_Driver/Src/stm32f1xx_hal_rtc.c **** {
1336:Drivers/STM32F1xx_HAL_Driver/Src/stm32f1xx_hal_rtc.c ****   /* Prevent unused argument(s) compilation warning */
1337:Drivers/STM32F1xx_HAL_Driver/Src/stm32f1xx_hal_rtc.c ****   UNUSED(Alarm);
1338:Drivers/STM32F1xx_HAL_Driver/Src/stm32f1xx_hal_rtc.c **** 
1339:Drivers/STM32F1xx_HAL_Driver/Src/stm32f1xx_hal_rtc.c ****   /* Check the parameters */
1340:Drivers/STM32F1xx_HAL_Driver/Src/stm32f1xx_hal_rtc.c ****   assert_param(IS_RTC_ALARM(Alarm));
1341:Drivers/STM32F1xx_HAL_Driver/Src/stm32f1xx_hal_rtc.c **** 
1342:Drivers/STM32F1xx_HAL_Driver/Src/stm32f1xx_hal_rtc.c ****   /* Check input parameters */
1343:Drivers/STM32F1xx_HAL_Driver/Src/stm32f1xx_hal_rtc.c ****   if (hrtc == NULL)
ARM GAS  C:\Users\ride_pig\AppData\Local\Temp\ccyvwVwa.s 			page 25


1344:Drivers/STM32F1xx_HAL_Driver/Src/stm32f1xx_hal_rtc.c ****   {
1345:Drivers/STM32F1xx_HAL_Driver/Src/stm32f1xx_hal_rtc.c ****     return HAL_ERROR;
1346:Drivers/STM32F1xx_HAL_Driver/Src/stm32f1xx_hal_rtc.c ****   }
1347:Drivers/STM32F1xx_HAL_Driver/Src/stm32f1xx_hal_rtc.c **** 
1348:Drivers/STM32F1xx_HAL_Driver/Src/stm32f1xx_hal_rtc.c ****   /* Process Locked */
1349:Drivers/STM32F1xx_HAL_Driver/Src/stm32f1xx_hal_rtc.c ****   __HAL_LOCK(hrtc);
1350:Drivers/STM32F1xx_HAL_Driver/Src/stm32f1xx_hal_rtc.c **** 
1351:Drivers/STM32F1xx_HAL_Driver/Src/stm32f1xx_hal_rtc.c ****   hrtc->State = HAL_RTC_STATE_BUSY;
1352:Drivers/STM32F1xx_HAL_Driver/Src/stm32f1xx_hal_rtc.c **** 
1353:Drivers/STM32F1xx_HAL_Driver/Src/stm32f1xx_hal_rtc.c ****   /* In case of interrupt mode is used, the interrupt source must disabled */
1354:Drivers/STM32F1xx_HAL_Driver/Src/stm32f1xx_hal_rtc.c ****   __HAL_RTC_ALARM_DISABLE_IT(hrtc, RTC_IT_ALRA);
1355:Drivers/STM32F1xx_HAL_Driver/Src/stm32f1xx_hal_rtc.c **** 
1356:Drivers/STM32F1xx_HAL_Driver/Src/stm32f1xx_hal_rtc.c ****   /* Set Initialization mode */
1357:Drivers/STM32F1xx_HAL_Driver/Src/stm32f1xx_hal_rtc.c ****   if (RTC_EnterInitMode(hrtc) != HAL_OK)
1358:Drivers/STM32F1xx_HAL_Driver/Src/stm32f1xx_hal_rtc.c ****   {
1359:Drivers/STM32F1xx_HAL_Driver/Src/stm32f1xx_hal_rtc.c ****     /* Set RTC state */
1360:Drivers/STM32F1xx_HAL_Driver/Src/stm32f1xx_hal_rtc.c ****     hrtc->State = HAL_RTC_STATE_ERROR;
1361:Drivers/STM32F1xx_HAL_Driver/Src/stm32f1xx_hal_rtc.c **** 
1362:Drivers/STM32F1xx_HAL_Driver/Src/stm32f1xx_hal_rtc.c ****     /* Process Unlocked */
1363:Drivers/STM32F1xx_HAL_Driver/Src/stm32f1xx_hal_rtc.c ****     __HAL_UNLOCK(hrtc);
1364:Drivers/STM32F1xx_HAL_Driver/Src/stm32f1xx_hal_rtc.c **** 
1365:Drivers/STM32F1xx_HAL_Driver/Src/stm32f1xx_hal_rtc.c ****     return HAL_ERROR;
1366:Drivers/STM32F1xx_HAL_Driver/Src/stm32f1xx_hal_rtc.c ****   }
1367:Drivers/STM32F1xx_HAL_Driver/Src/stm32f1xx_hal_rtc.c ****   else
1368:Drivers/STM32F1xx_HAL_Driver/Src/stm32f1xx_hal_rtc.c ****   {
1369:Drivers/STM32F1xx_HAL_Driver/Src/stm32f1xx_hal_rtc.c ****     /* Clear flag alarm A */
1370:Drivers/STM32F1xx_HAL_Driver/Src/stm32f1xx_hal_rtc.c ****     __HAL_RTC_ALARM_CLEAR_FLAG(hrtc, RTC_FLAG_ALRAF);
1371:Drivers/STM32F1xx_HAL_Driver/Src/stm32f1xx_hal_rtc.c **** 
1372:Drivers/STM32F1xx_HAL_Driver/Src/stm32f1xx_hal_rtc.c ****     /* Set to default values ALRH & ALRL registers */
1373:Drivers/STM32F1xx_HAL_Driver/Src/stm32f1xx_hal_rtc.c ****     WRITE_REG(hrtc->Instance->ALRH, RTC_ALARM_RESETVALUE_REGISTER);
1374:Drivers/STM32F1xx_HAL_Driver/Src/stm32f1xx_hal_rtc.c ****     WRITE_REG(hrtc->Instance->ALRL, RTC_ALARM_RESETVALUE_REGISTER);
1375:Drivers/STM32F1xx_HAL_Driver/Src/stm32f1xx_hal_rtc.c **** 
1376:Drivers/STM32F1xx_HAL_Driver/Src/stm32f1xx_hal_rtc.c ****     /* RTC Alarm Interrupt Configuration: Disable EXTI configuration */
1377:Drivers/STM32F1xx_HAL_Driver/Src/stm32f1xx_hal_rtc.c ****     __HAL_RTC_ALARM_EXTI_DISABLE_IT();
1378:Drivers/STM32F1xx_HAL_Driver/Src/stm32f1xx_hal_rtc.c **** 
1379:Drivers/STM32F1xx_HAL_Driver/Src/stm32f1xx_hal_rtc.c ****     /* Wait for synchro */
1380:Drivers/STM32F1xx_HAL_Driver/Src/stm32f1xx_hal_rtc.c ****     if (RTC_ExitInitMode(hrtc) != HAL_OK)
1381:Drivers/STM32F1xx_HAL_Driver/Src/stm32f1xx_hal_rtc.c ****     {
1382:Drivers/STM32F1xx_HAL_Driver/Src/stm32f1xx_hal_rtc.c ****       hrtc->State = HAL_RTC_STATE_ERROR;
1383:Drivers/STM32F1xx_HAL_Driver/Src/stm32f1xx_hal_rtc.c **** 
1384:Drivers/STM32F1xx_HAL_Driver/Src/stm32f1xx_hal_rtc.c ****       /* Process Unlocked */
1385:Drivers/STM32F1xx_HAL_Driver/Src/stm32f1xx_hal_rtc.c ****       __HAL_UNLOCK(hrtc);
1386:Drivers/STM32F1xx_HAL_Driver/Src/stm32f1xx_hal_rtc.c **** 
1387:Drivers/STM32F1xx_HAL_Driver/Src/stm32f1xx_hal_rtc.c ****       return HAL_ERROR;
1388:Drivers/STM32F1xx_HAL_Driver/Src/stm32f1xx_hal_rtc.c ****     }
1389:Drivers/STM32F1xx_HAL_Driver/Src/stm32f1xx_hal_rtc.c ****   }
1390:Drivers/STM32F1xx_HAL_Driver/Src/stm32f1xx_hal_rtc.c ****   hrtc->State = HAL_RTC_STATE_READY;
1391:Drivers/STM32F1xx_HAL_Driver/Src/stm32f1xx_hal_rtc.c **** 
1392:Drivers/STM32F1xx_HAL_Driver/Src/stm32f1xx_hal_rtc.c ****   /* Process Unlocked */
1393:Drivers/STM32F1xx_HAL_Driver/Src/stm32f1xx_hal_rtc.c ****   __HAL_UNLOCK(hrtc);
1394:Drivers/STM32F1xx_HAL_Driver/Src/stm32f1xx_hal_rtc.c **** 
1395:Drivers/STM32F1xx_HAL_Driver/Src/stm32f1xx_hal_rtc.c ****   return HAL_OK;
1396:Drivers/STM32F1xx_HAL_Driver/Src/stm32f1xx_hal_rtc.c **** }
1397:Drivers/STM32F1xx_HAL_Driver/Src/stm32f1xx_hal_rtc.c **** 
1398:Drivers/STM32F1xx_HAL_Driver/Src/stm32f1xx_hal_rtc.c **** /**
1399:Drivers/STM32F1xx_HAL_Driver/Src/stm32f1xx_hal_rtc.c ****   * @brief  This function handles Alarm interrupt request.
1400:Drivers/STM32F1xx_HAL_Driver/Src/stm32f1xx_hal_rtc.c ****   * @param  hrtc   pointer to a RTC_HandleTypeDef structure that contains
ARM GAS  C:\Users\ride_pig\AppData\Local\Temp\ccyvwVwa.s 			page 26


1401:Drivers/STM32F1xx_HAL_Driver/Src/stm32f1xx_hal_rtc.c ****   *                the configuration information for RTC.
1402:Drivers/STM32F1xx_HAL_Driver/Src/stm32f1xx_hal_rtc.c ****   * @retval None
1403:Drivers/STM32F1xx_HAL_Driver/Src/stm32f1xx_hal_rtc.c ****   */
1404:Drivers/STM32F1xx_HAL_Driver/Src/stm32f1xx_hal_rtc.c **** void HAL_RTC_AlarmIRQHandler(RTC_HandleTypeDef *hrtc)
1405:Drivers/STM32F1xx_HAL_Driver/Src/stm32f1xx_hal_rtc.c **** {
1406:Drivers/STM32F1xx_HAL_Driver/Src/stm32f1xx_hal_rtc.c ****   if (__HAL_RTC_ALARM_GET_IT_SOURCE(hrtc, RTC_IT_ALRA))
1407:Drivers/STM32F1xx_HAL_Driver/Src/stm32f1xx_hal_rtc.c ****   {
1408:Drivers/STM32F1xx_HAL_Driver/Src/stm32f1xx_hal_rtc.c ****     /* Get the status of the Interrupt */
1409:Drivers/STM32F1xx_HAL_Driver/Src/stm32f1xx_hal_rtc.c ****     if (__HAL_RTC_ALARM_GET_FLAG(hrtc, RTC_FLAG_ALRAF) != (uint32_t)RESET)
1410:Drivers/STM32F1xx_HAL_Driver/Src/stm32f1xx_hal_rtc.c ****     {
1411:Drivers/STM32F1xx_HAL_Driver/Src/stm32f1xx_hal_rtc.c ****       /* AlarmA callback */
1412:Drivers/STM32F1xx_HAL_Driver/Src/stm32f1xx_hal_rtc.c **** #if (USE_HAL_RTC_REGISTER_CALLBACKS == 1)
1413:Drivers/STM32F1xx_HAL_Driver/Src/stm32f1xx_hal_rtc.c ****       hrtc->AlarmAEventCallback(hrtc);
1414:Drivers/STM32F1xx_HAL_Driver/Src/stm32f1xx_hal_rtc.c **** #else
1415:Drivers/STM32F1xx_HAL_Driver/Src/stm32f1xx_hal_rtc.c ****       HAL_RTC_AlarmAEventCallback(hrtc);
1416:Drivers/STM32F1xx_HAL_Driver/Src/stm32f1xx_hal_rtc.c **** #endif /* USE_HAL_RTC_REGISTER_CALLBACKS */
1417:Drivers/STM32F1xx_HAL_Driver/Src/stm32f1xx_hal_rtc.c **** 
1418:Drivers/STM32F1xx_HAL_Driver/Src/stm32f1xx_hal_rtc.c ****       /* Clear the Alarm interrupt pending bit */
1419:Drivers/STM32F1xx_HAL_Driver/Src/stm32f1xx_hal_rtc.c ****       __HAL_RTC_ALARM_CLEAR_FLAG(hrtc, RTC_FLAG_ALRAF);
1420:Drivers/STM32F1xx_HAL_Driver/Src/stm32f1xx_hal_rtc.c ****     }
1421:Drivers/STM32F1xx_HAL_Driver/Src/stm32f1xx_hal_rtc.c ****   }
1422:Drivers/STM32F1xx_HAL_Driver/Src/stm32f1xx_hal_rtc.c **** 
1423:Drivers/STM32F1xx_HAL_Driver/Src/stm32f1xx_hal_rtc.c ****   /* Clear the EXTI's line Flag for RTC Alarm */
1424:Drivers/STM32F1xx_HAL_Driver/Src/stm32f1xx_hal_rtc.c ****   __HAL_RTC_ALARM_EXTI_CLEAR_FLAG();
1425:Drivers/STM32F1xx_HAL_Driver/Src/stm32f1xx_hal_rtc.c **** 
1426:Drivers/STM32F1xx_HAL_Driver/Src/stm32f1xx_hal_rtc.c ****   /* Change RTC state */
1427:Drivers/STM32F1xx_HAL_Driver/Src/stm32f1xx_hal_rtc.c ****   hrtc->State = HAL_RTC_STATE_READY;
1428:Drivers/STM32F1xx_HAL_Driver/Src/stm32f1xx_hal_rtc.c **** }
1429:Drivers/STM32F1xx_HAL_Driver/Src/stm32f1xx_hal_rtc.c **** 
1430:Drivers/STM32F1xx_HAL_Driver/Src/stm32f1xx_hal_rtc.c **** /**
1431:Drivers/STM32F1xx_HAL_Driver/Src/stm32f1xx_hal_rtc.c ****   * @brief  Alarm A callback.
1432:Drivers/STM32F1xx_HAL_Driver/Src/stm32f1xx_hal_rtc.c ****   * @param  hrtc   pointer to a RTC_HandleTypeDef structure that contains
1433:Drivers/STM32F1xx_HAL_Driver/Src/stm32f1xx_hal_rtc.c ****   *                the configuration information for RTC.
1434:Drivers/STM32F1xx_HAL_Driver/Src/stm32f1xx_hal_rtc.c ****   * @retval None
1435:Drivers/STM32F1xx_HAL_Driver/Src/stm32f1xx_hal_rtc.c ****   */
1436:Drivers/STM32F1xx_HAL_Driver/Src/stm32f1xx_hal_rtc.c **** __weak void HAL_RTC_AlarmAEventCallback(RTC_HandleTypeDef *hrtc)
1437:Drivers/STM32F1xx_HAL_Driver/Src/stm32f1xx_hal_rtc.c **** {
1438:Drivers/STM32F1xx_HAL_Driver/Src/stm32f1xx_hal_rtc.c ****   /* Prevent unused argument(s) compilation warning */
1439:Drivers/STM32F1xx_HAL_Driver/Src/stm32f1xx_hal_rtc.c ****   UNUSED(hrtc);
1440:Drivers/STM32F1xx_HAL_Driver/Src/stm32f1xx_hal_rtc.c ****   /* NOTE : This function Should not be modified, when the callback is needed,
1441:Drivers/STM32F1xx_HAL_Driver/Src/stm32f1xx_hal_rtc.c ****             the HAL_RTC_AlarmAEventCallback could be implemented in the user file
1442:Drivers/STM32F1xx_HAL_Driver/Src/stm32f1xx_hal_rtc.c ****    */
1443:Drivers/STM32F1xx_HAL_Driver/Src/stm32f1xx_hal_rtc.c **** }
1444:Drivers/STM32F1xx_HAL_Driver/Src/stm32f1xx_hal_rtc.c **** 
1445:Drivers/STM32F1xx_HAL_Driver/Src/stm32f1xx_hal_rtc.c **** /**
1446:Drivers/STM32F1xx_HAL_Driver/Src/stm32f1xx_hal_rtc.c ****   * @brief  This function handles AlarmA Polling request.
1447:Drivers/STM32F1xx_HAL_Driver/Src/stm32f1xx_hal_rtc.c ****   * @param  hrtc   pointer to a RTC_HandleTypeDef structure that contains
1448:Drivers/STM32F1xx_HAL_Driver/Src/stm32f1xx_hal_rtc.c ****   *                the configuration information for RTC.
1449:Drivers/STM32F1xx_HAL_Driver/Src/stm32f1xx_hal_rtc.c ****   * @param  Timeout: Timeout duration
1450:Drivers/STM32F1xx_HAL_Driver/Src/stm32f1xx_hal_rtc.c ****   * @retval HAL status
1451:Drivers/STM32F1xx_HAL_Driver/Src/stm32f1xx_hal_rtc.c ****   */
1452:Drivers/STM32F1xx_HAL_Driver/Src/stm32f1xx_hal_rtc.c **** HAL_StatusTypeDef HAL_RTC_PollForAlarmAEvent(RTC_HandleTypeDef *hrtc, uint32_t Timeout)
1453:Drivers/STM32F1xx_HAL_Driver/Src/stm32f1xx_hal_rtc.c **** {
1454:Drivers/STM32F1xx_HAL_Driver/Src/stm32f1xx_hal_rtc.c ****   uint32_t tickstart = HAL_GetTick();
1455:Drivers/STM32F1xx_HAL_Driver/Src/stm32f1xx_hal_rtc.c **** 
1456:Drivers/STM32F1xx_HAL_Driver/Src/stm32f1xx_hal_rtc.c ****   /* Check input parameters */
1457:Drivers/STM32F1xx_HAL_Driver/Src/stm32f1xx_hal_rtc.c ****   if (hrtc == NULL)
ARM GAS  C:\Users\ride_pig\AppData\Local\Temp\ccyvwVwa.s 			page 27


1458:Drivers/STM32F1xx_HAL_Driver/Src/stm32f1xx_hal_rtc.c ****   {
1459:Drivers/STM32F1xx_HAL_Driver/Src/stm32f1xx_hal_rtc.c ****     return HAL_ERROR;
1460:Drivers/STM32F1xx_HAL_Driver/Src/stm32f1xx_hal_rtc.c ****   }
1461:Drivers/STM32F1xx_HAL_Driver/Src/stm32f1xx_hal_rtc.c **** 
1462:Drivers/STM32F1xx_HAL_Driver/Src/stm32f1xx_hal_rtc.c ****   while (__HAL_RTC_ALARM_GET_FLAG(hrtc, RTC_FLAG_ALRAF) == RESET)
1463:Drivers/STM32F1xx_HAL_Driver/Src/stm32f1xx_hal_rtc.c ****   {
1464:Drivers/STM32F1xx_HAL_Driver/Src/stm32f1xx_hal_rtc.c ****     if (Timeout != HAL_MAX_DELAY)
1465:Drivers/STM32F1xx_HAL_Driver/Src/stm32f1xx_hal_rtc.c ****     {
1466:Drivers/STM32F1xx_HAL_Driver/Src/stm32f1xx_hal_rtc.c ****       if ((Timeout == 0) || ((HAL_GetTick() - tickstart) > Timeout))
1467:Drivers/STM32F1xx_HAL_Driver/Src/stm32f1xx_hal_rtc.c ****       {
1468:Drivers/STM32F1xx_HAL_Driver/Src/stm32f1xx_hal_rtc.c ****         hrtc->State = HAL_RTC_STATE_TIMEOUT;
1469:Drivers/STM32F1xx_HAL_Driver/Src/stm32f1xx_hal_rtc.c ****         return HAL_TIMEOUT;
1470:Drivers/STM32F1xx_HAL_Driver/Src/stm32f1xx_hal_rtc.c ****       }
1471:Drivers/STM32F1xx_HAL_Driver/Src/stm32f1xx_hal_rtc.c ****     }
1472:Drivers/STM32F1xx_HAL_Driver/Src/stm32f1xx_hal_rtc.c ****   }
1473:Drivers/STM32F1xx_HAL_Driver/Src/stm32f1xx_hal_rtc.c **** 
1474:Drivers/STM32F1xx_HAL_Driver/Src/stm32f1xx_hal_rtc.c ****   /* Clear the Alarm interrupt pending bit */
1475:Drivers/STM32F1xx_HAL_Driver/Src/stm32f1xx_hal_rtc.c ****   __HAL_RTC_ALARM_CLEAR_FLAG(hrtc, RTC_FLAG_ALRAF);
1476:Drivers/STM32F1xx_HAL_Driver/Src/stm32f1xx_hal_rtc.c **** 
1477:Drivers/STM32F1xx_HAL_Driver/Src/stm32f1xx_hal_rtc.c ****   /* Change RTC state */
1478:Drivers/STM32F1xx_HAL_Driver/Src/stm32f1xx_hal_rtc.c ****   hrtc->State = HAL_RTC_STATE_READY;
1479:Drivers/STM32F1xx_HAL_Driver/Src/stm32f1xx_hal_rtc.c **** 
1480:Drivers/STM32F1xx_HAL_Driver/Src/stm32f1xx_hal_rtc.c ****   return HAL_OK;
1481:Drivers/STM32F1xx_HAL_Driver/Src/stm32f1xx_hal_rtc.c **** }
1482:Drivers/STM32F1xx_HAL_Driver/Src/stm32f1xx_hal_rtc.c **** 
1483:Drivers/STM32F1xx_HAL_Driver/Src/stm32f1xx_hal_rtc.c **** /**
1484:Drivers/STM32F1xx_HAL_Driver/Src/stm32f1xx_hal_rtc.c ****   * @}
1485:Drivers/STM32F1xx_HAL_Driver/Src/stm32f1xx_hal_rtc.c ****   */
1486:Drivers/STM32F1xx_HAL_Driver/Src/stm32f1xx_hal_rtc.c **** 
1487:Drivers/STM32F1xx_HAL_Driver/Src/stm32f1xx_hal_rtc.c **** /** @defgroup RTC_Exported_Functions_Group4 Peripheral State functions
1488:Drivers/STM32F1xx_HAL_Driver/Src/stm32f1xx_hal_rtc.c ****  *  @brief   Peripheral State functions
1489:Drivers/STM32F1xx_HAL_Driver/Src/stm32f1xx_hal_rtc.c ****  *
1490:Drivers/STM32F1xx_HAL_Driver/Src/stm32f1xx_hal_rtc.c **** @verbatim
1491:Drivers/STM32F1xx_HAL_Driver/Src/stm32f1xx_hal_rtc.c ****  ===============================================================================
1492:Drivers/STM32F1xx_HAL_Driver/Src/stm32f1xx_hal_rtc.c ****                      ##### Peripheral State functions #####
1493:Drivers/STM32F1xx_HAL_Driver/Src/stm32f1xx_hal_rtc.c ****  ===============================================================================
1494:Drivers/STM32F1xx_HAL_Driver/Src/stm32f1xx_hal_rtc.c ****     [..]
1495:Drivers/STM32F1xx_HAL_Driver/Src/stm32f1xx_hal_rtc.c ****     This subsection provides functions allowing to
1496:Drivers/STM32F1xx_HAL_Driver/Src/stm32f1xx_hal_rtc.c ****       (+) Get RTC state
1497:Drivers/STM32F1xx_HAL_Driver/Src/stm32f1xx_hal_rtc.c **** 
1498:Drivers/STM32F1xx_HAL_Driver/Src/stm32f1xx_hal_rtc.c **** @endverbatim
1499:Drivers/STM32F1xx_HAL_Driver/Src/stm32f1xx_hal_rtc.c ****   * @{
1500:Drivers/STM32F1xx_HAL_Driver/Src/stm32f1xx_hal_rtc.c ****   */
1501:Drivers/STM32F1xx_HAL_Driver/Src/stm32f1xx_hal_rtc.c **** /**
1502:Drivers/STM32F1xx_HAL_Driver/Src/stm32f1xx_hal_rtc.c ****   * @brief  Returns the RTC state.
1503:Drivers/STM32F1xx_HAL_Driver/Src/stm32f1xx_hal_rtc.c ****   * @param  hrtc   pointer to a RTC_HandleTypeDef structure that contains
1504:Drivers/STM32F1xx_HAL_Driver/Src/stm32f1xx_hal_rtc.c ****   *                the configuration information for RTC.
1505:Drivers/STM32F1xx_HAL_Driver/Src/stm32f1xx_hal_rtc.c ****   * @retval HAL state
1506:Drivers/STM32F1xx_HAL_Driver/Src/stm32f1xx_hal_rtc.c ****   */
1507:Drivers/STM32F1xx_HAL_Driver/Src/stm32f1xx_hal_rtc.c **** HAL_RTCStateTypeDef HAL_RTC_GetState(RTC_HandleTypeDef *hrtc)
1508:Drivers/STM32F1xx_HAL_Driver/Src/stm32f1xx_hal_rtc.c **** {
1509:Drivers/STM32F1xx_HAL_Driver/Src/stm32f1xx_hal_rtc.c ****   return hrtc->State;
1510:Drivers/STM32F1xx_HAL_Driver/Src/stm32f1xx_hal_rtc.c **** }
1511:Drivers/STM32F1xx_HAL_Driver/Src/stm32f1xx_hal_rtc.c **** 
1512:Drivers/STM32F1xx_HAL_Driver/Src/stm32f1xx_hal_rtc.c **** /**
1513:Drivers/STM32F1xx_HAL_Driver/Src/stm32f1xx_hal_rtc.c ****   * @}
1514:Drivers/STM32F1xx_HAL_Driver/Src/stm32f1xx_hal_rtc.c ****   */
ARM GAS  C:\Users\ride_pig\AppData\Local\Temp\ccyvwVwa.s 			page 28


1515:Drivers/STM32F1xx_HAL_Driver/Src/stm32f1xx_hal_rtc.c **** 
1516:Drivers/STM32F1xx_HAL_Driver/Src/stm32f1xx_hal_rtc.c **** /** @defgroup RTC_Exported_Functions_Group5 Peripheral Control functions
1517:Drivers/STM32F1xx_HAL_Driver/Src/stm32f1xx_hal_rtc.c ****  *  @brief   Peripheral Control functions
1518:Drivers/STM32F1xx_HAL_Driver/Src/stm32f1xx_hal_rtc.c ****  *
1519:Drivers/STM32F1xx_HAL_Driver/Src/stm32f1xx_hal_rtc.c **** @verbatim
1520:Drivers/STM32F1xx_HAL_Driver/Src/stm32f1xx_hal_rtc.c ****  ===============================================================================
1521:Drivers/STM32F1xx_HAL_Driver/Src/stm32f1xx_hal_rtc.c ****                      ##### Peripheral Control functions #####
1522:Drivers/STM32F1xx_HAL_Driver/Src/stm32f1xx_hal_rtc.c ****  ===============================================================================
1523:Drivers/STM32F1xx_HAL_Driver/Src/stm32f1xx_hal_rtc.c ****     [..]
1524:Drivers/STM32F1xx_HAL_Driver/Src/stm32f1xx_hal_rtc.c ****     This subsection provides functions allowing to
1525:Drivers/STM32F1xx_HAL_Driver/Src/stm32f1xx_hal_rtc.c ****       (+) Wait for RTC Time and Date Synchronization
1526:Drivers/STM32F1xx_HAL_Driver/Src/stm32f1xx_hal_rtc.c **** 
1527:Drivers/STM32F1xx_HAL_Driver/Src/stm32f1xx_hal_rtc.c **** @endverbatim
1528:Drivers/STM32F1xx_HAL_Driver/Src/stm32f1xx_hal_rtc.c ****   * @{
1529:Drivers/STM32F1xx_HAL_Driver/Src/stm32f1xx_hal_rtc.c ****   */
1530:Drivers/STM32F1xx_HAL_Driver/Src/stm32f1xx_hal_rtc.c **** 
1531:Drivers/STM32F1xx_HAL_Driver/Src/stm32f1xx_hal_rtc.c **** /**
1532:Drivers/STM32F1xx_HAL_Driver/Src/stm32f1xx_hal_rtc.c ****   * @brief  Waits until the RTC registers (RTC_CNT, RTC_ALR and RTC_PRL)
1533:Drivers/STM32F1xx_HAL_Driver/Src/stm32f1xx_hal_rtc.c ****   *   are synchronized with RTC APB clock.
1534:Drivers/STM32F1xx_HAL_Driver/Src/stm32f1xx_hal_rtc.c ****   * @note   This function must be called before any read operation after an APB reset
1535:Drivers/STM32F1xx_HAL_Driver/Src/stm32f1xx_hal_rtc.c ****   *   or an APB clock stop.
1536:Drivers/STM32F1xx_HAL_Driver/Src/stm32f1xx_hal_rtc.c ****   * @param  hrtc   pointer to a RTC_HandleTypeDef structure that contains
1537:Drivers/STM32F1xx_HAL_Driver/Src/stm32f1xx_hal_rtc.c ****   *                the configuration information for RTC.
1538:Drivers/STM32F1xx_HAL_Driver/Src/stm32f1xx_hal_rtc.c ****   * @retval HAL status
1539:Drivers/STM32F1xx_HAL_Driver/Src/stm32f1xx_hal_rtc.c ****   */
1540:Drivers/STM32F1xx_HAL_Driver/Src/stm32f1xx_hal_rtc.c **** HAL_StatusTypeDef HAL_RTC_WaitForSynchro(RTC_HandleTypeDef *hrtc)
1541:Drivers/STM32F1xx_HAL_Driver/Src/stm32f1xx_hal_rtc.c **** {
1542:Drivers/STM32F1xx_HAL_Driver/Src/stm32f1xx_hal_rtc.c ****   uint32_t tickstart = 0U;
1543:Drivers/STM32F1xx_HAL_Driver/Src/stm32f1xx_hal_rtc.c **** 
1544:Drivers/STM32F1xx_HAL_Driver/Src/stm32f1xx_hal_rtc.c ****   /* Check input parameters */
1545:Drivers/STM32F1xx_HAL_Driver/Src/stm32f1xx_hal_rtc.c ****   if (hrtc == NULL)
1546:Drivers/STM32F1xx_HAL_Driver/Src/stm32f1xx_hal_rtc.c ****   {
1547:Drivers/STM32F1xx_HAL_Driver/Src/stm32f1xx_hal_rtc.c ****     return HAL_ERROR;
1548:Drivers/STM32F1xx_HAL_Driver/Src/stm32f1xx_hal_rtc.c ****   }
1549:Drivers/STM32F1xx_HAL_Driver/Src/stm32f1xx_hal_rtc.c **** 
1550:Drivers/STM32F1xx_HAL_Driver/Src/stm32f1xx_hal_rtc.c ****   /* Clear RSF flag */
1551:Drivers/STM32F1xx_HAL_Driver/Src/stm32f1xx_hal_rtc.c ****   CLEAR_BIT(hrtc->Instance->CRL, RTC_FLAG_RSF);
1552:Drivers/STM32F1xx_HAL_Driver/Src/stm32f1xx_hal_rtc.c **** 
1553:Drivers/STM32F1xx_HAL_Driver/Src/stm32f1xx_hal_rtc.c ****   tickstart = HAL_GetTick();
1554:Drivers/STM32F1xx_HAL_Driver/Src/stm32f1xx_hal_rtc.c **** 
1555:Drivers/STM32F1xx_HAL_Driver/Src/stm32f1xx_hal_rtc.c ****   /* Wait the registers to be synchronised */
1556:Drivers/STM32F1xx_HAL_Driver/Src/stm32f1xx_hal_rtc.c ****   while ((hrtc->Instance->CRL & RTC_FLAG_RSF) == (uint32_t)RESET)
1557:Drivers/STM32F1xx_HAL_Driver/Src/stm32f1xx_hal_rtc.c ****   {
1558:Drivers/STM32F1xx_HAL_Driver/Src/stm32f1xx_hal_rtc.c ****     if ((HAL_GetTick() - tickstart) >  RTC_TIMEOUT_VALUE)
1559:Drivers/STM32F1xx_HAL_Driver/Src/stm32f1xx_hal_rtc.c ****     {
1560:Drivers/STM32F1xx_HAL_Driver/Src/stm32f1xx_hal_rtc.c ****       return HAL_TIMEOUT;
1561:Drivers/STM32F1xx_HAL_Driver/Src/stm32f1xx_hal_rtc.c ****     }
1562:Drivers/STM32F1xx_HAL_Driver/Src/stm32f1xx_hal_rtc.c ****   }
1563:Drivers/STM32F1xx_HAL_Driver/Src/stm32f1xx_hal_rtc.c **** 
1564:Drivers/STM32F1xx_HAL_Driver/Src/stm32f1xx_hal_rtc.c ****   return HAL_OK;
1565:Drivers/STM32F1xx_HAL_Driver/Src/stm32f1xx_hal_rtc.c **** }
1566:Drivers/STM32F1xx_HAL_Driver/Src/stm32f1xx_hal_rtc.c **** 
1567:Drivers/STM32F1xx_HAL_Driver/Src/stm32f1xx_hal_rtc.c **** /**
1568:Drivers/STM32F1xx_HAL_Driver/Src/stm32f1xx_hal_rtc.c ****   * @}
1569:Drivers/STM32F1xx_HAL_Driver/Src/stm32f1xx_hal_rtc.c ****   */
1570:Drivers/STM32F1xx_HAL_Driver/Src/stm32f1xx_hal_rtc.c **** 
1571:Drivers/STM32F1xx_HAL_Driver/Src/stm32f1xx_hal_rtc.c **** 
ARM GAS  C:\Users\ride_pig\AppData\Local\Temp\ccyvwVwa.s 			page 29


1572:Drivers/STM32F1xx_HAL_Driver/Src/stm32f1xx_hal_rtc.c **** /**
1573:Drivers/STM32F1xx_HAL_Driver/Src/stm32f1xx_hal_rtc.c ****   * @}
1574:Drivers/STM32F1xx_HAL_Driver/Src/stm32f1xx_hal_rtc.c ****   */
1575:Drivers/STM32F1xx_HAL_Driver/Src/stm32f1xx_hal_rtc.c **** 
1576:Drivers/STM32F1xx_HAL_Driver/Src/stm32f1xx_hal_rtc.c **** /** @addtogroup RTC_Private_Functions
1577:Drivers/STM32F1xx_HAL_Driver/Src/stm32f1xx_hal_rtc.c ****   * @{
1578:Drivers/STM32F1xx_HAL_Driver/Src/stm32f1xx_hal_rtc.c ****   */
1579:Drivers/STM32F1xx_HAL_Driver/Src/stm32f1xx_hal_rtc.c **** 
1580:Drivers/STM32F1xx_HAL_Driver/Src/stm32f1xx_hal_rtc.c **** 
1581:Drivers/STM32F1xx_HAL_Driver/Src/stm32f1xx_hal_rtc.c **** /**
1582:Drivers/STM32F1xx_HAL_Driver/Src/stm32f1xx_hal_rtc.c ****   * @brief  Read the time counter available in RTC_CNT registers.
1583:Drivers/STM32F1xx_HAL_Driver/Src/stm32f1xx_hal_rtc.c ****   * @param  hrtc   pointer to a RTC_HandleTypeDef structure that contains
1584:Drivers/STM32F1xx_HAL_Driver/Src/stm32f1xx_hal_rtc.c ****   *                the configuration information for RTC.
1585:Drivers/STM32F1xx_HAL_Driver/Src/stm32f1xx_hal_rtc.c ****   * @retval Time counter
1586:Drivers/STM32F1xx_HAL_Driver/Src/stm32f1xx_hal_rtc.c ****   */
1587:Drivers/STM32F1xx_HAL_Driver/Src/stm32f1xx_hal_rtc.c **** static uint32_t RTC_ReadTimeCounter(RTC_HandleTypeDef *hrtc)
1588:Drivers/STM32F1xx_HAL_Driver/Src/stm32f1xx_hal_rtc.c **** {
  27              		.loc 1 1588 1 view -0
  28              		.cfi_startproc
  29              		@ args = 0, pretend = 0, frame = 0
  30              		@ frame_needed = 0, uses_anonymous_args = 0
  31              		.loc 1 1588 1 is_stmt 0 view .LVU1
  32 0000 00B5     		push	{lr}
  33              	.LCFI0:
  34              		.cfi_def_cfa_offset 4
  35              		.cfi_offset 14, -4
1589:Drivers/STM32F1xx_HAL_Driver/Src/stm32f1xx_hal_rtc.c ****   uint16_t high1 = 0U, high2 = 0U, low = 0U;
  36              		.loc 1 1589 3 is_stmt 1 view .LVU2
  37              	.LVL1:
1590:Drivers/STM32F1xx_HAL_Driver/Src/stm32f1xx_hal_rtc.c ****   uint32_t timecounter = 0U;
  38              		.loc 1 1590 3 view .LVU3
1591:Drivers/STM32F1xx_HAL_Driver/Src/stm32f1xx_hal_rtc.c **** 
1592:Drivers/STM32F1xx_HAL_Driver/Src/stm32f1xx_hal_rtc.c ****   high1 = READ_REG(hrtc->Instance->CNTH & RTC_CNTH_RTC_CNT);
  39              		.loc 1 1592 3 view .LVU4
  40              		.loc 1 1592 11 is_stmt 0 view .LVU5
  41 0002 0368     		ldr	r3, [r0]
  42 0004 9969     		ldr	r1, [r3, #24]
  43              		.loc 1 1592 9 view .LVU6
  44 0006 1FFA81FE 		uxth	lr, r1
  45              	.LVL2:
1593:Drivers/STM32F1xx_HAL_Driver/Src/stm32f1xx_hal_rtc.c ****   low   = READ_REG(hrtc->Instance->CNTL & RTC_CNTL_RTC_CNT);
  46              		.loc 1 1593 3 is_stmt 1 view .LVU7
  47              		.loc 1 1593 11 is_stmt 0 view .LVU8
  48 000a D869     		ldr	r0, [r3, #28]
  49              	.LVL3:
1594:Drivers/STM32F1xx_HAL_Driver/Src/stm32f1xx_hal_rtc.c ****   high2 = READ_REG(hrtc->Instance->CNTH & RTC_CNTH_RTC_CNT);
  50              		.loc 1 1594 3 is_stmt 1 view .LVU9
  51              		.loc 1 1594 11 is_stmt 0 view .LVU10
  52 000c 9A69     		ldr	r2, [r3, #24]
  53              		.loc 1 1594 9 view .LVU11
  54 000e 1FFA82FC 		uxth	ip, r2
  55              	.LVL4:
1595:Drivers/STM32F1xx_HAL_Driver/Src/stm32f1xx_hal_rtc.c **** 
1596:Drivers/STM32F1xx_HAL_Driver/Src/stm32f1xx_hal_rtc.c ****   if (high1 != high2)
  56              		.loc 1 1596 3 is_stmt 1 view .LVU12
  57              		.loc 1 1596 6 is_stmt 0 view .LVU13
  58 0012 E645     		cmp	lr, ip
ARM GAS  C:\Users\ride_pig\AppData\Local\Temp\ccyvwVwa.s 			page 30


  59 0014 05D0     		beq	.L2
1597:Drivers/STM32F1xx_HAL_Driver/Src/stm32f1xx_hal_rtc.c ****   {
1598:Drivers/STM32F1xx_HAL_Driver/Src/stm32f1xx_hal_rtc.c ****     /* In this case the counter roll over during reading of CNTL and CNTH registers,
1599:Drivers/STM32F1xx_HAL_Driver/Src/stm32f1xx_hal_rtc.c ****        read again CNTL register then return the counter value */
1600:Drivers/STM32F1xx_HAL_Driver/Src/stm32f1xx_hal_rtc.c ****     timecounter = (((uint32_t) high2 << 16U) | READ_REG(hrtc->Instance->CNTL & RTC_CNTL_RTC_CNT));
  60              		.loc 1 1600 5 is_stmt 1 view .LVU14
  61              		.loc 1 1600 48 is_stmt 0 view .LVU15
  62 0016 D869     		ldr	r0, [r3, #28]
  63              	.LVL5:
  64              		.loc 1 1600 48 view .LVU16
  65 0018 80B2     		uxth	r0, r0
  66              		.loc 1 1600 17 view .LVU17
  67 001a 40EA0240 		orr	r0, r0, r2, lsl #16
  68              	.LVL6:
  69              	.L1:
1601:Drivers/STM32F1xx_HAL_Driver/Src/stm32f1xx_hal_rtc.c ****   }
1602:Drivers/STM32F1xx_HAL_Driver/Src/stm32f1xx_hal_rtc.c ****   else
1603:Drivers/STM32F1xx_HAL_Driver/Src/stm32f1xx_hal_rtc.c ****   {
1604:Drivers/STM32F1xx_HAL_Driver/Src/stm32f1xx_hal_rtc.c ****     /* No counter roll over during reading of CNTL and CNTH registers, counter
1605:Drivers/STM32F1xx_HAL_Driver/Src/stm32f1xx_hal_rtc.c ****        value is equal to first value of CNTL and CNTH */
1606:Drivers/STM32F1xx_HAL_Driver/Src/stm32f1xx_hal_rtc.c ****     timecounter = (((uint32_t) high1 << 16U) | low);
1607:Drivers/STM32F1xx_HAL_Driver/Src/stm32f1xx_hal_rtc.c ****   }
1608:Drivers/STM32F1xx_HAL_Driver/Src/stm32f1xx_hal_rtc.c **** 
1609:Drivers/STM32F1xx_HAL_Driver/Src/stm32f1xx_hal_rtc.c ****   return timecounter;
1610:Drivers/STM32F1xx_HAL_Driver/Src/stm32f1xx_hal_rtc.c **** }
  70              		.loc 1 1610 1 view .LVU18
  71 001e 5DF804FB 		ldr	pc, [sp], #4
  72              	.LVL7:
  73              	.L2:
1606:Drivers/STM32F1xx_HAL_Driver/Src/stm32f1xx_hal_rtc.c ****   }
  74              		.loc 1 1606 5 is_stmt 1 view .LVU19
1606:Drivers/STM32F1xx_HAL_Driver/Src/stm32f1xx_hal_rtc.c ****   }
  75              		.loc 1 1606 17 is_stmt 0 view .LVU20
  76 0022 80B2     		uxth	r0, r0
1606:Drivers/STM32F1xx_HAL_Driver/Src/stm32f1xx_hal_rtc.c ****   }
  77              		.loc 1 1606 17 view .LVU21
  78 0024 40EA0140 		orr	r0, r0, r1, lsl #16
  79              	.LVL8:
1609:Drivers/STM32F1xx_HAL_Driver/Src/stm32f1xx_hal_rtc.c **** }
  80              		.loc 1 1609 3 is_stmt 1 view .LVU22
1609:Drivers/STM32F1xx_HAL_Driver/Src/stm32f1xx_hal_rtc.c **** }
  81              		.loc 1 1609 10 is_stmt 0 view .LVU23
  82 0028 F9E7     		b	.L1
  83              		.cfi_endproc
  84              	.LFE82:
  86              		.section	.text.RTC_ReadAlarmCounter,"ax",%progbits
  87              		.align	1
  88              		.syntax unified
  89              		.thumb
  90              		.thumb_func
  92              	RTC_ReadAlarmCounter:
  93              	.LVL9:
  94              	.LFB84:
1611:Drivers/STM32F1xx_HAL_Driver/Src/stm32f1xx_hal_rtc.c **** 
1612:Drivers/STM32F1xx_HAL_Driver/Src/stm32f1xx_hal_rtc.c **** /**
1613:Drivers/STM32F1xx_HAL_Driver/Src/stm32f1xx_hal_rtc.c ****   * @brief  Write the time counter in RTC_CNT registers.
1614:Drivers/STM32F1xx_HAL_Driver/Src/stm32f1xx_hal_rtc.c ****   * @param  hrtc   pointer to a RTC_HandleTypeDef structure that contains
ARM GAS  C:\Users\ride_pig\AppData\Local\Temp\ccyvwVwa.s 			page 31


1615:Drivers/STM32F1xx_HAL_Driver/Src/stm32f1xx_hal_rtc.c ****   *                the configuration information for RTC.
1616:Drivers/STM32F1xx_HAL_Driver/Src/stm32f1xx_hal_rtc.c ****   * @param  TimeCounter: Counter to write in RTC_CNT registers
1617:Drivers/STM32F1xx_HAL_Driver/Src/stm32f1xx_hal_rtc.c ****   * @retval HAL status
1618:Drivers/STM32F1xx_HAL_Driver/Src/stm32f1xx_hal_rtc.c ****   */
1619:Drivers/STM32F1xx_HAL_Driver/Src/stm32f1xx_hal_rtc.c **** static HAL_StatusTypeDef RTC_WriteTimeCounter(RTC_HandleTypeDef *hrtc, uint32_t TimeCounter)
1620:Drivers/STM32F1xx_HAL_Driver/Src/stm32f1xx_hal_rtc.c **** {
1621:Drivers/STM32F1xx_HAL_Driver/Src/stm32f1xx_hal_rtc.c ****   HAL_StatusTypeDef status = HAL_OK;
1622:Drivers/STM32F1xx_HAL_Driver/Src/stm32f1xx_hal_rtc.c **** 
1623:Drivers/STM32F1xx_HAL_Driver/Src/stm32f1xx_hal_rtc.c ****   /* Set Initialization mode */
1624:Drivers/STM32F1xx_HAL_Driver/Src/stm32f1xx_hal_rtc.c ****   if (RTC_EnterInitMode(hrtc) != HAL_OK)
1625:Drivers/STM32F1xx_HAL_Driver/Src/stm32f1xx_hal_rtc.c ****   {
1626:Drivers/STM32F1xx_HAL_Driver/Src/stm32f1xx_hal_rtc.c ****     status = HAL_ERROR;
1627:Drivers/STM32F1xx_HAL_Driver/Src/stm32f1xx_hal_rtc.c ****   }
1628:Drivers/STM32F1xx_HAL_Driver/Src/stm32f1xx_hal_rtc.c ****   else
1629:Drivers/STM32F1xx_HAL_Driver/Src/stm32f1xx_hal_rtc.c ****   {
1630:Drivers/STM32F1xx_HAL_Driver/Src/stm32f1xx_hal_rtc.c ****     /* Set RTC COUNTER MSB word */
1631:Drivers/STM32F1xx_HAL_Driver/Src/stm32f1xx_hal_rtc.c ****     WRITE_REG(hrtc->Instance->CNTH, (TimeCounter >> 16U));
1632:Drivers/STM32F1xx_HAL_Driver/Src/stm32f1xx_hal_rtc.c ****     /* Set RTC COUNTER LSB word */
1633:Drivers/STM32F1xx_HAL_Driver/Src/stm32f1xx_hal_rtc.c ****     WRITE_REG(hrtc->Instance->CNTL, (TimeCounter & RTC_CNTL_RTC_CNT));
1634:Drivers/STM32F1xx_HAL_Driver/Src/stm32f1xx_hal_rtc.c **** 
1635:Drivers/STM32F1xx_HAL_Driver/Src/stm32f1xx_hal_rtc.c ****     /* Wait for synchro */
1636:Drivers/STM32F1xx_HAL_Driver/Src/stm32f1xx_hal_rtc.c ****     if (RTC_ExitInitMode(hrtc) != HAL_OK)
1637:Drivers/STM32F1xx_HAL_Driver/Src/stm32f1xx_hal_rtc.c ****     {
1638:Drivers/STM32F1xx_HAL_Driver/Src/stm32f1xx_hal_rtc.c ****       status = HAL_ERROR;
1639:Drivers/STM32F1xx_HAL_Driver/Src/stm32f1xx_hal_rtc.c ****     }
1640:Drivers/STM32F1xx_HAL_Driver/Src/stm32f1xx_hal_rtc.c ****   }
1641:Drivers/STM32F1xx_HAL_Driver/Src/stm32f1xx_hal_rtc.c **** 
1642:Drivers/STM32F1xx_HAL_Driver/Src/stm32f1xx_hal_rtc.c ****   return status;
1643:Drivers/STM32F1xx_HAL_Driver/Src/stm32f1xx_hal_rtc.c **** }
1644:Drivers/STM32F1xx_HAL_Driver/Src/stm32f1xx_hal_rtc.c **** 
1645:Drivers/STM32F1xx_HAL_Driver/Src/stm32f1xx_hal_rtc.c **** /**
1646:Drivers/STM32F1xx_HAL_Driver/Src/stm32f1xx_hal_rtc.c ****   * @brief  Read the time counter available in RTC_ALR registers.
1647:Drivers/STM32F1xx_HAL_Driver/Src/stm32f1xx_hal_rtc.c ****   * @param  hrtc   pointer to a RTC_HandleTypeDef structure that contains
1648:Drivers/STM32F1xx_HAL_Driver/Src/stm32f1xx_hal_rtc.c ****   *                the configuration information for RTC.
1649:Drivers/STM32F1xx_HAL_Driver/Src/stm32f1xx_hal_rtc.c ****   * @retval Time counter
1650:Drivers/STM32F1xx_HAL_Driver/Src/stm32f1xx_hal_rtc.c ****   */
1651:Drivers/STM32F1xx_HAL_Driver/Src/stm32f1xx_hal_rtc.c **** static uint32_t RTC_ReadAlarmCounter(RTC_HandleTypeDef *hrtc)
1652:Drivers/STM32F1xx_HAL_Driver/Src/stm32f1xx_hal_rtc.c **** {
  95              		.loc 1 1652 1 is_stmt 1 view -0
  96              		.cfi_startproc
  97              		@ args = 0, pretend = 0, frame = 0
  98              		@ frame_needed = 0, uses_anonymous_args = 0
  99              		@ link register save eliminated.
1653:Drivers/STM32F1xx_HAL_Driver/Src/stm32f1xx_hal_rtc.c ****   uint16_t high1 = 0U, low = 0U;
 100              		.loc 1 1653 3 view .LVU25
1654:Drivers/STM32F1xx_HAL_Driver/Src/stm32f1xx_hal_rtc.c **** 
1655:Drivers/STM32F1xx_HAL_Driver/Src/stm32f1xx_hal_rtc.c ****   high1 = READ_REG(hrtc->Instance->ALRH & RTC_CNTH_RTC_CNT);
 101              		.loc 1 1655 3 view .LVU26
 102              		.loc 1 1655 11 is_stmt 0 view .LVU27
 103 0000 0368     		ldr	r3, [r0]
 104 0002 186A     		ldr	r0, [r3, #32]
 105              	.LVL10:
1656:Drivers/STM32F1xx_HAL_Driver/Src/stm32f1xx_hal_rtc.c ****   low   = READ_REG(hrtc->Instance->ALRL & RTC_CNTL_RTC_CNT);
 106              		.loc 1 1656 3 is_stmt 1 view .LVU28
 107              		.loc 1 1656 11 is_stmt 0 view .LVU29
 108 0004 5B6A     		ldr	r3, [r3, #36]
 109              	.LVL11:
ARM GAS  C:\Users\ride_pig\AppData\Local\Temp\ccyvwVwa.s 			page 32


1657:Drivers/STM32F1xx_HAL_Driver/Src/stm32f1xx_hal_rtc.c **** 
1658:Drivers/STM32F1xx_HAL_Driver/Src/stm32f1xx_hal_rtc.c ****   return (((uint32_t) high1 << 16U) | low);
 110              		.loc 1 1658 3 is_stmt 1 view .LVU30
 111              		.loc 1 1658 37 is_stmt 0 view .LVU31
 112 0006 9BB2     		uxth	r3, r3
1659:Drivers/STM32F1xx_HAL_Driver/Src/stm32f1xx_hal_rtc.c **** }
 113              		.loc 1 1659 1 view .LVU32
 114 0008 43EA0040 		orr	r0, r3, r0, lsl #16
 115              	.LVL12:
 116              		.loc 1 1659 1 view .LVU33
 117 000c 7047     		bx	lr
 118              		.cfi_endproc
 119              	.LFE84:
 121              		.section	.text.RTC_ByteToBcd2,"ax",%progbits
 122              		.align	1
 123              		.syntax unified
 124              		.thumb
 125              		.thumb_func
 127              	RTC_ByteToBcd2:
 128              	.LVL13:
 129              	.LFB88:
1660:Drivers/STM32F1xx_HAL_Driver/Src/stm32f1xx_hal_rtc.c **** 
1661:Drivers/STM32F1xx_HAL_Driver/Src/stm32f1xx_hal_rtc.c **** /**
1662:Drivers/STM32F1xx_HAL_Driver/Src/stm32f1xx_hal_rtc.c ****   * @brief  Write the time counter in RTC_ALR registers.
1663:Drivers/STM32F1xx_HAL_Driver/Src/stm32f1xx_hal_rtc.c ****   * @param  hrtc   pointer to a RTC_HandleTypeDef structure that contains
1664:Drivers/STM32F1xx_HAL_Driver/Src/stm32f1xx_hal_rtc.c ****   *                the configuration information for RTC.
1665:Drivers/STM32F1xx_HAL_Driver/Src/stm32f1xx_hal_rtc.c ****   * @param  AlarmCounter: Counter to write in RTC_ALR registers
1666:Drivers/STM32F1xx_HAL_Driver/Src/stm32f1xx_hal_rtc.c ****   * @retval HAL status
1667:Drivers/STM32F1xx_HAL_Driver/Src/stm32f1xx_hal_rtc.c ****   */
1668:Drivers/STM32F1xx_HAL_Driver/Src/stm32f1xx_hal_rtc.c **** static HAL_StatusTypeDef RTC_WriteAlarmCounter(RTC_HandleTypeDef *hrtc, uint32_t AlarmCounter)
1669:Drivers/STM32F1xx_HAL_Driver/Src/stm32f1xx_hal_rtc.c **** {
1670:Drivers/STM32F1xx_HAL_Driver/Src/stm32f1xx_hal_rtc.c ****   HAL_StatusTypeDef status = HAL_OK;
1671:Drivers/STM32F1xx_HAL_Driver/Src/stm32f1xx_hal_rtc.c **** 
1672:Drivers/STM32F1xx_HAL_Driver/Src/stm32f1xx_hal_rtc.c ****   /* Set Initialization mode */
1673:Drivers/STM32F1xx_HAL_Driver/Src/stm32f1xx_hal_rtc.c ****   if (RTC_EnterInitMode(hrtc) != HAL_OK)
1674:Drivers/STM32F1xx_HAL_Driver/Src/stm32f1xx_hal_rtc.c ****   {
1675:Drivers/STM32F1xx_HAL_Driver/Src/stm32f1xx_hal_rtc.c ****     status = HAL_ERROR;
1676:Drivers/STM32F1xx_HAL_Driver/Src/stm32f1xx_hal_rtc.c ****   }
1677:Drivers/STM32F1xx_HAL_Driver/Src/stm32f1xx_hal_rtc.c ****   else
1678:Drivers/STM32F1xx_HAL_Driver/Src/stm32f1xx_hal_rtc.c ****   {
1679:Drivers/STM32F1xx_HAL_Driver/Src/stm32f1xx_hal_rtc.c ****     /* Set RTC COUNTER MSB word */
1680:Drivers/STM32F1xx_HAL_Driver/Src/stm32f1xx_hal_rtc.c ****     WRITE_REG(hrtc->Instance->ALRH, (AlarmCounter >> 16U));
1681:Drivers/STM32F1xx_HAL_Driver/Src/stm32f1xx_hal_rtc.c ****     /* Set RTC COUNTER LSB word */
1682:Drivers/STM32F1xx_HAL_Driver/Src/stm32f1xx_hal_rtc.c ****     WRITE_REG(hrtc->Instance->ALRL, (AlarmCounter & RTC_ALRL_RTC_ALR));
1683:Drivers/STM32F1xx_HAL_Driver/Src/stm32f1xx_hal_rtc.c **** 
1684:Drivers/STM32F1xx_HAL_Driver/Src/stm32f1xx_hal_rtc.c ****     /* Wait for synchro */
1685:Drivers/STM32F1xx_HAL_Driver/Src/stm32f1xx_hal_rtc.c ****     if (RTC_ExitInitMode(hrtc) != HAL_OK)
1686:Drivers/STM32F1xx_HAL_Driver/Src/stm32f1xx_hal_rtc.c ****     {
1687:Drivers/STM32F1xx_HAL_Driver/Src/stm32f1xx_hal_rtc.c ****       status = HAL_ERROR;
1688:Drivers/STM32F1xx_HAL_Driver/Src/stm32f1xx_hal_rtc.c ****     }
1689:Drivers/STM32F1xx_HAL_Driver/Src/stm32f1xx_hal_rtc.c ****   }
1690:Drivers/STM32F1xx_HAL_Driver/Src/stm32f1xx_hal_rtc.c **** 
1691:Drivers/STM32F1xx_HAL_Driver/Src/stm32f1xx_hal_rtc.c ****   return status;
1692:Drivers/STM32F1xx_HAL_Driver/Src/stm32f1xx_hal_rtc.c **** }
1693:Drivers/STM32F1xx_HAL_Driver/Src/stm32f1xx_hal_rtc.c **** 
1694:Drivers/STM32F1xx_HAL_Driver/Src/stm32f1xx_hal_rtc.c **** /**
1695:Drivers/STM32F1xx_HAL_Driver/Src/stm32f1xx_hal_rtc.c ****   * @brief  Enters the RTC Initialization mode.
ARM GAS  C:\Users\ride_pig\AppData\Local\Temp\ccyvwVwa.s 			page 33


1696:Drivers/STM32F1xx_HAL_Driver/Src/stm32f1xx_hal_rtc.c ****   * @param  hrtc   pointer to a RTC_HandleTypeDef structure that contains
1697:Drivers/STM32F1xx_HAL_Driver/Src/stm32f1xx_hal_rtc.c ****   *                the configuration information for RTC.
1698:Drivers/STM32F1xx_HAL_Driver/Src/stm32f1xx_hal_rtc.c ****   * @retval HAL status
1699:Drivers/STM32F1xx_HAL_Driver/Src/stm32f1xx_hal_rtc.c ****   */
1700:Drivers/STM32F1xx_HAL_Driver/Src/stm32f1xx_hal_rtc.c **** static HAL_StatusTypeDef RTC_EnterInitMode(RTC_HandleTypeDef *hrtc)
1701:Drivers/STM32F1xx_HAL_Driver/Src/stm32f1xx_hal_rtc.c **** {
1702:Drivers/STM32F1xx_HAL_Driver/Src/stm32f1xx_hal_rtc.c ****   uint32_t tickstart = 0U;
1703:Drivers/STM32F1xx_HAL_Driver/Src/stm32f1xx_hal_rtc.c **** 
1704:Drivers/STM32F1xx_HAL_Driver/Src/stm32f1xx_hal_rtc.c ****   tickstart = HAL_GetTick();
1705:Drivers/STM32F1xx_HAL_Driver/Src/stm32f1xx_hal_rtc.c ****   /* Wait till RTC is in INIT state and if Time out is reached exit */
1706:Drivers/STM32F1xx_HAL_Driver/Src/stm32f1xx_hal_rtc.c ****   while ((hrtc->Instance->CRL & RTC_CRL_RTOFF) == (uint32_t)RESET)
1707:Drivers/STM32F1xx_HAL_Driver/Src/stm32f1xx_hal_rtc.c ****   {
1708:Drivers/STM32F1xx_HAL_Driver/Src/stm32f1xx_hal_rtc.c ****     if ((HAL_GetTick() - tickstart) >  RTC_TIMEOUT_VALUE)
1709:Drivers/STM32F1xx_HAL_Driver/Src/stm32f1xx_hal_rtc.c ****     {
1710:Drivers/STM32F1xx_HAL_Driver/Src/stm32f1xx_hal_rtc.c ****       return HAL_TIMEOUT;
1711:Drivers/STM32F1xx_HAL_Driver/Src/stm32f1xx_hal_rtc.c ****     }
1712:Drivers/STM32F1xx_HAL_Driver/Src/stm32f1xx_hal_rtc.c ****   }
1713:Drivers/STM32F1xx_HAL_Driver/Src/stm32f1xx_hal_rtc.c **** 
1714:Drivers/STM32F1xx_HAL_Driver/Src/stm32f1xx_hal_rtc.c ****   /* Disable the write protection for RTC registers */
1715:Drivers/STM32F1xx_HAL_Driver/Src/stm32f1xx_hal_rtc.c ****   __HAL_RTC_WRITEPROTECTION_DISABLE(hrtc);
1716:Drivers/STM32F1xx_HAL_Driver/Src/stm32f1xx_hal_rtc.c **** 
1717:Drivers/STM32F1xx_HAL_Driver/Src/stm32f1xx_hal_rtc.c **** 
1718:Drivers/STM32F1xx_HAL_Driver/Src/stm32f1xx_hal_rtc.c ****   return HAL_OK;
1719:Drivers/STM32F1xx_HAL_Driver/Src/stm32f1xx_hal_rtc.c **** }
1720:Drivers/STM32F1xx_HAL_Driver/Src/stm32f1xx_hal_rtc.c **** 
1721:Drivers/STM32F1xx_HAL_Driver/Src/stm32f1xx_hal_rtc.c **** /**
1722:Drivers/STM32F1xx_HAL_Driver/Src/stm32f1xx_hal_rtc.c ****   * @brief  Exit the RTC Initialization mode.
1723:Drivers/STM32F1xx_HAL_Driver/Src/stm32f1xx_hal_rtc.c ****   * @param  hrtc   pointer to a RTC_HandleTypeDef structure that contains
1724:Drivers/STM32F1xx_HAL_Driver/Src/stm32f1xx_hal_rtc.c ****   *                the configuration information for RTC.
1725:Drivers/STM32F1xx_HAL_Driver/Src/stm32f1xx_hal_rtc.c ****   * @retval HAL status
1726:Drivers/STM32F1xx_HAL_Driver/Src/stm32f1xx_hal_rtc.c ****   */
1727:Drivers/STM32F1xx_HAL_Driver/Src/stm32f1xx_hal_rtc.c **** static HAL_StatusTypeDef RTC_ExitInitMode(RTC_HandleTypeDef *hrtc)
1728:Drivers/STM32F1xx_HAL_Driver/Src/stm32f1xx_hal_rtc.c **** {
1729:Drivers/STM32F1xx_HAL_Driver/Src/stm32f1xx_hal_rtc.c ****   uint32_t tickstart = 0U;
1730:Drivers/STM32F1xx_HAL_Driver/Src/stm32f1xx_hal_rtc.c **** 
1731:Drivers/STM32F1xx_HAL_Driver/Src/stm32f1xx_hal_rtc.c ****   /* Disable the write protection for RTC registers */
1732:Drivers/STM32F1xx_HAL_Driver/Src/stm32f1xx_hal_rtc.c ****   __HAL_RTC_WRITEPROTECTION_ENABLE(hrtc);
1733:Drivers/STM32F1xx_HAL_Driver/Src/stm32f1xx_hal_rtc.c **** 
1734:Drivers/STM32F1xx_HAL_Driver/Src/stm32f1xx_hal_rtc.c ****   tickstart = HAL_GetTick();
1735:Drivers/STM32F1xx_HAL_Driver/Src/stm32f1xx_hal_rtc.c ****   /* Wait till RTC is in INIT state and if Time out is reached exit */
1736:Drivers/STM32F1xx_HAL_Driver/Src/stm32f1xx_hal_rtc.c ****   while ((hrtc->Instance->CRL & RTC_CRL_RTOFF) == (uint32_t)RESET)
1737:Drivers/STM32F1xx_HAL_Driver/Src/stm32f1xx_hal_rtc.c ****   {
1738:Drivers/STM32F1xx_HAL_Driver/Src/stm32f1xx_hal_rtc.c ****     if ((HAL_GetTick() - tickstart) >  RTC_TIMEOUT_VALUE)
1739:Drivers/STM32F1xx_HAL_Driver/Src/stm32f1xx_hal_rtc.c ****     {
1740:Drivers/STM32F1xx_HAL_Driver/Src/stm32f1xx_hal_rtc.c ****       return HAL_TIMEOUT;
1741:Drivers/STM32F1xx_HAL_Driver/Src/stm32f1xx_hal_rtc.c ****     }
1742:Drivers/STM32F1xx_HAL_Driver/Src/stm32f1xx_hal_rtc.c ****   }
1743:Drivers/STM32F1xx_HAL_Driver/Src/stm32f1xx_hal_rtc.c **** 
1744:Drivers/STM32F1xx_HAL_Driver/Src/stm32f1xx_hal_rtc.c ****   return HAL_OK;
1745:Drivers/STM32F1xx_HAL_Driver/Src/stm32f1xx_hal_rtc.c **** }
1746:Drivers/STM32F1xx_HAL_Driver/Src/stm32f1xx_hal_rtc.c **** 
1747:Drivers/STM32F1xx_HAL_Driver/Src/stm32f1xx_hal_rtc.c **** /**
1748:Drivers/STM32F1xx_HAL_Driver/Src/stm32f1xx_hal_rtc.c ****   * @brief  Converts a 2 digit decimal to BCD format.
1749:Drivers/STM32F1xx_HAL_Driver/Src/stm32f1xx_hal_rtc.c ****   * @param  Value: Byte to be converted
1750:Drivers/STM32F1xx_HAL_Driver/Src/stm32f1xx_hal_rtc.c ****   * @retval Converted byte
1751:Drivers/STM32F1xx_HAL_Driver/Src/stm32f1xx_hal_rtc.c ****   */
1752:Drivers/STM32F1xx_HAL_Driver/Src/stm32f1xx_hal_rtc.c **** static uint8_t RTC_ByteToBcd2(uint8_t Value)
ARM GAS  C:\Users\ride_pig\AppData\Local\Temp\ccyvwVwa.s 			page 34


1753:Drivers/STM32F1xx_HAL_Driver/Src/stm32f1xx_hal_rtc.c **** {
 130              		.loc 1 1753 1 is_stmt 1 view -0
 131              		.cfi_startproc
 132              		@ args = 0, pretend = 0, frame = 0
 133              		@ frame_needed = 0, uses_anonymous_args = 0
 134              		@ link register save eliminated.
1754:Drivers/STM32F1xx_HAL_Driver/Src/stm32f1xx_hal_rtc.c ****   uint32_t bcdhigh = 0U;
 135              		.loc 1 1754 3 view .LVU35
1755:Drivers/STM32F1xx_HAL_Driver/Src/stm32f1xx_hal_rtc.c **** 
1756:Drivers/STM32F1xx_HAL_Driver/Src/stm32f1xx_hal_rtc.c ****   while (Value >= 10U)
 136              		.loc 1 1756 3 view .LVU36
1754:Drivers/STM32F1xx_HAL_Driver/Src/stm32f1xx_hal_rtc.c ****   uint32_t bcdhigh = 0U;
 137              		.loc 1 1754 12 is_stmt 0 view .LVU37
 138 0000 0023     		movs	r3, #0
 139              		.loc 1 1756 9 view .LVU38
 140 0002 02E0     		b	.L7
 141              	.LVL14:
 142              	.L8:
1757:Drivers/STM32F1xx_HAL_Driver/Src/stm32f1xx_hal_rtc.c ****   {
1758:Drivers/STM32F1xx_HAL_Driver/Src/stm32f1xx_hal_rtc.c ****     bcdhigh++;
 143              		.loc 1 1758 5 is_stmt 1 view .LVU39
 144              		.loc 1 1758 12 is_stmt 0 view .LVU40
 145 0004 0133     		adds	r3, r3, #1
 146              	.LVL15:
1759:Drivers/STM32F1xx_HAL_Driver/Src/stm32f1xx_hal_rtc.c ****     Value -= 10U;
 147              		.loc 1 1759 5 is_stmt 1 view .LVU41
 148              		.loc 1 1759 11 is_stmt 0 view .LVU42
 149 0006 0A38     		subs	r0, r0, #10
 150              	.LVL16:
 151              		.loc 1 1759 11 view .LVU43
 152 0008 C0B2     		uxtb	r0, r0
 153              	.LVL17:
 154              	.L7:
1756:Drivers/STM32F1xx_HAL_Driver/Src/stm32f1xx_hal_rtc.c ****   {
 155              		.loc 1 1756 16 is_stmt 1 view .LVU44
 156 000a 0928     		cmp	r0, #9
 157 000c FAD8     		bhi	.L8
1760:Drivers/STM32F1xx_HAL_Driver/Src/stm32f1xx_hal_rtc.c ****   }
1761:Drivers/STM32F1xx_HAL_Driver/Src/stm32f1xx_hal_rtc.c **** 
1762:Drivers/STM32F1xx_HAL_Driver/Src/stm32f1xx_hal_rtc.c ****   return ((uint8_t)(bcdhigh << 4U) | Value);
 158              		.loc 1 1762 3 view .LVU45
 159              		.loc 1 1762 11 is_stmt 0 view .LVU46
 160 000e 1B01     		lsls	r3, r3, #4
 161              	.LVL18:
 162              		.loc 1 1762 11 view .LVU47
 163 0010 DBB2     		uxtb	r3, r3
1763:Drivers/STM32F1xx_HAL_Driver/Src/stm32f1xx_hal_rtc.c **** }
 164              		.loc 1 1763 1 view .LVU48
 165 0012 1843     		orrs	r0, r0, r3
 166              	.LVL19:
 167              		.loc 1 1763 1 view .LVU49
 168 0014 7047     		bx	lr
 169              		.cfi_endproc
 170              	.LFE88:
 172              		.section	.text.RTC_Bcd2ToByte,"ax",%progbits
 173              		.align	1
 174              		.syntax unified
ARM GAS  C:\Users\ride_pig\AppData\Local\Temp\ccyvwVwa.s 			page 35


 175              		.thumb
 176              		.thumb_func
 178              	RTC_Bcd2ToByte:
 179              	.LVL20:
 180              	.LFB89:
1764:Drivers/STM32F1xx_HAL_Driver/Src/stm32f1xx_hal_rtc.c **** 
1765:Drivers/STM32F1xx_HAL_Driver/Src/stm32f1xx_hal_rtc.c **** /**
1766:Drivers/STM32F1xx_HAL_Driver/Src/stm32f1xx_hal_rtc.c ****   * @brief  Converts from 2 digit BCD to Binary.
1767:Drivers/STM32F1xx_HAL_Driver/Src/stm32f1xx_hal_rtc.c ****   * @param  Value: BCD value to be converted
1768:Drivers/STM32F1xx_HAL_Driver/Src/stm32f1xx_hal_rtc.c ****   * @retval Converted word
1769:Drivers/STM32F1xx_HAL_Driver/Src/stm32f1xx_hal_rtc.c ****   */
1770:Drivers/STM32F1xx_HAL_Driver/Src/stm32f1xx_hal_rtc.c **** static uint8_t RTC_Bcd2ToByte(uint8_t Value)
1771:Drivers/STM32F1xx_HAL_Driver/Src/stm32f1xx_hal_rtc.c **** {
 181              		.loc 1 1771 1 is_stmt 1 view -0
 182              		.cfi_startproc
 183              		@ args = 0, pretend = 0, frame = 0
 184              		@ frame_needed = 0, uses_anonymous_args = 0
 185              		@ link register save eliminated.
1772:Drivers/STM32F1xx_HAL_Driver/Src/stm32f1xx_hal_rtc.c ****   uint32_t tmp = 0U;
 186              		.loc 1 1772 3 view .LVU51
1773:Drivers/STM32F1xx_HAL_Driver/Src/stm32f1xx_hal_rtc.c ****   tmp = ((uint8_t)(Value & (uint8_t)0xF0) >> (uint8_t)0x4) * 10U;
 187              		.loc 1 1773 3 view .LVU52
 188              		.loc 1 1773 43 is_stmt 0 view .LVU53
 189 0000 0309     		lsrs	r3, r0, #4
 190              		.loc 1 1773 7 view .LVU54
 191 0002 03EB8303 		add	r3, r3, r3, lsl #2
 192              	.LVL21:
1774:Drivers/STM32F1xx_HAL_Driver/Src/stm32f1xx_hal_rtc.c ****   return (tmp + (Value & (uint8_t)0x0F));
 193              		.loc 1 1774 3 is_stmt 1 view .LVU55
 194              		.loc 1 1774 24 is_stmt 0 view .LVU56
 195 0006 00F00F00 		and	r0, r0, #15
 196              	.LVL22:
 197              		.loc 1 1774 15 view .LVU57
 198 000a 00EB4300 		add	r0, r0, r3, lsl #1
1775:Drivers/STM32F1xx_HAL_Driver/Src/stm32f1xx_hal_rtc.c **** }
 199              		.loc 1 1775 1 view .LVU58
 200 000e C0B2     		uxtb	r0, r0
 201 0010 7047     		bx	lr
 202              		.cfi_endproc
 203              	.LFE89:
 205              		.section	.text.RTC_IsLeapYear,"ax",%progbits
 206              		.align	1
 207              		.syntax unified
 208              		.thumb
 209              		.thumb_func
 211              	RTC_IsLeapYear:
 212              	.LVL23:
 213              	.LFB91:
1776:Drivers/STM32F1xx_HAL_Driver/Src/stm32f1xx_hal_rtc.c **** 
1777:Drivers/STM32F1xx_HAL_Driver/Src/stm32f1xx_hal_rtc.c **** /**
1778:Drivers/STM32F1xx_HAL_Driver/Src/stm32f1xx_hal_rtc.c ****   * @brief  Updates date when time is 23:59:59.
1779:Drivers/STM32F1xx_HAL_Driver/Src/stm32f1xx_hal_rtc.c ****   * @param  hrtc   pointer to a RTC_HandleTypeDef structure that contains
1780:Drivers/STM32F1xx_HAL_Driver/Src/stm32f1xx_hal_rtc.c ****   *                the configuration information for RTC.
1781:Drivers/STM32F1xx_HAL_Driver/Src/stm32f1xx_hal_rtc.c ****   * @param  DayElapsed: Number of days elapsed from last date update
1782:Drivers/STM32F1xx_HAL_Driver/Src/stm32f1xx_hal_rtc.c ****   * @retval None
1783:Drivers/STM32F1xx_HAL_Driver/Src/stm32f1xx_hal_rtc.c ****   */
1784:Drivers/STM32F1xx_HAL_Driver/Src/stm32f1xx_hal_rtc.c **** static void RTC_DateUpdate(RTC_HandleTypeDef *hrtc, uint32_t DayElapsed)
ARM GAS  C:\Users\ride_pig\AppData\Local\Temp\ccyvwVwa.s 			page 36


1785:Drivers/STM32F1xx_HAL_Driver/Src/stm32f1xx_hal_rtc.c **** {
1786:Drivers/STM32F1xx_HAL_Driver/Src/stm32f1xx_hal_rtc.c ****   uint32_t year = 0U, month = 0U, day = 0U;
1787:Drivers/STM32F1xx_HAL_Driver/Src/stm32f1xx_hal_rtc.c ****   uint32_t loop = 0U;
1788:Drivers/STM32F1xx_HAL_Driver/Src/stm32f1xx_hal_rtc.c **** 
1789:Drivers/STM32F1xx_HAL_Driver/Src/stm32f1xx_hal_rtc.c ****   /* Get the current year*/
1790:Drivers/STM32F1xx_HAL_Driver/Src/stm32f1xx_hal_rtc.c ****   year = hrtc->DateToUpdate.Year;
1791:Drivers/STM32F1xx_HAL_Driver/Src/stm32f1xx_hal_rtc.c **** 
1792:Drivers/STM32F1xx_HAL_Driver/Src/stm32f1xx_hal_rtc.c ****   /* Get the current month and day */
1793:Drivers/STM32F1xx_HAL_Driver/Src/stm32f1xx_hal_rtc.c ****   month = hrtc->DateToUpdate.Month;
1794:Drivers/STM32F1xx_HAL_Driver/Src/stm32f1xx_hal_rtc.c ****   day = hrtc->DateToUpdate.Date;
1795:Drivers/STM32F1xx_HAL_Driver/Src/stm32f1xx_hal_rtc.c **** 
1796:Drivers/STM32F1xx_HAL_Driver/Src/stm32f1xx_hal_rtc.c ****   for (loop = 0U; loop < DayElapsed; loop++)
1797:Drivers/STM32F1xx_HAL_Driver/Src/stm32f1xx_hal_rtc.c ****   {
1798:Drivers/STM32F1xx_HAL_Driver/Src/stm32f1xx_hal_rtc.c ****     if ((month == 1U) || (month == 3U) || (month == 5U) || (month == 7U) || \
1799:Drivers/STM32F1xx_HAL_Driver/Src/stm32f1xx_hal_rtc.c ****         (month == 8U) || (month == 10U) || (month == 12U))
1800:Drivers/STM32F1xx_HAL_Driver/Src/stm32f1xx_hal_rtc.c ****     {
1801:Drivers/STM32F1xx_HAL_Driver/Src/stm32f1xx_hal_rtc.c ****       if (day < 31U)
1802:Drivers/STM32F1xx_HAL_Driver/Src/stm32f1xx_hal_rtc.c ****       {
1803:Drivers/STM32F1xx_HAL_Driver/Src/stm32f1xx_hal_rtc.c ****         day++;
1804:Drivers/STM32F1xx_HAL_Driver/Src/stm32f1xx_hal_rtc.c ****       }
1805:Drivers/STM32F1xx_HAL_Driver/Src/stm32f1xx_hal_rtc.c ****       /* Date structure member: day = 31 */
1806:Drivers/STM32F1xx_HAL_Driver/Src/stm32f1xx_hal_rtc.c ****       else
1807:Drivers/STM32F1xx_HAL_Driver/Src/stm32f1xx_hal_rtc.c ****       {
1808:Drivers/STM32F1xx_HAL_Driver/Src/stm32f1xx_hal_rtc.c ****         if (month != 12U)
1809:Drivers/STM32F1xx_HAL_Driver/Src/stm32f1xx_hal_rtc.c ****         {
1810:Drivers/STM32F1xx_HAL_Driver/Src/stm32f1xx_hal_rtc.c ****           month++;
1811:Drivers/STM32F1xx_HAL_Driver/Src/stm32f1xx_hal_rtc.c ****           day = 1U;
1812:Drivers/STM32F1xx_HAL_Driver/Src/stm32f1xx_hal_rtc.c ****         }
1813:Drivers/STM32F1xx_HAL_Driver/Src/stm32f1xx_hal_rtc.c ****         /* Date structure member: day = 31 & month =12 */
1814:Drivers/STM32F1xx_HAL_Driver/Src/stm32f1xx_hal_rtc.c ****         else
1815:Drivers/STM32F1xx_HAL_Driver/Src/stm32f1xx_hal_rtc.c ****         {
1816:Drivers/STM32F1xx_HAL_Driver/Src/stm32f1xx_hal_rtc.c ****           month = 1U;
1817:Drivers/STM32F1xx_HAL_Driver/Src/stm32f1xx_hal_rtc.c ****           day = 1U;
1818:Drivers/STM32F1xx_HAL_Driver/Src/stm32f1xx_hal_rtc.c ****           year++;
1819:Drivers/STM32F1xx_HAL_Driver/Src/stm32f1xx_hal_rtc.c ****         }
1820:Drivers/STM32F1xx_HAL_Driver/Src/stm32f1xx_hal_rtc.c ****       }
1821:Drivers/STM32F1xx_HAL_Driver/Src/stm32f1xx_hal_rtc.c ****     }
1822:Drivers/STM32F1xx_HAL_Driver/Src/stm32f1xx_hal_rtc.c ****     else if ((month == 4U) || (month == 6U) || (month == 9U) || (month == 11U))
1823:Drivers/STM32F1xx_HAL_Driver/Src/stm32f1xx_hal_rtc.c ****     {
1824:Drivers/STM32F1xx_HAL_Driver/Src/stm32f1xx_hal_rtc.c ****       if (day < 30U)
1825:Drivers/STM32F1xx_HAL_Driver/Src/stm32f1xx_hal_rtc.c ****       {
1826:Drivers/STM32F1xx_HAL_Driver/Src/stm32f1xx_hal_rtc.c ****         day++;
1827:Drivers/STM32F1xx_HAL_Driver/Src/stm32f1xx_hal_rtc.c ****       }
1828:Drivers/STM32F1xx_HAL_Driver/Src/stm32f1xx_hal_rtc.c ****       /* Date structure member: day = 30 */
1829:Drivers/STM32F1xx_HAL_Driver/Src/stm32f1xx_hal_rtc.c ****       else
1830:Drivers/STM32F1xx_HAL_Driver/Src/stm32f1xx_hal_rtc.c ****       {
1831:Drivers/STM32F1xx_HAL_Driver/Src/stm32f1xx_hal_rtc.c ****         month++;
1832:Drivers/STM32F1xx_HAL_Driver/Src/stm32f1xx_hal_rtc.c ****         day = 1U;
1833:Drivers/STM32F1xx_HAL_Driver/Src/stm32f1xx_hal_rtc.c ****       }
1834:Drivers/STM32F1xx_HAL_Driver/Src/stm32f1xx_hal_rtc.c ****     }
1835:Drivers/STM32F1xx_HAL_Driver/Src/stm32f1xx_hal_rtc.c ****     else if (month == 2U)
1836:Drivers/STM32F1xx_HAL_Driver/Src/stm32f1xx_hal_rtc.c ****     {
1837:Drivers/STM32F1xx_HAL_Driver/Src/stm32f1xx_hal_rtc.c ****       if (day < 28U)
1838:Drivers/STM32F1xx_HAL_Driver/Src/stm32f1xx_hal_rtc.c ****       {
1839:Drivers/STM32F1xx_HAL_Driver/Src/stm32f1xx_hal_rtc.c ****         day++;
1840:Drivers/STM32F1xx_HAL_Driver/Src/stm32f1xx_hal_rtc.c ****       }
1841:Drivers/STM32F1xx_HAL_Driver/Src/stm32f1xx_hal_rtc.c ****       else if (day == 28U)
ARM GAS  C:\Users\ride_pig\AppData\Local\Temp\ccyvwVwa.s 			page 37


1842:Drivers/STM32F1xx_HAL_Driver/Src/stm32f1xx_hal_rtc.c ****       {
1843:Drivers/STM32F1xx_HAL_Driver/Src/stm32f1xx_hal_rtc.c ****         /* Leap year */
1844:Drivers/STM32F1xx_HAL_Driver/Src/stm32f1xx_hal_rtc.c ****         if (RTC_IsLeapYear(year))
1845:Drivers/STM32F1xx_HAL_Driver/Src/stm32f1xx_hal_rtc.c ****         {
1846:Drivers/STM32F1xx_HAL_Driver/Src/stm32f1xx_hal_rtc.c ****           day++;
1847:Drivers/STM32F1xx_HAL_Driver/Src/stm32f1xx_hal_rtc.c ****         }
1848:Drivers/STM32F1xx_HAL_Driver/Src/stm32f1xx_hal_rtc.c ****         else
1849:Drivers/STM32F1xx_HAL_Driver/Src/stm32f1xx_hal_rtc.c ****         {
1850:Drivers/STM32F1xx_HAL_Driver/Src/stm32f1xx_hal_rtc.c ****           month++;
1851:Drivers/STM32F1xx_HAL_Driver/Src/stm32f1xx_hal_rtc.c ****           day = 1U;
1852:Drivers/STM32F1xx_HAL_Driver/Src/stm32f1xx_hal_rtc.c ****         }
1853:Drivers/STM32F1xx_HAL_Driver/Src/stm32f1xx_hal_rtc.c ****       }
1854:Drivers/STM32F1xx_HAL_Driver/Src/stm32f1xx_hal_rtc.c ****       else if (day == 29U)
1855:Drivers/STM32F1xx_HAL_Driver/Src/stm32f1xx_hal_rtc.c ****       {
1856:Drivers/STM32F1xx_HAL_Driver/Src/stm32f1xx_hal_rtc.c ****         month++;
1857:Drivers/STM32F1xx_HAL_Driver/Src/stm32f1xx_hal_rtc.c ****         day = 1U;
1858:Drivers/STM32F1xx_HAL_Driver/Src/stm32f1xx_hal_rtc.c ****       }
1859:Drivers/STM32F1xx_HAL_Driver/Src/stm32f1xx_hal_rtc.c ****     }
1860:Drivers/STM32F1xx_HAL_Driver/Src/stm32f1xx_hal_rtc.c ****   }
1861:Drivers/STM32F1xx_HAL_Driver/Src/stm32f1xx_hal_rtc.c **** 
1862:Drivers/STM32F1xx_HAL_Driver/Src/stm32f1xx_hal_rtc.c ****   /* Update year */
1863:Drivers/STM32F1xx_HAL_Driver/Src/stm32f1xx_hal_rtc.c ****   hrtc->DateToUpdate.Year = year;
1864:Drivers/STM32F1xx_HAL_Driver/Src/stm32f1xx_hal_rtc.c **** 
1865:Drivers/STM32F1xx_HAL_Driver/Src/stm32f1xx_hal_rtc.c ****   /* Update day and month */
1866:Drivers/STM32F1xx_HAL_Driver/Src/stm32f1xx_hal_rtc.c ****   hrtc->DateToUpdate.Month = month;
1867:Drivers/STM32F1xx_HAL_Driver/Src/stm32f1xx_hal_rtc.c ****   hrtc->DateToUpdate.Date = day;
1868:Drivers/STM32F1xx_HAL_Driver/Src/stm32f1xx_hal_rtc.c **** 
1869:Drivers/STM32F1xx_HAL_Driver/Src/stm32f1xx_hal_rtc.c ****   /* Update day of the week */
1870:Drivers/STM32F1xx_HAL_Driver/Src/stm32f1xx_hal_rtc.c ****   hrtc->DateToUpdate.WeekDay = RTC_WeekDayNum(year, month, day);
1871:Drivers/STM32F1xx_HAL_Driver/Src/stm32f1xx_hal_rtc.c **** }
1872:Drivers/STM32F1xx_HAL_Driver/Src/stm32f1xx_hal_rtc.c **** 
1873:Drivers/STM32F1xx_HAL_Driver/Src/stm32f1xx_hal_rtc.c **** /**
1874:Drivers/STM32F1xx_HAL_Driver/Src/stm32f1xx_hal_rtc.c ****   * @brief  Check whether the passed year is Leap or not.
1875:Drivers/STM32F1xx_HAL_Driver/Src/stm32f1xx_hal_rtc.c ****   * @param  nYear  year to check
1876:Drivers/STM32F1xx_HAL_Driver/Src/stm32f1xx_hal_rtc.c ****   * @retval 1: leap year
1877:Drivers/STM32F1xx_HAL_Driver/Src/stm32f1xx_hal_rtc.c ****   *         0: not leap year
1878:Drivers/STM32F1xx_HAL_Driver/Src/stm32f1xx_hal_rtc.c ****   */
1879:Drivers/STM32F1xx_HAL_Driver/Src/stm32f1xx_hal_rtc.c **** static uint8_t RTC_IsLeapYear(uint16_t nYear)
1880:Drivers/STM32F1xx_HAL_Driver/Src/stm32f1xx_hal_rtc.c **** {
 214              		.loc 1 1880 1 is_stmt 1 view -0
 215              		.cfi_startproc
 216              		@ args = 0, pretend = 0, frame = 0
 217              		@ frame_needed = 0, uses_anonymous_args = 0
 218              		@ link register save eliminated.
1881:Drivers/STM32F1xx_HAL_Driver/Src/stm32f1xx_hal_rtc.c ****   if ((nYear % 4U) != 0U)
 219              		.loc 1 1881 3 view .LVU60
 220              		.loc 1 1881 6 is_stmt 0 view .LVU61
 221 0000 10F0030F 		tst	r0, #3
 222 0004 14D1     		bne	.L12
1882:Drivers/STM32F1xx_HAL_Driver/Src/stm32f1xx_hal_rtc.c ****   {
1883:Drivers/STM32F1xx_HAL_Driver/Src/stm32f1xx_hal_rtc.c ****     return 0U;
1884:Drivers/STM32F1xx_HAL_Driver/Src/stm32f1xx_hal_rtc.c ****   }
1885:Drivers/STM32F1xx_HAL_Driver/Src/stm32f1xx_hal_rtc.c **** 
1886:Drivers/STM32F1xx_HAL_Driver/Src/stm32f1xx_hal_rtc.c ****   if ((nYear % 100U) != 0U)
 223              		.loc 1 1886 3 is_stmt 1 view .LVU62
 224              		.loc 1 1886 22 is_stmt 0 view .LVU63
 225 0006 0D4B     		ldr	r3, .L15
ARM GAS  C:\Users\ride_pig\AppData\Local\Temp\ccyvwVwa.s 			page 38


 226 0008 A3FB0023 		umull	r2, r3, r3, r0
 227 000c 5B09     		lsrs	r3, r3, #5
 228 000e 6422     		movs	r2, #100
 229 0010 02FB1303 		mls	r3, r2, r3, r0
 230 0014 9BB2     		uxth	r3, r3
 231              		.loc 1 1886 6 view .LVU64
 232 0016 6BB9     		cbnz	r3, .L13
1887:Drivers/STM32F1xx_HAL_Driver/Src/stm32f1xx_hal_rtc.c ****   {
1888:Drivers/STM32F1xx_HAL_Driver/Src/stm32f1xx_hal_rtc.c ****     return 1U;
1889:Drivers/STM32F1xx_HAL_Driver/Src/stm32f1xx_hal_rtc.c ****   }
1890:Drivers/STM32F1xx_HAL_Driver/Src/stm32f1xx_hal_rtc.c **** 
1891:Drivers/STM32F1xx_HAL_Driver/Src/stm32f1xx_hal_rtc.c ****   if ((nYear % 400U) == 0U)
 233              		.loc 1 1891 3 is_stmt 1 view .LVU65
 234              		.loc 1 1891 22 is_stmt 0 view .LVU66
 235 0018 084B     		ldr	r3, .L15
 236 001a A3FB0023 		umull	r2, r3, r3, r0
 237 001e DB09     		lsrs	r3, r3, #7
 238 0020 4FF4C872 		mov	r2, #400
 239 0024 02FB1300 		mls	r0, r2, r3, r0
 240              	.LVL24:
 241              		.loc 1 1891 22 view .LVU67
 242 0028 80B2     		uxth	r0, r0
 243              		.loc 1 1891 6 view .LVU68
 244 002a 28B9     		cbnz	r0, .L14
1892:Drivers/STM32F1xx_HAL_Driver/Src/stm32f1xx_hal_rtc.c ****   {
1893:Drivers/STM32F1xx_HAL_Driver/Src/stm32f1xx_hal_rtc.c ****     return 1U;
 245              		.loc 1 1893 12 view .LVU69
 246 002c 0120     		movs	r0, #1
 247 002e 7047     		bx	lr
 248              	.LVL25:
 249              	.L12:
1883:Drivers/STM32F1xx_HAL_Driver/Src/stm32f1xx_hal_rtc.c ****   }
 250              		.loc 1 1883 12 view .LVU70
 251 0030 0020     		movs	r0, #0
 252              	.LVL26:
1883:Drivers/STM32F1xx_HAL_Driver/Src/stm32f1xx_hal_rtc.c ****   }
 253              		.loc 1 1883 12 view .LVU71
 254 0032 7047     		bx	lr
 255              	.LVL27:
 256              	.L13:
1888:Drivers/STM32F1xx_HAL_Driver/Src/stm32f1xx_hal_rtc.c ****   }
 257              		.loc 1 1888 12 view .LVU72
 258 0034 0120     		movs	r0, #1
 259              	.LVL28:
1888:Drivers/STM32F1xx_HAL_Driver/Src/stm32f1xx_hal_rtc.c ****   }
 260              		.loc 1 1888 12 view .LVU73
 261 0036 7047     		bx	lr
 262              	.L14:
1894:Drivers/STM32F1xx_HAL_Driver/Src/stm32f1xx_hal_rtc.c ****   }
1895:Drivers/STM32F1xx_HAL_Driver/Src/stm32f1xx_hal_rtc.c ****   else
1896:Drivers/STM32F1xx_HAL_Driver/Src/stm32f1xx_hal_rtc.c ****   {
1897:Drivers/STM32F1xx_HAL_Driver/Src/stm32f1xx_hal_rtc.c ****     return 0U;
 263              		.loc 1 1897 12 view .LVU74
 264 0038 0020     		movs	r0, #0
1898:Drivers/STM32F1xx_HAL_Driver/Src/stm32f1xx_hal_rtc.c ****   }
1899:Drivers/STM32F1xx_HAL_Driver/Src/stm32f1xx_hal_rtc.c **** }
 265              		.loc 1 1899 1 view .LVU75
ARM GAS  C:\Users\ride_pig\AppData\Local\Temp\ccyvwVwa.s 			page 39


 266 003a 7047     		bx	lr
 267              	.L16:
 268              		.align	2
 269              	.L15:
 270 003c 1F85EB51 		.word	1374389535
 271              		.cfi_endproc
 272              	.LFE91:
 274              		.section	.text.RTC_WeekDayNum,"ax",%progbits
 275              		.align	1
 276              		.syntax unified
 277              		.thumb
 278              		.thumb_func
 280              	RTC_WeekDayNum:
 281              	.LVL29:
 282              	.LFB92:
1900:Drivers/STM32F1xx_HAL_Driver/Src/stm32f1xx_hal_rtc.c **** 
1901:Drivers/STM32F1xx_HAL_Driver/Src/stm32f1xx_hal_rtc.c **** /**
1902:Drivers/STM32F1xx_HAL_Driver/Src/stm32f1xx_hal_rtc.c ****   * @brief  Determines the week number, the day number and the week day number.
1903:Drivers/STM32F1xx_HAL_Driver/Src/stm32f1xx_hal_rtc.c ****   * @param  nYear   year to check
1904:Drivers/STM32F1xx_HAL_Driver/Src/stm32f1xx_hal_rtc.c ****   * @param  nMonth  Month to check
1905:Drivers/STM32F1xx_HAL_Driver/Src/stm32f1xx_hal_rtc.c ****   * @param  nDay    Day to check
1906:Drivers/STM32F1xx_HAL_Driver/Src/stm32f1xx_hal_rtc.c ****   * @note   Day is calculated with hypothesis that year > 2000
1907:Drivers/STM32F1xx_HAL_Driver/Src/stm32f1xx_hal_rtc.c ****   * @retval Value which can take one of the following parameters:
1908:Drivers/STM32F1xx_HAL_Driver/Src/stm32f1xx_hal_rtc.c ****   *         @arg RTC_WEEKDAY_MONDAY
1909:Drivers/STM32F1xx_HAL_Driver/Src/stm32f1xx_hal_rtc.c ****   *         @arg RTC_WEEKDAY_TUESDAY
1910:Drivers/STM32F1xx_HAL_Driver/Src/stm32f1xx_hal_rtc.c ****   *         @arg RTC_WEEKDAY_WEDNESDAY
1911:Drivers/STM32F1xx_HAL_Driver/Src/stm32f1xx_hal_rtc.c ****   *         @arg RTC_WEEKDAY_THURSDAY
1912:Drivers/STM32F1xx_HAL_Driver/Src/stm32f1xx_hal_rtc.c ****   *         @arg RTC_WEEKDAY_FRIDAY
1913:Drivers/STM32F1xx_HAL_Driver/Src/stm32f1xx_hal_rtc.c ****   *         @arg RTC_WEEKDAY_SATURDAY
1914:Drivers/STM32F1xx_HAL_Driver/Src/stm32f1xx_hal_rtc.c ****   *         @arg RTC_WEEKDAY_SUNDAY
1915:Drivers/STM32F1xx_HAL_Driver/Src/stm32f1xx_hal_rtc.c ****   */
1916:Drivers/STM32F1xx_HAL_Driver/Src/stm32f1xx_hal_rtc.c **** static uint8_t RTC_WeekDayNum(uint32_t nYear, uint8_t nMonth, uint8_t nDay)
1917:Drivers/STM32F1xx_HAL_Driver/Src/stm32f1xx_hal_rtc.c **** {
 283              		.loc 1 1917 1 is_stmt 1 view -0
 284              		.cfi_startproc
 285              		@ args = 0, pretend = 0, frame = 0
 286              		@ frame_needed = 0, uses_anonymous_args = 0
 287              		@ link register save eliminated.
1918:Drivers/STM32F1xx_HAL_Driver/Src/stm32f1xx_hal_rtc.c ****   uint32_t year = 0U, weekday = 0U;
 288              		.loc 1 1918 3 view .LVU77
1919:Drivers/STM32F1xx_HAL_Driver/Src/stm32f1xx_hal_rtc.c **** 
1920:Drivers/STM32F1xx_HAL_Driver/Src/stm32f1xx_hal_rtc.c ****   year = 2000U + nYear;
 289              		.loc 1 1920 3 view .LVU78
 290              		.loc 1 1920 8 is_stmt 0 view .LVU79
 291 0000 00F5FA6C 		add	ip, r0, #2000
 292              	.LVL30:
1921:Drivers/STM32F1xx_HAL_Driver/Src/stm32f1xx_hal_rtc.c **** 
1922:Drivers/STM32F1xx_HAL_Driver/Src/stm32f1xx_hal_rtc.c ****   if (nMonth < 3U)
 293              		.loc 1 1922 3 is_stmt 1 view .LVU80
 294              		.loc 1 1922 6 is_stmt 0 view .LVU81
 295 0004 0229     		cmp	r1, #2
 296 0006 21D8     		bhi	.L18
1923:Drivers/STM32F1xx_HAL_Driver/Src/stm32f1xx_hal_rtc.c ****   {
1924:Drivers/STM32F1xx_HAL_Driver/Src/stm32f1xx_hal_rtc.c ****     /*D = { [(23 x month)/9] + day + 4 + year + [(year-1)/4] - [(year-1)/100] + [(year-1)/400] } mo
1925:Drivers/STM32F1xx_HAL_Driver/Src/stm32f1xx_hal_rtc.c ****     weekday = (((23U * nMonth) / 9U) + nDay + 4U + year + ((year - 1U) / 4U) - ((year - 1U) / 100U)
 297              		.loc 1 1925 5 is_stmt 1 view .LVU82
 298              		.loc 1 1925 22 is_stmt 0 view .LVU83
ARM GAS  C:\Users\ride_pig\AppData\Local\Temp\ccyvwVwa.s 			page 40


 299 0008 01EB4103 		add	r3, r1, r1, lsl #1
 300 000c C1EBC301 		rsb	r1, r1, r3, lsl #3
 301              	.LVL31:
 302              		.loc 1 1925 32 view .LVU84
 303 0010 1E4B     		ldr	r3, .L20
 304 0012 A3FB0131 		umull	r3, r1, r3, r1
 305              		.loc 1 1925 38 view .LVU85
 306 0016 02EB5103 		add	r3, r2, r1, lsr #1
 307              		.loc 1 1925 50 view .LVU86
 308 001a 6344     		add	r3, r3, ip
 309              		.loc 1 1925 66 view .LVU87
 310 001c 00F2CF70 		addw	r0, r0, #1999
 311              	.LVL32:
 312              		.loc 1 1925 57 view .LVU88
 313 0020 03EB9003 		add	r3, r3, r0, lsr #2
 314              		.loc 1 1925 93 view .LVU89
 315 0024 1A4A     		ldr	r2, .L20+4
 316              	.LVL33:
 317              		.loc 1 1925 93 view .LVU90
 318 0026 A2FB0020 		umull	r2, r0, r2, r0
 319              	.LVL34:
 320              		.loc 1 1925 78 view .LVU91
 321 002a A3EB5013 		sub	r3, r3, r0, lsr #5
 322              		.loc 1 1925 101 view .LVU92
 323 002e 03EBD013 		add	r3, r3, r0, lsr #7
 324 0032 0433     		adds	r3, r3, #4
 325              		.loc 1 1925 13 view .LVU93
 326 0034 1748     		ldr	r0, .L20+8
 327 0036 A0FB0320 		umull	r2, r0, r0, r3
 328 003a 1A1A     		subs	r2, r3, r0
 329 003c 00EB5200 		add	r0, r0, r2, lsr #1
 330 0040 8008     		lsrs	r0, r0, #2
 331 0042 C0EBC000 		rsb	r0, r0, r0, lsl #3
 332 0046 181A     		subs	r0, r3, r0
 333              	.LVL35:
 334              	.L19:
1926:Drivers/STM32F1xx_HAL_Driver/Src/stm32f1xx_hal_rtc.c ****   }
1927:Drivers/STM32F1xx_HAL_Driver/Src/stm32f1xx_hal_rtc.c ****   else
1928:Drivers/STM32F1xx_HAL_Driver/Src/stm32f1xx_hal_rtc.c ****   {
1929:Drivers/STM32F1xx_HAL_Driver/Src/stm32f1xx_hal_rtc.c ****     /*D = { [(23 x month)/9] + day + 4 + year + [year/4] - [year/100] + [year/400] - 2 } mod 7*/
1930:Drivers/STM32F1xx_HAL_Driver/Src/stm32f1xx_hal_rtc.c ****     weekday = (((23U * nMonth) / 9U) + nDay + 4U + year + (year / 4U) - (year / 100U) + (year / 400
1931:Drivers/STM32F1xx_HAL_Driver/Src/stm32f1xx_hal_rtc.c ****   }
1932:Drivers/STM32F1xx_HAL_Driver/Src/stm32f1xx_hal_rtc.c **** 
1933:Drivers/STM32F1xx_HAL_Driver/Src/stm32f1xx_hal_rtc.c ****   return (uint8_t)weekday;
 335              		.loc 1 1933 3 is_stmt 1 view .LVU94
1934:Drivers/STM32F1xx_HAL_Driver/Src/stm32f1xx_hal_rtc.c **** }
 336              		.loc 1 1934 1 is_stmt 0 view .LVU95
 337 0048 C0B2     		uxtb	r0, r0
 338              	.LVL36:
 339              		.loc 1 1934 1 view .LVU96
 340 004a 7047     		bx	lr
 341              	.LVL37:
 342              	.L18:
1930:Drivers/STM32F1xx_HAL_Driver/Src/stm32f1xx_hal_rtc.c ****   }
 343              		.loc 1 1930 5 is_stmt 1 view .LVU97
1930:Drivers/STM32F1xx_HAL_Driver/Src/stm32f1xx_hal_rtc.c ****   }
 344              		.loc 1 1930 22 is_stmt 0 view .LVU98
ARM GAS  C:\Users\ride_pig\AppData\Local\Temp\ccyvwVwa.s 			page 41


 345 004c 01EB4103 		add	r3, r1, r1, lsl #1
 346 0050 C1EBC301 		rsb	r1, r1, r3, lsl #3
 347              	.LVL38:
1930:Drivers/STM32F1xx_HAL_Driver/Src/stm32f1xx_hal_rtc.c ****   }
 348              		.loc 1 1930 32 view .LVU99
 349 0054 0D4B     		ldr	r3, .L20
 350 0056 A3FB0131 		umull	r3, r1, r3, r1
1930:Drivers/STM32F1xx_HAL_Driver/Src/stm32f1xx_hal_rtc.c ****   }
 351              		.loc 1 1930 38 view .LVU100
 352 005a 02EB5103 		add	r3, r2, r1, lsr #1
1930:Drivers/STM32F1xx_HAL_Driver/Src/stm32f1xx_hal_rtc.c ****   }
 353              		.loc 1 1930 50 view .LVU101
 354 005e 6344     		add	r3, r3, ip
1930:Drivers/STM32F1xx_HAL_Driver/Src/stm32f1xx_hal_rtc.c ****   }
 355              		.loc 1 1930 57 view .LVU102
 356 0060 03EB9C03 		add	r3, r3, ip, lsr #2
1930:Drivers/STM32F1xx_HAL_Driver/Src/stm32f1xx_hal_rtc.c ****   }
 357              		.loc 1 1930 79 view .LVU103
 358 0064 0A4A     		ldr	r2, .L20+4
 359              	.LVL39:
1930:Drivers/STM32F1xx_HAL_Driver/Src/stm32f1xx_hal_rtc.c ****   }
 360              		.loc 1 1930 79 view .LVU104
 361 0066 A2FB0C12 		umull	r1, r2, r2, ip
1930:Drivers/STM32F1xx_HAL_Driver/Src/stm32f1xx_hal_rtc.c ****   }
 362              		.loc 1 1930 71 view .LVU105
 363 006a A3EB5213 		sub	r3, r3, r2, lsr #5
1930:Drivers/STM32F1xx_HAL_Driver/Src/stm32f1xx_hal_rtc.c ****   }
 364              		.loc 1 1930 87 view .LVU106
 365 006e 03EBD213 		add	r3, r3, r2, lsr #7
1930:Drivers/STM32F1xx_HAL_Driver/Src/stm32f1xx_hal_rtc.c ****   }
 366              		.loc 1 1930 103 view .LVU107
 367 0072 0233     		adds	r3, r3, #2
1930:Drivers/STM32F1xx_HAL_Driver/Src/stm32f1xx_hal_rtc.c ****   }
 368              		.loc 1 1930 13 view .LVU108
 369 0074 0748     		ldr	r0, .L20+8
 370              	.LVL40:
1930:Drivers/STM32F1xx_HAL_Driver/Src/stm32f1xx_hal_rtc.c ****   }
 371              		.loc 1 1930 13 view .LVU109
 372 0076 A0FB0320 		umull	r2, r0, r0, r3
 373 007a 1A1A     		subs	r2, r3, r0
 374 007c 00EB5200 		add	r0, r0, r2, lsr #1
 375 0080 8008     		lsrs	r0, r0, #2
 376 0082 C0EBC000 		rsb	r0, r0, r0, lsl #3
 377 0086 181A     		subs	r0, r3, r0
 378              	.LVL41:
1930:Drivers/STM32F1xx_HAL_Driver/Src/stm32f1xx_hal_rtc.c ****   }
 379              		.loc 1 1930 13 view .LVU110
 380 0088 DEE7     		b	.L19
 381              	.L21:
 382 008a 00BF     		.align	2
 383              	.L20:
 384 008c 398EE338 		.word	954437177
 385 0090 1F85EB51 		.word	1374389535
 386 0094 25499224 		.word	613566757
 387              		.cfi_endproc
 388              	.LFE92:
 390              		.section	.text.RTC_DateUpdate,"ax",%progbits
ARM GAS  C:\Users\ride_pig\AppData\Local\Temp\ccyvwVwa.s 			page 42


 391              		.align	1
 392              		.syntax unified
 393              		.thumb
 394              		.thumb_func
 396              	RTC_DateUpdate:
 397              	.LVL42:
 398              	.LFB90:
1785:Drivers/STM32F1xx_HAL_Driver/Src/stm32f1xx_hal_rtc.c ****   uint32_t year = 0U, month = 0U, day = 0U;
 399              		.loc 1 1785 1 is_stmt 1 view -0
 400              		.cfi_startproc
 401              		@ args = 0, pretend = 0, frame = 0
 402              		@ frame_needed = 0, uses_anonymous_args = 0
1785:Drivers/STM32F1xx_HAL_Driver/Src/stm32f1xx_hal_rtc.c ****   uint32_t year = 0U, month = 0U, day = 0U;
 403              		.loc 1 1785 1 is_stmt 0 view .LVU112
 404 0000 2DE9F843 		push	{r3, r4, r5, r6, r7, r8, r9, lr}
 405              	.LCFI1:
 406              		.cfi_def_cfa_offset 32
 407              		.cfi_offset 3, -32
 408              		.cfi_offset 4, -28
 409              		.cfi_offset 5, -24
 410              		.cfi_offset 6, -20
 411              		.cfi_offset 7, -16
 412              		.cfi_offset 8, -12
 413              		.cfi_offset 9, -8
 414              		.cfi_offset 14, -4
 415 0004 0746     		mov	r7, r0
 416 0006 8946     		mov	r9, r1
1786:Drivers/STM32F1xx_HAL_Driver/Src/stm32f1xx_hal_rtc.c ****   uint32_t loop = 0U;
 417              		.loc 1 1786 3 is_stmt 1 view .LVU113
 418              	.LVL43:
1787:Drivers/STM32F1xx_HAL_Driver/Src/stm32f1xx_hal_rtc.c **** 
 419              		.loc 1 1787 3 view .LVU114
1790:Drivers/STM32F1xx_HAL_Driver/Src/stm32f1xx_hal_rtc.c **** 
 420              		.loc 1 1790 3 view .LVU115
1790:Drivers/STM32F1xx_HAL_Driver/Src/stm32f1xx_hal_rtc.c **** 
 421              		.loc 1 1790 28 is_stmt 0 view .LVU116
 422 0008 90F80F80 		ldrb	r8, [r0, #15]	@ zero_extendqisi2
 423              	.LVL44:
1793:Drivers/STM32F1xx_HAL_Driver/Src/stm32f1xx_hal_rtc.c ****   day = hrtc->DateToUpdate.Date;
 424              		.loc 1 1793 3 is_stmt 1 view .LVU117
1793:Drivers/STM32F1xx_HAL_Driver/Src/stm32f1xx_hal_rtc.c ****   day = hrtc->DateToUpdate.Date;
 425              		.loc 1 1793 29 is_stmt 0 view .LVU118
 426 000c 457B     		ldrb	r5, [r0, #13]	@ zero_extendqisi2
 427              	.LVL45:
1794:Drivers/STM32F1xx_HAL_Driver/Src/stm32f1xx_hal_rtc.c **** 
 428              		.loc 1 1794 3 is_stmt 1 view .LVU119
1794:Drivers/STM32F1xx_HAL_Driver/Src/stm32f1xx_hal_rtc.c **** 
 429              		.loc 1 1794 27 is_stmt 0 view .LVU120
 430 000e 867B     		ldrb	r6, [r0, #14]	@ zero_extendqisi2
 431              	.LVL46:
1796:Drivers/STM32F1xx_HAL_Driver/Src/stm32f1xx_hal_rtc.c ****   {
 432              		.loc 1 1796 3 is_stmt 1 view .LVU121
1796:Drivers/STM32F1xx_HAL_Driver/Src/stm32f1xx_hal_rtc.c ****   {
 433              		.loc 1 1796 13 is_stmt 0 view .LVU122
 434 0010 0024     		movs	r4, #0
1796:Drivers/STM32F1xx_HAL_Driver/Src/stm32f1xx_hal_rtc.c ****   {
 435              		.loc 1 1796 3 view .LVU123
ARM GAS  C:\Users\ride_pig\AppData\Local\Temp\ccyvwVwa.s 			page 43


 436 0012 06E0     		b	.L23
 437              	.LVL47:
 438              	.L38:
1796:Drivers/STM32F1xx_HAL_Driver/Src/stm32f1xx_hal_rtc.c ****   {
 439              		.loc 1 1796 3 view .LVU124
 440 0014 13F4256F 		tst	r3, #2640
 441 0018 11D0     		beq	.L36
1824:Drivers/STM32F1xx_HAL_Driver/Src/stm32f1xx_hal_rtc.c ****       {
 442              		.loc 1 1824 7 is_stmt 1 view .LVU125
1824:Drivers/STM32F1xx_HAL_Driver/Src/stm32f1xx_hal_rtc.c ****       {
 443              		.loc 1 1824 10 is_stmt 0 view .LVU126
 444 001a 1D2E     		cmp	r6, #29
 445 001c 20D8     		bhi	.L30
1826:Drivers/STM32F1xx_HAL_Driver/Src/stm32f1xx_hal_rtc.c ****       }
 446              		.loc 1 1826 9 is_stmt 1 view .LVU127
1826:Drivers/STM32F1xx_HAL_Driver/Src/stm32f1xx_hal_rtc.c ****       }
 447              		.loc 1 1826 12 is_stmt 0 view .LVU128
 448 001e 0136     		adds	r6, r6, #1
 449              	.LVL48:
 450              	.L24:
1796:Drivers/STM32F1xx_HAL_Driver/Src/stm32f1xx_hal_rtc.c ****   {
 451              		.loc 1 1796 42 is_stmt 1 discriminator 2 view .LVU129
 452 0020 0134     		adds	r4, r4, #1
 453              	.LVL49:
 454              	.L23:
1796:Drivers/STM32F1xx_HAL_Driver/Src/stm32f1xx_hal_rtc.c ****   {
 455              		.loc 1 1796 24 discriminator 1 view .LVU130
 456 0022 4C45     		cmp	r4, r9
 457 0024 30D2     		bcs	.L37
1798:Drivers/STM32F1xx_HAL_Driver/Src/stm32f1xx_hal_rtc.c ****         (month == 8U) || (month == 10U) || (month == 12U))
 458              		.loc 1 1798 5 view .LVU131
 459 0026 0C2D     		cmp	r5, #12
 460 0028 FAD8     		bhi	.L24
 461 002a 0123     		movs	r3, #1
 462 002c AB40     		lsls	r3, r3, r5
 463 002e 41F2AA52 		movw	r2, #5546
 464 0032 1342     		tst	r3, r2
 465 0034 EED0     		beq	.L38
1801:Drivers/STM32F1xx_HAL_Driver/Src/stm32f1xx_hal_rtc.c ****       {
 466              		.loc 1 1801 7 view .LVU132
1801:Drivers/STM32F1xx_HAL_Driver/Src/stm32f1xx_hal_rtc.c ****       {
 467              		.loc 1 1801 10 is_stmt 0 view .LVU133
 468 0036 1E2E     		cmp	r6, #30
 469 0038 08D8     		bhi	.L28
1803:Drivers/STM32F1xx_HAL_Driver/Src/stm32f1xx_hal_rtc.c ****       }
 470              		.loc 1 1803 9 is_stmt 1 view .LVU134
1803:Drivers/STM32F1xx_HAL_Driver/Src/stm32f1xx_hal_rtc.c ****       }
 471              		.loc 1 1803 12 is_stmt 0 view .LVU135
 472 003a 0136     		adds	r6, r6, #1
 473              	.LVL50:
1803:Drivers/STM32F1xx_HAL_Driver/Src/stm32f1xx_hal_rtc.c ****       }
 474              		.loc 1 1803 12 view .LVU136
 475 003c F0E7     		b	.L24
 476              	.L36:
1803:Drivers/STM32F1xx_HAL_Driver/Src/stm32f1xx_hal_rtc.c ****       }
 477              		.loc 1 1803 12 view .LVU137
 478 003e 13F0040F 		tst	r3, #4
ARM GAS  C:\Users\ride_pig\AppData\Local\Temp\ccyvwVwa.s 			page 44


 479 0042 EDD0     		beq	.L24
1837:Drivers/STM32F1xx_HAL_Driver/Src/stm32f1xx_hal_rtc.c ****       {
 480              		.loc 1 1837 7 is_stmt 1 view .LVU138
1837:Drivers/STM32F1xx_HAL_Driver/Src/stm32f1xx_hal_rtc.c ****       {
 481              		.loc 1 1837 10 is_stmt 0 view .LVU139
 482 0044 1B2E     		cmp	r6, #27
 483 0046 0ED8     		bhi	.L31
1839:Drivers/STM32F1xx_HAL_Driver/Src/stm32f1xx_hal_rtc.c ****       }
 484              		.loc 1 1839 9 is_stmt 1 view .LVU140
1839:Drivers/STM32F1xx_HAL_Driver/Src/stm32f1xx_hal_rtc.c ****       }
 485              		.loc 1 1839 12 is_stmt 0 view .LVU141
 486 0048 0136     		adds	r6, r6, #1
 487              	.LVL51:
1839:Drivers/STM32F1xx_HAL_Driver/Src/stm32f1xx_hal_rtc.c ****       }
 488              		.loc 1 1839 12 view .LVU142
 489 004a E9E7     		b	.L24
 490              	.L28:
1808:Drivers/STM32F1xx_HAL_Driver/Src/stm32f1xx_hal_rtc.c ****         {
 491              		.loc 1 1808 9 is_stmt 1 view .LVU143
1808:Drivers/STM32F1xx_HAL_Driver/Src/stm32f1xx_hal_rtc.c ****         {
 492              		.loc 1 1808 12 is_stmt 0 view .LVU144
 493 004c 0C2D     		cmp	r5, #12
 494 004e 02D0     		beq	.L29
1810:Drivers/STM32F1xx_HAL_Driver/Src/stm32f1xx_hal_rtc.c ****           day = 1U;
 495              		.loc 1 1810 11 is_stmt 1 view .LVU145
1810:Drivers/STM32F1xx_HAL_Driver/Src/stm32f1xx_hal_rtc.c ****           day = 1U;
 496              		.loc 1 1810 16 is_stmt 0 view .LVU146
 497 0050 0135     		adds	r5, r5, #1
 498              	.LVL52:
1811:Drivers/STM32F1xx_HAL_Driver/Src/stm32f1xx_hal_rtc.c ****         }
 499              		.loc 1 1811 11 is_stmt 1 view .LVU147
1811:Drivers/STM32F1xx_HAL_Driver/Src/stm32f1xx_hal_rtc.c ****         }
 500              		.loc 1 1811 15 is_stmt 0 view .LVU148
 501 0052 0126     		movs	r6, #1
 502 0054 E4E7     		b	.L24
 503              	.LVL53:
 504              	.L29:
1816:Drivers/STM32F1xx_HAL_Driver/Src/stm32f1xx_hal_rtc.c ****           day = 1U;
 505              		.loc 1 1816 11 is_stmt 1 view .LVU149
1817:Drivers/STM32F1xx_HAL_Driver/Src/stm32f1xx_hal_rtc.c ****           year++;
 506              		.loc 1 1817 11 view .LVU150
1818:Drivers/STM32F1xx_HAL_Driver/Src/stm32f1xx_hal_rtc.c ****         }
 507              		.loc 1 1818 11 view .LVU151
1818:Drivers/STM32F1xx_HAL_Driver/Src/stm32f1xx_hal_rtc.c ****         }
 508              		.loc 1 1818 15 is_stmt 0 view .LVU152
 509 0056 08F10108 		add	r8, r8, #1
 510              	.LVL54:
1817:Drivers/STM32F1xx_HAL_Driver/Src/stm32f1xx_hal_rtc.c ****           year++;
 511              		.loc 1 1817 15 view .LVU153
 512 005a 0126     		movs	r6, #1
1816:Drivers/STM32F1xx_HAL_Driver/Src/stm32f1xx_hal_rtc.c ****           day = 1U;
 513              		.loc 1 1816 17 view .LVU154
 514 005c 3546     		mov	r5, r6
 515 005e DFE7     		b	.L24
 516              	.LVL55:
 517              	.L30:
1831:Drivers/STM32F1xx_HAL_Driver/Src/stm32f1xx_hal_rtc.c ****         day = 1U;
ARM GAS  C:\Users\ride_pig\AppData\Local\Temp\ccyvwVwa.s 			page 45


 518              		.loc 1 1831 9 is_stmt 1 view .LVU155
1831:Drivers/STM32F1xx_HAL_Driver/Src/stm32f1xx_hal_rtc.c ****         day = 1U;
 519              		.loc 1 1831 14 is_stmt 0 view .LVU156
 520 0060 0135     		adds	r5, r5, #1
 521              	.LVL56:
1832:Drivers/STM32F1xx_HAL_Driver/Src/stm32f1xx_hal_rtc.c ****       }
 522              		.loc 1 1832 9 is_stmt 1 view .LVU157
1832:Drivers/STM32F1xx_HAL_Driver/Src/stm32f1xx_hal_rtc.c ****       }
 523              		.loc 1 1832 13 is_stmt 0 view .LVU158
 524 0062 0126     		movs	r6, #1
 525 0064 DCE7     		b	.L24
 526              	.LVL57:
 527              	.L31:
1841:Drivers/STM32F1xx_HAL_Driver/Src/stm32f1xx_hal_rtc.c ****       {
 528              		.loc 1 1841 12 is_stmt 1 view .LVU159
1841:Drivers/STM32F1xx_HAL_Driver/Src/stm32f1xx_hal_rtc.c ****       {
 529              		.loc 1 1841 15 is_stmt 0 view .LVU160
 530 0066 1C2E     		cmp	r6, #28
 531 0068 04D0     		beq	.L39
1854:Drivers/STM32F1xx_HAL_Driver/Src/stm32f1xx_hal_rtc.c ****       {
 532              		.loc 1 1854 12 is_stmt 1 view .LVU161
1854:Drivers/STM32F1xx_HAL_Driver/Src/stm32f1xx_hal_rtc.c ****       {
 533              		.loc 1 1854 15 is_stmt 0 view .LVU162
 534 006a 1D2E     		cmp	r6, #29
 535 006c D8D1     		bne	.L24
1856:Drivers/STM32F1xx_HAL_Driver/Src/stm32f1xx_hal_rtc.c ****         day = 1U;
 536              		.loc 1 1856 9 is_stmt 1 view .LVU163
1856:Drivers/STM32F1xx_HAL_Driver/Src/stm32f1xx_hal_rtc.c ****         day = 1U;
 537              		.loc 1 1856 14 is_stmt 0 view .LVU164
 538 006e 0135     		adds	r5, r5, #1
 539              	.LVL58:
1857:Drivers/STM32F1xx_HAL_Driver/Src/stm32f1xx_hal_rtc.c ****       }
 540              		.loc 1 1857 9 is_stmt 1 view .LVU165
1857:Drivers/STM32F1xx_HAL_Driver/Src/stm32f1xx_hal_rtc.c ****       }
 541              		.loc 1 1857 13 is_stmt 0 view .LVU166
 542 0070 0126     		movs	r6, #1
 543 0072 D5E7     		b	.L24
 544              	.LVL59:
 545              	.L39:
1844:Drivers/STM32F1xx_HAL_Driver/Src/stm32f1xx_hal_rtc.c ****         {
 546              		.loc 1 1844 9 is_stmt 1 view .LVU167
1844:Drivers/STM32F1xx_HAL_Driver/Src/stm32f1xx_hal_rtc.c ****         {
 547              		.loc 1 1844 13 is_stmt 0 view .LVU168
 548 0074 1FFA88F0 		uxth	r0, r8
 549 0078 FFF7FEFF 		bl	RTC_IsLeapYear
 550              	.LVL60:
1844:Drivers/STM32F1xx_HAL_Driver/Src/stm32f1xx_hal_rtc.c ****         {
 551              		.loc 1 1844 12 view .LVU169
 552 007c 08B1     		cbz	r0, .L33
1846:Drivers/STM32F1xx_HAL_Driver/Src/stm32f1xx_hal_rtc.c ****         }
 553              		.loc 1 1846 11 is_stmt 1 view .LVU170
1846:Drivers/STM32F1xx_HAL_Driver/Src/stm32f1xx_hal_rtc.c ****         }
 554              		.loc 1 1846 14 is_stmt 0 view .LVU171
 555 007e 0136     		adds	r6, r6, #1
 556              	.LVL61:
1846:Drivers/STM32F1xx_HAL_Driver/Src/stm32f1xx_hal_rtc.c ****         }
 557              		.loc 1 1846 14 view .LVU172
ARM GAS  C:\Users\ride_pig\AppData\Local\Temp\ccyvwVwa.s 			page 46


 558 0080 CEE7     		b	.L24
 559              	.L33:
1850:Drivers/STM32F1xx_HAL_Driver/Src/stm32f1xx_hal_rtc.c ****           day = 1U;
 560              		.loc 1 1850 11 is_stmt 1 view .LVU173
1850:Drivers/STM32F1xx_HAL_Driver/Src/stm32f1xx_hal_rtc.c ****           day = 1U;
 561              		.loc 1 1850 16 is_stmt 0 view .LVU174
 562 0082 0135     		adds	r5, r5, #1
 563              	.LVL62:
1851:Drivers/STM32F1xx_HAL_Driver/Src/stm32f1xx_hal_rtc.c ****         }
 564              		.loc 1 1851 11 is_stmt 1 view .LVU175
1851:Drivers/STM32F1xx_HAL_Driver/Src/stm32f1xx_hal_rtc.c ****         }
 565              		.loc 1 1851 15 is_stmt 0 view .LVU176
 566 0084 0126     		movs	r6, #1
 567 0086 CBE7     		b	.L24
 568              	.LVL63:
 569              	.L37:
1863:Drivers/STM32F1xx_HAL_Driver/Src/stm32f1xx_hal_rtc.c **** 
 570              		.loc 1 1863 3 is_stmt 1 view .LVU177
1863:Drivers/STM32F1xx_HAL_Driver/Src/stm32f1xx_hal_rtc.c **** 
 571              		.loc 1 1863 27 is_stmt 0 view .LVU178
 572 0088 87F80F80 		strb	r8, [r7, #15]
1866:Drivers/STM32F1xx_HAL_Driver/Src/stm32f1xx_hal_rtc.c ****   hrtc->DateToUpdate.Date = day;
 573              		.loc 1 1866 3 is_stmt 1 view .LVU179
1866:Drivers/STM32F1xx_HAL_Driver/Src/stm32f1xx_hal_rtc.c ****   hrtc->DateToUpdate.Date = day;
 574              		.loc 1 1866 28 is_stmt 0 view .LVU180
 575 008c E9B2     		uxtb	r1, r5
 576 008e 7973     		strb	r1, [r7, #13]
1867:Drivers/STM32F1xx_HAL_Driver/Src/stm32f1xx_hal_rtc.c **** 
 577              		.loc 1 1867 3 is_stmt 1 view .LVU181
1867:Drivers/STM32F1xx_HAL_Driver/Src/stm32f1xx_hal_rtc.c **** 
 578              		.loc 1 1867 27 is_stmt 0 view .LVU182
 579 0090 F2B2     		uxtb	r2, r6
 580 0092 BA73     		strb	r2, [r7, #14]
1870:Drivers/STM32F1xx_HAL_Driver/Src/stm32f1xx_hal_rtc.c **** }
 581              		.loc 1 1870 3 is_stmt 1 view .LVU183
1870:Drivers/STM32F1xx_HAL_Driver/Src/stm32f1xx_hal_rtc.c **** }
 582              		.loc 1 1870 32 is_stmt 0 view .LVU184
 583 0094 4046     		mov	r0, r8
 584 0096 FFF7FEFF 		bl	RTC_WeekDayNum
 585              	.LVL64:
1870:Drivers/STM32F1xx_HAL_Driver/Src/stm32f1xx_hal_rtc.c **** }
 586              		.loc 1 1870 30 view .LVU185
 587 009a 3873     		strb	r0, [r7, #12]
1871:Drivers/STM32F1xx_HAL_Driver/Src/stm32f1xx_hal_rtc.c **** 
 588              		.loc 1 1871 1 view .LVU186
 589 009c BDE8F883 		pop	{r3, r4, r5, r6, r7, r8, r9, pc}
1871:Drivers/STM32F1xx_HAL_Driver/Src/stm32f1xx_hal_rtc.c **** 
 590              		.loc 1 1871 1 view .LVU187
 591              		.cfi_endproc
 592              	.LFE90:
 594              		.section	.text.RTC_EnterInitMode,"ax",%progbits
 595              		.align	1
 596              		.syntax unified
 597              		.thumb
 598              		.thumb_func
 600              	RTC_EnterInitMode:
 601              	.LVL65:
ARM GAS  C:\Users\ride_pig\AppData\Local\Temp\ccyvwVwa.s 			page 47


 602              	.LFB86:
1701:Drivers/STM32F1xx_HAL_Driver/Src/stm32f1xx_hal_rtc.c ****   uint32_t tickstart = 0U;
 603              		.loc 1 1701 1 is_stmt 1 view -0
 604              		.cfi_startproc
 605              		@ args = 0, pretend = 0, frame = 0
 606              		@ frame_needed = 0, uses_anonymous_args = 0
1701:Drivers/STM32F1xx_HAL_Driver/Src/stm32f1xx_hal_rtc.c ****   uint32_t tickstart = 0U;
 607              		.loc 1 1701 1 is_stmt 0 view .LVU189
 608 0000 38B5     		push	{r3, r4, r5, lr}
 609              	.LCFI2:
 610              		.cfi_def_cfa_offset 16
 611              		.cfi_offset 3, -16
 612              		.cfi_offset 4, -12
 613              		.cfi_offset 5, -8
 614              		.cfi_offset 14, -4
 615 0002 0446     		mov	r4, r0
1702:Drivers/STM32F1xx_HAL_Driver/Src/stm32f1xx_hal_rtc.c **** 
 616              		.loc 1 1702 3 is_stmt 1 view .LVU190
 617              	.LVL66:
1704:Drivers/STM32F1xx_HAL_Driver/Src/stm32f1xx_hal_rtc.c ****   /* Wait till RTC is in INIT state and if Time out is reached exit */
 618              		.loc 1 1704 3 view .LVU191
1704:Drivers/STM32F1xx_HAL_Driver/Src/stm32f1xx_hal_rtc.c ****   /* Wait till RTC is in INIT state and if Time out is reached exit */
 619              		.loc 1 1704 15 is_stmt 0 view .LVU192
 620 0004 FFF7FEFF 		bl	HAL_GetTick
 621              	.LVL67:
1704:Drivers/STM32F1xx_HAL_Driver/Src/stm32f1xx_hal_rtc.c ****   /* Wait till RTC is in INIT state and if Time out is reached exit */
 622              		.loc 1 1704 15 view .LVU193
 623 0008 0546     		mov	r5, r0
 624              	.LVL68:
1706:Drivers/STM32F1xx_HAL_Driver/Src/stm32f1xx_hal_rtc.c ****   {
 625              		.loc 1 1706 3 is_stmt 1 view .LVU194
 626              	.L41:
1706:Drivers/STM32F1xx_HAL_Driver/Src/stm32f1xx_hal_rtc.c ****   {
 627              		.loc 1 1706 48 view .LVU195
1706:Drivers/STM32F1xx_HAL_Driver/Src/stm32f1xx_hal_rtc.c ****   {
 628              		.loc 1 1706 15 is_stmt 0 view .LVU196
 629 000a 2368     		ldr	r3, [r4]
1706:Drivers/STM32F1xx_HAL_Driver/Src/stm32f1xx_hal_rtc.c ****   {
 630              		.loc 1 1706 25 view .LVU197
 631 000c 5A68     		ldr	r2, [r3, #4]
1706:Drivers/STM32F1xx_HAL_Driver/Src/stm32f1xx_hal_rtc.c ****   {
 632              		.loc 1 1706 48 view .LVU198
 633 000e 12F0200F 		tst	r2, #32
 634 0012 07D1     		bne	.L46
1708:Drivers/STM32F1xx_HAL_Driver/Src/stm32f1xx_hal_rtc.c ****     {
 635              		.loc 1 1708 5 is_stmt 1 view .LVU199
1708:Drivers/STM32F1xx_HAL_Driver/Src/stm32f1xx_hal_rtc.c ****     {
 636              		.loc 1 1708 10 is_stmt 0 view .LVU200
 637 0014 FFF7FEFF 		bl	HAL_GetTick
 638              	.LVL69:
1708:Drivers/STM32F1xx_HAL_Driver/Src/stm32f1xx_hal_rtc.c ****     {
 639              		.loc 1 1708 24 view .LVU201
 640 0018 401B     		subs	r0, r0, r5
1708:Drivers/STM32F1xx_HAL_Driver/Src/stm32f1xx_hal_rtc.c ****     {
 641              		.loc 1 1708 8 view .LVU202
 642 001a B0F57A7F 		cmp	r0, #1000
 643 001e F4D9     		bls	.L41
ARM GAS  C:\Users\ride_pig\AppData\Local\Temp\ccyvwVwa.s 			page 48


1710:Drivers/STM32F1xx_HAL_Driver/Src/stm32f1xx_hal_rtc.c ****     }
 644              		.loc 1 1710 14 view .LVU203
 645 0020 0320     		movs	r0, #3
 646 0022 04E0     		b	.L42
 647              	.L46:
1715:Drivers/STM32F1xx_HAL_Driver/Src/stm32f1xx_hal_rtc.c **** 
 648              		.loc 1 1715 3 is_stmt 1 view .LVU204
 649 0024 5A68     		ldr	r2, [r3, #4]
 650 0026 42F01002 		orr	r2, r2, #16
 651 002a 5A60     		str	r2, [r3, #4]
1718:Drivers/STM32F1xx_HAL_Driver/Src/stm32f1xx_hal_rtc.c **** }
 652              		.loc 1 1718 3 view .LVU205
1718:Drivers/STM32F1xx_HAL_Driver/Src/stm32f1xx_hal_rtc.c **** }
 653              		.loc 1 1718 10 is_stmt 0 view .LVU206
 654 002c 0020     		movs	r0, #0
 655              	.L42:
1719:Drivers/STM32F1xx_HAL_Driver/Src/stm32f1xx_hal_rtc.c **** 
 656              		.loc 1 1719 1 view .LVU207
 657 002e 38BD     		pop	{r3, r4, r5, pc}
1719:Drivers/STM32F1xx_HAL_Driver/Src/stm32f1xx_hal_rtc.c **** 
 658              		.loc 1 1719 1 view .LVU208
 659              		.cfi_endproc
 660              	.LFE86:
 662              		.section	.text.RTC_ExitInitMode,"ax",%progbits
 663              		.align	1
 664              		.syntax unified
 665              		.thumb
 666              		.thumb_func
 668              	RTC_ExitInitMode:
 669              	.LVL70:
 670              	.LFB87:
1728:Drivers/STM32F1xx_HAL_Driver/Src/stm32f1xx_hal_rtc.c ****   uint32_t tickstart = 0U;
 671              		.loc 1 1728 1 is_stmt 1 view -0
 672              		.cfi_startproc
 673              		@ args = 0, pretend = 0, frame = 0
 674              		@ frame_needed = 0, uses_anonymous_args = 0
1728:Drivers/STM32F1xx_HAL_Driver/Src/stm32f1xx_hal_rtc.c ****   uint32_t tickstart = 0U;
 675              		.loc 1 1728 1 is_stmt 0 view .LVU210
 676 0000 38B5     		push	{r3, r4, r5, lr}
 677              	.LCFI3:
 678              		.cfi_def_cfa_offset 16
 679              		.cfi_offset 3, -16
 680              		.cfi_offset 4, -12
 681              		.cfi_offset 5, -8
 682              		.cfi_offset 14, -4
 683 0002 0446     		mov	r4, r0
1729:Drivers/STM32F1xx_HAL_Driver/Src/stm32f1xx_hal_rtc.c **** 
 684              		.loc 1 1729 3 is_stmt 1 view .LVU211
 685              	.LVL71:
1732:Drivers/STM32F1xx_HAL_Driver/Src/stm32f1xx_hal_rtc.c **** 
 686              		.loc 1 1732 3 view .LVU212
 687 0004 0268     		ldr	r2, [r0]
 688 0006 5368     		ldr	r3, [r2, #4]
 689 0008 23F01003 		bic	r3, r3, #16
 690 000c 5360     		str	r3, [r2, #4]
1734:Drivers/STM32F1xx_HAL_Driver/Src/stm32f1xx_hal_rtc.c ****   /* Wait till RTC is in INIT state and if Time out is reached exit */
 691              		.loc 1 1734 3 view .LVU213
ARM GAS  C:\Users\ride_pig\AppData\Local\Temp\ccyvwVwa.s 			page 49


1734:Drivers/STM32F1xx_HAL_Driver/Src/stm32f1xx_hal_rtc.c ****   /* Wait till RTC is in INIT state and if Time out is reached exit */
 692              		.loc 1 1734 15 is_stmt 0 view .LVU214
 693 000e FFF7FEFF 		bl	HAL_GetTick
 694              	.LVL72:
1734:Drivers/STM32F1xx_HAL_Driver/Src/stm32f1xx_hal_rtc.c ****   /* Wait till RTC is in INIT state and if Time out is reached exit */
 695              		.loc 1 1734 15 view .LVU215
 696 0012 0546     		mov	r5, r0
 697              	.LVL73:
1736:Drivers/STM32F1xx_HAL_Driver/Src/stm32f1xx_hal_rtc.c ****   {
 698              		.loc 1 1736 3 is_stmt 1 view .LVU216
 699              	.L48:
1736:Drivers/STM32F1xx_HAL_Driver/Src/stm32f1xx_hal_rtc.c ****   {
 700              		.loc 1 1736 48 view .LVU217
1736:Drivers/STM32F1xx_HAL_Driver/Src/stm32f1xx_hal_rtc.c ****   {
 701              		.loc 1 1736 15 is_stmt 0 view .LVU218
 702 0014 2368     		ldr	r3, [r4]
1736:Drivers/STM32F1xx_HAL_Driver/Src/stm32f1xx_hal_rtc.c ****   {
 703              		.loc 1 1736 25 view .LVU219
 704 0016 5B68     		ldr	r3, [r3, #4]
1736:Drivers/STM32F1xx_HAL_Driver/Src/stm32f1xx_hal_rtc.c ****   {
 705              		.loc 1 1736 48 view .LVU220
 706 0018 13F0200F 		tst	r3, #32
 707 001c 07D1     		bne	.L53
1738:Drivers/STM32F1xx_HAL_Driver/Src/stm32f1xx_hal_rtc.c ****     {
 708              		.loc 1 1738 5 is_stmt 1 view .LVU221
1738:Drivers/STM32F1xx_HAL_Driver/Src/stm32f1xx_hal_rtc.c ****     {
 709              		.loc 1 1738 10 is_stmt 0 view .LVU222
 710 001e FFF7FEFF 		bl	HAL_GetTick
 711              	.LVL74:
1738:Drivers/STM32F1xx_HAL_Driver/Src/stm32f1xx_hal_rtc.c ****     {
 712              		.loc 1 1738 24 view .LVU223
 713 0022 401B     		subs	r0, r0, r5
1738:Drivers/STM32F1xx_HAL_Driver/Src/stm32f1xx_hal_rtc.c ****     {
 714              		.loc 1 1738 8 view .LVU224
 715 0024 B0F57A7F 		cmp	r0, #1000
 716 0028 F4D9     		bls	.L48
1740:Drivers/STM32F1xx_HAL_Driver/Src/stm32f1xx_hal_rtc.c ****     }
 717              		.loc 1 1740 14 view .LVU225
 718 002a 0320     		movs	r0, #3
 719 002c 00E0     		b	.L49
 720              	.L53:
1744:Drivers/STM32F1xx_HAL_Driver/Src/stm32f1xx_hal_rtc.c **** }
 721              		.loc 1 1744 10 view .LVU226
 722 002e 0020     		movs	r0, #0
 723              	.L49:
1745:Drivers/STM32F1xx_HAL_Driver/Src/stm32f1xx_hal_rtc.c **** 
 724              		.loc 1 1745 1 view .LVU227
 725 0030 38BD     		pop	{r3, r4, r5, pc}
1745:Drivers/STM32F1xx_HAL_Driver/Src/stm32f1xx_hal_rtc.c **** 
 726              		.loc 1 1745 1 view .LVU228
 727              		.cfi_endproc
 728              	.LFE87:
 730              		.section	.text.RTC_WriteTimeCounter,"ax",%progbits
 731              		.align	1
 732              		.syntax unified
 733              		.thumb
 734              		.thumb_func
ARM GAS  C:\Users\ride_pig\AppData\Local\Temp\ccyvwVwa.s 			page 50


 736              	RTC_WriteTimeCounter:
 737              	.LVL75:
 738              	.LFB83:
1620:Drivers/STM32F1xx_HAL_Driver/Src/stm32f1xx_hal_rtc.c ****   HAL_StatusTypeDef status = HAL_OK;
 739              		.loc 1 1620 1 is_stmt 1 view -0
 740              		.cfi_startproc
 741              		@ args = 0, pretend = 0, frame = 0
 742              		@ frame_needed = 0, uses_anonymous_args = 0
1620:Drivers/STM32F1xx_HAL_Driver/Src/stm32f1xx_hal_rtc.c ****   HAL_StatusTypeDef status = HAL_OK;
 743              		.loc 1 1620 1 is_stmt 0 view .LVU230
 744 0000 38B5     		push	{r3, r4, r5, lr}
 745              	.LCFI4:
 746              		.cfi_def_cfa_offset 16
 747              		.cfi_offset 3, -16
 748              		.cfi_offset 4, -12
 749              		.cfi_offset 5, -8
 750              		.cfi_offset 14, -4
 751 0002 0546     		mov	r5, r0
 752 0004 0C46     		mov	r4, r1
1621:Drivers/STM32F1xx_HAL_Driver/Src/stm32f1xx_hal_rtc.c **** 
 753              		.loc 1 1621 3 is_stmt 1 view .LVU231
 754              	.LVL76:
1624:Drivers/STM32F1xx_HAL_Driver/Src/stm32f1xx_hal_rtc.c ****   {
 755              		.loc 1 1624 3 view .LVU232
1624:Drivers/STM32F1xx_HAL_Driver/Src/stm32f1xx_hal_rtc.c ****   {
 756              		.loc 1 1624 7 is_stmt 0 view .LVU233
 757 0006 FFF7FEFF 		bl	RTC_EnterInitMode
 758              	.LVL77:
1624:Drivers/STM32F1xx_HAL_Driver/Src/stm32f1xx_hal_rtc.c ****   {
 759              		.loc 1 1624 6 view .LVU234
 760 000a 08B1     		cbz	r0, .L59
1626:Drivers/STM32F1xx_HAL_Driver/Src/stm32f1xx_hal_rtc.c ****   }
 761              		.loc 1 1626 12 view .LVU235
 762 000c 0120     		movs	r0, #1
 763              	.LVL78:
 764              	.L55:
1642:Drivers/STM32F1xx_HAL_Driver/Src/stm32f1xx_hal_rtc.c **** }
 765              		.loc 1 1642 3 is_stmt 1 view .LVU236
1643:Drivers/STM32F1xx_HAL_Driver/Src/stm32f1xx_hal_rtc.c **** 
 766              		.loc 1 1643 1 is_stmt 0 view .LVU237
 767 000e 38BD     		pop	{r3, r4, r5, pc}
 768              	.LVL79:
 769              	.L59:
1631:Drivers/STM32F1xx_HAL_Driver/Src/stm32f1xx_hal_rtc.c ****     /* Set RTC COUNTER LSB word */
 770              		.loc 1 1631 5 is_stmt 1 view .LVU238
 771 0010 2B68     		ldr	r3, [r5]
 772 0012 220C     		lsrs	r2, r4, #16
 773 0014 9A61     		str	r2, [r3, #24]
1633:Drivers/STM32F1xx_HAL_Driver/Src/stm32f1xx_hal_rtc.c **** 
 774              		.loc 1 1633 5 view .LVU239
 775 0016 2B68     		ldr	r3, [r5]
 776 0018 A4B2     		uxth	r4, r4
 777              	.LVL80:
1633:Drivers/STM32F1xx_HAL_Driver/Src/stm32f1xx_hal_rtc.c **** 
 778              		.loc 1 1633 5 is_stmt 0 view .LVU240
 779 001a DC61     		str	r4, [r3, #28]
1636:Drivers/STM32F1xx_HAL_Driver/Src/stm32f1xx_hal_rtc.c ****     {
ARM GAS  C:\Users\ride_pig\AppData\Local\Temp\ccyvwVwa.s 			page 51


 780              		.loc 1 1636 5 is_stmt 1 view .LVU241
1636:Drivers/STM32F1xx_HAL_Driver/Src/stm32f1xx_hal_rtc.c ****     {
 781              		.loc 1 1636 9 is_stmt 0 view .LVU242
 782 001c 2846     		mov	r0, r5
 783 001e FFF7FEFF 		bl	RTC_ExitInitMode
 784              	.LVL81:
1636:Drivers/STM32F1xx_HAL_Driver/Src/stm32f1xx_hal_rtc.c ****     {
 785              		.loc 1 1636 8 view .LVU243
 786 0022 0028     		cmp	r0, #0
 787 0024 F3D0     		beq	.L55
1638:Drivers/STM32F1xx_HAL_Driver/Src/stm32f1xx_hal_rtc.c ****     }
 788              		.loc 1 1638 14 view .LVU244
 789 0026 0120     		movs	r0, #1
 790 0028 F1E7     		b	.L55
 791              		.cfi_endproc
 792              	.LFE83:
 794              		.section	.text.RTC_WriteAlarmCounter,"ax",%progbits
 795              		.align	1
 796              		.syntax unified
 797              		.thumb
 798              		.thumb_func
 800              	RTC_WriteAlarmCounter:
 801              	.LVL82:
 802              	.LFB85:
1669:Drivers/STM32F1xx_HAL_Driver/Src/stm32f1xx_hal_rtc.c ****   HAL_StatusTypeDef status = HAL_OK;
 803              		.loc 1 1669 1 is_stmt 1 view -0
 804              		.cfi_startproc
 805              		@ args = 0, pretend = 0, frame = 0
 806              		@ frame_needed = 0, uses_anonymous_args = 0
1669:Drivers/STM32F1xx_HAL_Driver/Src/stm32f1xx_hal_rtc.c ****   HAL_StatusTypeDef status = HAL_OK;
 807              		.loc 1 1669 1 is_stmt 0 view .LVU246
 808 0000 38B5     		push	{r3, r4, r5, lr}
 809              	.LCFI5:
 810              		.cfi_def_cfa_offset 16
 811              		.cfi_offset 3, -16
 812              		.cfi_offset 4, -12
 813              		.cfi_offset 5, -8
 814              		.cfi_offset 14, -4
 815 0002 0546     		mov	r5, r0
 816 0004 0C46     		mov	r4, r1
1670:Drivers/STM32F1xx_HAL_Driver/Src/stm32f1xx_hal_rtc.c **** 
 817              		.loc 1 1670 3 is_stmt 1 view .LVU247
 818              	.LVL83:
1673:Drivers/STM32F1xx_HAL_Driver/Src/stm32f1xx_hal_rtc.c ****   {
 819              		.loc 1 1673 3 view .LVU248
1673:Drivers/STM32F1xx_HAL_Driver/Src/stm32f1xx_hal_rtc.c ****   {
 820              		.loc 1 1673 7 is_stmt 0 view .LVU249
 821 0006 FFF7FEFF 		bl	RTC_EnterInitMode
 822              	.LVL84:
1673:Drivers/STM32F1xx_HAL_Driver/Src/stm32f1xx_hal_rtc.c ****   {
 823              		.loc 1 1673 6 view .LVU250
 824 000a 08B1     		cbz	r0, .L65
1675:Drivers/STM32F1xx_HAL_Driver/Src/stm32f1xx_hal_rtc.c ****   }
 825              		.loc 1 1675 12 view .LVU251
 826 000c 0120     		movs	r0, #1
 827              	.LVL85:
 828              	.L61:
ARM GAS  C:\Users\ride_pig\AppData\Local\Temp\ccyvwVwa.s 			page 52


1691:Drivers/STM32F1xx_HAL_Driver/Src/stm32f1xx_hal_rtc.c **** }
 829              		.loc 1 1691 3 is_stmt 1 view .LVU252
1692:Drivers/STM32F1xx_HAL_Driver/Src/stm32f1xx_hal_rtc.c **** 
 830              		.loc 1 1692 1 is_stmt 0 view .LVU253
 831 000e 38BD     		pop	{r3, r4, r5, pc}
 832              	.LVL86:
 833              	.L65:
1680:Drivers/STM32F1xx_HAL_Driver/Src/stm32f1xx_hal_rtc.c ****     /* Set RTC COUNTER LSB word */
 834              		.loc 1 1680 5 is_stmt 1 view .LVU254
 835 0010 2B68     		ldr	r3, [r5]
 836 0012 220C     		lsrs	r2, r4, #16
 837 0014 1A62     		str	r2, [r3, #32]
1682:Drivers/STM32F1xx_HAL_Driver/Src/stm32f1xx_hal_rtc.c **** 
 838              		.loc 1 1682 5 view .LVU255
 839 0016 2B68     		ldr	r3, [r5]
 840 0018 A4B2     		uxth	r4, r4
 841              	.LVL87:
1682:Drivers/STM32F1xx_HAL_Driver/Src/stm32f1xx_hal_rtc.c **** 
 842              		.loc 1 1682 5 is_stmt 0 view .LVU256
 843 001a 5C62     		str	r4, [r3, #36]
1685:Drivers/STM32F1xx_HAL_Driver/Src/stm32f1xx_hal_rtc.c ****     {
 844              		.loc 1 1685 5 is_stmt 1 view .LVU257
1685:Drivers/STM32F1xx_HAL_Driver/Src/stm32f1xx_hal_rtc.c ****     {
 845              		.loc 1 1685 9 is_stmt 0 view .LVU258
 846 001c 2846     		mov	r0, r5
 847 001e FFF7FEFF 		bl	RTC_ExitInitMode
 848              	.LVL88:
1685:Drivers/STM32F1xx_HAL_Driver/Src/stm32f1xx_hal_rtc.c ****     {
 849              		.loc 1 1685 8 view .LVU259
 850 0022 0028     		cmp	r0, #0
 851 0024 F3D0     		beq	.L61
1687:Drivers/STM32F1xx_HAL_Driver/Src/stm32f1xx_hal_rtc.c ****     }
 852              		.loc 1 1687 14 view .LVU260
 853 0026 0120     		movs	r0, #1
 854 0028 F1E7     		b	.L61
 855              		.cfi_endproc
 856              	.LFE85:
 858              		.section	.text.HAL_RTC_MspInit,"ax",%progbits
 859              		.align	1
 860              		.weak	HAL_RTC_MspInit
 861              		.syntax unified
 862              		.thumb
 863              		.thumb_func
 865              	HAL_RTC_MspInit:
 866              	.LVL89:
 867              	.LFB67:
 651:Drivers/STM32F1xx_HAL_Driver/Src/stm32f1xx_hal_rtc.c ****   /* Prevent unused argument(s) compilation warning */
 868              		.loc 1 651 1 is_stmt 1 view -0
 869              		.cfi_startproc
 870              		@ args = 0, pretend = 0, frame = 0
 871              		@ frame_needed = 0, uses_anonymous_args = 0
 872              		@ link register save eliminated.
 653:Drivers/STM32F1xx_HAL_Driver/Src/stm32f1xx_hal_rtc.c ****   /* NOTE : This function Should not be modified, when the callback is needed,
 873              		.loc 1 653 3 view .LVU262
 657:Drivers/STM32F1xx_HAL_Driver/Src/stm32f1xx_hal_rtc.c **** 
 874              		.loc 1 657 1 is_stmt 0 view .LVU263
 875 0000 7047     		bx	lr
ARM GAS  C:\Users\ride_pig\AppData\Local\Temp\ccyvwVwa.s 			page 53


 876              		.cfi_endproc
 877              	.LFE67:
 879              		.section	.text.HAL_RTC_MspDeInit,"ax",%progbits
 880              		.align	1
 881              		.weak	HAL_RTC_MspDeInit
 882              		.syntax unified
 883              		.thumb
 884              		.thumb_func
 886              	HAL_RTC_MspDeInit:
 887              	.LVL90:
 888              	.LFB68:
 666:Drivers/STM32F1xx_HAL_Driver/Src/stm32f1xx_hal_rtc.c ****   /* Prevent unused argument(s) compilation warning */
 889              		.loc 1 666 1 is_stmt 1 view -0
 890              		.cfi_startproc
 891              		@ args = 0, pretend = 0, frame = 0
 892              		@ frame_needed = 0, uses_anonymous_args = 0
 893              		@ link register save eliminated.
 668:Drivers/STM32F1xx_HAL_Driver/Src/stm32f1xx_hal_rtc.c ****   /* NOTE : This function Should not be modified, when the callback is needed,
 894              		.loc 1 668 3 view .LVU265
 672:Drivers/STM32F1xx_HAL_Driver/Src/stm32f1xx_hal_rtc.c **** 
 895              		.loc 1 672 1 is_stmt 0 view .LVU266
 896 0000 7047     		bx	lr
 897              		.cfi_endproc
 898              	.LFE68:
 900              		.section	.text.HAL_RTC_SetTime,"ax",%progbits
 901              		.align	1
 902              		.global	HAL_RTC_SetTime
 903              		.syntax unified
 904              		.thumb
 905              		.thumb_func
 907              	HAL_RTC_SetTime:
 908              	.LVL91:
 909              	.LFB69:
 704:Drivers/STM32F1xx_HAL_Driver/Src/stm32f1xx_hal_rtc.c ****   uint32_t counter_time = 0U, counter_alarm = 0U;
 910              		.loc 1 704 1 is_stmt 1 view -0
 911              		.cfi_startproc
 912              		@ args = 0, pretend = 0, frame = 0
 913              		@ frame_needed = 0, uses_anonymous_args = 0
 704:Drivers/STM32F1xx_HAL_Driver/Src/stm32f1xx_hal_rtc.c ****   uint32_t counter_time = 0U, counter_alarm = 0U;
 914              		.loc 1 704 1 is_stmt 0 view .LVU268
 915 0000 70B5     		push	{r4, r5, r6, lr}
 916              	.LCFI6:
 917              		.cfi_def_cfa_offset 16
 918              		.cfi_offset 4, -16
 919              		.cfi_offset 5, -12
 920              		.cfi_offset 6, -8
 921              		.cfi_offset 14, -4
 705:Drivers/STM32F1xx_HAL_Driver/Src/stm32f1xx_hal_rtc.c **** 
 922              		.loc 1 705 3 is_stmt 1 view .LVU269
 923              	.LVL92:
 708:Drivers/STM32F1xx_HAL_Driver/Src/stm32f1xx_hal_rtc.c ****   {
 924              		.loc 1 708 3 view .LVU270
 708:Drivers/STM32F1xx_HAL_Driver/Src/stm32f1xx_hal_rtc.c ****   {
 925              		.loc 1 708 6 is_stmt 0 view .LVU271
 926 0002 0028     		cmp	r0, #0
 927 0004 57D0     		beq	.L74
 928 0006 0D46     		mov	r5, r1
ARM GAS  C:\Users\ride_pig\AppData\Local\Temp\ccyvwVwa.s 			page 54


 929 0008 0646     		mov	r6, r0
 708:Drivers/STM32F1xx_HAL_Driver/Src/stm32f1xx_hal_rtc.c ****   {
 930              		.loc 1 708 22 discriminator 1 view .LVU272
 931 000a 0029     		cmp	r1, #0
 932 000c 55D0     		beq	.L75
 714:Drivers/STM32F1xx_HAL_Driver/Src/stm32f1xx_hal_rtc.c **** 
 933              		.loc 1 714 3 is_stmt 1 view .LVU273
 717:Drivers/STM32F1xx_HAL_Driver/Src/stm32f1xx_hal_rtc.c **** 
 934              		.loc 1 717 3 view .LVU274
 717:Drivers/STM32F1xx_HAL_Driver/Src/stm32f1xx_hal_rtc.c **** 
 935              		.loc 1 717 3 view .LVU275
 936 000e 037C     		ldrb	r3, [r0, #16]	@ zero_extendqisi2
 937 0010 012B     		cmp	r3, #1
 938 0012 54D0     		beq	.L76
 717:Drivers/STM32F1xx_HAL_Driver/Src/stm32f1xx_hal_rtc.c **** 
 939              		.loc 1 717 3 discriminator 2 view .LVU276
 940 0014 0123     		movs	r3, #1
 941 0016 0374     		strb	r3, [r0, #16]
 717:Drivers/STM32F1xx_HAL_Driver/Src/stm32f1xx_hal_rtc.c **** 
 942              		.loc 1 717 3 discriminator 2 view .LVU277
 719:Drivers/STM32F1xx_HAL_Driver/Src/stm32f1xx_hal_rtc.c **** 
 943              		.loc 1 719 3 discriminator 2 view .LVU278
 719:Drivers/STM32F1xx_HAL_Driver/Src/stm32f1xx_hal_rtc.c **** 
 944              		.loc 1 719 15 is_stmt 0 discriminator 2 view .LVU279
 945 0018 0223     		movs	r3, #2
 946 001a 4374     		strb	r3, [r0, #17]
 721:Drivers/STM32F1xx_HAL_Driver/Src/stm32f1xx_hal_rtc.c ****   {
 947              		.loc 1 721 3 is_stmt 1 discriminator 2 view .LVU280
 721:Drivers/STM32F1xx_HAL_Driver/Src/stm32f1xx_hal_rtc.c ****   {
 948              		.loc 1 721 6 is_stmt 0 discriminator 2 view .LVU281
 949 001c BAB9     		cbnz	r2, .L70
 723:Drivers/STM32F1xx_HAL_Driver/Src/stm32f1xx_hal_rtc.c ****     assert_param(IS_RTC_MINUTES(sTime->Minutes));
 950              		.loc 1 723 5 is_stmt 1 view .LVU282
 724:Drivers/STM32F1xx_HAL_Driver/Src/stm32f1xx_hal_rtc.c ****     assert_param(IS_RTC_SECONDS(sTime->Seconds));
 951              		.loc 1 724 5 view .LVU283
 725:Drivers/STM32F1xx_HAL_Driver/Src/stm32f1xx_hal_rtc.c **** 
 952              		.loc 1 725 5 view .LVU284
 727:Drivers/STM32F1xx_HAL_Driver/Src/stm32f1xx_hal_rtc.c ****                               ((uint32_t)sTime->Minutes * 60U) + \
 953              		.loc 1 727 5 view .LVU285
 727:Drivers/STM32F1xx_HAL_Driver/Src/stm32f1xx_hal_rtc.c ****                               ((uint32_t)sTime->Minutes * 60U) + \
 954              		.loc 1 727 47 is_stmt 0 view .LVU286
 955 001e 0B78     		ldrb	r3, [r1]	@ zero_extendqisi2
 728:Drivers/STM32F1xx_HAL_Driver/Src/stm32f1xx_hal_rtc.c ****                               ((uint32_t)sTime->Seconds));
 956              		.loc 1 728 47 view .LVU287
 957 0020 4C78     		ldrb	r4, [r1, #1]	@ zero_extendqisi2
 728:Drivers/STM32F1xx_HAL_Driver/Src/stm32f1xx_hal_rtc.c ****                               ((uint32_t)sTime->Seconds));
 958              		.loc 1 728 57 view .LVU288
 959 0022 C4EB0414 		rsb	r4, r4, r4, lsl #4
 960 0026 A400     		lsls	r4, r4, #2
 727:Drivers/STM32F1xx_HAL_Driver/Src/stm32f1xx_hal_rtc.c ****                               ((uint32_t)sTime->Minutes * 60U) + \
 961              		.loc 1 727 64 view .LVU289
 962 0028 4FF46162 		mov	r2, #3600
 963              	.LVL93:
 727:Drivers/STM32F1xx_HAL_Driver/Src/stm32f1xx_hal_rtc.c ****                               ((uint32_t)sTime->Minutes * 60U) + \
 964              		.loc 1 727 64 view .LVU290
 965 002c 02FB0344 		mla	r4, r2, r3, r4
 729:Drivers/STM32F1xx_HAL_Driver/Src/stm32f1xx_hal_rtc.c ****   }
ARM GAS  C:\Users\ride_pig\AppData\Local\Temp\ccyvwVwa.s 			page 55


 966              		.loc 1 729 47 view .LVU291
 967 0030 8B78     		ldrb	r3, [r1, #2]	@ zero_extendqisi2
 727:Drivers/STM32F1xx_HAL_Driver/Src/stm32f1xx_hal_rtc.c ****                               ((uint32_t)sTime->Minutes * 60U) + \
 968              		.loc 1 727 18 view .LVU292
 969 0032 1C44     		add	r4, r4, r3
 970              	.LVL94:
 971              	.L71:
 743:Drivers/STM32F1xx_HAL_Driver/Src/stm32f1xx_hal_rtc.c ****   {
 972              		.loc 1 743 3 is_stmt 1 view .LVU293
 743:Drivers/STM32F1xx_HAL_Driver/Src/stm32f1xx_hal_rtc.c ****   {
 973              		.loc 1 743 7 is_stmt 0 view .LVU294
 974 0034 2146     		mov	r1, r4
 975 0036 3046     		mov	r0, r6
 976 0038 FFF7FEFF 		bl	RTC_WriteTimeCounter
 977              	.LVL95:
 743:Drivers/STM32F1xx_HAL_Driver/Src/stm32f1xx_hal_rtc.c ****   {
 978              		.loc 1 743 6 view .LVU295
 979 003c 0546     		mov	r5, r0
 980              	.LVL96:
 743:Drivers/STM32F1xx_HAL_Driver/Src/stm32f1xx_hal_rtc.c ****   {
 981              		.loc 1 743 6 view .LVU296
 982 003e C8B1     		cbz	r0, .L72
 746:Drivers/STM32F1xx_HAL_Driver/Src/stm32f1xx_hal_rtc.c **** 
 983              		.loc 1 746 5 is_stmt 1 view .LVU297
 746:Drivers/STM32F1xx_HAL_Driver/Src/stm32f1xx_hal_rtc.c **** 
 984              		.loc 1 746 17 is_stmt 0 view .LVU298
 985 0040 0423     		movs	r3, #4
 986 0042 7374     		strb	r3, [r6, #17]
 749:Drivers/STM32F1xx_HAL_Driver/Src/stm32f1xx_hal_rtc.c **** 
 987              		.loc 1 749 5 is_stmt 1 view .LVU299
 749:Drivers/STM32F1xx_HAL_Driver/Src/stm32f1xx_hal_rtc.c **** 
 988              		.loc 1 749 5 view .LVU300
 989 0044 0023     		movs	r3, #0
 990 0046 3374     		strb	r3, [r6, #16]
 749:Drivers/STM32F1xx_HAL_Driver/Src/stm32f1xx_hal_rtc.c **** 
 991              		.loc 1 749 5 view .LVU301
 751:Drivers/STM32F1xx_HAL_Driver/Src/stm32f1xx_hal_rtc.c ****   }
 992              		.loc 1 751 5 view .LVU302
 751:Drivers/STM32F1xx_HAL_Driver/Src/stm32f1xx_hal_rtc.c ****   }
 993              		.loc 1 751 12 is_stmt 0 view .LVU303
 994 0048 0125     		movs	r5, #1
 995              	.LVL97:
 996              	.L69:
 789:Drivers/STM32F1xx_HAL_Driver/Src/stm32f1xx_hal_rtc.c **** 
 997              		.loc 1 789 1 view .LVU304
 998 004a 2846     		mov	r0, r5
 999 004c 70BD     		pop	{r4, r5, r6, pc}
 1000              	.LVL98:
 1001              	.L70:
 733:Drivers/STM32F1xx_HAL_Driver/Src/stm32f1xx_hal_rtc.c ****     assert_param(IS_RTC_MINUTES(RTC_Bcd2ToByte(sTime->Minutes)));
 1002              		.loc 1 733 5 is_stmt 1 view .LVU305
 734:Drivers/STM32F1xx_HAL_Driver/Src/stm32f1xx_hal_rtc.c ****     assert_param(IS_RTC_SECONDS(RTC_Bcd2ToByte(sTime->Seconds)));
 1003              		.loc 1 734 5 view .LVU306
 735:Drivers/STM32F1xx_HAL_Driver/Src/stm32f1xx_hal_rtc.c **** 
 1004              		.loc 1 735 5 view .LVU307
 737:Drivers/STM32F1xx_HAL_Driver/Src/stm32f1xx_hal_rtc.c ****                     ((uint32_t)(RTC_Bcd2ToByte(sTime->Minutes)) * 60U) + \
 1005              		.loc 1 737 5 view .LVU308
ARM GAS  C:\Users\ride_pig\AppData\Local\Temp\ccyvwVwa.s 			page 56


 737:Drivers/STM32F1xx_HAL_Driver/Src/stm32f1xx_hal_rtc.c ****                     ((uint32_t)(RTC_Bcd2ToByte(sTime->Minutes)) * 60U) + \
 1006              		.loc 1 737 33 is_stmt 0 view .LVU309
 1007 004e 0878     		ldrb	r0, [r1]	@ zero_extendqisi2
 1008              	.LVL99:
 737:Drivers/STM32F1xx_HAL_Driver/Src/stm32f1xx_hal_rtc.c ****                     ((uint32_t)(RTC_Bcd2ToByte(sTime->Minutes)) * 60U) + \
 1009              		.loc 1 737 33 view .LVU310
 1010 0050 FFF7FEFF 		bl	RTC_Bcd2ToByte
 1011              	.LVL100:
 737:Drivers/STM32F1xx_HAL_Driver/Src/stm32f1xx_hal_rtc.c ****                     ((uint32_t)(RTC_Bcd2ToByte(sTime->Minutes)) * 60U) + \
 1012              		.loc 1 737 63 view .LVU311
 1013 0054 4FF46163 		mov	r3, #3600
 1014 0058 03FB00F4 		mul	r4, r3, r0
 738:Drivers/STM32F1xx_HAL_Driver/Src/stm32f1xx_hal_rtc.c ****                     ((uint32_t)(RTC_Bcd2ToByte(sTime->Seconds))));
 1015              		.loc 1 738 33 view .LVU312
 1016 005c 6878     		ldrb	r0, [r5, #1]	@ zero_extendqisi2
 1017 005e FFF7FEFF 		bl	RTC_Bcd2ToByte
 1018              	.LVL101:
 738:Drivers/STM32F1xx_HAL_Driver/Src/stm32f1xx_hal_rtc.c ****                     ((uint32_t)(RTC_Bcd2ToByte(sTime->Seconds))));
 1019              		.loc 1 738 65 view .LVU313
 1020 0062 C0EB0010 		rsb	r0, r0, r0, lsl #4
 737:Drivers/STM32F1xx_HAL_Driver/Src/stm32f1xx_hal_rtc.c ****                     ((uint32_t)(RTC_Bcd2ToByte(sTime->Minutes)) * 60U) + \
 1021              		.loc 1 737 72 view .LVU314
 1022 0066 04EB8004 		add	r4, r4, r0, lsl #2
 739:Drivers/STM32F1xx_HAL_Driver/Src/stm32f1xx_hal_rtc.c ****   }
 1023              		.loc 1 739 33 view .LVU315
 1024 006a A878     		ldrb	r0, [r5, #2]	@ zero_extendqisi2
 1025 006c FFF7FEFF 		bl	RTC_Bcd2ToByte
 1026              	.LVL102:
 737:Drivers/STM32F1xx_HAL_Driver/Src/stm32f1xx_hal_rtc.c ****                     ((uint32_t)(RTC_Bcd2ToByte(sTime->Minutes)) * 60U) + \
 1027              		.loc 1 737 18 view .LVU316
 1028 0070 0444     		add	r4, r4, r0
 1029              	.LVL103:
 737:Drivers/STM32F1xx_HAL_Driver/Src/stm32f1xx_hal_rtc.c ****                     ((uint32_t)(RTC_Bcd2ToByte(sTime->Minutes)) * 60U) + \
 1030              		.loc 1 737 18 view .LVU317
 1031 0072 DFE7     		b	.L71
 1032              	.LVL104:
 1033              	.L72:
 756:Drivers/STM32F1xx_HAL_Driver/Src/stm32f1xx_hal_rtc.c **** 
 1034              		.loc 1 756 5 is_stmt 1 view .LVU318
 1035 0074 3268     		ldr	r2, [r6]
 1036 0076 5368     		ldr	r3, [r2, #4]
 1037 0078 23F00503 		bic	r3, r3, #5
 1038 007c 5360     		str	r3, [r2, #4]
 759:Drivers/STM32F1xx_HAL_Driver/Src/stm32f1xx_hal_rtc.c **** 
 1039              		.loc 1 759 5 view .LVU319
 759:Drivers/STM32F1xx_HAL_Driver/Src/stm32f1xx_hal_rtc.c **** 
 1040              		.loc 1 759 21 is_stmt 0 view .LVU320
 1041 007e 3046     		mov	r0, r6
 1042 0080 FFF7FEFF 		bl	RTC_ReadAlarmCounter
 1043              	.LVL105:
 762:Drivers/STM32F1xx_HAL_Driver/Src/stm32f1xx_hal_rtc.c ****     {
 1044              		.loc 1 762 5 is_stmt 1 view .LVU321
 762:Drivers/STM32F1xx_HAL_Driver/Src/stm32f1xx_hal_rtc.c ****     {
 1045              		.loc 1 762 8 is_stmt 0 view .LVU322
 1046 0084 B0F1FF3F 		cmp	r0, #-1
 1047 0088 01D0     		beq	.L73
 764:Drivers/STM32F1xx_HAL_Driver/Src/stm32f1xx_hal_rtc.c ****       {
ARM GAS  C:\Users\ride_pig\AppData\Local\Temp\ccyvwVwa.s 			page 57


 1048              		.loc 1 764 7 is_stmt 1 view .LVU323
 764:Drivers/STM32F1xx_HAL_Driver/Src/stm32f1xx_hal_rtc.c ****       {
 1049              		.loc 1 764 10 is_stmt 0 view .LVU324
 1050 008a 8442     		cmp	r4, r0
 1051 008c 04D8     		bhi	.L78
 1052              	.LVL106:
 1053              	.L73:
 783:Drivers/STM32F1xx_HAL_Driver/Src/stm32f1xx_hal_rtc.c **** 
 1054              		.loc 1 783 5 is_stmt 1 view .LVU325
 783:Drivers/STM32F1xx_HAL_Driver/Src/stm32f1xx_hal_rtc.c **** 
 1055              		.loc 1 783 17 is_stmt 0 view .LVU326
 1056 008e 0123     		movs	r3, #1
 1057 0090 7374     		strb	r3, [r6, #17]
 785:Drivers/STM32F1xx_HAL_Driver/Src/stm32f1xx_hal_rtc.c **** 
 1058              		.loc 1 785 5 is_stmt 1 view .LVU327
 785:Drivers/STM32F1xx_HAL_Driver/Src/stm32f1xx_hal_rtc.c **** 
 1059              		.loc 1 785 5 view .LVU328
 1060 0092 0023     		movs	r3, #0
 1061 0094 3374     		strb	r3, [r6, #16]
 785:Drivers/STM32F1xx_HAL_Driver/Src/stm32f1xx_hal_rtc.c **** 
 1062              		.loc 1 785 5 view .LVU329
 787:Drivers/STM32F1xx_HAL_Driver/Src/stm32f1xx_hal_rtc.c ****   }
 1063              		.loc 1 787 5 view .LVU330
 787:Drivers/STM32F1xx_HAL_Driver/Src/stm32f1xx_hal_rtc.c ****   }
 1064              		.loc 1 787 12 is_stmt 0 view .LVU331
 1065 0096 D8E7     		b	.L69
 1066              	.LVL107:
 1067              	.L78:
 767:Drivers/STM32F1xx_HAL_Driver/Src/stm32f1xx_hal_rtc.c **** 
 1068              		.loc 1 767 9 is_stmt 1 view .LVU332
 770:Drivers/STM32F1xx_HAL_Driver/Src/stm32f1xx_hal_rtc.c ****         {
 1069              		.loc 1 770 9 view .LVU333
 770:Drivers/STM32F1xx_HAL_Driver/Src/stm32f1xx_hal_rtc.c ****         {
 1070              		.loc 1 770 13 is_stmt 0 view .LVU334
 1071 0098 00F5A831 		add	r1, r0, #86016
 1072 009c 01F5C071 		add	r1, r1, #384
 1073 00a0 3046     		mov	r0, r6
 1074              	.LVL108:
 770:Drivers/STM32F1xx_HAL_Driver/Src/stm32f1xx_hal_rtc.c ****         {
 1075              		.loc 1 770 13 view .LVU335
 1076 00a2 FFF7FEFF 		bl	RTC_WriteAlarmCounter
 1077              	.LVL109:
 770:Drivers/STM32F1xx_HAL_Driver/Src/stm32f1xx_hal_rtc.c ****         {
 1078              		.loc 1 770 12 view .LVU336
 1079 00a6 0028     		cmp	r0, #0
 1080 00a8 F1D0     		beq	.L73
 773:Drivers/STM32F1xx_HAL_Driver/Src/stm32f1xx_hal_rtc.c **** 
 1081              		.loc 1 773 11 is_stmt 1 view .LVU337
 773:Drivers/STM32F1xx_HAL_Driver/Src/stm32f1xx_hal_rtc.c **** 
 1082              		.loc 1 773 23 is_stmt 0 view .LVU338
 1083 00aa 0423     		movs	r3, #4
 1084 00ac 7374     		strb	r3, [r6, #17]
 776:Drivers/STM32F1xx_HAL_Driver/Src/stm32f1xx_hal_rtc.c **** 
 1085              		.loc 1 776 11 is_stmt 1 view .LVU339
 776:Drivers/STM32F1xx_HAL_Driver/Src/stm32f1xx_hal_rtc.c **** 
 1086              		.loc 1 776 11 view .LVU340
 1087 00ae 0023     		movs	r3, #0
ARM GAS  C:\Users\ride_pig\AppData\Local\Temp\ccyvwVwa.s 			page 58


 1088 00b0 3374     		strb	r3, [r6, #16]
 776:Drivers/STM32F1xx_HAL_Driver/Src/stm32f1xx_hal_rtc.c **** 
 1089              		.loc 1 776 11 view .LVU341
 778:Drivers/STM32F1xx_HAL_Driver/Src/stm32f1xx_hal_rtc.c ****         }
 1090              		.loc 1 778 11 view .LVU342
 778:Drivers/STM32F1xx_HAL_Driver/Src/stm32f1xx_hal_rtc.c ****         }
 1091              		.loc 1 778 18 is_stmt 0 view .LVU343
 1092 00b2 0125     		movs	r5, #1
 1093 00b4 C9E7     		b	.L69
 1094              	.LVL110:
 1095              	.L74:
 710:Drivers/STM32F1xx_HAL_Driver/Src/stm32f1xx_hal_rtc.c ****   }
 1096              		.loc 1 710 12 view .LVU344
 1097 00b6 0125     		movs	r5, #1
 1098 00b8 C7E7     		b	.L69
 1099              	.L75:
 710:Drivers/STM32F1xx_HAL_Driver/Src/stm32f1xx_hal_rtc.c ****   }
 1100              		.loc 1 710 12 view .LVU345
 1101 00ba 0125     		movs	r5, #1
 1102 00bc C5E7     		b	.L69
 1103              	.L76:
 717:Drivers/STM32F1xx_HAL_Driver/Src/stm32f1xx_hal_rtc.c **** 
 1104              		.loc 1 717 3 view .LVU346
 1105 00be 0225     		movs	r5, #2
 1106 00c0 C3E7     		b	.L69
 1107              		.cfi_endproc
 1108              	.LFE69:
 1110              		.section	.text.HAL_RTC_GetTime,"ax",%progbits
 1111              		.align	1
 1112              		.global	HAL_RTC_GetTime
 1113              		.syntax unified
 1114              		.thumb
 1115              		.thumb_func
 1117              	HAL_RTC_GetTime:
 1118              	.LVL111:
 1119              	.LFB70:
 803:Drivers/STM32F1xx_HAL_Driver/Src/stm32f1xx_hal_rtc.c ****   uint32_t counter_time = 0U, counter_alarm = 0U, days_elapsed = 0U, hours = 0U;
 1120              		.loc 1 803 1 is_stmt 1 view -0
 1121              		.cfi_startproc
 1122              		@ args = 0, pretend = 0, frame = 0
 1123              		@ frame_needed = 0, uses_anonymous_args = 0
 804:Drivers/STM32F1xx_HAL_Driver/Src/stm32f1xx_hal_rtc.c **** 
 1124              		.loc 1 804 3 view .LVU348
 807:Drivers/STM32F1xx_HAL_Driver/Src/stm32f1xx_hal_rtc.c ****   {
 1125              		.loc 1 807 3 view .LVU349
 807:Drivers/STM32F1xx_HAL_Driver/Src/stm32f1xx_hal_rtc.c ****   {
 1126              		.loc 1 807 6 is_stmt 0 view .LVU350
 1127 0000 0028     		cmp	r0, #0
 1128 0002 6FD0     		beq	.L86
 803:Drivers/STM32F1xx_HAL_Driver/Src/stm32f1xx_hal_rtc.c ****   uint32_t counter_time = 0U, counter_alarm = 0U, days_elapsed = 0U, hours = 0U;
 1129              		.loc 1 803 1 discriminator 1 view .LVU351
 1130 0004 2DE9F843 		push	{r3, r4, r5, r6, r7, r8, r9, lr}
 1131              	.LCFI7:
 1132              		.cfi_def_cfa_offset 32
 1133              		.cfi_offset 3, -32
 1134              		.cfi_offset 4, -28
 1135              		.cfi_offset 5, -24
ARM GAS  C:\Users\ride_pig\AppData\Local\Temp\ccyvwVwa.s 			page 59


 1136              		.cfi_offset 6, -20
 1137              		.cfi_offset 7, -16
 1138              		.cfi_offset 8, -12
 1139              		.cfi_offset 9, -8
 1140              		.cfi_offset 14, -4
 1141 0008 0C46     		mov	r4, r1
 1142 000a 1546     		mov	r5, r2
 1143 000c 0746     		mov	r7, r0
 807:Drivers/STM32F1xx_HAL_Driver/Src/stm32f1xx_hal_rtc.c ****   {
 1144              		.loc 1 807 22 discriminator 1 view .LVU352
 1145 000e 0029     		cmp	r1, #0
 1146 0010 6AD0     		beq	.L87
 813:Drivers/STM32F1xx_HAL_Driver/Src/stm32f1xx_hal_rtc.c **** 
 1147              		.loc 1 813 3 is_stmt 1 view .LVU353
 816:Drivers/STM32F1xx_HAL_Driver/Src/stm32f1xx_hal_rtc.c ****   {
 1148              		.loc 1 816 3 view .LVU354
 816:Drivers/STM32F1xx_HAL_Driver/Src/stm32f1xx_hal_rtc.c ****   {
 1149              		.loc 1 816 7 is_stmt 0 view .LVU355
 1150 0012 0368     		ldr	r3, [r0]
 1151 0014 5B68     		ldr	r3, [r3, #4]
 816:Drivers/STM32F1xx_HAL_Driver/Src/stm32f1xx_hal_rtc.c ****   {
 1152              		.loc 1 816 6 view .LVU356
 1153 0016 13F0040F 		tst	r3, #4
 1154 001a 02D0     		beq	.L98
 818:Drivers/STM32F1xx_HAL_Driver/Src/stm32f1xx_hal_rtc.c ****   }
 1155              		.loc 1 818 12 view .LVU357
 1156 001c 0120     		movs	r0, #1
 1157              	.LVL112:
 1158              	.L80:
 899:Drivers/STM32F1xx_HAL_Driver/Src/stm32f1xx_hal_rtc.c **** 
 1159              		.loc 1 899 1 view .LVU358
 1160 001e BDE8F883 		pop	{r3, r4, r5, r6, r7, r8, r9, pc}
 1161              	.LVL113:
 1162              	.L98:
 822:Drivers/STM32F1xx_HAL_Driver/Src/stm32f1xx_hal_rtc.c **** 
 1163              		.loc 1 822 3 is_stmt 1 view .LVU359
 822:Drivers/STM32F1xx_HAL_Driver/Src/stm32f1xx_hal_rtc.c **** 
 1164              		.loc 1 822 18 is_stmt 0 view .LVU360
 1165 0022 FFF7FEFF 		bl	RTC_ReadTimeCounter
 1166              	.LVL114:
 822:Drivers/STM32F1xx_HAL_Driver/Src/stm32f1xx_hal_rtc.c **** 
 1167              		.loc 1 822 18 view .LVU361
 1168 0026 0646     		mov	r6, r0
 1169              	.LVL115:
 825:Drivers/STM32F1xx_HAL_Driver/Src/stm32f1xx_hal_rtc.c ****   sTime->Minutes  = (uint8_t)((counter_time % 3600U) / 60U);
 1170              		.loc 1 825 3 is_stmt 1 view .LVU362
 825:Drivers/STM32F1xx_HAL_Driver/Src/stm32f1xx_hal_rtc.c ****   sTime->Minutes  = (uint8_t)((counter_time % 3600U) / 60U);
 1171              		.loc 1 825 9 is_stmt 0 view .LVU363
 1172 0028 334B     		ldr	r3, .L101
 1173 002a A3FB0023 		umull	r2, r3, r3, r0
 1174 002e DB0A     		lsrs	r3, r3, #11
 1175              	.LVL116:
 826:Drivers/STM32F1xx_HAL_Driver/Src/stm32f1xx_hal_rtc.c ****   sTime->Seconds  = (uint8_t)((counter_time % 3600U) % 60U);
 1176              		.loc 1 826 3 is_stmt 1 view .LVU364
 826:Drivers/STM32F1xx_HAL_Driver/Src/stm32f1xx_hal_rtc.c ****   sTime->Seconds  = (uint8_t)((counter_time % 3600U) % 60U);
 1177              		.loc 1 826 45 is_stmt 0 view .LVU365
 1178 0030 4FF46162 		mov	r2, #3600
ARM GAS  C:\Users\ride_pig\AppData\Local\Temp\ccyvwVwa.s 			page 60


 1179 0034 02FB1302 		mls	r2, r2, r3, r0
 826:Drivers/STM32F1xx_HAL_Driver/Src/stm32f1xx_hal_rtc.c ****   sTime->Seconds  = (uint8_t)((counter_time % 3600U) % 60U);
 1180              		.loc 1 826 54 view .LVU366
 1181 0038 3049     		ldr	r1, .L101+4
 1182 003a A1FB0201 		umull	r0, r1, r1, r2
 1183              	.LVL117:
 826:Drivers/STM32F1xx_HAL_Driver/Src/stm32f1xx_hal_rtc.c ****   sTime->Seconds  = (uint8_t)((counter_time % 3600U) % 60U);
 1184              		.loc 1 826 54 view .LVU367
 1185 003e 4809     		lsrs	r0, r1, #5
 826:Drivers/STM32F1xx_HAL_Driver/Src/stm32f1xx_hal_rtc.c ****   sTime->Seconds  = (uint8_t)((counter_time % 3600U) % 60U);
 1186              		.loc 1 826 21 view .LVU368
 1187 0040 C1F34711 		ubfx	r1, r1, #5, #8
 826:Drivers/STM32F1xx_HAL_Driver/Src/stm32f1xx_hal_rtc.c ****   sTime->Seconds  = (uint8_t)((counter_time % 3600U) % 60U);
 1188              		.loc 1 826 19 view .LVU369
 1189 0044 6170     		strb	r1, [r4, #1]
 827:Drivers/STM32F1xx_HAL_Driver/Src/stm32f1xx_hal_rtc.c **** 
 1190              		.loc 1 827 3 is_stmt 1 view .LVU370
 827:Drivers/STM32F1xx_HAL_Driver/Src/stm32f1xx_hal_rtc.c **** 
 1191              		.loc 1 827 54 is_stmt 0 view .LVU371
 1192 0046 C0EB0010 		rsb	r0, r0, r0, lsl #4
 1193 004a A2EB8002 		sub	r2, r2, r0, lsl #2
 827:Drivers/STM32F1xx_HAL_Driver/Src/stm32f1xx_hal_rtc.c **** 
 1194              		.loc 1 827 19 view .LVU372
 1195 004e A270     		strb	r2, [r4, #2]
 829:Drivers/STM32F1xx_HAL_Driver/Src/stm32f1xx_hal_rtc.c ****   {
 1196              		.loc 1 829 3 is_stmt 1 view .LVU373
 829:Drivers/STM32F1xx_HAL_Driver/Src/stm32f1xx_hal_rtc.c ****   {
 1197              		.loc 1 829 6 is_stmt 0 view .LVU374
 1198 0050 2B4A     		ldr	r2, .L101+8
 1199 0052 9642     		cmp	r6, r2
 1200 0054 10D8     		bhi	.L99
 886:Drivers/STM32F1xx_HAL_Driver/Src/stm32f1xx_hal_rtc.c ****   }
 1201              		.loc 1 886 5 is_stmt 1 view .LVU375
 886:Drivers/STM32F1xx_HAL_Driver/Src/stm32f1xx_hal_rtc.c ****   }
 1202              		.loc 1 886 18 is_stmt 0 view .LVU376
 1203 0056 2370     		strb	r3, [r4]
 1204              	.LVL118:
 1205              	.L85:
 890:Drivers/STM32F1xx_HAL_Driver/Src/stm32f1xx_hal_rtc.c ****   {
 1206              		.loc 1 890 3 is_stmt 1 view .LVU377
 890:Drivers/STM32F1xx_HAL_Driver/Src/stm32f1xx_hal_rtc.c ****   {
 1207              		.loc 1 890 6 is_stmt 0 view .LVU378
 1208 0058 002D     		cmp	r5, #0
 1209 005a 4BD0     		beq	.L93
 893:Drivers/STM32F1xx_HAL_Driver/Src/stm32f1xx_hal_rtc.c ****     sTime->Minutes  = (uint8_t)RTC_ByteToBcd2(sTime->Minutes);
 1210              		.loc 1 893 5 is_stmt 1 view .LVU379
 893:Drivers/STM32F1xx_HAL_Driver/Src/stm32f1xx_hal_rtc.c ****     sTime->Minutes  = (uint8_t)RTC_ByteToBcd2(sTime->Minutes);
 1211              		.loc 1 893 32 is_stmt 0 view .LVU380
 1212 005c 2078     		ldrb	r0, [r4]	@ zero_extendqisi2
 1213 005e FFF7FEFF 		bl	RTC_ByteToBcd2
 1214              	.LVL119:
 893:Drivers/STM32F1xx_HAL_Driver/Src/stm32f1xx_hal_rtc.c ****     sTime->Minutes  = (uint8_t)RTC_ByteToBcd2(sTime->Minutes);
 1215              		.loc 1 893 21 view .LVU381
 1216 0062 2070     		strb	r0, [r4]
 894:Drivers/STM32F1xx_HAL_Driver/Src/stm32f1xx_hal_rtc.c ****     sTime->Seconds  = (uint8_t)RTC_ByteToBcd2(sTime->Seconds);
 1217              		.loc 1 894 5 is_stmt 1 view .LVU382
 894:Drivers/STM32F1xx_HAL_Driver/Src/stm32f1xx_hal_rtc.c ****     sTime->Seconds  = (uint8_t)RTC_ByteToBcd2(sTime->Seconds);
ARM GAS  C:\Users\ride_pig\AppData\Local\Temp\ccyvwVwa.s 			page 61


 1218              		.loc 1 894 32 is_stmt 0 view .LVU383
 1219 0064 6078     		ldrb	r0, [r4, #1]	@ zero_extendqisi2
 1220 0066 FFF7FEFF 		bl	RTC_ByteToBcd2
 1221              	.LVL120:
 894:Drivers/STM32F1xx_HAL_Driver/Src/stm32f1xx_hal_rtc.c ****     sTime->Seconds  = (uint8_t)RTC_ByteToBcd2(sTime->Seconds);
 1222              		.loc 1 894 21 view .LVU384
 1223 006a 6070     		strb	r0, [r4, #1]
 895:Drivers/STM32F1xx_HAL_Driver/Src/stm32f1xx_hal_rtc.c ****   }
 1224              		.loc 1 895 5 is_stmt 1 view .LVU385
 895:Drivers/STM32F1xx_HAL_Driver/Src/stm32f1xx_hal_rtc.c ****   }
 1225              		.loc 1 895 32 is_stmt 0 view .LVU386
 1226 006c A078     		ldrb	r0, [r4, #2]	@ zero_extendqisi2
 1227 006e FFF7FEFF 		bl	RTC_ByteToBcd2
 1228              	.LVL121:
 895:Drivers/STM32F1xx_HAL_Driver/Src/stm32f1xx_hal_rtc.c ****   }
 1229              		.loc 1 895 21 view .LVU387
 1230 0072 A070     		strb	r0, [r4, #2]
 898:Drivers/STM32F1xx_HAL_Driver/Src/stm32f1xx_hal_rtc.c **** }
 1231              		.loc 1 898 10 view .LVU388
 1232 0074 0020     		movs	r0, #0
 1233 0076 D2E7     		b	.L80
 1234              	.LVL122:
 1235              	.L99:
 832:Drivers/STM32F1xx_HAL_Driver/Src/stm32f1xx_hal_rtc.c **** 
 1236              		.loc 1 832 5 is_stmt 1 view .LVU389
 832:Drivers/STM32F1xx_HAL_Driver/Src/stm32f1xx_hal_rtc.c **** 
 1237              		.loc 1 832 18 is_stmt 0 view .LVU390
 1238 0078 224A     		ldr	r2, .L101+12
 1239 007a A2FB0328 		umull	r2, r8, r2, r3
 1240 007e 4FEA1818 		lsr	r8, r8, #4
 1241              	.LVL123:
 835:Drivers/STM32F1xx_HAL_Driver/Src/stm32f1xx_hal_rtc.c **** 
 1242              		.loc 1 835 5 is_stmt 1 view .LVU391
 835:Drivers/STM32F1xx_HAL_Driver/Src/stm32f1xx_hal_rtc.c **** 
 1243              		.loc 1 835 27 is_stmt 0 view .LVU392
 1244 0082 08EB4802 		add	r2, r8, r8, lsl #1
 1245 0086 A3EBC203 		sub	r3, r3, r2, lsl #3
 1246              	.LVL124:
 835:Drivers/STM32F1xx_HAL_Driver/Src/stm32f1xx_hal_rtc.c **** 
 1247              		.loc 1 835 18 view .LVU393
 1248 008a 2370     		strb	r3, [r4]
 838:Drivers/STM32F1xx_HAL_Driver/Src/stm32f1xx_hal_rtc.c **** 
 1249              		.loc 1 838 5 is_stmt 1 view .LVU394
 838:Drivers/STM32F1xx_HAL_Driver/Src/stm32f1xx_hal_rtc.c **** 
 1250              		.loc 1 838 21 is_stmt 0 view .LVU395
 1251 008c 3846     		mov	r0, r7
 1252 008e FFF7FEFF 		bl	RTC_ReadAlarmCounter
 1253              	.LVL125:
 1254 0092 8146     		mov	r9, r0
 1255              	.LVL126:
 841:Drivers/STM32F1xx_HAL_Driver/Src/stm32f1xx_hal_rtc.c ****     {
 1256              		.loc 1 841 5 is_stmt 1 view .LVU396
 841:Drivers/STM32F1xx_HAL_Driver/Src/stm32f1xx_hal_rtc.c ****     {
 1257              		.loc 1 841 8 is_stmt 0 view .LVU397
 1258 0094 B0F1FF3F 		cmp	r0, #-1
 1259 0098 06D0     		beq	.L82
 841:Drivers/STM32F1xx_HAL_Driver/Src/stm32f1xx_hal_rtc.c ****     {
ARM GAS  C:\Users\ride_pig\AppData\Local\Temp\ccyvwVwa.s 			page 62


 1260              		.loc 1 841 49 discriminator 1 view .LVU398
 1261 009a 8642     		cmp	r6, r0
 1262 009c 02D2     		bcs	.L89
 843:Drivers/STM32F1xx_HAL_Driver/Src/stm32f1xx_hal_rtc.c ****     }
 1263              		.loc 1 843 7 is_stmt 1 view .LVU399
 843:Drivers/STM32F1xx_HAL_Driver/Src/stm32f1xx_hal_rtc.c ****     }
 1264              		.loc 1 843 21 is_stmt 0 view .LVU400
 1265 009e A0EB0609 		sub	r9, r0, r6
 1266              	.LVL127:
 843:Drivers/STM32F1xx_HAL_Driver/Src/stm32f1xx_hal_rtc.c ****     }
 1267              		.loc 1 843 21 view .LVU401
 1268 00a2 01E0     		b	.L82
 1269              	.LVL128:
 1270              	.L89:
 849:Drivers/STM32F1xx_HAL_Driver/Src/stm32f1xx_hal_rtc.c ****     }
 1271              		.loc 1 849 21 view .LVU402
 1272 00a4 4FF0FF39 		mov	r9, #-1
 1273              	.LVL129:
 1274              	.L82:
 853:Drivers/STM32F1xx_HAL_Driver/Src/stm32f1xx_hal_rtc.c **** 
 1275              		.loc 1 853 5 is_stmt 1 view .LVU403
 853:Drivers/STM32F1xx_HAL_Driver/Src/stm32f1xx_hal_rtc.c **** 
 1276              		.loc 1 853 18 is_stmt 0 view .LVU404
 1277 00a8 174B     		ldr	r3, .L101+16
 1278 00aa 03FB1866 		mls	r6, r3, r8, r6
 1279              	.LVL130:
 856:Drivers/STM32F1xx_HAL_Driver/Src/stm32f1xx_hal_rtc.c ****     {
 1280              		.loc 1 856 5 is_stmt 1 view .LVU405
 856:Drivers/STM32F1xx_HAL_Driver/Src/stm32f1xx_hal_rtc.c ****     {
 1281              		.loc 1 856 9 is_stmt 0 view .LVU406
 1282 00ae 3146     		mov	r1, r6
 1283 00b0 3846     		mov	r0, r7
 1284 00b2 FFF7FEFF 		bl	RTC_WriteTimeCounter
 1285              	.LVL131:
 856:Drivers/STM32F1xx_HAL_Driver/Src/stm32f1xx_hal_rtc.c ****     {
 1286              		.loc 1 856 8 view .LVU407
 1287 00b6 C8B9     		cbnz	r0, .L90
 862:Drivers/STM32F1xx_HAL_Driver/Src/stm32f1xx_hal_rtc.c ****     {
 1288              		.loc 1 862 5 is_stmt 1 view .LVU408
 862:Drivers/STM32F1xx_HAL_Driver/Src/stm32f1xx_hal_rtc.c ****     {
 1289              		.loc 1 862 8 is_stmt 0 view .LVU409
 1290 00b8 B9F1FF3F 		cmp	r9, #-1
 1291 00bc 0AD0     		beq	.L83
 864:Drivers/STM32F1xx_HAL_Driver/Src/stm32f1xx_hal_rtc.c **** 
 1292              		.loc 1 864 7 is_stmt 1 view .LVU410
 1293              	.LVL132:
 867:Drivers/STM32F1xx_HAL_Driver/Src/stm32f1xx_hal_rtc.c ****       {
 1294              		.loc 1 867 7 view .LVU411
 867:Drivers/STM32F1xx_HAL_Driver/Src/stm32f1xx_hal_rtc.c ****       {
 1295              		.loc 1 867 11 is_stmt 0 view .LVU412
 1296 00be 09EB0601 		add	r1, r9, r6
 1297              	.LVL133:
 867:Drivers/STM32F1xx_HAL_Driver/Src/stm32f1xx_hal_rtc.c ****       {
 1298              		.loc 1 867 11 view .LVU413
 1299 00c2 3846     		mov	r0, r7
 1300 00c4 FFF7FEFF 		bl	RTC_WriteAlarmCounter
 1301              	.LVL134:
ARM GAS  C:\Users\ride_pig\AppData\Local\Temp\ccyvwVwa.s 			page 63


 867:Drivers/STM32F1xx_HAL_Driver/Src/stm32f1xx_hal_rtc.c ****       {
 1302              		.loc 1 867 10 view .LVU414
 1303 00c8 90B9     		cbnz	r0, .L100
 1304              	.LVL135:
 1305              	.L84:
 882:Drivers/STM32F1xx_HAL_Driver/Src/stm32f1xx_hal_rtc.c ****   }
 1306              		.loc 1 882 5 is_stmt 1 view .LVU415
 1307 00ca 4146     		mov	r1, r8
 1308 00cc 3846     		mov	r0, r7
 1309 00ce FFF7FEFF 		bl	RTC_DateUpdate
 1310              	.LVL136:
 1311 00d2 C1E7     		b	.L85
 1312              	.LVL137:
 1313              	.L83:
 875:Drivers/STM32F1xx_HAL_Driver/Src/stm32f1xx_hal_rtc.c ****       {
 1314              		.loc 1 875 7 view .LVU416
 875:Drivers/STM32F1xx_HAL_Driver/Src/stm32f1xx_hal_rtc.c ****       {
 1315              		.loc 1 875 11 is_stmt 0 view .LVU417
 1316 00d4 4946     		mov	r1, r9
 1317 00d6 3846     		mov	r0, r7
 1318 00d8 FFF7FEFF 		bl	RTC_WriteAlarmCounter
 1319              	.LVL138:
 875:Drivers/STM32F1xx_HAL_Driver/Src/stm32f1xx_hal_rtc.c ****       {
 1320              		.loc 1 875 10 view .LVU418
 1321 00dc 0028     		cmp	r0, #0
 1322 00de F4D0     		beq	.L84
 877:Drivers/STM32F1xx_HAL_Driver/Src/stm32f1xx_hal_rtc.c ****       }
 1323              		.loc 1 877 16 view .LVU419
 1324 00e0 0120     		movs	r0, #1
 1325 00e2 9CE7     		b	.L80
 1326              	.LVL139:
 1327              	.L86:
 1328              	.LCFI8:
 1329              		.cfi_def_cfa_offset 0
 1330              		.cfi_restore 3
 1331              		.cfi_restore 4
 1332              		.cfi_restore 5
 1333              		.cfi_restore 6
 1334              		.cfi_restore 7
 1335              		.cfi_restore 8
 1336              		.cfi_restore 9
 1337              		.cfi_restore 14
 809:Drivers/STM32F1xx_HAL_Driver/Src/stm32f1xx_hal_rtc.c ****   }
 1338              		.loc 1 809 12 view .LVU420
 1339 00e4 0120     		movs	r0, #1
 1340              	.LVL140:
 899:Drivers/STM32F1xx_HAL_Driver/Src/stm32f1xx_hal_rtc.c **** 
 1341              		.loc 1 899 1 view .LVU421
 1342 00e6 7047     		bx	lr
 1343              	.LVL141:
 1344              	.L87:
 1345              	.LCFI9:
 1346              		.cfi_def_cfa_offset 32
 1347              		.cfi_offset 3, -32
 1348              		.cfi_offset 4, -28
 1349              		.cfi_offset 5, -24
 1350              		.cfi_offset 6, -20
ARM GAS  C:\Users\ride_pig\AppData\Local\Temp\ccyvwVwa.s 			page 64


 1351              		.cfi_offset 7, -16
 1352              		.cfi_offset 8, -12
 1353              		.cfi_offset 9, -8
 1354              		.cfi_offset 14, -4
 809:Drivers/STM32F1xx_HAL_Driver/Src/stm32f1xx_hal_rtc.c ****   }
 1355              		.loc 1 809 12 view .LVU422
 1356 00e8 0120     		movs	r0, #1
 1357              	.LVL142:
 809:Drivers/STM32F1xx_HAL_Driver/Src/stm32f1xx_hal_rtc.c ****   }
 1358              		.loc 1 809 12 view .LVU423
 1359 00ea 98E7     		b	.L80
 1360              	.LVL143:
 1361              	.L90:
 858:Drivers/STM32F1xx_HAL_Driver/Src/stm32f1xx_hal_rtc.c ****     }
 1362              		.loc 1 858 14 view .LVU424
 1363 00ec 0120     		movs	r0, #1
 1364 00ee 96E7     		b	.L80
 1365              	.LVL144:
 1366              	.L100:
 869:Drivers/STM32F1xx_HAL_Driver/Src/stm32f1xx_hal_rtc.c ****       }
 1367              		.loc 1 869 16 view .LVU425
 1368 00f0 0120     		movs	r0, #1
 1369 00f2 94E7     		b	.L80
 1370              	.LVL145:
 1371              	.L93:
 898:Drivers/STM32F1xx_HAL_Driver/Src/stm32f1xx_hal_rtc.c **** }
 1372              		.loc 1 898 10 view .LVU426
 1373 00f4 0020     		movs	r0, #0
 1374 00f6 92E7     		b	.L80
 1375              	.L102:
 1376              		.align	2
 1377              	.L101:
 1378 00f8 C5B3A291 		.word	-1851608123
 1379 00fc 89888888 		.word	-2004318071
 1380 0100 7F510100 		.word	86399
 1381 0104 ABAAAAAA 		.word	-1431655765
 1382 0108 80510100 		.word	86400
 1383              		.cfi_endproc
 1384              	.LFE70:
 1386              		.section	.text.HAL_RTC_SetDate,"ax",%progbits
 1387              		.align	1
 1388              		.global	HAL_RTC_SetDate
 1389              		.syntax unified
 1390              		.thumb
 1391              		.thumb_func
 1393              	HAL_RTC_SetDate:
 1394              	.LVL146:
 1395              	.LFB71:
 914:Drivers/STM32F1xx_HAL_Driver/Src/stm32f1xx_hal_rtc.c ****   uint32_t counter_time = 0U, counter_alarm = 0U, hours = 0U;
 1396              		.loc 1 914 1 is_stmt 1 view -0
 1397              		.cfi_startproc
 1398              		@ args = 0, pretend = 0, frame = 0
 1399              		@ frame_needed = 0, uses_anonymous_args = 0
 915:Drivers/STM32F1xx_HAL_Driver/Src/stm32f1xx_hal_rtc.c **** 
 1400              		.loc 1 915 3 view .LVU428
 918:Drivers/STM32F1xx_HAL_Driver/Src/stm32f1xx_hal_rtc.c ****   {
 1401              		.loc 1 918 3 view .LVU429
ARM GAS  C:\Users\ride_pig\AppData\Local\Temp\ccyvwVwa.s 			page 65


 918:Drivers/STM32F1xx_HAL_Driver/Src/stm32f1xx_hal_rtc.c ****   {
 1402              		.loc 1 918 6 is_stmt 0 view .LVU430
 1403 0000 0028     		cmp	r0, #0
 1404 0002 5AD0     		beq	.L109
 914:Drivers/STM32F1xx_HAL_Driver/Src/stm32f1xx_hal_rtc.c ****   uint32_t counter_time = 0U, counter_alarm = 0U, hours = 0U;
 1405              		.loc 1 914 1 discriminator 1 view .LVU431
 1406 0004 38B5     		push	{r3, r4, r5, lr}
 1407              	.LCFI10:
 1408              		.cfi_def_cfa_offset 16
 1409              		.cfi_offset 3, -16
 1410              		.cfi_offset 4, -12
 1411              		.cfi_offset 5, -8
 1412              		.cfi_offset 14, -4
 1413 0006 0D46     		mov	r5, r1
 1414 0008 0446     		mov	r4, r0
 918:Drivers/STM32F1xx_HAL_Driver/Src/stm32f1xx_hal_rtc.c ****   {
 1415              		.loc 1 918 22 discriminator 1 view .LVU432
 1416 000a 0029     		cmp	r1, #0
 1417 000c 57D0     		beq	.L110
 924:Drivers/STM32F1xx_HAL_Driver/Src/stm32f1xx_hal_rtc.c **** 
 1418              		.loc 1 924 3 is_stmt 1 view .LVU433
 927:Drivers/STM32F1xx_HAL_Driver/Src/stm32f1xx_hal_rtc.c **** 
 1419              		.loc 1 927 3 view .LVU434
 927:Drivers/STM32F1xx_HAL_Driver/Src/stm32f1xx_hal_rtc.c **** 
 1420              		.loc 1 927 3 view .LVU435
 1421 000e 037C     		ldrb	r3, [r0, #16]	@ zero_extendqisi2
 1422 0010 012B     		cmp	r3, #1
 1423 0012 56D0     		beq	.L111
 927:Drivers/STM32F1xx_HAL_Driver/Src/stm32f1xx_hal_rtc.c **** 
 1424              		.loc 1 927 3 discriminator 2 view .LVU436
 1425 0014 0123     		movs	r3, #1
 1426 0016 0374     		strb	r3, [r0, #16]
 927:Drivers/STM32F1xx_HAL_Driver/Src/stm32f1xx_hal_rtc.c **** 
 1427              		.loc 1 927 3 discriminator 2 view .LVU437
 929:Drivers/STM32F1xx_HAL_Driver/Src/stm32f1xx_hal_rtc.c **** 
 1428              		.loc 1 929 3 discriminator 2 view .LVU438
 929:Drivers/STM32F1xx_HAL_Driver/Src/stm32f1xx_hal_rtc.c **** 
 1429              		.loc 1 929 15 is_stmt 0 discriminator 2 view .LVU439
 1430 0018 0223     		movs	r3, #2
 1431 001a 4374     		strb	r3, [r0, #17]
 931:Drivers/STM32F1xx_HAL_Driver/Src/stm32f1xx_hal_rtc.c ****   {
 1432              		.loc 1 931 3 is_stmt 1 discriminator 2 view .LVU440
 931:Drivers/STM32F1xx_HAL_Driver/Src/stm32f1xx_hal_rtc.c ****   {
 1433              		.loc 1 931 6 is_stmt 0 discriminator 2 view .LVU441
 1434 001c BAB9     		cbnz	r2, .L105
 933:Drivers/STM32F1xx_HAL_Driver/Src/stm32f1xx_hal_rtc.c ****     assert_param(IS_RTC_MONTH(sDate->Month));
 1435              		.loc 1 933 5 is_stmt 1 view .LVU442
 934:Drivers/STM32F1xx_HAL_Driver/Src/stm32f1xx_hal_rtc.c ****     assert_param(IS_RTC_DATE(sDate->Date));
 1436              		.loc 1 934 5 view .LVU443
 935:Drivers/STM32F1xx_HAL_Driver/Src/stm32f1xx_hal_rtc.c **** 
 1437              		.loc 1 935 5 view .LVU444
 938:Drivers/STM32F1xx_HAL_Driver/Src/stm32f1xx_hal_rtc.c ****     hrtc->DateToUpdate.Month = sDate->Month;
 1438              		.loc 1 938 5 view .LVU445
 938:Drivers/STM32F1xx_HAL_Driver/Src/stm32f1xx_hal_rtc.c ****     hrtc->DateToUpdate.Month = sDate->Month;
 1439              		.loc 1 938 37 is_stmt 0 view .LVU446
 1440 001e CB78     		ldrb	r3, [r1, #3]	@ zero_extendqisi2
 938:Drivers/STM32F1xx_HAL_Driver/Src/stm32f1xx_hal_rtc.c ****     hrtc->DateToUpdate.Month = sDate->Month;
ARM GAS  C:\Users\ride_pig\AppData\Local\Temp\ccyvwVwa.s 			page 66


 1441              		.loc 1 938 30 view .LVU447
 1442 0020 C373     		strb	r3, [r0, #15]
 939:Drivers/STM32F1xx_HAL_Driver/Src/stm32f1xx_hal_rtc.c ****     hrtc->DateToUpdate.Date  = sDate->Date;
 1443              		.loc 1 939 5 is_stmt 1 view .LVU448
 939:Drivers/STM32F1xx_HAL_Driver/Src/stm32f1xx_hal_rtc.c ****     hrtc->DateToUpdate.Date  = sDate->Date;
 1444              		.loc 1 939 37 is_stmt 0 view .LVU449
 1445 0022 4B78     		ldrb	r3, [r1, #1]	@ zero_extendqisi2
 939:Drivers/STM32F1xx_HAL_Driver/Src/stm32f1xx_hal_rtc.c ****     hrtc->DateToUpdate.Date  = sDate->Date;
 1446              		.loc 1 939 30 view .LVU450
 1447 0024 4373     		strb	r3, [r0, #13]
 940:Drivers/STM32F1xx_HAL_Driver/Src/stm32f1xx_hal_rtc.c ****   }
 1448              		.loc 1 940 5 is_stmt 1 view .LVU451
 940:Drivers/STM32F1xx_HAL_Driver/Src/stm32f1xx_hal_rtc.c ****   }
 1449              		.loc 1 940 37 is_stmt 0 view .LVU452
 1450 0026 8B78     		ldrb	r3, [r1, #2]	@ zero_extendqisi2
 940:Drivers/STM32F1xx_HAL_Driver/Src/stm32f1xx_hal_rtc.c ****   }
 1451              		.loc 1 940 30 view .LVU453
 1452 0028 8373     		strb	r3, [r0, #14]
 1453              	.LVL147:
 1454              	.L106:
 955:Drivers/STM32F1xx_HAL_Driver/Src/stm32f1xx_hal_rtc.c ****   sDate->WeekDay = hrtc->DateToUpdate.WeekDay;
 1455              		.loc 1 955 3 is_stmt 1 view .LVU454
 955:Drivers/STM32F1xx_HAL_Driver/Src/stm32f1xx_hal_rtc.c ****   sDate->WeekDay = hrtc->DateToUpdate.WeekDay;
 1456              		.loc 1 955 32 is_stmt 0 view .LVU455
 1457 002a A27B     		ldrb	r2, [r4, #14]	@ zero_extendqisi2
 1458 002c 617B     		ldrb	r1, [r4, #13]	@ zero_extendqisi2
 1459 002e E07B     		ldrb	r0, [r4, #15]	@ zero_extendqisi2
 1460 0030 FFF7FEFF 		bl	RTC_WeekDayNum
 1461              	.LVL148:
 955:Drivers/STM32F1xx_HAL_Driver/Src/stm32f1xx_hal_rtc.c ****   sDate->WeekDay = hrtc->DateToUpdate.WeekDay;
 1462              		.loc 1 955 30 view .LVU456
 1463 0034 2073     		strb	r0, [r4, #12]
 956:Drivers/STM32F1xx_HAL_Driver/Src/stm32f1xx_hal_rtc.c **** 
 1464              		.loc 1 956 3 is_stmt 1 view .LVU457
 956:Drivers/STM32F1xx_HAL_Driver/Src/stm32f1xx_hal_rtc.c **** 
 1465              		.loc 1 956 18 is_stmt 0 view .LVU458
 1466 0036 2870     		strb	r0, [r5]
 960:Drivers/STM32F1xx_HAL_Driver/Src/stm32f1xx_hal_rtc.c **** 
 1467              		.loc 1 960 3 is_stmt 1 view .LVU459
 960:Drivers/STM32F1xx_HAL_Driver/Src/stm32f1xx_hal_rtc.c **** 
 1468              		.loc 1 960 18 is_stmt 0 view .LVU460
 1469 0038 2046     		mov	r0, r4
 1470 003a FFF7FEFF 		bl	RTC_ReadTimeCounter
 1471              	.LVL149:
 963:Drivers/STM32F1xx_HAL_Driver/Src/stm32f1xx_hal_rtc.c ****   if (hours > 24U)
 1472              		.loc 1 963 3 is_stmt 1 view .LVU461
 964:Drivers/STM32F1xx_HAL_Driver/Src/stm32f1xx_hal_rtc.c ****   {
 1473              		.loc 1 964 3 view .LVU462
 964:Drivers/STM32F1xx_HAL_Driver/Src/stm32f1xx_hal_rtc.c ****   {
 1474              		.loc 1 964 6 is_stmt 0 view .LVU463
 1475 003e 224B     		ldr	r3, .L117
 1476 0040 9842     		cmp	r0, r3
 1477 0042 11D8     		bhi	.L116
 1478              	.LVL150:
 1479              	.L107:
1008:Drivers/STM32F1xx_HAL_Driver/Src/stm32f1xx_hal_rtc.c **** 
 1480              		.loc 1 1008 3 is_stmt 1 view .LVU464
ARM GAS  C:\Users\ride_pig\AppData\Local\Temp\ccyvwVwa.s 			page 67


1008:Drivers/STM32F1xx_HAL_Driver/Src/stm32f1xx_hal_rtc.c **** 
 1481              		.loc 1 1008 15 is_stmt 0 view .LVU465
 1482 0044 0123     		movs	r3, #1
 1483 0046 6374     		strb	r3, [r4, #17]
1011:Drivers/STM32F1xx_HAL_Driver/Src/stm32f1xx_hal_rtc.c **** 
 1484              		.loc 1 1011 3 is_stmt 1 view .LVU466
1011:Drivers/STM32F1xx_HAL_Driver/Src/stm32f1xx_hal_rtc.c **** 
 1485              		.loc 1 1011 3 view .LVU467
 1486 0048 0020     		movs	r0, #0
 1487 004a 2074     		strb	r0, [r4, #16]
1011:Drivers/STM32F1xx_HAL_Driver/Src/stm32f1xx_hal_rtc.c **** 
 1488              		.loc 1 1011 3 view .LVU468
1013:Drivers/STM32F1xx_HAL_Driver/Src/stm32f1xx_hal_rtc.c **** }
 1489              		.loc 1 1013 3 view .LVU469
 1490              	.L104:
1014:Drivers/STM32F1xx_HAL_Driver/Src/stm32f1xx_hal_rtc.c **** 
 1491              		.loc 1 1014 1 is_stmt 0 view .LVU470
 1492 004c 38BD     		pop	{r3, r4, r5, pc}
 1493              	.LVL151:
 1494              	.L105:
 944:Drivers/STM32F1xx_HAL_Driver/Src/stm32f1xx_hal_rtc.c ****     assert_param(IS_RTC_MONTH(RTC_Bcd2ToByte(sDate->Month)));
 1495              		.loc 1 944 5 is_stmt 1 view .LVU471
 945:Drivers/STM32F1xx_HAL_Driver/Src/stm32f1xx_hal_rtc.c ****     assert_param(IS_RTC_DATE(RTC_Bcd2ToByte(sDate->Date)));
 1496              		.loc 1 945 5 view .LVU472
 946:Drivers/STM32F1xx_HAL_Driver/Src/stm32f1xx_hal_rtc.c **** 
 1497              		.loc 1 946 5 view .LVU473
 949:Drivers/STM32F1xx_HAL_Driver/Src/stm32f1xx_hal_rtc.c ****     hrtc->DateToUpdate.Month = RTC_Bcd2ToByte(sDate->Month);
 1498              		.loc 1 949 5 view .LVU474
 949:Drivers/STM32F1xx_HAL_Driver/Src/stm32f1xx_hal_rtc.c ****     hrtc->DateToUpdate.Month = RTC_Bcd2ToByte(sDate->Month);
 1499              		.loc 1 949 32 is_stmt 0 view .LVU475
 1500 004e C878     		ldrb	r0, [r1, #3]	@ zero_extendqisi2
 1501              	.LVL152:
 949:Drivers/STM32F1xx_HAL_Driver/Src/stm32f1xx_hal_rtc.c ****     hrtc->DateToUpdate.Month = RTC_Bcd2ToByte(sDate->Month);
 1502              		.loc 1 949 32 view .LVU476
 1503 0050 FFF7FEFF 		bl	RTC_Bcd2ToByte
 1504              	.LVL153:
 949:Drivers/STM32F1xx_HAL_Driver/Src/stm32f1xx_hal_rtc.c ****     hrtc->DateToUpdate.Month = RTC_Bcd2ToByte(sDate->Month);
 1505              		.loc 1 949 30 view .LVU477
 1506 0054 E073     		strb	r0, [r4, #15]
 950:Drivers/STM32F1xx_HAL_Driver/Src/stm32f1xx_hal_rtc.c ****     hrtc->DateToUpdate.Date  = RTC_Bcd2ToByte(sDate->Date);
 1507              		.loc 1 950 5 is_stmt 1 view .LVU478
 950:Drivers/STM32F1xx_HAL_Driver/Src/stm32f1xx_hal_rtc.c ****     hrtc->DateToUpdate.Date  = RTC_Bcd2ToByte(sDate->Date);
 1508              		.loc 1 950 32 is_stmt 0 view .LVU479
 1509 0056 6878     		ldrb	r0, [r5, #1]	@ zero_extendqisi2
 1510 0058 FFF7FEFF 		bl	RTC_Bcd2ToByte
 1511              	.LVL154:
 950:Drivers/STM32F1xx_HAL_Driver/Src/stm32f1xx_hal_rtc.c ****     hrtc->DateToUpdate.Date  = RTC_Bcd2ToByte(sDate->Date);
 1512              		.loc 1 950 30 view .LVU480
 1513 005c 6073     		strb	r0, [r4, #13]
 951:Drivers/STM32F1xx_HAL_Driver/Src/stm32f1xx_hal_rtc.c ****   }
 1514              		.loc 1 951 5 is_stmt 1 view .LVU481
 951:Drivers/STM32F1xx_HAL_Driver/Src/stm32f1xx_hal_rtc.c ****   }
 1515              		.loc 1 951 32 is_stmt 0 view .LVU482
 1516 005e A878     		ldrb	r0, [r5, #2]	@ zero_extendqisi2
 1517 0060 FFF7FEFF 		bl	RTC_Bcd2ToByte
 1518              	.LVL155:
 951:Drivers/STM32F1xx_HAL_Driver/Src/stm32f1xx_hal_rtc.c ****   }
ARM GAS  C:\Users\ride_pig\AppData\Local\Temp\ccyvwVwa.s 			page 68


 1519              		.loc 1 951 30 view .LVU483
 1520 0064 A073     		strb	r0, [r4, #14]
 1521 0066 E0E7     		b	.L106
 1522              	.LVL156:
 1523              	.L116:
 967:Drivers/STM32F1xx_HAL_Driver/Src/stm32f1xx_hal_rtc.c ****     /* Write time counter in RTC registers */
 1524              		.loc 1 967 5 is_stmt 1 view .LVU484
 1525 0068 184D     		ldr	r5, .L117+4
 1526              	.LVL157:
 967:Drivers/STM32F1xx_HAL_Driver/Src/stm32f1xx_hal_rtc.c ****     /* Write time counter in RTC registers */
 1527              		.loc 1 967 5 is_stmt 0 view .LVU485
 1528 006a A5FB0035 		umull	r3, r5, r5, r0
 1529 006e 2D0C     		lsrs	r5, r5, #16
 1530 0070 174B     		ldr	r3, .L117+8
 1531 0072 03FB1505 		mls	r5, r3, r5, r0
 1532              	.LVL158:
 969:Drivers/STM32F1xx_HAL_Driver/Src/stm32f1xx_hal_rtc.c ****     {
 1533              		.loc 1 969 5 is_stmt 1 view .LVU486
 969:Drivers/STM32F1xx_HAL_Driver/Src/stm32f1xx_hal_rtc.c ****     {
 1534              		.loc 1 969 9 is_stmt 0 view .LVU487
 1535 0076 2946     		mov	r1, r5
 1536 0078 2046     		mov	r0, r4
 1537              	.LVL159:
 969:Drivers/STM32F1xx_HAL_Driver/Src/stm32f1xx_hal_rtc.c ****     {
 1538              		.loc 1 969 9 view .LVU488
 1539 007a FFF7FEFF 		bl	RTC_WriteTimeCounter
 1540              	.LVL160:
 969:Drivers/STM32F1xx_HAL_Driver/Src/stm32f1xx_hal_rtc.c ****     {
 1541              		.loc 1 969 8 view .LVU489
 1542 007e 28B1     		cbz	r0, .L108
 972:Drivers/STM32F1xx_HAL_Driver/Src/stm32f1xx_hal_rtc.c **** 
 1543              		.loc 1 972 7 is_stmt 1 view .LVU490
 972:Drivers/STM32F1xx_HAL_Driver/Src/stm32f1xx_hal_rtc.c **** 
 1544              		.loc 1 972 19 is_stmt 0 view .LVU491
 1545 0080 0423     		movs	r3, #4
 1546 0082 6374     		strb	r3, [r4, #17]
 975:Drivers/STM32F1xx_HAL_Driver/Src/stm32f1xx_hal_rtc.c **** 
 1547              		.loc 1 975 7 is_stmt 1 view .LVU492
 975:Drivers/STM32F1xx_HAL_Driver/Src/stm32f1xx_hal_rtc.c **** 
 1548              		.loc 1 975 7 view .LVU493
 1549 0084 0023     		movs	r3, #0
 1550 0086 2374     		strb	r3, [r4, #16]
 975:Drivers/STM32F1xx_HAL_Driver/Src/stm32f1xx_hal_rtc.c **** 
 1551              		.loc 1 975 7 view .LVU494
 977:Drivers/STM32F1xx_HAL_Driver/Src/stm32f1xx_hal_rtc.c ****     }
 1552              		.loc 1 977 7 view .LVU495
 977:Drivers/STM32F1xx_HAL_Driver/Src/stm32f1xx_hal_rtc.c ****     }
 1553              		.loc 1 977 14 is_stmt 0 view .LVU496
 1554 0088 0120     		movs	r0, #1
 1555 008a DFE7     		b	.L104
 1556              	.L108:
 981:Drivers/STM32F1xx_HAL_Driver/Src/stm32f1xx_hal_rtc.c **** 
 1557              		.loc 1 981 5 is_stmt 1 view .LVU497
 981:Drivers/STM32F1xx_HAL_Driver/Src/stm32f1xx_hal_rtc.c **** 
 1558              		.loc 1 981 21 is_stmt 0 view .LVU498
 1559 008c 2046     		mov	r0, r4
 1560 008e FFF7FEFF 		bl	RTC_ReadAlarmCounter
ARM GAS  C:\Users\ride_pig\AppData\Local\Temp\ccyvwVwa.s 			page 69


 1561              	.LVL161:
 984:Drivers/STM32F1xx_HAL_Driver/Src/stm32f1xx_hal_rtc.c ****     {
 1562              		.loc 1 984 5 is_stmt 1 view .LVU499
 984:Drivers/STM32F1xx_HAL_Driver/Src/stm32f1xx_hal_rtc.c ****     {
 1563              		.loc 1 984 8 is_stmt 0 view .LVU500
 1564 0092 B0F1FF3F 		cmp	r0, #-1
 1565 0096 D5D0     		beq	.L107
 986:Drivers/STM32F1xx_HAL_Driver/Src/stm32f1xx_hal_rtc.c ****       {
 1566              		.loc 1 986 7 is_stmt 1 view .LVU501
 986:Drivers/STM32F1xx_HAL_Driver/Src/stm32f1xx_hal_rtc.c ****       {
 1567              		.loc 1 986 10 is_stmt 0 view .LVU502
 1568 0098 8542     		cmp	r5, r0
 1569 009a D3D9     		bls	.L107
 989:Drivers/STM32F1xx_HAL_Driver/Src/stm32f1xx_hal_rtc.c **** 
 1570              		.loc 1 989 9 is_stmt 1 view .LVU503
 1571              	.LVL162:
 992:Drivers/STM32F1xx_HAL_Driver/Src/stm32f1xx_hal_rtc.c ****         {
 1572              		.loc 1 992 9 view .LVU504
 992:Drivers/STM32F1xx_HAL_Driver/Src/stm32f1xx_hal_rtc.c ****         {
 1573              		.loc 1 992 13 is_stmt 0 view .LVU505
 1574 009c 00F5A831 		add	r1, r0, #86016
 1575 00a0 01F5C071 		add	r1, r1, #384
 1576 00a4 2046     		mov	r0, r4
 1577              	.LVL163:
 992:Drivers/STM32F1xx_HAL_Driver/Src/stm32f1xx_hal_rtc.c ****         {
 1578              		.loc 1 992 13 view .LVU506
 1579 00a6 FFF7FEFF 		bl	RTC_WriteAlarmCounter
 1580              	.LVL164:
 992:Drivers/STM32F1xx_HAL_Driver/Src/stm32f1xx_hal_rtc.c ****         {
 1581              		.loc 1 992 12 view .LVU507
 1582 00aa 0028     		cmp	r0, #0
 1583 00ac CAD0     		beq	.L107
 995:Drivers/STM32F1xx_HAL_Driver/Src/stm32f1xx_hal_rtc.c **** 
 1584              		.loc 1 995 11 is_stmt 1 view .LVU508
 995:Drivers/STM32F1xx_HAL_Driver/Src/stm32f1xx_hal_rtc.c **** 
 1585              		.loc 1 995 23 is_stmt 0 view .LVU509
 1586 00ae 0423     		movs	r3, #4
 1587 00b0 6374     		strb	r3, [r4, #17]
 998:Drivers/STM32F1xx_HAL_Driver/Src/stm32f1xx_hal_rtc.c **** 
 1588              		.loc 1 998 11 is_stmt 1 view .LVU510
 998:Drivers/STM32F1xx_HAL_Driver/Src/stm32f1xx_hal_rtc.c **** 
 1589              		.loc 1 998 11 view .LVU511
 1590 00b2 0023     		movs	r3, #0
 1591 00b4 2374     		strb	r3, [r4, #16]
 998:Drivers/STM32F1xx_HAL_Driver/Src/stm32f1xx_hal_rtc.c **** 
 1592              		.loc 1 998 11 view .LVU512
1000:Drivers/STM32F1xx_HAL_Driver/Src/stm32f1xx_hal_rtc.c ****         }
 1593              		.loc 1 1000 11 view .LVU513
1000:Drivers/STM32F1xx_HAL_Driver/Src/stm32f1xx_hal_rtc.c ****         }
 1594              		.loc 1 1000 18 is_stmt 0 view .LVU514
 1595 00b6 0120     		movs	r0, #1
 1596 00b8 C8E7     		b	.L104
 1597              	.LVL165:
 1598              	.L109:
 1599              	.LCFI11:
 1600              		.cfi_def_cfa_offset 0
 1601              		.cfi_restore 3
ARM GAS  C:\Users\ride_pig\AppData\Local\Temp\ccyvwVwa.s 			page 70


 1602              		.cfi_restore 4
 1603              		.cfi_restore 5
 1604              		.cfi_restore 14
 920:Drivers/STM32F1xx_HAL_Driver/Src/stm32f1xx_hal_rtc.c ****   }
 1605              		.loc 1 920 12 view .LVU515
 1606 00ba 0120     		movs	r0, #1
 1607              	.LVL166:
1014:Drivers/STM32F1xx_HAL_Driver/Src/stm32f1xx_hal_rtc.c **** 
 1608              		.loc 1 1014 1 view .LVU516
 1609 00bc 7047     		bx	lr
 1610              	.LVL167:
 1611              	.L110:
 1612              	.LCFI12:
 1613              		.cfi_def_cfa_offset 16
 1614              		.cfi_offset 3, -16
 1615              		.cfi_offset 4, -12
 1616              		.cfi_offset 5, -8
 1617              		.cfi_offset 14, -4
 920:Drivers/STM32F1xx_HAL_Driver/Src/stm32f1xx_hal_rtc.c ****   }
 1618              		.loc 1 920 12 view .LVU517
 1619 00be 0120     		movs	r0, #1
 1620              	.LVL168:
 920:Drivers/STM32F1xx_HAL_Driver/Src/stm32f1xx_hal_rtc.c ****   }
 1621              		.loc 1 920 12 view .LVU518
 1622 00c0 C4E7     		b	.L104
 1623              	.LVL169:
 1624              	.L111:
 927:Drivers/STM32F1xx_HAL_Driver/Src/stm32f1xx_hal_rtc.c **** 
 1625              		.loc 1 927 3 view .LVU519
 1626 00c2 0220     		movs	r0, #2
 1627              	.LVL170:
 927:Drivers/STM32F1xx_HAL_Driver/Src/stm32f1xx_hal_rtc.c **** 
 1628              		.loc 1 927 3 view .LVU520
 1629 00c4 C2E7     		b	.L104
 1630              	.L118:
 1631 00c6 00BF     		.align	2
 1632              	.L117:
 1633 00c8 8F5F0100 		.word	89999
 1634 00cc 07452EC2 		.word	-1037155065
 1635 00d0 80510100 		.word	86400
 1636              		.cfi_endproc
 1637              	.LFE71:
 1639              		.section	.text.HAL_RTC_GetDate,"ax",%progbits
 1640              		.align	1
 1641              		.global	HAL_RTC_GetDate
 1642              		.syntax unified
 1643              		.thumb
 1644              		.thumb_func
 1646              	HAL_RTC_GetDate:
 1647              	.LVL171:
 1648              	.LFB72:
1028:Drivers/STM32F1xx_HAL_Driver/Src/stm32f1xx_hal_rtc.c ****   RTC_TimeTypeDef stime = {0U};
 1649              		.loc 1 1028 1 is_stmt 1 view -0
 1650              		.cfi_startproc
 1651              		@ args = 0, pretend = 0, frame = 8
 1652              		@ frame_needed = 0, uses_anonymous_args = 0
1028:Drivers/STM32F1xx_HAL_Driver/Src/stm32f1xx_hal_rtc.c ****   RTC_TimeTypeDef stime = {0U};
ARM GAS  C:\Users\ride_pig\AppData\Local\Temp\ccyvwVwa.s 			page 71


 1653              		.loc 1 1028 1 is_stmt 0 view .LVU522
 1654 0000 2DE9F041 		push	{r4, r5, r6, r7, r8, lr}
 1655              	.LCFI13:
 1656              		.cfi_def_cfa_offset 24
 1657              		.cfi_offset 4, -24
 1658              		.cfi_offset 5, -20
 1659              		.cfi_offset 6, -16
 1660              		.cfi_offset 7, -12
 1661              		.cfi_offset 8, -8
 1662              		.cfi_offset 14, -4
 1663 0004 82B0     		sub	sp, sp, #8
 1664              	.LCFI14:
 1665              		.cfi_def_cfa_offset 32
1029:Drivers/STM32F1xx_HAL_Driver/Src/stm32f1xx_hal_rtc.c **** 
 1666              		.loc 1 1029 3 is_stmt 1 view .LVU523
1029:Drivers/STM32F1xx_HAL_Driver/Src/stm32f1xx_hal_rtc.c **** 
 1667              		.loc 1 1029 19 is_stmt 0 view .LVU524
 1668 0006 0023     		movs	r3, #0
 1669 0008 ADF80430 		strh	r3, [sp, #4]	@ movhi
 1670 000c 8DF80630 		strb	r3, [sp, #6]
1032:Drivers/STM32F1xx_HAL_Driver/Src/stm32f1xx_hal_rtc.c ****   {
 1671              		.loc 1 1032 3 is_stmt 1 view .LVU525
1032:Drivers/STM32F1xx_HAL_Driver/Src/stm32f1xx_hal_rtc.c ****   {
 1672              		.loc 1 1032 6 is_stmt 0 view .LVU526
 1673 0010 00B3     		cbz	r0, .L121
 1674 0012 0C46     		mov	r4, r1
 1675 0014 1746     		mov	r7, r2
 1676 0016 0546     		mov	r5, r0
1032:Drivers/STM32F1xx_HAL_Driver/Src/stm32f1xx_hal_rtc.c ****   {
 1677              		.loc 1 1032 22 discriminator 1 view .LVU527
 1678 0018 F1B1     		cbz	r1, .L122
1038:Drivers/STM32F1xx_HAL_Driver/Src/stm32f1xx_hal_rtc.c **** 
 1679              		.loc 1 1038 3 is_stmt 1 view .LVU528
1041:Drivers/STM32F1xx_HAL_Driver/Src/stm32f1xx_hal_rtc.c ****   {
 1680              		.loc 1 1041 3 view .LVU529
1041:Drivers/STM32F1xx_HAL_Driver/Src/stm32f1xx_hal_rtc.c ****   {
 1681              		.loc 1 1041 7 is_stmt 0 view .LVU530
 1682 001a 1A46     		mov	r2, r3
 1683              	.LVL172:
1041:Drivers/STM32F1xx_HAL_Driver/Src/stm32f1xx_hal_rtc.c ****   {
 1684              		.loc 1 1041 7 view .LVU531
 1685 001c 01A9     		add	r1, sp, #4
 1686              	.LVL173:
1041:Drivers/STM32F1xx_HAL_Driver/Src/stm32f1xx_hal_rtc.c ****   {
 1687              		.loc 1 1041 7 view .LVU532
 1688 001e FFF7FEFF 		bl	HAL_RTC_GetTime
 1689              	.LVL174:
1041:Drivers/STM32F1xx_HAL_Driver/Src/stm32f1xx_hal_rtc.c ****   {
 1690              		.loc 1 1041 6 view .LVU533
 1691 0022 0646     		mov	r6, r0
 1692 0024 E8B9     		cbnz	r0, .L123
1047:Drivers/STM32F1xx_HAL_Driver/Src/stm32f1xx_hal_rtc.c ****   sDate->Year     = hrtc->DateToUpdate.Year;
 1693              		.loc 1 1047 3 is_stmt 1 view .LVU534
1047:Drivers/STM32F1xx_HAL_Driver/Src/stm32f1xx_hal_rtc.c ****   sDate->Year     = hrtc->DateToUpdate.Year;
 1694              		.loc 1 1047 39 is_stmt 0 view .LVU535
 1695 0026 2B7B     		ldrb	r3, [r5, #12]	@ zero_extendqisi2
1047:Drivers/STM32F1xx_HAL_Driver/Src/stm32f1xx_hal_rtc.c ****   sDate->Year     = hrtc->DateToUpdate.Year;
ARM GAS  C:\Users\ride_pig\AppData\Local\Temp\ccyvwVwa.s 			page 72


 1696              		.loc 1 1047 19 view .LVU536
 1697 0028 2370     		strb	r3, [r4]
1048:Drivers/STM32F1xx_HAL_Driver/Src/stm32f1xx_hal_rtc.c ****   sDate->Month    = hrtc->DateToUpdate.Month;
 1698              		.loc 1 1048 3 is_stmt 1 view .LVU537
1048:Drivers/STM32F1xx_HAL_Driver/Src/stm32f1xx_hal_rtc.c ****   sDate->Month    = hrtc->DateToUpdate.Month;
 1699              		.loc 1 1048 39 is_stmt 0 view .LVU538
 1700 002a E87B     		ldrb	r0, [r5, #15]	@ zero_extendqisi2
1048:Drivers/STM32F1xx_HAL_Driver/Src/stm32f1xx_hal_rtc.c ****   sDate->Month    = hrtc->DateToUpdate.Month;
 1701              		.loc 1 1048 19 view .LVU539
 1702 002c E070     		strb	r0, [r4, #3]
1049:Drivers/STM32F1xx_HAL_Driver/Src/stm32f1xx_hal_rtc.c ****   sDate->Date     = hrtc->DateToUpdate.Date;
 1703              		.loc 1 1049 3 is_stmt 1 view .LVU540
1049:Drivers/STM32F1xx_HAL_Driver/Src/stm32f1xx_hal_rtc.c ****   sDate->Date     = hrtc->DateToUpdate.Date;
 1704              		.loc 1 1049 39 is_stmt 0 view .LVU541
 1705 002e 95F80D80 		ldrb	r8, [r5, #13]	@ zero_extendqisi2
1049:Drivers/STM32F1xx_HAL_Driver/Src/stm32f1xx_hal_rtc.c ****   sDate->Date     = hrtc->DateToUpdate.Date;
 1706              		.loc 1 1049 19 view .LVU542
 1707 0032 84F80180 		strb	r8, [r4, #1]
1050:Drivers/STM32F1xx_HAL_Driver/Src/stm32f1xx_hal_rtc.c **** 
 1708              		.loc 1 1050 3 is_stmt 1 view .LVU543
1050:Drivers/STM32F1xx_HAL_Driver/Src/stm32f1xx_hal_rtc.c **** 
 1709              		.loc 1 1050 39 is_stmt 0 view .LVU544
 1710 0036 AD7B     		ldrb	r5, [r5, #14]	@ zero_extendqisi2
 1711              	.LVL175:
1050:Drivers/STM32F1xx_HAL_Driver/Src/stm32f1xx_hal_rtc.c **** 
 1712              		.loc 1 1050 19 view .LVU545
 1713 0038 A570     		strb	r5, [r4, #2]
1053:Drivers/STM32F1xx_HAL_Driver/Src/stm32f1xx_hal_rtc.c ****   {
 1714              		.loc 1 1053 3 is_stmt 1 view .LVU546
1053:Drivers/STM32F1xx_HAL_Driver/Src/stm32f1xx_hal_rtc.c ****   {
 1715              		.loc 1 1053 6 is_stmt 0 view .LVU547
 1716 003a 77B1     		cbz	r7, .L120
1056:Drivers/STM32F1xx_HAL_Driver/Src/stm32f1xx_hal_rtc.c ****     sDate->Month  = (uint8_t)RTC_ByteToBcd2(sDate->Month);
 1717              		.loc 1 1056 5 is_stmt 1 view .LVU548
1056:Drivers/STM32F1xx_HAL_Driver/Src/stm32f1xx_hal_rtc.c ****     sDate->Month  = (uint8_t)RTC_ByteToBcd2(sDate->Month);
 1718              		.loc 1 1056 30 is_stmt 0 view .LVU549
 1719 003c FFF7FEFF 		bl	RTC_ByteToBcd2
 1720              	.LVL176:
1056:Drivers/STM32F1xx_HAL_Driver/Src/stm32f1xx_hal_rtc.c ****     sDate->Month  = (uint8_t)RTC_ByteToBcd2(sDate->Month);
 1721              		.loc 1 1056 19 view .LVU550
 1722 0040 E070     		strb	r0, [r4, #3]
1057:Drivers/STM32F1xx_HAL_Driver/Src/stm32f1xx_hal_rtc.c ****     sDate->Date   = (uint8_t)RTC_ByteToBcd2(sDate->Date);
 1723              		.loc 1 1057 5 is_stmt 1 view .LVU551
1057:Drivers/STM32F1xx_HAL_Driver/Src/stm32f1xx_hal_rtc.c ****     sDate->Date   = (uint8_t)RTC_ByteToBcd2(sDate->Date);
 1724              		.loc 1 1057 30 is_stmt 0 view .LVU552
 1725 0042 4046     		mov	r0, r8
 1726 0044 FFF7FEFF 		bl	RTC_ByteToBcd2
 1727              	.LVL177:
1057:Drivers/STM32F1xx_HAL_Driver/Src/stm32f1xx_hal_rtc.c ****     sDate->Date   = (uint8_t)RTC_ByteToBcd2(sDate->Date);
 1728              		.loc 1 1057 19 view .LVU553
 1729 0048 6070     		strb	r0, [r4, #1]
1058:Drivers/STM32F1xx_HAL_Driver/Src/stm32f1xx_hal_rtc.c ****   }
 1730              		.loc 1 1058 5 is_stmt 1 view .LVU554
1058:Drivers/STM32F1xx_HAL_Driver/Src/stm32f1xx_hal_rtc.c ****   }
 1731              		.loc 1 1058 30 is_stmt 0 view .LVU555
 1732 004a 2846     		mov	r0, r5
 1733 004c FFF7FEFF 		bl	RTC_ByteToBcd2
ARM GAS  C:\Users\ride_pig\AppData\Local\Temp\ccyvwVwa.s 			page 73


 1734              	.LVL178:
1058:Drivers/STM32F1xx_HAL_Driver/Src/stm32f1xx_hal_rtc.c ****   }
 1735              		.loc 1 1058 19 view .LVU556
 1736 0050 A070     		strb	r0, [r4, #2]
 1737 0052 02E0     		b	.L120
 1738              	.LVL179:
 1739              	.L121:
1034:Drivers/STM32F1xx_HAL_Driver/Src/stm32f1xx_hal_rtc.c ****   }
 1740              		.loc 1 1034 12 view .LVU557
 1741 0054 0126     		movs	r6, #1
 1742 0056 00E0     		b	.L120
 1743              	.L122:
1034:Drivers/STM32F1xx_HAL_Driver/Src/stm32f1xx_hal_rtc.c ****   }
 1744              		.loc 1 1034 12 view .LVU558
 1745 0058 0126     		movs	r6, #1
 1746              	.LVL180:
 1747              	.L120:
1061:Drivers/STM32F1xx_HAL_Driver/Src/stm32f1xx_hal_rtc.c **** 
 1748              		.loc 1 1061 1 view .LVU559
 1749 005a 3046     		mov	r0, r6
 1750 005c 02B0     		add	sp, sp, #8
 1751              	.LCFI15:
 1752              		.cfi_remember_state
 1753              		.cfi_def_cfa_offset 24
 1754              		@ sp needed
 1755 005e BDE8F081 		pop	{r4, r5, r6, r7, r8, pc}
 1756              	.LVL181:
 1757              	.L123:
 1758              	.LCFI16:
 1759              		.cfi_restore_state
1043:Drivers/STM32F1xx_HAL_Driver/Src/stm32f1xx_hal_rtc.c ****   }
 1760              		.loc 1 1043 12 view .LVU560
 1761 0062 0126     		movs	r6, #1
 1762 0064 F9E7     		b	.L120
 1763              		.cfi_endproc
 1764              	.LFE72:
 1766              		.section	.text.HAL_RTC_SetAlarm,"ax",%progbits
 1767              		.align	1
 1768              		.global	HAL_RTC_SetAlarm
 1769              		.syntax unified
 1770              		.thumb
 1771              		.thumb_func
 1773              	HAL_RTC_SetAlarm:
 1774              	.LVL182:
 1775              	.LFB73:
1093:Drivers/STM32F1xx_HAL_Driver/Src/stm32f1xx_hal_rtc.c ****   uint32_t counter_alarm = 0U, counter_time;
 1776              		.loc 1 1093 1 is_stmt 1 view -0
 1777              		.cfi_startproc
 1778              		@ args = 0, pretend = 0, frame = 8
 1779              		@ frame_needed = 0, uses_anonymous_args = 0
1093:Drivers/STM32F1xx_HAL_Driver/Src/stm32f1xx_hal_rtc.c ****   uint32_t counter_alarm = 0U, counter_time;
 1780              		.loc 1 1093 1 is_stmt 0 view .LVU562
 1781 0000 F0B5     		push	{r4, r5, r6, r7, lr}
 1782              	.LCFI17:
 1783              		.cfi_def_cfa_offset 20
 1784              		.cfi_offset 4, -20
 1785              		.cfi_offset 5, -16
ARM GAS  C:\Users\ride_pig\AppData\Local\Temp\ccyvwVwa.s 			page 74


 1786              		.cfi_offset 6, -12
 1787              		.cfi_offset 7, -8
 1788              		.cfi_offset 14, -4
 1789 0002 83B0     		sub	sp, sp, #12
 1790              	.LCFI18:
 1791              		.cfi_def_cfa_offset 32
1094:Drivers/STM32F1xx_HAL_Driver/Src/stm32f1xx_hal_rtc.c ****   RTC_TimeTypeDef stime = {0U};
 1792              		.loc 1 1094 3 is_stmt 1 view .LVU563
 1793              	.LVL183:
1095:Drivers/STM32F1xx_HAL_Driver/Src/stm32f1xx_hal_rtc.c **** 
 1794              		.loc 1 1095 3 view .LVU564
1095:Drivers/STM32F1xx_HAL_Driver/Src/stm32f1xx_hal_rtc.c **** 
 1795              		.loc 1 1095 19 is_stmt 0 view .LVU565
 1796 0004 0023     		movs	r3, #0
 1797 0006 ADF80430 		strh	r3, [sp, #4]	@ movhi
 1798 000a 8DF80630 		strb	r3, [sp, #6]
1098:Drivers/STM32F1xx_HAL_Driver/Src/stm32f1xx_hal_rtc.c ****   {
 1799              		.loc 1 1098 3 is_stmt 1 view .LVU566
1098:Drivers/STM32F1xx_HAL_Driver/Src/stm32f1xx_hal_rtc.c ****   {
 1800              		.loc 1 1098 6 is_stmt 0 view .LVU567
 1801 000e 0028     		cmp	r0, #0
 1802 0010 51D0     		beq	.L131
 1803 0012 0C46     		mov	r4, r1
 1804 0014 1546     		mov	r5, r2
 1805 0016 0646     		mov	r6, r0
1098:Drivers/STM32F1xx_HAL_Driver/Src/stm32f1xx_hal_rtc.c ****   {
 1806              		.loc 1 1098 22 discriminator 1 view .LVU568
 1807 0018 0029     		cmp	r1, #0
 1808 001a 4FD0     		beq	.L132
1104:Drivers/STM32F1xx_HAL_Driver/Src/stm32f1xx_hal_rtc.c ****   assert_param(IS_RTC_ALARM(sAlarm->Alarm));
 1809              		.loc 1 1104 3 is_stmt 1 view .LVU569
1105:Drivers/STM32F1xx_HAL_Driver/Src/stm32f1xx_hal_rtc.c **** 
 1810              		.loc 1 1105 3 view .LVU570
1108:Drivers/STM32F1xx_HAL_Driver/Src/stm32f1xx_hal_rtc.c **** 
 1811              		.loc 1 1108 3 view .LVU571
1108:Drivers/STM32F1xx_HAL_Driver/Src/stm32f1xx_hal_rtc.c **** 
 1812              		.loc 1 1108 3 view .LVU572
 1813 001c 037C     		ldrb	r3, [r0, #16]	@ zero_extendqisi2
 1814 001e 012B     		cmp	r3, #1
 1815 0020 4ED0     		beq	.L133
1108:Drivers/STM32F1xx_HAL_Driver/Src/stm32f1xx_hal_rtc.c **** 
 1816              		.loc 1 1108 3 discriminator 2 view .LVU573
 1817 0022 0123     		movs	r3, #1
 1818 0024 0374     		strb	r3, [r0, #16]
1108:Drivers/STM32F1xx_HAL_Driver/Src/stm32f1xx_hal_rtc.c **** 
 1819              		.loc 1 1108 3 discriminator 2 view .LVU574
1110:Drivers/STM32F1xx_HAL_Driver/Src/stm32f1xx_hal_rtc.c **** 
 1820              		.loc 1 1110 3 discriminator 2 view .LVU575
1110:Drivers/STM32F1xx_HAL_Driver/Src/stm32f1xx_hal_rtc.c **** 
 1821              		.loc 1 1110 15 is_stmt 0 discriminator 2 view .LVU576
 1822 0026 0223     		movs	r3, #2
 1823 0028 4374     		strb	r3, [r0, #17]
1113:Drivers/STM32F1xx_HAL_Driver/Src/stm32f1xx_hal_rtc.c ****   {
 1824              		.loc 1 1113 3 is_stmt 1 discriminator 2 view .LVU577
1113:Drivers/STM32F1xx_HAL_Driver/Src/stm32f1xx_hal_rtc.c ****   {
 1825              		.loc 1 1113 7 is_stmt 0 discriminator 2 view .LVU578
 1826 002a 0022     		movs	r2, #0
ARM GAS  C:\Users\ride_pig\AppData\Local\Temp\ccyvwVwa.s 			page 75


 1827              	.LVL184:
1113:Drivers/STM32F1xx_HAL_Driver/Src/stm32f1xx_hal_rtc.c ****   {
 1828              		.loc 1 1113 7 discriminator 2 view .LVU579
 1829 002c 01A9     		add	r1, sp, #4
 1830              	.LVL185:
1113:Drivers/STM32F1xx_HAL_Driver/Src/stm32f1xx_hal_rtc.c ****   {
 1831              		.loc 1 1113 7 discriminator 2 view .LVU580
 1832 002e FFF7FEFF 		bl	HAL_RTC_GetTime
 1833              	.LVL186:
1113:Drivers/STM32F1xx_HAL_Driver/Src/stm32f1xx_hal_rtc.c ****   {
 1834              		.loc 1 1113 6 discriminator 2 view .LVU581
 1835 0032 0028     		cmp	r0, #0
 1836 0034 46D1     		bne	.L134
1119:Drivers/STM32F1xx_HAL_Driver/Src/stm32f1xx_hal_rtc.c ****                             ((uint32_t)stime.Minutes * 60U) + \
 1837              		.loc 1 1119 3 is_stmt 1 view .LVU582
1119:Drivers/STM32F1xx_HAL_Driver/Src/stm32f1xx_hal_rtc.c ****                             ((uint32_t)stime.Minutes * 60U) + \
 1838              		.loc 1 1119 45 is_stmt 0 view .LVU583
 1839 0036 9DF80430 		ldrb	r3, [sp, #4]	@ zero_extendqisi2
1120:Drivers/STM32F1xx_HAL_Driver/Src/stm32f1xx_hal_rtc.c ****                             ((uint32_t)stime.Seconds));
 1840              		.loc 1 1120 45 view .LVU584
 1841 003a 9DF80570 		ldrb	r7, [sp, #5]	@ zero_extendqisi2
1120:Drivers/STM32F1xx_HAL_Driver/Src/stm32f1xx_hal_rtc.c ****                             ((uint32_t)stime.Seconds));
 1842              		.loc 1 1120 54 view .LVU585
 1843 003e C7EB0717 		rsb	r7, r7, r7, lsl #4
 1844 0042 BF00     		lsls	r7, r7, #2
1119:Drivers/STM32F1xx_HAL_Driver/Src/stm32f1xx_hal_rtc.c ****                             ((uint32_t)stime.Minutes * 60U) + \
 1845              		.loc 1 1119 61 view .LVU586
 1846 0044 4FF46162 		mov	r2, #3600
 1847 0048 02FB0377 		mla	r7, r2, r3, r7
1121:Drivers/STM32F1xx_HAL_Driver/Src/stm32f1xx_hal_rtc.c **** 
 1848              		.loc 1 1121 45 view .LVU587
 1849 004c 9DF80630 		ldrb	r3, [sp, #6]	@ zero_extendqisi2
1119:Drivers/STM32F1xx_HAL_Driver/Src/stm32f1xx_hal_rtc.c ****                             ((uint32_t)stime.Minutes * 60U) + \
 1850              		.loc 1 1119 16 view .LVU588
 1851 0050 1F44     		add	r7, r7, r3
 1852              	.LVL187:
1123:Drivers/STM32F1xx_HAL_Driver/Src/stm32f1xx_hal_rtc.c ****   {
 1853              		.loc 1 1123 3 is_stmt 1 view .LVU589
1123:Drivers/STM32F1xx_HAL_Driver/Src/stm32f1xx_hal_rtc.c ****   {
 1854              		.loc 1 1123 6 is_stmt 0 view .LVU590
 1855 0052 C5B9     		cbnz	r5, .L127
1125:Drivers/STM32F1xx_HAL_Driver/Src/stm32f1xx_hal_rtc.c ****     assert_param(IS_RTC_MINUTES(sAlarm->AlarmTime.Minutes));
 1856              		.loc 1 1125 5 is_stmt 1 view .LVU591
1126:Drivers/STM32F1xx_HAL_Driver/Src/stm32f1xx_hal_rtc.c ****     assert_param(IS_RTC_SECONDS(sAlarm->AlarmTime.Seconds));
 1857              		.loc 1 1126 5 view .LVU592
1127:Drivers/STM32F1xx_HAL_Driver/Src/stm32f1xx_hal_rtc.c **** 
 1858              		.loc 1 1127 5 view .LVU593
1129:Drivers/STM32F1xx_HAL_Driver/Src/stm32f1xx_hal_rtc.c ****                                ((uint32_t)sAlarm->AlarmTime.Minutes * 60U) + \
 1859              		.loc 1 1129 5 view .LVU594
1129:Drivers/STM32F1xx_HAL_Driver/Src/stm32f1xx_hal_rtc.c ****                                ((uint32_t)sAlarm->AlarmTime.Minutes * 60U) + \
 1860              		.loc 1 1129 60 is_stmt 0 view .LVU595
 1861 0054 2378     		ldrb	r3, [r4]	@ zero_extendqisi2
1130:Drivers/STM32F1xx_HAL_Driver/Src/stm32f1xx_hal_rtc.c ****                                ((uint32_t)sAlarm->AlarmTime.Seconds));
 1862              		.loc 1 1130 60 view .LVU596
 1863 0056 6178     		ldrb	r1, [r4, #1]	@ zero_extendqisi2
1130:Drivers/STM32F1xx_HAL_Driver/Src/stm32f1xx_hal_rtc.c ****                                ((uint32_t)sAlarm->AlarmTime.Seconds));
 1864              		.loc 1 1130 69 view .LVU597
ARM GAS  C:\Users\ride_pig\AppData\Local\Temp\ccyvwVwa.s 			page 76


 1865 0058 C1EB0111 		rsb	r1, r1, r1, lsl #4
 1866 005c 8900     		lsls	r1, r1, #2
1129:Drivers/STM32F1xx_HAL_Driver/Src/stm32f1xx_hal_rtc.c ****                                ((uint32_t)sAlarm->AlarmTime.Minutes * 60U) + \
 1867              		.loc 1 1129 76 view .LVU598
 1868 005e 02FB0311 		mla	r1, r2, r3, r1
1131:Drivers/STM32F1xx_HAL_Driver/Src/stm32f1xx_hal_rtc.c ****   }
 1869              		.loc 1 1131 60 view .LVU599
 1870 0062 A378     		ldrb	r3, [r4, #2]	@ zero_extendqisi2
1129:Drivers/STM32F1xx_HAL_Driver/Src/stm32f1xx_hal_rtc.c ****                                ((uint32_t)sAlarm->AlarmTime.Minutes * 60U) + \
 1871              		.loc 1 1129 19 view .LVU600
 1872 0064 1944     		add	r1, r1, r3
 1873              	.LVL188:
 1874              	.L128:
1145:Drivers/STM32F1xx_HAL_Driver/Src/stm32f1xx_hal_rtc.c ****   {
 1875              		.loc 1 1145 3 is_stmt 1 view .LVU601
1145:Drivers/STM32F1xx_HAL_Driver/Src/stm32f1xx_hal_rtc.c ****   {
 1876              		.loc 1 1145 6 is_stmt 0 view .LVU602
 1877 0066 B942     		cmp	r1, r7
 1878 0068 03D2     		bcs	.L129
1148:Drivers/STM32F1xx_HAL_Driver/Src/stm32f1xx_hal_rtc.c ****   }
 1879              		.loc 1 1148 5 is_stmt 1 view .LVU603
1148:Drivers/STM32F1xx_HAL_Driver/Src/stm32f1xx_hal_rtc.c ****   }
 1880              		.loc 1 1148 19 is_stmt 0 view .LVU604
 1881 006a 01F5A831 		add	r1, r1, #86016
 1882              	.LVL189:
1148:Drivers/STM32F1xx_HAL_Driver/Src/stm32f1xx_hal_rtc.c ****   }
 1883              		.loc 1 1148 19 view .LVU605
 1884 006e 01F5C071 		add	r1, r1, #384
 1885              	.LVL190:
 1886              	.L129:
1152:Drivers/STM32F1xx_HAL_Driver/Src/stm32f1xx_hal_rtc.c ****   {
 1887              		.loc 1 1152 3 is_stmt 1 view .LVU606
1152:Drivers/STM32F1xx_HAL_Driver/Src/stm32f1xx_hal_rtc.c ****   {
 1888              		.loc 1 1152 7 is_stmt 0 view .LVU607
 1889 0072 3046     		mov	r0, r6
 1890 0074 FFF7FEFF 		bl	RTC_WriteAlarmCounter
 1891              	.LVL191:
1152:Drivers/STM32F1xx_HAL_Driver/Src/stm32f1xx_hal_rtc.c ****   {
 1892              		.loc 1 1152 6 view .LVU608
 1893 0078 C0B1     		cbz	r0, .L130
1155:Drivers/STM32F1xx_HAL_Driver/Src/stm32f1xx_hal_rtc.c **** 
 1894              		.loc 1 1155 5 is_stmt 1 view .LVU609
1155:Drivers/STM32F1xx_HAL_Driver/Src/stm32f1xx_hal_rtc.c **** 
 1895              		.loc 1 1155 17 is_stmt 0 view .LVU610
 1896 007a 0423     		movs	r3, #4
 1897 007c 7374     		strb	r3, [r6, #17]
1158:Drivers/STM32F1xx_HAL_Driver/Src/stm32f1xx_hal_rtc.c **** 
 1898              		.loc 1 1158 5 is_stmt 1 view .LVU611
1158:Drivers/STM32F1xx_HAL_Driver/Src/stm32f1xx_hal_rtc.c **** 
 1899              		.loc 1 1158 5 view .LVU612
 1900 007e 0023     		movs	r3, #0
 1901 0080 3374     		strb	r3, [r6, #16]
1158:Drivers/STM32F1xx_HAL_Driver/Src/stm32f1xx_hal_rtc.c **** 
 1902              		.loc 1 1158 5 view .LVU613
1160:Drivers/STM32F1xx_HAL_Driver/Src/stm32f1xx_hal_rtc.c ****   }
 1903              		.loc 1 1160 5 view .LVU614
1160:Drivers/STM32F1xx_HAL_Driver/Src/stm32f1xx_hal_rtc.c ****   }
ARM GAS  C:\Users\ride_pig\AppData\Local\Temp\ccyvwVwa.s 			page 77


 1904              		.loc 1 1160 12 is_stmt 0 view .LVU615
 1905 0082 0120     		movs	r0, #1
 1906 0084 18E0     		b	.L126
 1907              	.LVL192:
 1908              	.L127:
1135:Drivers/STM32F1xx_HAL_Driver/Src/stm32f1xx_hal_rtc.c ****     assert_param(IS_RTC_MINUTES(RTC_Bcd2ToByte(sAlarm->AlarmTime.Minutes)));
 1909              		.loc 1 1135 5 is_stmt 1 view .LVU616
1136:Drivers/STM32F1xx_HAL_Driver/Src/stm32f1xx_hal_rtc.c ****     assert_param(IS_RTC_SECONDS(RTC_Bcd2ToByte(sAlarm->AlarmTime.Seconds)));
 1910              		.loc 1 1136 5 view .LVU617
1137:Drivers/STM32F1xx_HAL_Driver/Src/stm32f1xx_hal_rtc.c **** 
 1911              		.loc 1 1137 5 view .LVU618
1139:Drivers/STM32F1xx_HAL_Driver/Src/stm32f1xx_hal_rtc.c ****                      ((uint32_t)(RTC_Bcd2ToByte(sAlarm->AlarmTime.Minutes)) * 60U) + \
 1912              		.loc 1 1139 5 view .LVU619
1139:Drivers/STM32F1xx_HAL_Driver/Src/stm32f1xx_hal_rtc.c ****                      ((uint32_t)(RTC_Bcd2ToByte(sAlarm->AlarmTime.Minutes)) * 60U) + \
 1913              		.loc 1 1139 34 is_stmt 0 view .LVU620
 1914 0086 2078     		ldrb	r0, [r4]	@ zero_extendqisi2
 1915 0088 FFF7FEFF 		bl	RTC_Bcd2ToByte
 1916              	.LVL193:
1139:Drivers/STM32F1xx_HAL_Driver/Src/stm32f1xx_hal_rtc.c ****                      ((uint32_t)(RTC_Bcd2ToByte(sAlarm->AlarmTime.Minutes)) * 60U) + \
 1917              		.loc 1 1139 75 view .LVU621
 1918 008c 4FF46163 		mov	r3, #3600
 1919 0090 03FB00F5 		mul	r5, r3, r0
 1920              	.LVL194:
1140:Drivers/STM32F1xx_HAL_Driver/Src/stm32f1xx_hal_rtc.c ****                      ((uint32_t)RTC_Bcd2ToByte(sAlarm->AlarmTime.Seconds)));
 1921              		.loc 1 1140 34 view .LVU622
 1922 0094 6078     		ldrb	r0, [r4, #1]	@ zero_extendqisi2
 1923 0096 FFF7FEFF 		bl	RTC_Bcd2ToByte
 1924              	.LVL195:
1140:Drivers/STM32F1xx_HAL_Driver/Src/stm32f1xx_hal_rtc.c ****                      ((uint32_t)RTC_Bcd2ToByte(sAlarm->AlarmTime.Seconds)));
 1925              		.loc 1 1140 77 view .LVU623
 1926 009a C0EB0010 		rsb	r0, r0, r0, lsl #4
1139:Drivers/STM32F1xx_HAL_Driver/Src/stm32f1xx_hal_rtc.c ****                      ((uint32_t)(RTC_Bcd2ToByte(sAlarm->AlarmTime.Minutes)) * 60U) + \
 1927              		.loc 1 1139 84 view .LVU624
 1928 009e 05EB8005 		add	r5, r5, r0, lsl #2
1141:Drivers/STM32F1xx_HAL_Driver/Src/stm32f1xx_hal_rtc.c ****   }
 1929              		.loc 1 1141 33 view .LVU625
 1930 00a2 A078     		ldrb	r0, [r4, #2]	@ zero_extendqisi2
 1931 00a4 FFF7FEFF 		bl	RTC_Bcd2ToByte
 1932              	.LVL196:
1139:Drivers/STM32F1xx_HAL_Driver/Src/stm32f1xx_hal_rtc.c ****                      ((uint32_t)(RTC_Bcd2ToByte(sAlarm->AlarmTime.Minutes)) * 60U) + \
 1933              		.loc 1 1139 19 view .LVU626
 1934 00a8 2918     		adds	r1, r5, r0
 1935              	.LVL197:
1139:Drivers/STM32F1xx_HAL_Driver/Src/stm32f1xx_hal_rtc.c ****                      ((uint32_t)(RTC_Bcd2ToByte(sAlarm->AlarmTime.Minutes)) * 60U) + \
 1936              		.loc 1 1139 19 view .LVU627
 1937 00aa DCE7     		b	.L128
 1938              	.LVL198:
 1939              	.L130:
1164:Drivers/STM32F1xx_HAL_Driver/Src/stm32f1xx_hal_rtc.c **** 
 1940              		.loc 1 1164 5 is_stmt 1 view .LVU628
1164:Drivers/STM32F1xx_HAL_Driver/Src/stm32f1xx_hal_rtc.c **** 
 1941              		.loc 1 1164 17 is_stmt 0 view .LVU629
 1942 00ac 0123     		movs	r3, #1
 1943 00ae 7374     		strb	r3, [r6, #17]
1166:Drivers/STM32F1xx_HAL_Driver/Src/stm32f1xx_hal_rtc.c **** 
 1944              		.loc 1 1166 5 is_stmt 1 view .LVU630
1166:Drivers/STM32F1xx_HAL_Driver/Src/stm32f1xx_hal_rtc.c **** 
ARM GAS  C:\Users\ride_pig\AppData\Local\Temp\ccyvwVwa.s 			page 78


 1945              		.loc 1 1166 5 view .LVU631
 1946 00b0 0023     		movs	r3, #0
 1947 00b2 3374     		strb	r3, [r6, #16]
1166:Drivers/STM32F1xx_HAL_Driver/Src/stm32f1xx_hal_rtc.c **** 
 1948              		.loc 1 1166 5 view .LVU632
1168:Drivers/STM32F1xx_HAL_Driver/Src/stm32f1xx_hal_rtc.c ****   }
 1949              		.loc 1 1168 5 view .LVU633
1168:Drivers/STM32F1xx_HAL_Driver/Src/stm32f1xx_hal_rtc.c ****   }
 1950              		.loc 1 1168 12 is_stmt 0 view .LVU634
 1951 00b4 00E0     		b	.L126
 1952              	.LVL199:
 1953              	.L131:
1100:Drivers/STM32F1xx_HAL_Driver/Src/stm32f1xx_hal_rtc.c ****   }
 1954              		.loc 1 1100 12 view .LVU635
 1955 00b6 0120     		movs	r0, #1
 1956              	.LVL200:
 1957              	.L126:
1170:Drivers/STM32F1xx_HAL_Driver/Src/stm32f1xx_hal_rtc.c **** 
 1958              		.loc 1 1170 1 view .LVU636
 1959 00b8 03B0     		add	sp, sp, #12
 1960              	.LCFI19:
 1961              		.cfi_remember_state
 1962              		.cfi_def_cfa_offset 20
 1963              		@ sp needed
 1964 00ba F0BD     		pop	{r4, r5, r6, r7, pc}
 1965              	.LVL201:
 1966              	.L132:
 1967              	.LCFI20:
 1968              		.cfi_restore_state
1100:Drivers/STM32F1xx_HAL_Driver/Src/stm32f1xx_hal_rtc.c ****   }
 1969              		.loc 1 1100 12 view .LVU637
 1970 00bc 0120     		movs	r0, #1
 1971              	.LVL202:
1100:Drivers/STM32F1xx_HAL_Driver/Src/stm32f1xx_hal_rtc.c ****   }
 1972              		.loc 1 1100 12 view .LVU638
 1973 00be FBE7     		b	.L126
 1974              	.LVL203:
 1975              	.L133:
1108:Drivers/STM32F1xx_HAL_Driver/Src/stm32f1xx_hal_rtc.c **** 
 1976              		.loc 1 1108 3 view .LVU639
 1977 00c0 0220     		movs	r0, #2
 1978              	.LVL204:
1108:Drivers/STM32F1xx_HAL_Driver/Src/stm32f1xx_hal_rtc.c **** 
 1979              		.loc 1 1108 3 view .LVU640
 1980 00c2 F9E7     		b	.L126
 1981              	.LVL205:
 1982              	.L134:
1115:Drivers/STM32F1xx_HAL_Driver/Src/stm32f1xx_hal_rtc.c ****   }
 1983              		.loc 1 1115 12 view .LVU641
 1984 00c4 0120     		movs	r0, #1
 1985 00c6 F7E7     		b	.L126
 1986              		.cfi_endproc
 1987              	.LFE73:
 1989              		.section	.text.HAL_RTC_SetAlarm_IT,"ax",%progbits
 1990              		.align	1
 1991              		.global	HAL_RTC_SetAlarm_IT
 1992              		.syntax unified
ARM GAS  C:\Users\ride_pig\AppData\Local\Temp\ccyvwVwa.s 			page 79


 1993              		.thumb
 1994              		.thumb_func
 1996              	HAL_RTC_SetAlarm_IT:
 1997              	.LVL206:
 1998              	.LFB74:
1185:Drivers/STM32F1xx_HAL_Driver/Src/stm32f1xx_hal_rtc.c ****   uint32_t counter_alarm = 0U, counter_time;
 1999              		.loc 1 1185 1 is_stmt 1 view -0
 2000              		.cfi_startproc
 2001              		@ args = 0, pretend = 0, frame = 8
 2002              		@ frame_needed = 0, uses_anonymous_args = 0
1185:Drivers/STM32F1xx_HAL_Driver/Src/stm32f1xx_hal_rtc.c ****   uint32_t counter_alarm = 0U, counter_time;
 2003              		.loc 1 1185 1 is_stmt 0 view .LVU643
 2004 0000 F0B5     		push	{r4, r5, r6, r7, lr}
 2005              	.LCFI21:
 2006              		.cfi_def_cfa_offset 20
 2007              		.cfi_offset 4, -20
 2008              		.cfi_offset 5, -16
 2009              		.cfi_offset 6, -12
 2010              		.cfi_offset 7, -8
 2011              		.cfi_offset 14, -4
 2012 0002 83B0     		sub	sp, sp, #12
 2013              	.LCFI22:
 2014              		.cfi_def_cfa_offset 32
1186:Drivers/STM32F1xx_HAL_Driver/Src/stm32f1xx_hal_rtc.c ****   RTC_TimeTypeDef stime = {0U};
 2015              		.loc 1 1186 3 is_stmt 1 view .LVU644
 2016              	.LVL207:
1187:Drivers/STM32F1xx_HAL_Driver/Src/stm32f1xx_hal_rtc.c **** 
 2017              		.loc 1 1187 3 view .LVU645
1187:Drivers/STM32F1xx_HAL_Driver/Src/stm32f1xx_hal_rtc.c **** 
 2018              		.loc 1 1187 19 is_stmt 0 view .LVU646
 2019 0004 0023     		movs	r3, #0
 2020 0006 ADF80430 		strh	r3, [sp, #4]	@ movhi
 2021 000a 8DF80630 		strb	r3, [sp, #6]
1190:Drivers/STM32F1xx_HAL_Driver/Src/stm32f1xx_hal_rtc.c ****   {
 2022              		.loc 1 1190 3 is_stmt 1 view .LVU647
1190:Drivers/STM32F1xx_HAL_Driver/Src/stm32f1xx_hal_rtc.c ****   {
 2023              		.loc 1 1190 6 is_stmt 0 view .LVU648
 2024 000e 0028     		cmp	r0, #0
 2025 0010 64D0     		beq	.L142
 2026 0012 0C46     		mov	r4, r1
 2027 0014 1646     		mov	r6, r2
 2028 0016 0546     		mov	r5, r0
1190:Drivers/STM32F1xx_HAL_Driver/Src/stm32f1xx_hal_rtc.c ****   {
 2029              		.loc 1 1190 22 discriminator 1 view .LVU649
 2030 0018 0029     		cmp	r1, #0
 2031 001a 62D0     		beq	.L143
1196:Drivers/STM32F1xx_HAL_Driver/Src/stm32f1xx_hal_rtc.c ****   assert_param(IS_RTC_ALARM(sAlarm->Alarm));
 2032              		.loc 1 1196 3 is_stmt 1 view .LVU650
1197:Drivers/STM32F1xx_HAL_Driver/Src/stm32f1xx_hal_rtc.c **** 
 2033              		.loc 1 1197 3 view .LVU651
1200:Drivers/STM32F1xx_HAL_Driver/Src/stm32f1xx_hal_rtc.c **** 
 2034              		.loc 1 1200 3 view .LVU652
1200:Drivers/STM32F1xx_HAL_Driver/Src/stm32f1xx_hal_rtc.c **** 
 2035              		.loc 1 1200 3 view .LVU653
 2036 001c 037C     		ldrb	r3, [r0, #16]	@ zero_extendqisi2
 2037 001e 012B     		cmp	r3, #1
 2038 0020 61D0     		beq	.L144
ARM GAS  C:\Users\ride_pig\AppData\Local\Temp\ccyvwVwa.s 			page 80


1200:Drivers/STM32F1xx_HAL_Driver/Src/stm32f1xx_hal_rtc.c **** 
 2039              		.loc 1 1200 3 discriminator 2 view .LVU654
 2040 0022 0123     		movs	r3, #1
 2041 0024 0374     		strb	r3, [r0, #16]
1200:Drivers/STM32F1xx_HAL_Driver/Src/stm32f1xx_hal_rtc.c **** 
 2042              		.loc 1 1200 3 discriminator 2 view .LVU655
1202:Drivers/STM32F1xx_HAL_Driver/Src/stm32f1xx_hal_rtc.c **** 
 2043              		.loc 1 1202 3 discriminator 2 view .LVU656
1202:Drivers/STM32F1xx_HAL_Driver/Src/stm32f1xx_hal_rtc.c **** 
 2044              		.loc 1 1202 15 is_stmt 0 discriminator 2 view .LVU657
 2045 0026 0223     		movs	r3, #2
 2046 0028 4374     		strb	r3, [r0, #17]
1205:Drivers/STM32F1xx_HAL_Driver/Src/stm32f1xx_hal_rtc.c ****   {
 2047              		.loc 1 1205 3 is_stmt 1 discriminator 2 view .LVU658
1205:Drivers/STM32F1xx_HAL_Driver/Src/stm32f1xx_hal_rtc.c ****   {
 2048              		.loc 1 1205 7 is_stmt 0 discriminator 2 view .LVU659
 2049 002a 0022     		movs	r2, #0
 2050              	.LVL208:
1205:Drivers/STM32F1xx_HAL_Driver/Src/stm32f1xx_hal_rtc.c ****   {
 2051              		.loc 1 1205 7 discriminator 2 view .LVU660
 2052 002c 01A9     		add	r1, sp, #4
 2053              	.LVL209:
1205:Drivers/STM32F1xx_HAL_Driver/Src/stm32f1xx_hal_rtc.c ****   {
 2054              		.loc 1 1205 7 discriminator 2 view .LVU661
 2055 002e FFF7FEFF 		bl	HAL_RTC_GetTime
 2056              	.LVL210:
1205:Drivers/STM32F1xx_HAL_Driver/Src/stm32f1xx_hal_rtc.c ****   {
 2057              		.loc 1 1205 6 discriminator 2 view .LVU662
 2058 0032 0028     		cmp	r0, #0
 2059 0034 59D1     		bne	.L145
1211:Drivers/STM32F1xx_HAL_Driver/Src/stm32f1xx_hal_rtc.c ****                             ((uint32_t)stime.Minutes * 60U) + \
 2060              		.loc 1 1211 3 is_stmt 1 view .LVU663
1211:Drivers/STM32F1xx_HAL_Driver/Src/stm32f1xx_hal_rtc.c ****                             ((uint32_t)stime.Minutes * 60U) + \
 2061              		.loc 1 1211 45 is_stmt 0 view .LVU664
 2062 0036 9DF80430 		ldrb	r3, [sp, #4]	@ zero_extendqisi2
1212:Drivers/STM32F1xx_HAL_Driver/Src/stm32f1xx_hal_rtc.c ****                             ((uint32_t)stime.Seconds));
 2063              		.loc 1 1212 45 view .LVU665
 2064 003a 9DF80570 		ldrb	r7, [sp, #5]	@ zero_extendqisi2
1212:Drivers/STM32F1xx_HAL_Driver/Src/stm32f1xx_hal_rtc.c ****                             ((uint32_t)stime.Seconds));
 2065              		.loc 1 1212 54 view .LVU666
 2066 003e C7EB0717 		rsb	r7, r7, r7, lsl #4
 2067 0042 BF00     		lsls	r7, r7, #2
1211:Drivers/STM32F1xx_HAL_Driver/Src/stm32f1xx_hal_rtc.c ****                             ((uint32_t)stime.Minutes * 60U) + \
 2068              		.loc 1 1211 61 view .LVU667
 2069 0044 4FF46162 		mov	r2, #3600
 2070 0048 02FB0377 		mla	r7, r2, r3, r7
1213:Drivers/STM32F1xx_HAL_Driver/Src/stm32f1xx_hal_rtc.c **** 
 2071              		.loc 1 1213 45 view .LVU668
 2072 004c 9DF80630 		ldrb	r3, [sp, #6]	@ zero_extendqisi2
1211:Drivers/STM32F1xx_HAL_Driver/Src/stm32f1xx_hal_rtc.c ****                             ((uint32_t)stime.Minutes * 60U) + \
 2073              		.loc 1 1211 16 view .LVU669
 2074 0050 1F44     		add	r7, r7, r3
 2075              	.LVL211:
1215:Drivers/STM32F1xx_HAL_Driver/Src/stm32f1xx_hal_rtc.c ****   {
 2076              		.loc 1 1215 3 is_stmt 1 view .LVU670
1215:Drivers/STM32F1xx_HAL_Driver/Src/stm32f1xx_hal_rtc.c ****   {
 2077              		.loc 1 1215 6 is_stmt 0 view .LVU671
ARM GAS  C:\Users\ride_pig\AppData\Local\Temp\ccyvwVwa.s 			page 81


 2078 0052 C6B9     		cbnz	r6, .L138
1217:Drivers/STM32F1xx_HAL_Driver/Src/stm32f1xx_hal_rtc.c ****     assert_param(IS_RTC_MINUTES(sAlarm->AlarmTime.Minutes));
 2079              		.loc 1 1217 5 is_stmt 1 view .LVU672
1218:Drivers/STM32F1xx_HAL_Driver/Src/stm32f1xx_hal_rtc.c ****     assert_param(IS_RTC_SECONDS(sAlarm->AlarmTime.Seconds));
 2080              		.loc 1 1218 5 view .LVU673
1219:Drivers/STM32F1xx_HAL_Driver/Src/stm32f1xx_hal_rtc.c **** 
 2081              		.loc 1 1219 5 view .LVU674
1221:Drivers/STM32F1xx_HAL_Driver/Src/stm32f1xx_hal_rtc.c ****                                ((uint32_t)sAlarm->AlarmTime.Minutes * 60U) + \
 2082              		.loc 1 1221 5 view .LVU675
1221:Drivers/STM32F1xx_HAL_Driver/Src/stm32f1xx_hal_rtc.c ****                                ((uint32_t)sAlarm->AlarmTime.Minutes * 60U) + \
 2083              		.loc 1 1221 60 is_stmt 0 view .LVU676
 2084 0054 2378     		ldrb	r3, [r4]	@ zero_extendqisi2
1222:Drivers/STM32F1xx_HAL_Driver/Src/stm32f1xx_hal_rtc.c ****                                ((uint32_t)sAlarm->AlarmTime.Seconds));
 2085              		.loc 1 1222 60 view .LVU677
 2086 0056 6178     		ldrb	r1, [r4, #1]	@ zero_extendqisi2
1222:Drivers/STM32F1xx_HAL_Driver/Src/stm32f1xx_hal_rtc.c ****                                ((uint32_t)sAlarm->AlarmTime.Seconds));
 2087              		.loc 1 1222 69 view .LVU678
 2088 0058 C1EB0111 		rsb	r1, r1, r1, lsl #4
 2089 005c 8900     		lsls	r1, r1, #2
1221:Drivers/STM32F1xx_HAL_Driver/Src/stm32f1xx_hal_rtc.c ****                                ((uint32_t)sAlarm->AlarmTime.Minutes * 60U) + \
 2090              		.loc 1 1221 76 view .LVU679
 2091 005e 02FB0311 		mla	r1, r2, r3, r1
1223:Drivers/STM32F1xx_HAL_Driver/Src/stm32f1xx_hal_rtc.c ****   }
 2092              		.loc 1 1223 60 view .LVU680
 2093 0062 A378     		ldrb	r3, [r4, #2]	@ zero_extendqisi2
1221:Drivers/STM32F1xx_HAL_Driver/Src/stm32f1xx_hal_rtc.c ****                                ((uint32_t)sAlarm->AlarmTime.Minutes * 60U) + \
 2094              		.loc 1 1221 19 view .LVU681
 2095 0064 1944     		add	r1, r1, r3
 2096              	.LVL212:
 2097              	.L139:
1237:Drivers/STM32F1xx_HAL_Driver/Src/stm32f1xx_hal_rtc.c ****   {
 2098              		.loc 1 1237 3 is_stmt 1 view .LVU682
1237:Drivers/STM32F1xx_HAL_Driver/Src/stm32f1xx_hal_rtc.c ****   {
 2099              		.loc 1 1237 6 is_stmt 0 view .LVU683
 2100 0066 B942     		cmp	r1, r7
 2101 0068 03D2     		bcs	.L140
1240:Drivers/STM32F1xx_HAL_Driver/Src/stm32f1xx_hal_rtc.c ****   }
 2102              		.loc 1 1240 5 is_stmt 1 view .LVU684
1240:Drivers/STM32F1xx_HAL_Driver/Src/stm32f1xx_hal_rtc.c ****   }
 2103              		.loc 1 1240 19 is_stmt 0 view .LVU685
 2104 006a 01F5A831 		add	r1, r1, #86016
 2105              	.LVL213:
1240:Drivers/STM32F1xx_HAL_Driver/Src/stm32f1xx_hal_rtc.c ****   }
 2106              		.loc 1 1240 19 view .LVU686
 2107 006e 01F5C071 		add	r1, r1, #384
 2108              	.LVL214:
 2109              	.L140:
1244:Drivers/STM32F1xx_HAL_Driver/Src/stm32f1xx_hal_rtc.c ****   {
 2110              		.loc 1 1244 3 is_stmt 1 view .LVU687
1244:Drivers/STM32F1xx_HAL_Driver/Src/stm32f1xx_hal_rtc.c ****   {
 2111              		.loc 1 1244 7 is_stmt 0 view .LVU688
 2112 0072 2846     		mov	r0, r5
 2113 0074 FFF7FEFF 		bl	RTC_WriteAlarmCounter
 2114              	.LVL215:
1244:Drivers/STM32F1xx_HAL_Driver/Src/stm32f1xx_hal_rtc.c ****   {
 2115              		.loc 1 1244 6 view .LVU689
 2116 0078 C0B1     		cbz	r0, .L141
ARM GAS  C:\Users\ride_pig\AppData\Local\Temp\ccyvwVwa.s 			page 82


1247:Drivers/STM32F1xx_HAL_Driver/Src/stm32f1xx_hal_rtc.c **** 
 2117              		.loc 1 1247 5 is_stmt 1 view .LVU690
1247:Drivers/STM32F1xx_HAL_Driver/Src/stm32f1xx_hal_rtc.c **** 
 2118              		.loc 1 1247 17 is_stmt 0 view .LVU691
 2119 007a 0423     		movs	r3, #4
 2120 007c 6B74     		strb	r3, [r5, #17]
1250:Drivers/STM32F1xx_HAL_Driver/Src/stm32f1xx_hal_rtc.c **** 
 2121              		.loc 1 1250 5 is_stmt 1 view .LVU692
1250:Drivers/STM32F1xx_HAL_Driver/Src/stm32f1xx_hal_rtc.c **** 
 2122              		.loc 1 1250 5 view .LVU693
 2123 007e 0023     		movs	r3, #0
 2124 0080 2B74     		strb	r3, [r5, #16]
1250:Drivers/STM32F1xx_HAL_Driver/Src/stm32f1xx_hal_rtc.c **** 
 2125              		.loc 1 1250 5 view .LVU694
1252:Drivers/STM32F1xx_HAL_Driver/Src/stm32f1xx_hal_rtc.c ****   }
 2126              		.loc 1 1252 5 view .LVU695
1252:Drivers/STM32F1xx_HAL_Driver/Src/stm32f1xx_hal_rtc.c ****   }
 2127              		.loc 1 1252 12 is_stmt 0 view .LVU696
 2128 0082 0120     		movs	r0, #1
 2129 0084 2BE0     		b	.L137
 2130              	.LVL216:
 2131              	.L138:
1227:Drivers/STM32F1xx_HAL_Driver/Src/stm32f1xx_hal_rtc.c ****     assert_param(IS_RTC_MINUTES(RTC_Bcd2ToByte(sAlarm->AlarmTime.Minutes)));
 2132              		.loc 1 1227 5 is_stmt 1 view .LVU697
1228:Drivers/STM32F1xx_HAL_Driver/Src/stm32f1xx_hal_rtc.c ****     assert_param(IS_RTC_SECONDS(RTC_Bcd2ToByte(sAlarm->AlarmTime.Seconds)));
 2133              		.loc 1 1228 5 view .LVU698
1229:Drivers/STM32F1xx_HAL_Driver/Src/stm32f1xx_hal_rtc.c **** 
 2134              		.loc 1 1229 5 view .LVU699
1231:Drivers/STM32F1xx_HAL_Driver/Src/stm32f1xx_hal_rtc.c ****                      ((uint32_t)(RTC_Bcd2ToByte(sAlarm->AlarmTime.Minutes)) * 60U) + \
 2135              		.loc 1 1231 5 view .LVU700
1231:Drivers/STM32F1xx_HAL_Driver/Src/stm32f1xx_hal_rtc.c ****                      ((uint32_t)(RTC_Bcd2ToByte(sAlarm->AlarmTime.Minutes)) * 60U) + \
 2136              		.loc 1 1231 34 is_stmt 0 view .LVU701
 2137 0086 2078     		ldrb	r0, [r4]	@ zero_extendqisi2
 2138 0088 FFF7FEFF 		bl	RTC_Bcd2ToByte
 2139              	.LVL217:
1231:Drivers/STM32F1xx_HAL_Driver/Src/stm32f1xx_hal_rtc.c ****                      ((uint32_t)(RTC_Bcd2ToByte(sAlarm->AlarmTime.Minutes)) * 60U) + \
 2140              		.loc 1 1231 75 view .LVU702
 2141 008c 4FF46163 		mov	r3, #3600
 2142 0090 03FB00F6 		mul	r6, r3, r0
 2143              	.LVL218:
1232:Drivers/STM32F1xx_HAL_Driver/Src/stm32f1xx_hal_rtc.c ****                      ((uint32_t)RTC_Bcd2ToByte(sAlarm->AlarmTime.Seconds)));
 2144              		.loc 1 1232 34 view .LVU703
 2145 0094 6078     		ldrb	r0, [r4, #1]	@ zero_extendqisi2
 2146 0096 FFF7FEFF 		bl	RTC_Bcd2ToByte
 2147              	.LVL219:
1232:Drivers/STM32F1xx_HAL_Driver/Src/stm32f1xx_hal_rtc.c ****                      ((uint32_t)RTC_Bcd2ToByte(sAlarm->AlarmTime.Seconds)));
 2148              		.loc 1 1232 77 view .LVU704
 2149 009a C0EB0010 		rsb	r0, r0, r0, lsl #4
1231:Drivers/STM32F1xx_HAL_Driver/Src/stm32f1xx_hal_rtc.c ****                      ((uint32_t)(RTC_Bcd2ToByte(sAlarm->AlarmTime.Minutes)) * 60U) + \
 2150              		.loc 1 1231 84 view .LVU705
 2151 009e 06EB8006 		add	r6, r6, r0, lsl #2
1233:Drivers/STM32F1xx_HAL_Driver/Src/stm32f1xx_hal_rtc.c ****   }
 2152              		.loc 1 1233 33 view .LVU706
 2153 00a2 A078     		ldrb	r0, [r4, #2]	@ zero_extendqisi2
 2154 00a4 FFF7FEFF 		bl	RTC_Bcd2ToByte
 2155              	.LVL220:
1231:Drivers/STM32F1xx_HAL_Driver/Src/stm32f1xx_hal_rtc.c ****                      ((uint32_t)(RTC_Bcd2ToByte(sAlarm->AlarmTime.Minutes)) * 60U) + \
ARM GAS  C:\Users\ride_pig\AppData\Local\Temp\ccyvwVwa.s 			page 83


 2156              		.loc 1 1231 19 view .LVU707
 2157 00a8 3118     		adds	r1, r6, r0
 2158              	.LVL221:
1231:Drivers/STM32F1xx_HAL_Driver/Src/stm32f1xx_hal_rtc.c ****                      ((uint32_t)(RTC_Bcd2ToByte(sAlarm->AlarmTime.Minutes)) * 60U) + \
 2159              		.loc 1 1231 19 view .LVU708
 2160 00aa DCE7     		b	.L139
 2161              	.LVL222:
 2162              	.L141:
1257:Drivers/STM32F1xx_HAL_Driver/Src/stm32f1xx_hal_rtc.c **** 
 2163              		.loc 1 1257 5 is_stmt 1 view .LVU709
 2164 00ac 2A68     		ldr	r2, [r5]
 2165 00ae 5368     		ldr	r3, [r2, #4]
 2166 00b0 23F00203 		bic	r3, r3, #2
 2167 00b4 5360     		str	r3, [r2, #4]
1260:Drivers/STM32F1xx_HAL_Driver/Src/stm32f1xx_hal_rtc.c **** 
 2168              		.loc 1 1260 5 view .LVU710
 2169 00b6 2A68     		ldr	r2, [r5]
 2170 00b8 1368     		ldr	r3, [r2]
 2171 00ba 43F00203 		orr	r3, r3, #2
 2172 00be 1360     		str	r3, [r2]
1263:Drivers/STM32F1xx_HAL_Driver/Src/stm32f1xx_hal_rtc.c **** 
 2173              		.loc 1 1263 5 view .LVU711
 2174 00c0 0B4B     		ldr	r3, .L147
 2175 00c2 1A68     		ldr	r2, [r3]
 2176 00c4 42F40032 		orr	r2, r2, #131072
 2177 00c8 1A60     		str	r2, [r3]
1265:Drivers/STM32F1xx_HAL_Driver/Src/stm32f1xx_hal_rtc.c **** 
 2178              		.loc 1 1265 5 view .LVU712
 2179 00ca 9A68     		ldr	r2, [r3, #8]
 2180 00cc 42F40032 		orr	r2, r2, #131072
 2181 00d0 9A60     		str	r2, [r3, #8]
1267:Drivers/STM32F1xx_HAL_Driver/Src/stm32f1xx_hal_rtc.c **** 
 2182              		.loc 1 1267 5 view .LVU713
1267:Drivers/STM32F1xx_HAL_Driver/Src/stm32f1xx_hal_rtc.c **** 
 2183              		.loc 1 1267 17 is_stmt 0 view .LVU714
 2184 00d2 0123     		movs	r3, #1
 2185 00d4 6B74     		strb	r3, [r5, #17]
1269:Drivers/STM32F1xx_HAL_Driver/Src/stm32f1xx_hal_rtc.c **** 
 2186              		.loc 1 1269 5 is_stmt 1 view .LVU715
1269:Drivers/STM32F1xx_HAL_Driver/Src/stm32f1xx_hal_rtc.c **** 
 2187              		.loc 1 1269 5 view .LVU716
 2188 00d6 0023     		movs	r3, #0
 2189 00d8 2B74     		strb	r3, [r5, #16]
1269:Drivers/STM32F1xx_HAL_Driver/Src/stm32f1xx_hal_rtc.c **** 
 2190              		.loc 1 1269 5 view .LVU717
1271:Drivers/STM32F1xx_HAL_Driver/Src/stm32f1xx_hal_rtc.c ****   }
 2191              		.loc 1 1271 5 view .LVU718
1271:Drivers/STM32F1xx_HAL_Driver/Src/stm32f1xx_hal_rtc.c ****   }
 2192              		.loc 1 1271 12 is_stmt 0 view .LVU719
 2193 00da 00E0     		b	.L137
 2194              	.LVL223:
 2195              	.L142:
1192:Drivers/STM32F1xx_HAL_Driver/Src/stm32f1xx_hal_rtc.c ****   }
 2196              		.loc 1 1192 12 view .LVU720
 2197 00dc 0120     		movs	r0, #1
 2198              	.LVL224:
 2199              	.L137:
ARM GAS  C:\Users\ride_pig\AppData\Local\Temp\ccyvwVwa.s 			page 84


1273:Drivers/STM32F1xx_HAL_Driver/Src/stm32f1xx_hal_rtc.c **** 
 2200              		.loc 1 1273 1 view .LVU721
 2201 00de 03B0     		add	sp, sp, #12
 2202              	.LCFI23:
 2203              		.cfi_remember_state
 2204              		.cfi_def_cfa_offset 20
 2205              		@ sp needed
 2206 00e0 F0BD     		pop	{r4, r5, r6, r7, pc}
 2207              	.LVL225:
 2208              	.L143:
 2209              	.LCFI24:
 2210              		.cfi_restore_state
1192:Drivers/STM32F1xx_HAL_Driver/Src/stm32f1xx_hal_rtc.c ****   }
 2211              		.loc 1 1192 12 view .LVU722
 2212 00e2 0120     		movs	r0, #1
 2213              	.LVL226:
1192:Drivers/STM32F1xx_HAL_Driver/Src/stm32f1xx_hal_rtc.c ****   }
 2214              		.loc 1 1192 12 view .LVU723
 2215 00e4 FBE7     		b	.L137
 2216              	.LVL227:
 2217              	.L144:
1200:Drivers/STM32F1xx_HAL_Driver/Src/stm32f1xx_hal_rtc.c **** 
 2218              		.loc 1 1200 3 view .LVU724
 2219 00e6 0220     		movs	r0, #2
 2220              	.LVL228:
1200:Drivers/STM32F1xx_HAL_Driver/Src/stm32f1xx_hal_rtc.c **** 
 2221              		.loc 1 1200 3 view .LVU725
 2222 00e8 F9E7     		b	.L137
 2223              	.LVL229:
 2224              	.L145:
1207:Drivers/STM32F1xx_HAL_Driver/Src/stm32f1xx_hal_rtc.c ****   }
 2225              		.loc 1 1207 12 view .LVU726
 2226 00ea 0120     		movs	r0, #1
 2227 00ec F7E7     		b	.L137
 2228              	.L148:
 2229 00ee 00BF     		.align	2
 2230              	.L147:
 2231 00f0 00040140 		.word	1073808384
 2232              		.cfi_endproc
 2233              	.LFE74:
 2235              		.section	.text.HAL_RTC_GetAlarm,"ax",%progbits
 2236              		.align	1
 2237              		.global	HAL_RTC_GetAlarm
 2238              		.syntax unified
 2239              		.thumb
 2240              		.thumb_func
 2242              	HAL_RTC_GetAlarm:
 2243              	.LVL230:
 2244              	.LFB75:
1290:Drivers/STM32F1xx_HAL_Driver/Src/stm32f1xx_hal_rtc.c ****   uint32_t counter_alarm = 0U;
 2245              		.loc 1 1290 1 is_stmt 1 view -0
 2246              		.cfi_startproc
 2247              		@ args = 0, pretend = 0, frame = 0
 2248              		@ frame_needed = 0, uses_anonymous_args = 0
1291:Drivers/STM32F1xx_HAL_Driver/Src/stm32f1xx_hal_rtc.c **** 
 2249              		.loc 1 1291 3 view .LVU728
1294:Drivers/STM32F1xx_HAL_Driver/Src/stm32f1xx_hal_rtc.c **** 
ARM GAS  C:\Users\ride_pig\AppData\Local\Temp\ccyvwVwa.s 			page 85


 2250              		.loc 1 1294 3 view .LVU729
1297:Drivers/STM32F1xx_HAL_Driver/Src/stm32f1xx_hal_rtc.c ****   {
 2251              		.loc 1 1297 3 view .LVU730
1297:Drivers/STM32F1xx_HAL_Driver/Src/stm32f1xx_hal_rtc.c ****   {
 2252              		.loc 1 1297 6 is_stmt 0 view .LVU731
 2253 0000 98B3     		cbz	r0, .L151
1290:Drivers/STM32F1xx_HAL_Driver/Src/stm32f1xx_hal_rtc.c ****   uint32_t counter_alarm = 0U;
 2254              		.loc 1 1290 1 discriminator 1 view .LVU732
 2255 0002 F8B5     		push	{r3, r4, r5, r6, r7, lr}
 2256              	.LCFI25:
 2257              		.cfi_def_cfa_offset 24
 2258              		.cfi_offset 3, -24
 2259              		.cfi_offset 4, -20
 2260              		.cfi_offset 5, -16
 2261              		.cfi_offset 6, -12
 2262              		.cfi_offset 7, -8
 2263              		.cfi_offset 14, -4
 2264 0004 0D46     		mov	r5, r1
 2265 0006 1E46     		mov	r6, r3
1297:Drivers/STM32F1xx_HAL_Driver/Src/stm32f1xx_hal_rtc.c ****   {
 2266              		.loc 1 1297 22 discriminator 1 view .LVU733
 2267 0008 89B3     		cbz	r1, .L152
1303:Drivers/STM32F1xx_HAL_Driver/Src/stm32f1xx_hal_rtc.c ****   assert_param(IS_RTC_ALARM(Alarm));
 2268              		.loc 1 1303 3 is_stmt 1 view .LVU734
1304:Drivers/STM32F1xx_HAL_Driver/Src/stm32f1xx_hal_rtc.c **** 
 2269              		.loc 1 1304 3 view .LVU735
1307:Drivers/STM32F1xx_HAL_Driver/Src/stm32f1xx_hal_rtc.c **** 
 2270              		.loc 1 1307 3 view .LVU736
1307:Drivers/STM32F1xx_HAL_Driver/Src/stm32f1xx_hal_rtc.c **** 
 2271              		.loc 1 1307 19 is_stmt 0 view .LVU737
 2272 000a FFF7FEFF 		bl	RTC_ReadAlarmCounter
 2273              	.LVL231:
1307:Drivers/STM32F1xx_HAL_Driver/Src/stm32f1xx_hal_rtc.c **** 
 2274              		.loc 1 1307 19 view .LVU738
 2275 000e 0246     		mov	r2, r0
 2276              	.LVL232:
1311:Drivers/STM32F1xx_HAL_Driver/Src/stm32f1xx_hal_rtc.c ****   sAlarm->AlarmTime.Minutes = (uint32_t)((counter_alarm % 3600U) / 60U);
 2277              		.loc 1 1311 3 is_stmt 1 view .LVU739
1311:Drivers/STM32F1xx_HAL_Driver/Src/stm32f1xx_hal_rtc.c ****   sAlarm->AlarmTime.Minutes = (uint32_t)((counter_alarm % 3600U) / 60U);
 2278              		.loc 1 1311 57 is_stmt 0 view .LVU740
 2279 0010 194B     		ldr	r3, .L158
 2280 0012 A3FB0013 		umull	r1, r3, r3, r0
 2281 0016 DB0A     		lsrs	r3, r3, #11
1311:Drivers/STM32F1xx_HAL_Driver/Src/stm32f1xx_hal_rtc.c ****   sAlarm->AlarmTime.Minutes = (uint32_t)((counter_alarm % 3600U) / 60U);
 2282              		.loc 1 1311 31 view .LVU741
 2283 0018 1848     		ldr	r0, .L158+4
 2284              	.LVL233:
1311:Drivers/STM32F1xx_HAL_Driver/Src/stm32f1xx_hal_rtc.c ****   sAlarm->AlarmTime.Minutes = (uint32_t)((counter_alarm % 3600U) / 60U);
 2285              		.loc 1 1311 31 view .LVU742
 2286 001a A0FB0310 		umull	r1, r0, r0, r3
 2287 001e 0009     		lsrs	r0, r0, #4
 2288 0020 00EB4000 		add	r0, r0, r0, lsl #1
 2289 0024 A3EBC000 		sub	r0, r3, r0, lsl #3
1311:Drivers/STM32F1xx_HAL_Driver/Src/stm32f1xx_hal_rtc.c ****   sAlarm->AlarmTime.Minutes = (uint32_t)((counter_alarm % 3600U) / 60U);
 2290              		.loc 1 1311 29 view .LVU743
 2291 0028 C0B2     		uxtb	r0, r0
 2292 002a 2870     		strb	r0, [r5]
ARM GAS  C:\Users\ride_pig\AppData\Local\Temp\ccyvwVwa.s 			page 86


1312:Drivers/STM32F1xx_HAL_Driver/Src/stm32f1xx_hal_rtc.c ****   sAlarm->AlarmTime.Seconds = (uint32_t)((counter_alarm % 3600U) % 60U);
 2293              		.loc 1 1312 3 is_stmt 1 view .LVU744
1312:Drivers/STM32F1xx_HAL_Driver/Src/stm32f1xx_hal_rtc.c ****   sAlarm->AlarmTime.Seconds = (uint32_t)((counter_alarm % 3600U) % 60U);
 2294              		.loc 1 1312 57 is_stmt 0 view .LVU745
 2295 002c 4FF46161 		mov	r1, #3600
 2296 0030 01FB1322 		mls	r2, r1, r3, r2
 2297              	.LVL234:
1312:Drivers/STM32F1xx_HAL_Driver/Src/stm32f1xx_hal_rtc.c ****   sAlarm->AlarmTime.Seconds = (uint32_t)((counter_alarm % 3600U) % 60U);
 2298              		.loc 1 1312 31 view .LVU746
 2299 0034 124F     		ldr	r7, .L158+8
 2300 0036 A7FB0237 		umull	r3, r7, r7, r2
 2301 003a 7B09     		lsrs	r3, r7, #5
1312:Drivers/STM32F1xx_HAL_Driver/Src/stm32f1xx_hal_rtc.c ****   sAlarm->AlarmTime.Seconds = (uint32_t)((counter_alarm % 3600U) % 60U);
 2302              		.loc 1 1312 29 view .LVU747
 2303 003c C7F34717 		ubfx	r7, r7, #5, #8
 2304 0040 6F70     		strb	r7, [r5, #1]
1313:Drivers/STM32F1xx_HAL_Driver/Src/stm32f1xx_hal_rtc.c **** 
 2305              		.loc 1 1313 3 is_stmt 1 view .LVU748
1313:Drivers/STM32F1xx_HAL_Driver/Src/stm32f1xx_hal_rtc.c **** 
 2306              		.loc 1 1313 31 is_stmt 0 view .LVU749
 2307 0042 C3EB0313 		rsb	r3, r3, r3, lsl #4
 2308 0046 A2EB8302 		sub	r2, r2, r3, lsl #2
1313:Drivers/STM32F1xx_HAL_Driver/Src/stm32f1xx_hal_rtc.c **** 
 2309              		.loc 1 1313 29 view .LVU750
 2310 004a D4B2     		uxtb	r4, r2
 2311 004c AC70     		strb	r4, [r5, #2]
1315:Drivers/STM32F1xx_HAL_Driver/Src/stm32f1xx_hal_rtc.c ****   {
 2312              		.loc 1 1315 3 is_stmt 1 view .LVU751
1315:Drivers/STM32F1xx_HAL_Driver/Src/stm32f1xx_hal_rtc.c ****   {
 2313              		.loc 1 1315 6 is_stmt 0 view .LVU752
 2314 004e 86B1     		cbz	r6, .L153
1317:Drivers/STM32F1xx_HAL_Driver/Src/stm32f1xx_hal_rtc.c ****     sAlarm->AlarmTime.Minutes = RTC_ByteToBcd2(sAlarm->AlarmTime.Minutes);
 2315              		.loc 1 1317 5 is_stmt 1 view .LVU753
1317:Drivers/STM32F1xx_HAL_Driver/Src/stm32f1xx_hal_rtc.c ****     sAlarm->AlarmTime.Minutes = RTC_ByteToBcd2(sAlarm->AlarmTime.Minutes);
 2316              		.loc 1 1317 33 is_stmt 0 view .LVU754
 2317 0050 FFF7FEFF 		bl	RTC_ByteToBcd2
 2318              	.LVL235:
1317:Drivers/STM32F1xx_HAL_Driver/Src/stm32f1xx_hal_rtc.c ****     sAlarm->AlarmTime.Minutes = RTC_ByteToBcd2(sAlarm->AlarmTime.Minutes);
 2319              		.loc 1 1317 31 view .LVU755
 2320 0054 2870     		strb	r0, [r5]
1318:Drivers/STM32F1xx_HAL_Driver/Src/stm32f1xx_hal_rtc.c ****     sAlarm->AlarmTime.Seconds = RTC_ByteToBcd2(sAlarm->AlarmTime.Seconds);
 2321              		.loc 1 1318 5 is_stmt 1 view .LVU756
1318:Drivers/STM32F1xx_HAL_Driver/Src/stm32f1xx_hal_rtc.c ****     sAlarm->AlarmTime.Seconds = RTC_ByteToBcd2(sAlarm->AlarmTime.Seconds);
 2322              		.loc 1 1318 33 is_stmt 0 view .LVU757
 2323 0056 3846     		mov	r0, r7
 2324 0058 FFF7FEFF 		bl	RTC_ByteToBcd2
 2325              	.LVL236:
1318:Drivers/STM32F1xx_HAL_Driver/Src/stm32f1xx_hal_rtc.c ****     sAlarm->AlarmTime.Seconds = RTC_ByteToBcd2(sAlarm->AlarmTime.Seconds);
 2326              		.loc 1 1318 31 view .LVU758
 2327 005c 6870     		strb	r0, [r5, #1]
1319:Drivers/STM32F1xx_HAL_Driver/Src/stm32f1xx_hal_rtc.c ****   }
 2328              		.loc 1 1319 5 is_stmt 1 view .LVU759
1319:Drivers/STM32F1xx_HAL_Driver/Src/stm32f1xx_hal_rtc.c ****   }
 2329              		.loc 1 1319 33 is_stmt 0 view .LVU760
 2330 005e 2046     		mov	r0, r4
 2331 0060 FFF7FEFF 		bl	RTC_ByteToBcd2
 2332              	.LVL237:
ARM GAS  C:\Users\ride_pig\AppData\Local\Temp\ccyvwVwa.s 			page 87


1319:Drivers/STM32F1xx_HAL_Driver/Src/stm32f1xx_hal_rtc.c ****   }
 2333              		.loc 1 1319 31 view .LVU761
 2334 0064 A870     		strb	r0, [r5, #2]
1322:Drivers/STM32F1xx_HAL_Driver/Src/stm32f1xx_hal_rtc.c **** }
 2335              		.loc 1 1322 10 view .LVU762
 2336 0066 0020     		movs	r0, #0
 2337 0068 04E0     		b	.L150
 2338              	.LVL238:
 2339              	.L151:
 2340              	.LCFI26:
 2341              		.cfi_def_cfa_offset 0
 2342              		.cfi_restore 3
 2343              		.cfi_restore 4
 2344              		.cfi_restore 5
 2345              		.cfi_restore 6
 2346              		.cfi_restore 7
 2347              		.cfi_restore 14
1299:Drivers/STM32F1xx_HAL_Driver/Src/stm32f1xx_hal_rtc.c ****   }
 2348              		.loc 1 1299 12 view .LVU763
 2349 006a 0120     		movs	r0, #1
 2350              	.LVL239:
1323:Drivers/STM32F1xx_HAL_Driver/Src/stm32f1xx_hal_rtc.c **** 
 2351              		.loc 1 1323 1 view .LVU764
 2352 006c 7047     		bx	lr
 2353              	.LVL240:
 2354              	.L152:
 2355              	.LCFI27:
 2356              		.cfi_def_cfa_offset 24
 2357              		.cfi_offset 3, -24
 2358              		.cfi_offset 4, -20
 2359              		.cfi_offset 5, -16
 2360              		.cfi_offset 6, -12
 2361              		.cfi_offset 7, -8
 2362              		.cfi_offset 14, -4
1299:Drivers/STM32F1xx_HAL_Driver/Src/stm32f1xx_hal_rtc.c ****   }
 2363              		.loc 1 1299 12 view .LVU765
 2364 006e 0120     		movs	r0, #1
 2365              	.LVL241:
1299:Drivers/STM32F1xx_HAL_Driver/Src/stm32f1xx_hal_rtc.c ****   }
 2366              		.loc 1 1299 12 view .LVU766
 2367 0070 00E0     		b	.L150
 2368              	.LVL242:
 2369              	.L153:
1322:Drivers/STM32F1xx_HAL_Driver/Src/stm32f1xx_hal_rtc.c **** }
 2370              		.loc 1 1322 10 view .LVU767
 2371 0072 0020     		movs	r0, #0
 2372              	.L150:
1323:Drivers/STM32F1xx_HAL_Driver/Src/stm32f1xx_hal_rtc.c **** 
 2373              		.loc 1 1323 1 view .LVU768
 2374 0074 F8BD     		pop	{r3, r4, r5, r6, r7, pc}
 2375              	.LVL243:
 2376              	.L159:
1323:Drivers/STM32F1xx_HAL_Driver/Src/stm32f1xx_hal_rtc.c **** 
 2377              		.loc 1 1323 1 view .LVU769
 2378 0076 00BF     		.align	2
 2379              	.L158:
 2380 0078 C5B3A291 		.word	-1851608123
ARM GAS  C:\Users\ride_pig\AppData\Local\Temp\ccyvwVwa.s 			page 88


 2381 007c ABAAAAAA 		.word	-1431655765
 2382 0080 89888888 		.word	-2004318071
 2383              		.cfi_endproc
 2384              	.LFE75:
 2386              		.section	.text.HAL_RTC_DeactivateAlarm,"ax",%progbits
 2387              		.align	1
 2388              		.global	HAL_RTC_DeactivateAlarm
 2389              		.syntax unified
 2390              		.thumb
 2391              		.thumb_func
 2393              	HAL_RTC_DeactivateAlarm:
 2394              	.LVL244:
 2395              	.LFB76:
1335:Drivers/STM32F1xx_HAL_Driver/Src/stm32f1xx_hal_rtc.c ****   /* Prevent unused argument(s) compilation warning */
 2396              		.loc 1 1335 1 is_stmt 1 view -0
 2397              		.cfi_startproc
 2398              		@ args = 0, pretend = 0, frame = 0
 2399              		@ frame_needed = 0, uses_anonymous_args = 0
1337:Drivers/STM32F1xx_HAL_Driver/Src/stm32f1xx_hal_rtc.c **** 
 2400              		.loc 1 1337 3 view .LVU771
1340:Drivers/STM32F1xx_HAL_Driver/Src/stm32f1xx_hal_rtc.c **** 
 2401              		.loc 1 1340 3 view .LVU772
1343:Drivers/STM32F1xx_HAL_Driver/Src/stm32f1xx_hal_rtc.c ****   {
 2402              		.loc 1 1343 3 view .LVU773
1343:Drivers/STM32F1xx_HAL_Driver/Src/stm32f1xx_hal_rtc.c ****   {
 2403              		.loc 1 1343 6 is_stmt 0 view .LVU774
 2404 0000 0028     		cmp	r0, #0
 2405 0002 35D0     		beq	.L164
1335:Drivers/STM32F1xx_HAL_Driver/Src/stm32f1xx_hal_rtc.c ****   /* Prevent unused argument(s) compilation warning */
 2406              		.loc 1 1335 1 view .LVU775
 2407 0004 10B5     		push	{r4, lr}
 2408              	.LCFI28:
 2409              		.cfi_def_cfa_offset 8
 2410              		.cfi_offset 4, -8
 2411              		.cfi_offset 14, -4
 2412 0006 0446     		mov	r4, r0
1349:Drivers/STM32F1xx_HAL_Driver/Src/stm32f1xx_hal_rtc.c **** 
 2413              		.loc 1 1349 3 is_stmt 1 view .LVU776
1349:Drivers/STM32F1xx_HAL_Driver/Src/stm32f1xx_hal_rtc.c **** 
 2414              		.loc 1 1349 3 view .LVU777
 2415 0008 037C     		ldrb	r3, [r0, #16]	@ zero_extendqisi2
 2416 000a 012B     		cmp	r3, #1
 2417 000c 32D0     		beq	.L165
1349:Drivers/STM32F1xx_HAL_Driver/Src/stm32f1xx_hal_rtc.c **** 
 2418              		.loc 1 1349 3 discriminator 2 view .LVU778
 2419 000e 0123     		movs	r3, #1
 2420 0010 0374     		strb	r3, [r0, #16]
1349:Drivers/STM32F1xx_HAL_Driver/Src/stm32f1xx_hal_rtc.c **** 
 2421              		.loc 1 1349 3 discriminator 2 view .LVU779
1351:Drivers/STM32F1xx_HAL_Driver/Src/stm32f1xx_hal_rtc.c **** 
 2422              		.loc 1 1351 3 discriminator 2 view .LVU780
1351:Drivers/STM32F1xx_HAL_Driver/Src/stm32f1xx_hal_rtc.c **** 
 2423              		.loc 1 1351 15 is_stmt 0 discriminator 2 view .LVU781
 2424 0012 0223     		movs	r3, #2
 2425 0014 4374     		strb	r3, [r0, #17]
1354:Drivers/STM32F1xx_HAL_Driver/Src/stm32f1xx_hal_rtc.c **** 
 2426              		.loc 1 1354 3 is_stmt 1 discriminator 2 view .LVU782
ARM GAS  C:\Users\ride_pig\AppData\Local\Temp\ccyvwVwa.s 			page 89


 2427 0016 0268     		ldr	r2, [r0]
 2428 0018 1368     		ldr	r3, [r2]
 2429 001a 23F00203 		bic	r3, r3, #2
 2430 001e 1360     		str	r3, [r2]
1357:Drivers/STM32F1xx_HAL_Driver/Src/stm32f1xx_hal_rtc.c ****   {
 2431              		.loc 1 1357 3 discriminator 2 view .LVU783
1357:Drivers/STM32F1xx_HAL_Driver/Src/stm32f1xx_hal_rtc.c ****   {
 2432              		.loc 1 1357 7 is_stmt 0 discriminator 2 view .LVU784
 2433 0020 FFF7FEFF 		bl	RTC_EnterInitMode
 2434              	.LVL245:
1357:Drivers/STM32F1xx_HAL_Driver/Src/stm32f1xx_hal_rtc.c ****   {
 2435              		.loc 1 1357 6 discriminator 2 view .LVU785
 2436 0024 28B1     		cbz	r0, .L162
1360:Drivers/STM32F1xx_HAL_Driver/Src/stm32f1xx_hal_rtc.c **** 
 2437              		.loc 1 1360 5 is_stmt 1 view .LVU786
1360:Drivers/STM32F1xx_HAL_Driver/Src/stm32f1xx_hal_rtc.c **** 
 2438              		.loc 1 1360 17 is_stmt 0 view .LVU787
 2439 0026 0423     		movs	r3, #4
 2440 0028 6374     		strb	r3, [r4, #17]
1363:Drivers/STM32F1xx_HAL_Driver/Src/stm32f1xx_hal_rtc.c **** 
 2441              		.loc 1 1363 5 is_stmt 1 view .LVU788
1363:Drivers/STM32F1xx_HAL_Driver/Src/stm32f1xx_hal_rtc.c **** 
 2442              		.loc 1 1363 5 view .LVU789
 2443 002a 0023     		movs	r3, #0
 2444 002c 2374     		strb	r3, [r4, #16]
1363:Drivers/STM32F1xx_HAL_Driver/Src/stm32f1xx_hal_rtc.c **** 
 2445              		.loc 1 1363 5 view .LVU790
1365:Drivers/STM32F1xx_HAL_Driver/Src/stm32f1xx_hal_rtc.c ****   }
 2446              		.loc 1 1365 5 view .LVU791
1365:Drivers/STM32F1xx_HAL_Driver/Src/stm32f1xx_hal_rtc.c ****   }
 2447              		.loc 1 1365 12 is_stmt 0 view .LVU792
 2448 002e 0120     		movs	r0, #1
 2449              	.L161:
1396:Drivers/STM32F1xx_HAL_Driver/Src/stm32f1xx_hal_rtc.c **** 
 2450              		.loc 1 1396 1 view .LVU793
 2451 0030 10BD     		pop	{r4, pc}
 2452              	.LVL246:
 2453              	.L162:
1370:Drivers/STM32F1xx_HAL_Driver/Src/stm32f1xx_hal_rtc.c **** 
 2454              		.loc 1 1370 5 is_stmt 1 view .LVU794
 2455 0032 2268     		ldr	r2, [r4]
 2456 0034 5368     		ldr	r3, [r2, #4]
 2457 0036 23F00203 		bic	r3, r3, #2
 2458 003a 5360     		str	r3, [r2, #4]
1373:Drivers/STM32F1xx_HAL_Driver/Src/stm32f1xx_hal_rtc.c ****     WRITE_REG(hrtc->Instance->ALRL, RTC_ALARM_RESETVALUE_REGISTER);
 2459              		.loc 1 1373 5 view .LVU795
 2460 003c 2268     		ldr	r2, [r4]
 2461 003e 4FF6FF73 		movw	r3, #65535
 2462 0042 1362     		str	r3, [r2, #32]
1374:Drivers/STM32F1xx_HAL_Driver/Src/stm32f1xx_hal_rtc.c **** 
 2463              		.loc 1 1374 5 view .LVU796
 2464 0044 2268     		ldr	r2, [r4]
 2465 0046 5362     		str	r3, [r2, #36]
1377:Drivers/STM32F1xx_HAL_Driver/Src/stm32f1xx_hal_rtc.c **** 
 2466              		.loc 1 1377 5 view .LVU797
 2467 0048 0B4A     		ldr	r2, .L171
 2468 004a 1368     		ldr	r3, [r2]
ARM GAS  C:\Users\ride_pig\AppData\Local\Temp\ccyvwVwa.s 			page 90


 2469 004c 23F40033 		bic	r3, r3, #131072
 2470 0050 1360     		str	r3, [r2]
1380:Drivers/STM32F1xx_HAL_Driver/Src/stm32f1xx_hal_rtc.c ****     {
 2471              		.loc 1 1380 5 view .LVU798
1380:Drivers/STM32F1xx_HAL_Driver/Src/stm32f1xx_hal_rtc.c ****     {
 2472              		.loc 1 1380 9 is_stmt 0 view .LVU799
 2473 0052 2046     		mov	r0, r4
 2474 0054 FFF7FEFF 		bl	RTC_ExitInitMode
 2475              	.LVL247:
1380:Drivers/STM32F1xx_HAL_Driver/Src/stm32f1xx_hal_rtc.c ****     {
 2476              		.loc 1 1380 8 view .LVU800
 2477 0058 20B9     		cbnz	r0, .L170
1390:Drivers/STM32F1xx_HAL_Driver/Src/stm32f1xx_hal_rtc.c **** 
 2478              		.loc 1 1390 3 is_stmt 1 view .LVU801
1390:Drivers/STM32F1xx_HAL_Driver/Src/stm32f1xx_hal_rtc.c **** 
 2479              		.loc 1 1390 15 is_stmt 0 view .LVU802
 2480 005a 0123     		movs	r3, #1
 2481 005c 6374     		strb	r3, [r4, #17]
1393:Drivers/STM32F1xx_HAL_Driver/Src/stm32f1xx_hal_rtc.c **** 
 2482              		.loc 1 1393 3 is_stmt 1 view .LVU803
1393:Drivers/STM32F1xx_HAL_Driver/Src/stm32f1xx_hal_rtc.c **** 
 2483              		.loc 1 1393 3 view .LVU804
 2484 005e 0023     		movs	r3, #0
 2485 0060 2374     		strb	r3, [r4, #16]
1393:Drivers/STM32F1xx_HAL_Driver/Src/stm32f1xx_hal_rtc.c **** 
 2486              		.loc 1 1393 3 view .LVU805
1395:Drivers/STM32F1xx_HAL_Driver/Src/stm32f1xx_hal_rtc.c **** }
 2487              		.loc 1 1395 3 view .LVU806
1395:Drivers/STM32F1xx_HAL_Driver/Src/stm32f1xx_hal_rtc.c **** }
 2488              		.loc 1 1395 10 is_stmt 0 view .LVU807
 2489 0062 E5E7     		b	.L161
 2490              	.L170:
1382:Drivers/STM32F1xx_HAL_Driver/Src/stm32f1xx_hal_rtc.c **** 
 2491              		.loc 1 1382 7 is_stmt 1 view .LVU808
1382:Drivers/STM32F1xx_HAL_Driver/Src/stm32f1xx_hal_rtc.c **** 
 2492              		.loc 1 1382 19 is_stmt 0 view .LVU809
 2493 0064 0423     		movs	r3, #4
 2494 0066 6374     		strb	r3, [r4, #17]
1385:Drivers/STM32F1xx_HAL_Driver/Src/stm32f1xx_hal_rtc.c **** 
 2495              		.loc 1 1385 7 is_stmt 1 view .LVU810
1385:Drivers/STM32F1xx_HAL_Driver/Src/stm32f1xx_hal_rtc.c **** 
 2496              		.loc 1 1385 7 view .LVU811
 2497 0068 0023     		movs	r3, #0
 2498 006a 2374     		strb	r3, [r4, #16]
1385:Drivers/STM32F1xx_HAL_Driver/Src/stm32f1xx_hal_rtc.c **** 
 2499              		.loc 1 1385 7 view .LVU812
1387:Drivers/STM32F1xx_HAL_Driver/Src/stm32f1xx_hal_rtc.c ****     }
 2500              		.loc 1 1387 7 view .LVU813
1387:Drivers/STM32F1xx_HAL_Driver/Src/stm32f1xx_hal_rtc.c ****     }
 2501              		.loc 1 1387 14 is_stmt 0 view .LVU814
 2502 006c 0120     		movs	r0, #1
 2503 006e DFE7     		b	.L161
 2504              	.LVL248:
 2505              	.L164:
 2506              	.LCFI29:
 2507              		.cfi_def_cfa_offset 0
 2508              		.cfi_restore 4
ARM GAS  C:\Users\ride_pig\AppData\Local\Temp\ccyvwVwa.s 			page 91


 2509              		.cfi_restore 14
1345:Drivers/STM32F1xx_HAL_Driver/Src/stm32f1xx_hal_rtc.c ****   }
 2510              		.loc 1 1345 12 view .LVU815
 2511 0070 0120     		movs	r0, #1
 2512              	.LVL249:
1396:Drivers/STM32F1xx_HAL_Driver/Src/stm32f1xx_hal_rtc.c **** 
 2513              		.loc 1 1396 1 view .LVU816
 2514 0072 7047     		bx	lr
 2515              	.LVL250:
 2516              	.L165:
 2517              	.LCFI30:
 2518              		.cfi_def_cfa_offset 8
 2519              		.cfi_offset 4, -8
 2520              		.cfi_offset 14, -4
1349:Drivers/STM32F1xx_HAL_Driver/Src/stm32f1xx_hal_rtc.c **** 
 2521              		.loc 1 1349 3 view .LVU817
 2522 0074 0220     		movs	r0, #2
 2523              	.LVL251:
1349:Drivers/STM32F1xx_HAL_Driver/Src/stm32f1xx_hal_rtc.c **** 
 2524              		.loc 1 1349 3 view .LVU818
 2525 0076 DBE7     		b	.L161
 2526              	.L172:
 2527              		.align	2
 2528              	.L171:
 2529 0078 00040140 		.word	1073808384
 2530              		.cfi_endproc
 2531              	.LFE76:
 2533              		.section	.text.HAL_RTC_AlarmAEventCallback,"ax",%progbits
 2534              		.align	1
 2535              		.weak	HAL_RTC_AlarmAEventCallback
 2536              		.syntax unified
 2537              		.thumb
 2538              		.thumb_func
 2540              	HAL_RTC_AlarmAEventCallback:
 2541              	.LVL252:
 2542              	.LFB78:
1437:Drivers/STM32F1xx_HAL_Driver/Src/stm32f1xx_hal_rtc.c ****   /* Prevent unused argument(s) compilation warning */
 2543              		.loc 1 1437 1 is_stmt 1 view -0
 2544              		.cfi_startproc
 2545              		@ args = 0, pretend = 0, frame = 0
 2546              		@ frame_needed = 0, uses_anonymous_args = 0
 2547              		@ link register save eliminated.
1439:Drivers/STM32F1xx_HAL_Driver/Src/stm32f1xx_hal_rtc.c ****   /* NOTE : This function Should not be modified, when the callback is needed,
 2548              		.loc 1 1439 3 view .LVU820
1443:Drivers/STM32F1xx_HAL_Driver/Src/stm32f1xx_hal_rtc.c **** 
 2549              		.loc 1 1443 1 is_stmt 0 view .LVU821
 2550 0000 7047     		bx	lr
 2551              		.cfi_endproc
 2552              	.LFE78:
 2554              		.section	.text.HAL_RTC_AlarmIRQHandler,"ax",%progbits
 2555              		.align	1
 2556              		.global	HAL_RTC_AlarmIRQHandler
 2557              		.syntax unified
 2558              		.thumb
 2559              		.thumb_func
 2561              	HAL_RTC_AlarmIRQHandler:
 2562              	.LVL253:
ARM GAS  C:\Users\ride_pig\AppData\Local\Temp\ccyvwVwa.s 			page 92


 2563              	.LFB77:
1405:Drivers/STM32F1xx_HAL_Driver/Src/stm32f1xx_hal_rtc.c ****   if (__HAL_RTC_ALARM_GET_IT_SOURCE(hrtc, RTC_IT_ALRA))
 2564              		.loc 1 1405 1 is_stmt 1 view -0
 2565              		.cfi_startproc
 2566              		@ args = 0, pretend = 0, frame = 0
 2567              		@ frame_needed = 0, uses_anonymous_args = 0
1405:Drivers/STM32F1xx_HAL_Driver/Src/stm32f1xx_hal_rtc.c ****   if (__HAL_RTC_ALARM_GET_IT_SOURCE(hrtc, RTC_IT_ALRA))
 2568              		.loc 1 1405 1 is_stmt 0 view .LVU823
 2569 0000 10B5     		push	{r4, lr}
 2570              	.LCFI31:
 2571              		.cfi_def_cfa_offset 8
 2572              		.cfi_offset 4, -8
 2573              		.cfi_offset 14, -4
 2574 0002 0446     		mov	r4, r0
1406:Drivers/STM32F1xx_HAL_Driver/Src/stm32f1xx_hal_rtc.c ****   {
 2575              		.loc 1 1406 3 is_stmt 1 view .LVU824
1406:Drivers/STM32F1xx_HAL_Driver/Src/stm32f1xx_hal_rtc.c ****   {
 2576              		.loc 1 1406 7 is_stmt 0 view .LVU825
 2577 0004 0368     		ldr	r3, [r0]
 2578 0006 1A68     		ldr	r2, [r3]
1406:Drivers/STM32F1xx_HAL_Driver/Src/stm32f1xx_hal_rtc.c ****   {
 2579              		.loc 1 1406 6 view .LVU826
 2580 0008 12F0020F 		tst	r2, #2
 2581 000c 03D0     		beq	.L175
1409:Drivers/STM32F1xx_HAL_Driver/Src/stm32f1xx_hal_rtc.c ****     {
 2582              		.loc 1 1409 5 is_stmt 1 view .LVU827
1409:Drivers/STM32F1xx_HAL_Driver/Src/stm32f1xx_hal_rtc.c ****     {
 2583              		.loc 1 1409 9 is_stmt 0 view .LVU828
 2584 000e 5B68     		ldr	r3, [r3, #4]
1409:Drivers/STM32F1xx_HAL_Driver/Src/stm32f1xx_hal_rtc.c ****     {
 2585              		.loc 1 1409 8 view .LVU829
 2586 0010 13F0020F 		tst	r3, #2
 2587 0014 06D1     		bne	.L177
 2588              	.LVL254:
 2589              	.L175:
1424:Drivers/STM32F1xx_HAL_Driver/Src/stm32f1xx_hal_rtc.c **** 
 2590              		.loc 1 1424 3 is_stmt 1 view .LVU830
 2591 0016 074B     		ldr	r3, .L178
 2592 0018 4FF40032 		mov	r2, #131072
 2593 001c 5A61     		str	r2, [r3, #20]
1427:Drivers/STM32F1xx_HAL_Driver/Src/stm32f1xx_hal_rtc.c **** }
 2594              		.loc 1 1427 3 view .LVU831
1427:Drivers/STM32F1xx_HAL_Driver/Src/stm32f1xx_hal_rtc.c **** }
 2595              		.loc 1 1427 15 is_stmt 0 view .LVU832
 2596 001e 0123     		movs	r3, #1
 2597 0020 6374     		strb	r3, [r4, #17]
1428:Drivers/STM32F1xx_HAL_Driver/Src/stm32f1xx_hal_rtc.c **** 
 2598              		.loc 1 1428 1 view .LVU833
 2599 0022 10BD     		pop	{r4, pc}
 2600              	.LVL255:
 2601              	.L177:
1415:Drivers/STM32F1xx_HAL_Driver/Src/stm32f1xx_hal_rtc.c **** #endif /* USE_HAL_RTC_REGISTER_CALLBACKS */
 2602              		.loc 1 1415 7 is_stmt 1 view .LVU834
 2603 0024 FFF7FEFF 		bl	HAL_RTC_AlarmAEventCallback
 2604              	.LVL256:
1419:Drivers/STM32F1xx_HAL_Driver/Src/stm32f1xx_hal_rtc.c ****     }
 2605              		.loc 1 1419 7 view .LVU835
ARM GAS  C:\Users\ride_pig\AppData\Local\Temp\ccyvwVwa.s 			page 93


 2606 0028 2268     		ldr	r2, [r4]
 2607 002a 5368     		ldr	r3, [r2, #4]
 2608 002c 23F00203 		bic	r3, r3, #2
 2609 0030 5360     		str	r3, [r2, #4]
 2610 0032 F0E7     		b	.L175
 2611              	.L179:
 2612              		.align	2
 2613              	.L178:
 2614 0034 00040140 		.word	1073808384
 2615              		.cfi_endproc
 2616              	.LFE77:
 2618              		.section	.text.HAL_RTC_PollForAlarmAEvent,"ax",%progbits
 2619              		.align	1
 2620              		.global	HAL_RTC_PollForAlarmAEvent
 2621              		.syntax unified
 2622              		.thumb
 2623              		.thumb_func
 2625              	HAL_RTC_PollForAlarmAEvent:
 2626              	.LVL257:
 2627              	.LFB79:
1453:Drivers/STM32F1xx_HAL_Driver/Src/stm32f1xx_hal_rtc.c ****   uint32_t tickstart = HAL_GetTick();
 2628              		.loc 1 1453 1 view -0
 2629              		.cfi_startproc
 2630              		@ args = 0, pretend = 0, frame = 0
 2631              		@ frame_needed = 0, uses_anonymous_args = 0
1453:Drivers/STM32F1xx_HAL_Driver/Src/stm32f1xx_hal_rtc.c ****   uint32_t tickstart = HAL_GetTick();
 2632              		.loc 1 1453 1 is_stmt 0 view .LVU837
 2633 0000 70B5     		push	{r4, r5, r6, lr}
 2634              	.LCFI32:
 2635              		.cfi_def_cfa_offset 16
 2636              		.cfi_offset 4, -16
 2637              		.cfi_offset 5, -12
 2638              		.cfi_offset 6, -8
 2639              		.cfi_offset 14, -4
 2640 0002 0446     		mov	r4, r0
 2641 0004 0D46     		mov	r5, r1
1454:Drivers/STM32F1xx_HAL_Driver/Src/stm32f1xx_hal_rtc.c **** 
 2642              		.loc 1 1454 3 is_stmt 1 view .LVU838
1454:Drivers/STM32F1xx_HAL_Driver/Src/stm32f1xx_hal_rtc.c **** 
 2643              		.loc 1 1454 24 is_stmt 0 view .LVU839
 2644 0006 FFF7FEFF 		bl	HAL_GetTick
 2645              	.LVL258:
1454:Drivers/STM32F1xx_HAL_Driver/Src/stm32f1xx_hal_rtc.c **** 
 2646              		.loc 1 1454 24 view .LVU840
 2647 000a 0646     		mov	r6, r0
 2648              	.LVL259:
1457:Drivers/STM32F1xx_HAL_Driver/Src/stm32f1xx_hal_rtc.c ****   {
 2649              		.loc 1 1457 3 is_stmt 1 view .LVU841
1457:Drivers/STM32F1xx_HAL_Driver/Src/stm32f1xx_hal_rtc.c ****   {
 2650              		.loc 1 1457 6 is_stmt 0 view .LVU842
 2651 000c C4B1     		cbz	r4, .L188
 2652              	.LVL260:
 2653              	.L183:
1462:Drivers/STM32F1xx_HAL_Driver/Src/stm32f1xx_hal_rtc.c ****   {
 2654              		.loc 1 1462 57 is_stmt 1 view .LVU843
1462:Drivers/STM32F1xx_HAL_Driver/Src/stm32f1xx_hal_rtc.c ****   {
 2655              		.loc 1 1462 10 is_stmt 0 view .LVU844
ARM GAS  C:\Users\ride_pig\AppData\Local\Temp\ccyvwVwa.s 			page 94


 2656 000e 2368     		ldr	r3, [r4]
 2657 0010 5A68     		ldr	r2, [r3, #4]
1462:Drivers/STM32F1xx_HAL_Driver/Src/stm32f1xx_hal_rtc.c ****   {
 2658              		.loc 1 1462 57 view .LVU845
 2659 0012 12F0020F 		tst	r2, #2
 2660 0016 0BD1     		bne	.L189
1464:Drivers/STM32F1xx_HAL_Driver/Src/stm32f1xx_hal_rtc.c ****     {
 2661              		.loc 1 1464 5 is_stmt 1 view .LVU846
1464:Drivers/STM32F1xx_HAL_Driver/Src/stm32f1xx_hal_rtc.c ****     {
 2662              		.loc 1 1464 8 is_stmt 0 view .LVU847
 2663 0018 B5F1FF3F 		cmp	r5, #-1
 2664 001c F7D0     		beq	.L183
1466:Drivers/STM32F1xx_HAL_Driver/Src/stm32f1xx_hal_rtc.c ****       {
 2665              		.loc 1 1466 7 is_stmt 1 view .LVU848
1466:Drivers/STM32F1xx_HAL_Driver/Src/stm32f1xx_hal_rtc.c ****       {
 2666              		.loc 1 1466 10 is_stmt 0 view .LVU849
 2667 001e 25B1     		cbz	r5, .L184
1466:Drivers/STM32F1xx_HAL_Driver/Src/stm32f1xx_hal_rtc.c ****       {
 2668              		.loc 1 1466 31 discriminator 1 view .LVU850
 2669 0020 FFF7FEFF 		bl	HAL_GetTick
 2670              	.LVL261:
1466:Drivers/STM32F1xx_HAL_Driver/Src/stm32f1xx_hal_rtc.c ****       {
 2671              		.loc 1 1466 45 discriminator 1 view .LVU851
 2672 0024 801B     		subs	r0, r0, r6
1466:Drivers/STM32F1xx_HAL_Driver/Src/stm32f1xx_hal_rtc.c ****       {
 2673              		.loc 1 1466 26 discriminator 1 view .LVU852
 2674 0026 A842     		cmp	r0, r5
 2675 0028 F1D9     		bls	.L183
 2676              	.L184:
1468:Drivers/STM32F1xx_HAL_Driver/Src/stm32f1xx_hal_rtc.c ****         return HAL_TIMEOUT;
 2677              		.loc 1 1468 9 is_stmt 1 view .LVU853
1468:Drivers/STM32F1xx_HAL_Driver/Src/stm32f1xx_hal_rtc.c ****         return HAL_TIMEOUT;
 2678              		.loc 1 1468 21 is_stmt 0 view .LVU854
 2679 002a 0320     		movs	r0, #3
 2680 002c 6074     		strb	r0, [r4, #17]
1469:Drivers/STM32F1xx_HAL_Driver/Src/stm32f1xx_hal_rtc.c ****       }
 2681              		.loc 1 1469 9 is_stmt 1 view .LVU855
1469:Drivers/STM32F1xx_HAL_Driver/Src/stm32f1xx_hal_rtc.c ****       }
 2682              		.loc 1 1469 16 is_stmt 0 view .LVU856
 2683 002e 06E0     		b	.L181
 2684              	.L189:
1475:Drivers/STM32F1xx_HAL_Driver/Src/stm32f1xx_hal_rtc.c **** 
 2685              		.loc 1 1475 3 is_stmt 1 view .LVU857
 2686 0030 5A68     		ldr	r2, [r3, #4]
 2687 0032 22F00202 		bic	r2, r2, #2
 2688 0036 5A60     		str	r2, [r3, #4]
1478:Drivers/STM32F1xx_HAL_Driver/Src/stm32f1xx_hal_rtc.c **** 
 2689              		.loc 1 1478 3 view .LVU858
1478:Drivers/STM32F1xx_HAL_Driver/Src/stm32f1xx_hal_rtc.c **** 
 2690              		.loc 1 1478 15 is_stmt 0 view .LVU859
 2691 0038 0123     		movs	r3, #1
 2692 003a 6374     		strb	r3, [r4, #17]
1480:Drivers/STM32F1xx_HAL_Driver/Src/stm32f1xx_hal_rtc.c **** }
 2693              		.loc 1 1480 3 is_stmt 1 view .LVU860
1480:Drivers/STM32F1xx_HAL_Driver/Src/stm32f1xx_hal_rtc.c **** }
 2694              		.loc 1 1480 10 is_stmt 0 view .LVU861
 2695 003c 0020     		movs	r0, #0
ARM GAS  C:\Users\ride_pig\AppData\Local\Temp\ccyvwVwa.s 			page 95


 2696              	.L181:
1481:Drivers/STM32F1xx_HAL_Driver/Src/stm32f1xx_hal_rtc.c **** 
 2697              		.loc 1 1481 1 view .LVU862
 2698 003e 70BD     		pop	{r4, r5, r6, pc}
 2699              	.LVL262:
 2700              	.L188:
1459:Drivers/STM32F1xx_HAL_Driver/Src/stm32f1xx_hal_rtc.c ****   }
 2701              		.loc 1 1459 12 view .LVU863
 2702 0040 0120     		movs	r0, #1
 2703              	.LVL263:
1459:Drivers/STM32F1xx_HAL_Driver/Src/stm32f1xx_hal_rtc.c ****   }
 2704              		.loc 1 1459 12 view .LVU864
 2705 0042 FCE7     		b	.L181
 2706              		.cfi_endproc
 2707              	.LFE79:
 2709              		.section	.text.HAL_RTC_GetState,"ax",%progbits
 2710              		.align	1
 2711              		.global	HAL_RTC_GetState
 2712              		.syntax unified
 2713              		.thumb
 2714              		.thumb_func
 2716              	HAL_RTC_GetState:
 2717              	.LVL264:
 2718              	.LFB80:
1508:Drivers/STM32F1xx_HAL_Driver/Src/stm32f1xx_hal_rtc.c ****   return hrtc->State;
 2719              		.loc 1 1508 1 is_stmt 1 view -0
 2720              		.cfi_startproc
 2721              		@ args = 0, pretend = 0, frame = 0
 2722              		@ frame_needed = 0, uses_anonymous_args = 0
 2723              		@ link register save eliminated.
1509:Drivers/STM32F1xx_HAL_Driver/Src/stm32f1xx_hal_rtc.c **** }
 2724              		.loc 1 1509 3 view .LVU866
1509:Drivers/STM32F1xx_HAL_Driver/Src/stm32f1xx_hal_rtc.c **** }
 2725              		.loc 1 1509 14 is_stmt 0 view .LVU867
 2726 0000 407C     		ldrb	r0, [r0, #17]	@ zero_extendqisi2
 2727              	.LVL265:
1510:Drivers/STM32F1xx_HAL_Driver/Src/stm32f1xx_hal_rtc.c **** 
 2728              		.loc 1 1510 1 view .LVU868
 2729 0002 7047     		bx	lr
 2730              		.cfi_endproc
 2731              	.LFE80:
 2733              		.section	.text.HAL_RTC_WaitForSynchro,"ax",%progbits
 2734              		.align	1
 2735              		.global	HAL_RTC_WaitForSynchro
 2736              		.syntax unified
 2737              		.thumb
 2738              		.thumb_func
 2740              	HAL_RTC_WaitForSynchro:
 2741              	.LVL266:
 2742              	.LFB81:
1541:Drivers/STM32F1xx_HAL_Driver/Src/stm32f1xx_hal_rtc.c ****   uint32_t tickstart = 0U;
 2743              		.loc 1 1541 1 is_stmt 1 view -0
 2744              		.cfi_startproc
 2745              		@ args = 0, pretend = 0, frame = 0
 2746              		@ frame_needed = 0, uses_anonymous_args = 0
1542:Drivers/STM32F1xx_HAL_Driver/Src/stm32f1xx_hal_rtc.c **** 
 2747              		.loc 1 1542 3 view .LVU870
ARM GAS  C:\Users\ride_pig\AppData\Local\Temp\ccyvwVwa.s 			page 96


1545:Drivers/STM32F1xx_HAL_Driver/Src/stm32f1xx_hal_rtc.c ****   {
 2748              		.loc 1 1545 3 view .LVU871
1545:Drivers/STM32F1xx_HAL_Driver/Src/stm32f1xx_hal_rtc.c ****   {
 2749              		.loc 1 1545 6 is_stmt 0 view .LVU872
 2750 0000 C0B1     		cbz	r0, .L195
1541:Drivers/STM32F1xx_HAL_Driver/Src/stm32f1xx_hal_rtc.c ****   uint32_t tickstart = 0U;
 2751              		.loc 1 1541 1 view .LVU873
 2752 0002 38B5     		push	{r3, r4, r5, lr}
 2753              	.LCFI33:
 2754              		.cfi_def_cfa_offset 16
 2755              		.cfi_offset 3, -16
 2756              		.cfi_offset 4, -12
 2757              		.cfi_offset 5, -8
 2758              		.cfi_offset 14, -4
 2759 0004 0546     		mov	r5, r0
1551:Drivers/STM32F1xx_HAL_Driver/Src/stm32f1xx_hal_rtc.c **** 
 2760              		.loc 1 1551 3 is_stmt 1 view .LVU874
 2761 0006 0268     		ldr	r2, [r0]
 2762 0008 5368     		ldr	r3, [r2, #4]
 2763 000a 23F00803 		bic	r3, r3, #8
 2764 000e 5360     		str	r3, [r2, #4]
1553:Drivers/STM32F1xx_HAL_Driver/Src/stm32f1xx_hal_rtc.c **** 
 2765              		.loc 1 1553 3 view .LVU875
1553:Drivers/STM32F1xx_HAL_Driver/Src/stm32f1xx_hal_rtc.c **** 
 2766              		.loc 1 1553 15 is_stmt 0 view .LVU876
 2767 0010 FFF7FEFF 		bl	HAL_GetTick
 2768              	.LVL267:
1553:Drivers/STM32F1xx_HAL_Driver/Src/stm32f1xx_hal_rtc.c **** 
 2769              		.loc 1 1553 15 view .LVU877
 2770 0014 0446     		mov	r4, r0
 2771              	.LVL268:
1556:Drivers/STM32F1xx_HAL_Driver/Src/stm32f1xx_hal_rtc.c ****   {
 2772              		.loc 1 1556 3 is_stmt 1 view .LVU878
 2773              	.L193:
1556:Drivers/STM32F1xx_HAL_Driver/Src/stm32f1xx_hal_rtc.c ****   {
 2774              		.loc 1 1556 47 view .LVU879
1556:Drivers/STM32F1xx_HAL_Driver/Src/stm32f1xx_hal_rtc.c ****   {
 2775              		.loc 1 1556 15 is_stmt 0 view .LVU880
 2776 0016 2B68     		ldr	r3, [r5]
1556:Drivers/STM32F1xx_HAL_Driver/Src/stm32f1xx_hal_rtc.c ****   {
 2777              		.loc 1 1556 25 view .LVU881
 2778 0018 5B68     		ldr	r3, [r3, #4]
1556:Drivers/STM32F1xx_HAL_Driver/Src/stm32f1xx_hal_rtc.c ****   {
 2779              		.loc 1 1556 47 view .LVU882
 2780 001a 13F0080F 		tst	r3, #8
 2781 001e 07D1     		bne	.L201
1558:Drivers/STM32F1xx_HAL_Driver/Src/stm32f1xx_hal_rtc.c ****     {
 2782              		.loc 1 1558 5 is_stmt 1 view .LVU883
1558:Drivers/STM32F1xx_HAL_Driver/Src/stm32f1xx_hal_rtc.c ****     {
 2783              		.loc 1 1558 10 is_stmt 0 view .LVU884
 2784 0020 FFF7FEFF 		bl	HAL_GetTick
 2785              	.LVL269:
1558:Drivers/STM32F1xx_HAL_Driver/Src/stm32f1xx_hal_rtc.c ****     {
 2786              		.loc 1 1558 24 view .LVU885
 2787 0024 001B     		subs	r0, r0, r4
1558:Drivers/STM32F1xx_HAL_Driver/Src/stm32f1xx_hal_rtc.c ****     {
 2788              		.loc 1 1558 8 view .LVU886
ARM GAS  C:\Users\ride_pig\AppData\Local\Temp\ccyvwVwa.s 			page 97


 2789 0026 B0F57A7F 		cmp	r0, #1000
 2790 002a F4D9     		bls	.L193
1560:Drivers/STM32F1xx_HAL_Driver/Src/stm32f1xx_hal_rtc.c ****     }
 2791              		.loc 1 1560 14 view .LVU887
 2792 002c 0320     		movs	r0, #3
 2793 002e 00E0     		b	.L192
 2794              	.L201:
1564:Drivers/STM32F1xx_HAL_Driver/Src/stm32f1xx_hal_rtc.c **** }
 2795              		.loc 1 1564 10 view .LVU888
 2796 0030 0020     		movs	r0, #0
 2797              	.L192:
1565:Drivers/STM32F1xx_HAL_Driver/Src/stm32f1xx_hal_rtc.c **** 
 2798              		.loc 1 1565 1 view .LVU889
 2799 0032 38BD     		pop	{r3, r4, r5, pc}
 2800              	.LVL270:
 2801              	.L195:
 2802              	.LCFI34:
 2803              		.cfi_def_cfa_offset 0
 2804              		.cfi_restore 3
 2805              		.cfi_restore 4
 2806              		.cfi_restore 5
 2807              		.cfi_restore 14
1547:Drivers/STM32F1xx_HAL_Driver/Src/stm32f1xx_hal_rtc.c ****   }
 2808              		.loc 1 1547 12 view .LVU890
 2809 0034 0120     		movs	r0, #1
 2810              	.LVL271:
1565:Drivers/STM32F1xx_HAL_Driver/Src/stm32f1xx_hal_rtc.c **** 
 2811              		.loc 1 1565 1 view .LVU891
 2812 0036 7047     		bx	lr
 2813              		.cfi_endproc
 2814              	.LFE81:
 2816              		.section	.text.HAL_RTC_Init,"ax",%progbits
 2817              		.align	1
 2818              		.global	HAL_RTC_Init
 2819              		.syntax unified
 2820              		.thumb
 2821              		.thumb_func
 2823              	HAL_RTC_Init:
 2824              	.LVL272:
 2825              	.LFB65:
 276:Drivers/STM32F1xx_HAL_Driver/Src/stm32f1xx_hal_rtc.c ****   uint32_t prescaler = 0U;
 2826              		.loc 1 276 1 is_stmt 1 view -0
 2827              		.cfi_startproc
 2828              		@ args = 0, pretend = 0, frame = 0
 2829              		@ frame_needed = 0, uses_anonymous_args = 0
 277:Drivers/STM32F1xx_HAL_Driver/Src/stm32f1xx_hal_rtc.c ****   /* Check input parameters */
 2830              		.loc 1 277 3 view .LVU893
 279:Drivers/STM32F1xx_HAL_Driver/Src/stm32f1xx_hal_rtc.c ****   {
 2831              		.loc 1 279 3 view .LVU894
 279:Drivers/STM32F1xx_HAL_Driver/Src/stm32f1xx_hal_rtc.c ****   {
 2832              		.loc 1 279 6 is_stmt 0 view .LVU895
 2833 0000 0028     		cmp	r0, #0
 2834 0002 57D0     		beq	.L211
 276:Drivers/STM32F1xx_HAL_Driver/Src/stm32f1xx_hal_rtc.c ****   uint32_t prescaler = 0U;
 2835              		.loc 1 276 1 view .LVU896
 2836 0004 10B5     		push	{r4, lr}
 2837              	.LCFI35:
ARM GAS  C:\Users\ride_pig\AppData\Local\Temp\ccyvwVwa.s 			page 98


 2838              		.cfi_def_cfa_offset 8
 2839              		.cfi_offset 4, -8
 2840              		.cfi_offset 14, -4
 2841 0006 0446     		mov	r4, r0
 285:Drivers/STM32F1xx_HAL_Driver/Src/stm32f1xx_hal_rtc.c ****   assert_param(IS_RTC_CALIB_OUTPUT(hrtc->Init.OutPut));
 2842              		.loc 1 285 3 is_stmt 1 view .LVU897
 286:Drivers/STM32F1xx_HAL_Driver/Src/stm32f1xx_hal_rtc.c ****   assert_param(IS_RTC_ASYNCH_PREDIV(hrtc->Init.AsynchPrediv));
 2843              		.loc 1 286 3 view .LVU898
 287:Drivers/STM32F1xx_HAL_Driver/Src/stm32f1xx_hal_rtc.c **** 
 2844              		.loc 1 287 3 view .LVU899
 311:Drivers/STM32F1xx_HAL_Driver/Src/stm32f1xx_hal_rtc.c ****   {
 2845              		.loc 1 311 3 view .LVU900
 311:Drivers/STM32F1xx_HAL_Driver/Src/stm32f1xx_hal_rtc.c ****   {
 2846              		.loc 1 311 11 is_stmt 0 view .LVU901
 2847 0008 437C     		ldrb	r3, [r0, #17]	@ zero_extendqisi2
 311:Drivers/STM32F1xx_HAL_Driver/Src/stm32f1xx_hal_rtc.c ****   {
 2848              		.loc 1 311 6 view .LVU902
 2849 000a 4BB1     		cbz	r3, .L216
 2850              	.LVL273:
 2851              	.L204:
 322:Drivers/STM32F1xx_HAL_Driver/Src/stm32f1xx_hal_rtc.c **** 
 2852              		.loc 1 322 3 is_stmt 1 view .LVU903
 322:Drivers/STM32F1xx_HAL_Driver/Src/stm32f1xx_hal_rtc.c **** 
 2853              		.loc 1 322 15 is_stmt 0 view .LVU904
 2854 000c 0223     		movs	r3, #2
 2855 000e 6374     		strb	r3, [r4, #17]
 325:Drivers/STM32F1xx_HAL_Driver/Src/stm32f1xx_hal_rtc.c ****   {
 2856              		.loc 1 325 3 is_stmt 1 view .LVU905
 325:Drivers/STM32F1xx_HAL_Driver/Src/stm32f1xx_hal_rtc.c ****   {
 2857              		.loc 1 325 7 is_stmt 0 view .LVU906
 2858 0010 2046     		mov	r0, r4
 2859 0012 FFF7FEFF 		bl	HAL_RTC_WaitForSynchro
 2860              	.LVL274:
 325:Drivers/STM32F1xx_HAL_Driver/Src/stm32f1xx_hal_rtc.c ****   {
 2861              		.loc 1 325 6 view .LVU907
 2862 0016 38B1     		cbz	r0, .L205
 328:Drivers/STM32F1xx_HAL_Driver/Src/stm32f1xx_hal_rtc.c **** 
 2863              		.loc 1 328 5 is_stmt 1 view .LVU908
 328:Drivers/STM32F1xx_HAL_Driver/Src/stm32f1xx_hal_rtc.c **** 
 2864              		.loc 1 328 17 is_stmt 0 view .LVU909
 2865 0018 0423     		movs	r3, #4
 2866 001a 6374     		strb	r3, [r4, #17]
 330:Drivers/STM32F1xx_HAL_Driver/Src/stm32f1xx_hal_rtc.c ****   }
 2867              		.loc 1 330 5 is_stmt 1 view .LVU910
 330:Drivers/STM32F1xx_HAL_Driver/Src/stm32f1xx_hal_rtc.c ****   }
 2868              		.loc 1 330 12 is_stmt 0 view .LVU911
 2869 001c 0120     		movs	r0, #1
 2870              	.LVL275:
 2871              	.L203:
 402:Drivers/STM32F1xx_HAL_Driver/Src/stm32f1xx_hal_rtc.c **** 
 2872              		.loc 1 402 1 view .LVU912
 2873 001e 10BD     		pop	{r4, pc}
 2874              	.LVL276:
 2875              	.L216:
 314:Drivers/STM32F1xx_HAL_Driver/Src/stm32f1xx_hal_rtc.c **** 
 2876              		.loc 1 314 5 is_stmt 1 view .LVU913
 314:Drivers/STM32F1xx_HAL_Driver/Src/stm32f1xx_hal_rtc.c **** 
ARM GAS  C:\Users\ride_pig\AppData\Local\Temp\ccyvwVwa.s 			page 99


 2877              		.loc 1 314 16 is_stmt 0 view .LVU914
 2878 0020 0374     		strb	r3, [r0, #16]
 317:Drivers/STM32F1xx_HAL_Driver/Src/stm32f1xx_hal_rtc.c ****   }
 2879              		.loc 1 317 5 is_stmt 1 view .LVU915
 2880 0022 FFF7FEFF 		bl	HAL_RTC_MspInit
 2881              	.LVL277:
 317:Drivers/STM32F1xx_HAL_Driver/Src/stm32f1xx_hal_rtc.c ****   }
 2882              		.loc 1 317 5 is_stmt 0 view .LVU916
 2883 0026 F1E7     		b	.L204
 2884              	.L205:
 334:Drivers/STM32F1xx_HAL_Driver/Src/stm32f1xx_hal_rtc.c ****   {
 2885              		.loc 1 334 3 is_stmt 1 view .LVU917
 334:Drivers/STM32F1xx_HAL_Driver/Src/stm32f1xx_hal_rtc.c ****   {
 2886              		.loc 1 334 7 is_stmt 0 view .LVU918
 2887 0028 2046     		mov	r0, r4
 2888 002a FFF7FEFF 		bl	RTC_EnterInitMode
 2889              	.LVL278:
 334:Drivers/STM32F1xx_HAL_Driver/Src/stm32f1xx_hal_rtc.c ****   {
 2890              		.loc 1 334 6 view .LVU919
 2891 002e 60BB     		cbnz	r0, .L217
 344:Drivers/STM32F1xx_HAL_Driver/Src/stm32f1xx_hal_rtc.c **** 
 2892              		.loc 1 344 5 is_stmt 1 view .LVU920
 2893 0030 2268     		ldr	r2, [r4]
 2894 0032 5368     		ldr	r3, [r2, #4]
 2895 0034 23F00703 		bic	r3, r3, #7
 2896 0038 5360     		str	r3, [r2, #4]
 346:Drivers/STM32F1xx_HAL_Driver/Src/stm32f1xx_hal_rtc.c ****     {
 2897              		.loc 1 346 5 view .LVU921
 346:Drivers/STM32F1xx_HAL_Driver/Src/stm32f1xx_hal_rtc.c ****     {
 2898              		.loc 1 346 19 is_stmt 0 view .LVU922
 2899 003a A368     		ldr	r3, [r4, #8]
 346:Drivers/STM32F1xx_HAL_Driver/Src/stm32f1xx_hal_rtc.c ****     {
 2900              		.loc 1 346 8 view .LVU923
 2901 003c 23B1     		cbz	r3, .L207
 349:Drivers/STM32F1xx_HAL_Driver/Src/stm32f1xx_hal_rtc.c ****     }
 2902              		.loc 1 349 7 is_stmt 1 view .LVU924
 2903 003e 1E4A     		ldr	r2, .L220
 2904 0040 136B     		ldr	r3, [r2, #48]
 2905 0042 23F00103 		bic	r3, r3, #1
 2906 0046 1363     		str	r3, [r2, #48]
 2907              	.L207:
 353:Drivers/STM32F1xx_HAL_Driver/Src/stm32f1xx_hal_rtc.c **** 
 2908              		.loc 1 353 5 view .LVU925
 2909 0048 1B4A     		ldr	r2, .L220
 2910 004a D36A     		ldr	r3, [r2, #44]
 2911 004c 23F46073 		bic	r3, r3, #896
 2912 0050 A168     		ldr	r1, [r4, #8]
 2913 0052 0B43     		orrs	r3, r3, r1
 2914 0054 D362     		str	r3, [r2, #44]
 355:Drivers/STM32F1xx_HAL_Driver/Src/stm32f1xx_hal_rtc.c ****     {
 2915              		.loc 1 355 5 view .LVU926
 355:Drivers/STM32F1xx_HAL_Driver/Src/stm32f1xx_hal_rtc.c ****     {
 2916              		.loc 1 355 19 is_stmt 0 view .LVU927
 2917 0056 6268     		ldr	r2, [r4, #4]
 355:Drivers/STM32F1xx_HAL_Driver/Src/stm32f1xx_hal_rtc.c ****     {
 2918              		.loc 1 355 8 view .LVU928
 2919 0058 B2F1FF3F 		cmp	r2, #-1
ARM GAS  C:\Users\ride_pig\AppData\Local\Temp\ccyvwVwa.s 			page 100


 2920 005c 19D0     		beq	.L218
 2921              	.LVL279:
 2922              	.L208:
 381:Drivers/STM32F1xx_HAL_Driver/Src/stm32f1xx_hal_rtc.c ****     MODIFY_REG(hrtc->Instance->PRLL, RTC_PRLL_PRL, (prescaler & RTC_PRLL_PRL));
 2923              		.loc 1 381 5 is_stmt 1 view .LVU929
 2924 005e 2168     		ldr	r1, [r4]
 2925 0060 8B68     		ldr	r3, [r1, #8]
 2926 0062 23F00F03 		bic	r3, r3, #15
 2927 0066 43EA1243 		orr	r3, r3, r2, lsr #16
 2928 006a 8B60     		str	r3, [r1, #8]
 382:Drivers/STM32F1xx_HAL_Driver/Src/stm32f1xx_hal_rtc.c **** 
 2929              		.loc 1 382 5 view .LVU930
 2930 006c 2168     		ldr	r1, [r4]
 2931 006e CB68     		ldr	r3, [r1, #12]
 2932 0070 1B0C     		lsrs	r3, r3, #16
 2933 0072 1B04     		lsls	r3, r3, #16
 2934 0074 92B2     		uxth	r2, r2
 2935              	.LVL280:
 382:Drivers/STM32F1xx_HAL_Driver/Src/stm32f1xx_hal_rtc.c **** 
 2936              		.loc 1 382 5 is_stmt 0 view .LVU931
 2937 0076 1343     		orrs	r3, r3, r2
 2938 0078 CB60     		str	r3, [r1, #12]
 385:Drivers/STM32F1xx_HAL_Driver/Src/stm32f1xx_hal_rtc.c ****     {
 2939              		.loc 1 385 5 is_stmt 1 view .LVU932
 385:Drivers/STM32F1xx_HAL_Driver/Src/stm32f1xx_hal_rtc.c ****     {
 2940              		.loc 1 385 9 is_stmt 0 view .LVU933
 2941 007a 2046     		mov	r0, r4
 2942 007c FFF7FEFF 		bl	RTC_ExitInitMode
 2943              	.LVL281:
 385:Drivers/STM32F1xx_HAL_Driver/Src/stm32f1xx_hal_rtc.c ****     {
 2944              		.loc 1 385 8 view .LVU934
 2945 0080 88B1     		cbz	r0, .L210
 387:Drivers/STM32F1xx_HAL_Driver/Src/stm32f1xx_hal_rtc.c **** 
 2946              		.loc 1 387 7 is_stmt 1 view .LVU935
 387:Drivers/STM32F1xx_HAL_Driver/Src/stm32f1xx_hal_rtc.c **** 
 2947              		.loc 1 387 19 is_stmt 0 view .LVU936
 2948 0082 0423     		movs	r3, #4
 2949 0084 6374     		strb	r3, [r4, #17]
 389:Drivers/STM32F1xx_HAL_Driver/Src/stm32f1xx_hal_rtc.c ****     }
 2950              		.loc 1 389 7 is_stmt 1 view .LVU937
 389:Drivers/STM32F1xx_HAL_Driver/Src/stm32f1xx_hal_rtc.c ****     }
 2951              		.loc 1 389 14 is_stmt 0 view .LVU938
 2952 0086 0120     		movs	r0, #1
 2953 0088 C9E7     		b	.L203
 2954              	.LVL282:
 2955              	.L217:
 337:Drivers/STM32F1xx_HAL_Driver/Src/stm32f1xx_hal_rtc.c **** 
 2956              		.loc 1 337 5 is_stmt 1 view .LVU939
 337:Drivers/STM32F1xx_HAL_Driver/Src/stm32f1xx_hal_rtc.c **** 
 2957              		.loc 1 337 17 is_stmt 0 view .LVU940
 2958 008a 0423     		movs	r3, #4
 2959 008c 6374     		strb	r3, [r4, #17]
 339:Drivers/STM32F1xx_HAL_Driver/Src/stm32f1xx_hal_rtc.c ****   }
 2960              		.loc 1 339 5 is_stmt 1 view .LVU941
 339:Drivers/STM32F1xx_HAL_Driver/Src/stm32f1xx_hal_rtc.c ****   }
 2961              		.loc 1 339 12 is_stmt 0 view .LVU942
 2962 008e 0120     		movs	r0, #1
ARM GAS  C:\Users\ride_pig\AppData\Local\Temp\ccyvwVwa.s 			page 101


 2963 0090 C5E7     		b	.L203
 2964              	.L218:
 364:Drivers/STM32F1xx_HAL_Driver/Src/stm32f1xx_hal_rtc.c **** 
 2965              		.loc 1 364 7 is_stmt 1 view .LVU943
 364:Drivers/STM32F1xx_HAL_Driver/Src/stm32f1xx_hal_rtc.c **** 
 2966              		.loc 1 364 19 is_stmt 0 view .LVU944
 2967 0092 0120     		movs	r0, #1
 2968 0094 FFF7FEFF 		bl	HAL_RCCEx_GetPeriphCLKFreq
 2969              	.LVL283:
 367:Drivers/STM32F1xx_HAL_Driver/Src/stm32f1xx_hal_rtc.c ****       {
 2970              		.loc 1 367 7 is_stmt 1 view .LVU945
 367:Drivers/STM32F1xx_HAL_Driver/Src/stm32f1xx_hal_rtc.c ****       {
 2971              		.loc 1 367 10 is_stmt 0 view .LVU946
 2972 0098 08B1     		cbz	r0, .L219
 376:Drivers/STM32F1xx_HAL_Driver/Src/stm32f1xx_hal_rtc.c ****       }
 2973              		.loc 1 376 9 is_stmt 1 view .LVU947
 376:Drivers/STM32F1xx_HAL_Driver/Src/stm32f1xx_hal_rtc.c ****       }
 2974              		.loc 1 376 19 is_stmt 0 view .LVU948
 2975 009a 421E     		subs	r2, r0, #1
 2976              	.LVL284:
 376:Drivers/STM32F1xx_HAL_Driver/Src/stm32f1xx_hal_rtc.c ****       }
 2977              		.loc 1 376 19 view .LVU949
 2978 009c DFE7     		b	.L208
 2979              	.LVL285:
 2980              	.L219:
 370:Drivers/STM32F1xx_HAL_Driver/Src/stm32f1xx_hal_rtc.c ****         return HAL_ERROR;
 2981              		.loc 1 370 9 is_stmt 1 view .LVU950
 370:Drivers/STM32F1xx_HAL_Driver/Src/stm32f1xx_hal_rtc.c ****         return HAL_ERROR;
 2982              		.loc 1 370 21 is_stmt 0 view .LVU951
 2983 009e 0423     		movs	r3, #4
 2984 00a0 6374     		strb	r3, [r4, #17]
 371:Drivers/STM32F1xx_HAL_Driver/Src/stm32f1xx_hal_rtc.c ****       }
 2985              		.loc 1 371 9 is_stmt 1 view .LVU952
 371:Drivers/STM32F1xx_HAL_Driver/Src/stm32f1xx_hal_rtc.c ****       }
 2986              		.loc 1 371 16 is_stmt 0 view .LVU953
 2987 00a2 0120     		movs	r0, #1
 2988              	.LVL286:
 371:Drivers/STM32F1xx_HAL_Driver/Src/stm32f1xx_hal_rtc.c ****       }
 2989              		.loc 1 371 16 view .LVU954
 2990 00a4 BBE7     		b	.L203
 2991              	.L210:
 393:Drivers/STM32F1xx_HAL_Driver/Src/stm32f1xx_hal_rtc.c ****     hrtc->DateToUpdate.Month = RTC_MONTH_JANUARY;
 2992              		.loc 1 393 5 is_stmt 1 view .LVU955
 393:Drivers/STM32F1xx_HAL_Driver/Src/stm32f1xx_hal_rtc.c ****     hrtc->DateToUpdate.Month = RTC_MONTH_JANUARY;
 2993              		.loc 1 393 29 is_stmt 0 view .LVU956
 2994 00a6 0023     		movs	r3, #0
 2995 00a8 E373     		strb	r3, [r4, #15]
 394:Drivers/STM32F1xx_HAL_Driver/Src/stm32f1xx_hal_rtc.c ****     hrtc->DateToUpdate.Date = 0x01U;
 2996              		.loc 1 394 5 is_stmt 1 view .LVU957
 394:Drivers/STM32F1xx_HAL_Driver/Src/stm32f1xx_hal_rtc.c ****     hrtc->DateToUpdate.Date = 0x01U;
 2997              		.loc 1 394 30 is_stmt 0 view .LVU958
 2998 00aa 0123     		movs	r3, #1
 2999 00ac 6373     		strb	r3, [r4, #13]
 395:Drivers/STM32F1xx_HAL_Driver/Src/stm32f1xx_hal_rtc.c **** 
 3000              		.loc 1 395 5 is_stmt 1 view .LVU959
 395:Drivers/STM32F1xx_HAL_Driver/Src/stm32f1xx_hal_rtc.c **** 
 3001              		.loc 1 395 29 is_stmt 0 view .LVU960
ARM GAS  C:\Users\ride_pig\AppData\Local\Temp\ccyvwVwa.s 			page 102


 3002 00ae A373     		strb	r3, [r4, #14]
 398:Drivers/STM32F1xx_HAL_Driver/Src/stm32f1xx_hal_rtc.c **** 
 3003              		.loc 1 398 5 is_stmt 1 view .LVU961
 398:Drivers/STM32F1xx_HAL_Driver/Src/stm32f1xx_hal_rtc.c **** 
 3004              		.loc 1 398 17 is_stmt 0 view .LVU962
 3005 00b0 6374     		strb	r3, [r4, #17]
 400:Drivers/STM32F1xx_HAL_Driver/Src/stm32f1xx_hal_rtc.c ****   }
 3006              		.loc 1 400 5 is_stmt 1 view .LVU963
 400:Drivers/STM32F1xx_HAL_Driver/Src/stm32f1xx_hal_rtc.c ****   }
 3007              		.loc 1 400 12 is_stmt 0 view .LVU964
 3008 00b2 B4E7     		b	.L203
 3009              	.LVL287:
 3010              	.L211:
 3011              	.LCFI36:
 3012              		.cfi_def_cfa_offset 0
 3013              		.cfi_restore 4
 3014              		.cfi_restore 14
 281:Drivers/STM32F1xx_HAL_Driver/Src/stm32f1xx_hal_rtc.c ****   }
 3015              		.loc 1 281 12 view .LVU965
 3016 00b4 0120     		movs	r0, #1
 3017              	.LVL288:
 402:Drivers/STM32F1xx_HAL_Driver/Src/stm32f1xx_hal_rtc.c **** 
 3018              		.loc 1 402 1 view .LVU966
 3019 00b6 7047     		bx	lr
 3020              	.L221:
 3021              		.align	2
 3022              	.L220:
 3023 00b8 006C0040 		.word	1073769472
 3024              		.cfi_endproc
 3025              	.LFE65:
 3027              		.section	.text.HAL_RTC_DeInit,"ax",%progbits
 3028              		.align	1
 3029              		.global	HAL_RTC_DeInit
 3030              		.syntax unified
 3031              		.thumb
 3032              		.thumb_func
 3034              	HAL_RTC_DeInit:
 3035              	.LVL289:
 3036              	.LFB66:
 412:Drivers/STM32F1xx_HAL_Driver/Src/stm32f1xx_hal_rtc.c ****   /* Check input parameters */
 3037              		.loc 1 412 1 is_stmt 1 view -0
 3038              		.cfi_startproc
 3039              		@ args = 0, pretend = 0, frame = 0
 3040              		@ frame_needed = 0, uses_anonymous_args = 0
 412:Drivers/STM32F1xx_HAL_Driver/Src/stm32f1xx_hal_rtc.c ****   /* Check input parameters */
 3041              		.loc 1 412 1 is_stmt 0 view .LVU968
 3042 0000 38B5     		push	{r3, r4, r5, lr}
 3043              	.LCFI37:
 3044              		.cfi_def_cfa_offset 16
 3045              		.cfi_offset 3, -16
 3046              		.cfi_offset 4, -12
 3047              		.cfi_offset 5, -8
 3048              		.cfi_offset 14, -4
 414:Drivers/STM32F1xx_HAL_Driver/Src/stm32f1xx_hal_rtc.c ****   {
 3049              		.loc 1 414 3 is_stmt 1 view .LVU969
 414:Drivers/STM32F1xx_HAL_Driver/Src/stm32f1xx_hal_rtc.c ****   {
 3050              		.loc 1 414 6 is_stmt 0 view .LVU970
ARM GAS  C:\Users\ride_pig\AppData\Local\Temp\ccyvwVwa.s 			page 103


 3051 0002 0028     		cmp	r0, #0
 3052 0004 35D0     		beq	.L226
 3053 0006 0446     		mov	r4, r0
 420:Drivers/STM32F1xx_HAL_Driver/Src/stm32f1xx_hal_rtc.c **** 
 3054              		.loc 1 420 3 is_stmt 1 view .LVU971
 423:Drivers/STM32F1xx_HAL_Driver/Src/stm32f1xx_hal_rtc.c **** 
 3055              		.loc 1 423 3 view .LVU972
 423:Drivers/STM32F1xx_HAL_Driver/Src/stm32f1xx_hal_rtc.c **** 
 3056              		.loc 1 423 15 is_stmt 0 view .LVU973
 3057 0008 0223     		movs	r3, #2
 3058 000a 4374     		strb	r3, [r0, #17]
 426:Drivers/STM32F1xx_HAL_Driver/Src/stm32f1xx_hal_rtc.c ****   {
 3059              		.loc 1 426 3 is_stmt 1 view .LVU974
 426:Drivers/STM32F1xx_HAL_Driver/Src/stm32f1xx_hal_rtc.c ****   {
 3060              		.loc 1 426 7 is_stmt 0 view .LVU975
 3061 000c FFF7FEFF 		bl	RTC_EnterInitMode
 3062              	.LVL290:
 426:Drivers/STM32F1xx_HAL_Driver/Src/stm32f1xx_hal_rtc.c ****   {
 3063              		.loc 1 426 6 view .LVU976
 3064 0010 30B1     		cbz	r0, .L224
 429:Drivers/STM32F1xx_HAL_Driver/Src/stm32f1xx_hal_rtc.c **** 
 3065              		.loc 1 429 5 is_stmt 1 view .LVU977
 429:Drivers/STM32F1xx_HAL_Driver/Src/stm32f1xx_hal_rtc.c **** 
 3066              		.loc 1 429 17 is_stmt 0 view .LVU978
 3067 0012 0423     		movs	r3, #4
 3068 0014 6374     		strb	r3, [r4, #17]
 432:Drivers/STM32F1xx_HAL_Driver/Src/stm32f1xx_hal_rtc.c **** 
 3069              		.loc 1 432 5 is_stmt 1 view .LVU979
 432:Drivers/STM32F1xx_HAL_Driver/Src/stm32f1xx_hal_rtc.c **** 
 3070              		.loc 1 432 5 view .LVU980
 3071 0016 0023     		movs	r3, #0
 3072 0018 2374     		strb	r3, [r4, #16]
 432:Drivers/STM32F1xx_HAL_Driver/Src/stm32f1xx_hal_rtc.c **** 
 3073              		.loc 1 432 5 view .LVU981
 434:Drivers/STM32F1xx_HAL_Driver/Src/stm32f1xx_hal_rtc.c ****   }
 3074              		.loc 1 434 5 view .LVU982
 434:Drivers/STM32F1xx_HAL_Driver/Src/stm32f1xx_hal_rtc.c ****   }
 3075              		.loc 1 434 12 is_stmt 0 view .LVU983
 3076 001a 0125     		movs	r5, #1
 3077              	.LVL291:
 3078              	.L223:
 484:Drivers/STM32F1xx_HAL_Driver/Src/stm32f1xx_hal_rtc.c **** 
 3079              		.loc 1 484 1 view .LVU984
 3080 001c 2846     		mov	r0, r5
 3081 001e 38BD     		pop	{r3, r4, r5, pc}
 3082              	.LVL292:
 3083              	.L224:
 438:Drivers/STM32F1xx_HAL_Driver/Src/stm32f1xx_hal_rtc.c ****     CLEAR_REG(hrtc->Instance->CNTH);
 3084              		.loc 1 438 5 is_stmt 1 view .LVU985
 3085 0020 2268     		ldr	r2, [r4]
 3086 0022 0023     		movs	r3, #0
 3087 0024 D361     		str	r3, [r2, #28]
 439:Drivers/STM32F1xx_HAL_Driver/Src/stm32f1xx_hal_rtc.c ****     WRITE_REG(hrtc->Instance->PRLL, 0x00008000U);
 3088              		.loc 1 439 5 view .LVU986
 3089 0026 2268     		ldr	r2, [r4]
 3090 0028 9361     		str	r3, [r2, #24]
 440:Drivers/STM32F1xx_HAL_Driver/Src/stm32f1xx_hal_rtc.c ****     CLEAR_REG(hrtc->Instance->PRLH);
ARM GAS  C:\Users\ride_pig\AppData\Local\Temp\ccyvwVwa.s 			page 104


 3091              		.loc 1 440 5 view .LVU987
 3092 002a 2268     		ldr	r2, [r4]
 3093 002c 4FF40041 		mov	r1, #32768
 3094 0030 D160     		str	r1, [r2, #12]
 441:Drivers/STM32F1xx_HAL_Driver/Src/stm32f1xx_hal_rtc.c **** 
 3095              		.loc 1 441 5 view .LVU988
 3096 0032 2268     		ldr	r2, [r4]
 3097 0034 9360     		str	r3, [r2, #8]
 444:Drivers/STM32F1xx_HAL_Driver/Src/stm32f1xx_hal_rtc.c ****     CLEAR_REG(hrtc->Instance->CRL);
 3098              		.loc 1 444 5 view .LVU989
 3099 0036 2268     		ldr	r2, [r4]
 3100 0038 1360     		str	r3, [r2]
 445:Drivers/STM32F1xx_HAL_Driver/Src/stm32f1xx_hal_rtc.c **** 
 3101              		.loc 1 445 5 view .LVU990
 3102 003a 2268     		ldr	r2, [r4]
 3103 003c 5360     		str	r3, [r2, #4]
 447:Drivers/STM32F1xx_HAL_Driver/Src/stm32f1xx_hal_rtc.c ****     {
 3104              		.loc 1 447 5 view .LVU991
 447:Drivers/STM32F1xx_HAL_Driver/Src/stm32f1xx_hal_rtc.c ****     {
 3105              		.loc 1 447 9 is_stmt 0 view .LVU992
 3106 003e 2046     		mov	r0, r4
 3107 0040 FFF7FEFF 		bl	RTC_ExitInitMode
 3108              	.LVL293:
 447:Drivers/STM32F1xx_HAL_Driver/Src/stm32f1xx_hal_rtc.c ****     {
 3109              		.loc 1 447 8 view .LVU993
 3110 0044 0546     		mov	r5, r0
 3111 0046 28B1     		cbz	r0, .L225
 449:Drivers/STM32F1xx_HAL_Driver/Src/stm32f1xx_hal_rtc.c **** 
 3112              		.loc 1 449 7 is_stmt 1 view .LVU994
 449:Drivers/STM32F1xx_HAL_Driver/Src/stm32f1xx_hal_rtc.c **** 
 3113              		.loc 1 449 19 is_stmt 0 view .LVU995
 3114 0048 0423     		movs	r3, #4
 3115 004a 6374     		strb	r3, [r4, #17]
 452:Drivers/STM32F1xx_HAL_Driver/Src/stm32f1xx_hal_rtc.c **** 
 3116              		.loc 1 452 7 is_stmt 1 view .LVU996
 452:Drivers/STM32F1xx_HAL_Driver/Src/stm32f1xx_hal_rtc.c **** 
 3117              		.loc 1 452 7 view .LVU997
 3118 004c 0023     		movs	r3, #0
 3119 004e 2374     		strb	r3, [r4, #16]
 452:Drivers/STM32F1xx_HAL_Driver/Src/stm32f1xx_hal_rtc.c **** 
 3120              		.loc 1 452 7 view .LVU998
 454:Drivers/STM32F1xx_HAL_Driver/Src/stm32f1xx_hal_rtc.c ****     }
 3121              		.loc 1 454 7 view .LVU999
 454:Drivers/STM32F1xx_HAL_Driver/Src/stm32f1xx_hal_rtc.c ****     }
 3122              		.loc 1 454 14 is_stmt 0 view .LVU1000
 3123 0050 0125     		movs	r5, #1
 3124 0052 E3E7     		b	.L223
 3125              	.L225:
 459:Drivers/STM32F1xx_HAL_Driver/Src/stm32f1xx_hal_rtc.c **** 
 3126              		.loc 1 459 3 is_stmt 1 view .LVU1001
 3127 0054 2046     		mov	r0, r4
 3128 0056 FFF7FEFF 		bl	HAL_RTC_WaitForSynchro
 3129              	.LVL294:
 462:Drivers/STM32F1xx_HAL_Driver/Src/stm32f1xx_hal_rtc.c **** 
 3130              		.loc 1 462 3 view .LVU1002
 3131 005a 2268     		ldr	r2, [r4]
 3132 005c 5368     		ldr	r3, [r2, #4]
ARM GAS  C:\Users\ride_pig\AppData\Local\Temp\ccyvwVwa.s 			page 105


 3133 005e 23F00803 		bic	r3, r3, #8
 3134 0062 5360     		str	r3, [r2, #4]
 475:Drivers/STM32F1xx_HAL_Driver/Src/stm32f1xx_hal_rtc.c **** #endif /* (USE_HAL_RTC_REGISTER_CALLBACKS) */
 3135              		.loc 1 475 3 view .LVU1003
 3136 0064 2046     		mov	r0, r4
 3137 0066 FFF7FEFF 		bl	HAL_RTC_MspDeInit
 3138              	.LVL295:
 478:Drivers/STM32F1xx_HAL_Driver/Src/stm32f1xx_hal_rtc.c **** 
 3139              		.loc 1 478 3 view .LVU1004
 478:Drivers/STM32F1xx_HAL_Driver/Src/stm32f1xx_hal_rtc.c **** 
 3140              		.loc 1 478 15 is_stmt 0 view .LVU1005
 3141 006a 0023     		movs	r3, #0
 3142 006c 6374     		strb	r3, [r4, #17]
 481:Drivers/STM32F1xx_HAL_Driver/Src/stm32f1xx_hal_rtc.c **** 
 3143              		.loc 1 481 3 is_stmt 1 view .LVU1006
 481:Drivers/STM32F1xx_HAL_Driver/Src/stm32f1xx_hal_rtc.c **** 
 3144              		.loc 1 481 3 view .LVU1007
 3145 006e 2374     		strb	r3, [r4, #16]
 481:Drivers/STM32F1xx_HAL_Driver/Src/stm32f1xx_hal_rtc.c **** 
 3146              		.loc 1 481 3 view .LVU1008
 483:Drivers/STM32F1xx_HAL_Driver/Src/stm32f1xx_hal_rtc.c **** }
 3147              		.loc 1 483 3 view .LVU1009
 483:Drivers/STM32F1xx_HAL_Driver/Src/stm32f1xx_hal_rtc.c **** }
 3148              		.loc 1 483 10 is_stmt 0 view .LVU1010
 3149 0070 D4E7     		b	.L223
 3150              	.LVL296:
 3151              	.L226:
 416:Drivers/STM32F1xx_HAL_Driver/Src/stm32f1xx_hal_rtc.c ****   }
 3152              		.loc 1 416 12 view .LVU1011
 3153 0072 0125     		movs	r5, #1
 3154 0074 D2E7     		b	.L223
 3155              		.cfi_endproc
 3156              	.LFE66:
 3158              		.text
 3159              	.Letext0:
 3160              		.file 2 "e:\\gcc-arm-none-eabi\\arm-none-eabi\\include\\machine\\_default_types.h"
 3161              		.file 3 "e:\\gcc-arm-none-eabi\\arm-none-eabi\\include\\sys\\_stdint.h"
 3162              		.file 4 "Drivers/CMSIS/Device/ST/STM32F1xx/Include/stm32f105xc.h"
 3163              		.file 5 "Drivers/CMSIS/Device/ST/STM32F1xx/Include/stm32f1xx.h"
 3164              		.file 6 "Drivers/STM32F1xx_HAL_Driver/Inc/stm32f1xx_hal_def.h"
 3165              		.file 7 "Drivers/STM32F1xx_HAL_Driver/Inc/stm32f1xx_hal_rtc.h"
 3166              		.file 8 "Drivers/STM32F1xx_HAL_Driver/Inc/stm32f1xx_hal.h"
 3167              		.file 9 "Drivers/STM32F1xx_HAL_Driver/Inc/stm32f1xx_hal_rcc_ex.h"
ARM GAS  C:\Users\ride_pig\AppData\Local\Temp\ccyvwVwa.s 			page 106


DEFINED SYMBOLS
                            *ABS*:00000000 stm32f1xx_hal_rtc.c
C:\Users\ride_pig\AppData\Local\Temp\ccyvwVwa.s:18     .text.RTC_ReadTimeCounter:00000000 $t
C:\Users\ride_pig\AppData\Local\Temp\ccyvwVwa.s:23     .text.RTC_ReadTimeCounter:00000000 RTC_ReadTimeCounter
C:\Users\ride_pig\AppData\Local\Temp\ccyvwVwa.s:87     .text.RTC_ReadAlarmCounter:00000000 $t
C:\Users\ride_pig\AppData\Local\Temp\ccyvwVwa.s:92     .text.RTC_ReadAlarmCounter:00000000 RTC_ReadAlarmCounter
C:\Users\ride_pig\AppData\Local\Temp\ccyvwVwa.s:122    .text.RTC_ByteToBcd2:00000000 $t
C:\Users\ride_pig\AppData\Local\Temp\ccyvwVwa.s:127    .text.RTC_ByteToBcd2:00000000 RTC_ByteToBcd2
C:\Users\ride_pig\AppData\Local\Temp\ccyvwVwa.s:173    .text.RTC_Bcd2ToByte:00000000 $t
C:\Users\ride_pig\AppData\Local\Temp\ccyvwVwa.s:178    .text.RTC_Bcd2ToByte:00000000 RTC_Bcd2ToByte
C:\Users\ride_pig\AppData\Local\Temp\ccyvwVwa.s:206    .text.RTC_IsLeapYear:00000000 $t
C:\Users\ride_pig\AppData\Local\Temp\ccyvwVwa.s:211    .text.RTC_IsLeapYear:00000000 RTC_IsLeapYear
C:\Users\ride_pig\AppData\Local\Temp\ccyvwVwa.s:270    .text.RTC_IsLeapYear:0000003c $d
C:\Users\ride_pig\AppData\Local\Temp\ccyvwVwa.s:275    .text.RTC_WeekDayNum:00000000 $t
C:\Users\ride_pig\AppData\Local\Temp\ccyvwVwa.s:280    .text.RTC_WeekDayNum:00000000 RTC_WeekDayNum
C:\Users\ride_pig\AppData\Local\Temp\ccyvwVwa.s:384    .text.RTC_WeekDayNum:0000008c $d
C:\Users\ride_pig\AppData\Local\Temp\ccyvwVwa.s:391    .text.RTC_DateUpdate:00000000 $t
C:\Users\ride_pig\AppData\Local\Temp\ccyvwVwa.s:396    .text.RTC_DateUpdate:00000000 RTC_DateUpdate
C:\Users\ride_pig\AppData\Local\Temp\ccyvwVwa.s:595    .text.RTC_EnterInitMode:00000000 $t
C:\Users\ride_pig\AppData\Local\Temp\ccyvwVwa.s:600    .text.RTC_EnterInitMode:00000000 RTC_EnterInitMode
C:\Users\ride_pig\AppData\Local\Temp\ccyvwVwa.s:663    .text.RTC_ExitInitMode:00000000 $t
C:\Users\ride_pig\AppData\Local\Temp\ccyvwVwa.s:668    .text.RTC_ExitInitMode:00000000 RTC_ExitInitMode
C:\Users\ride_pig\AppData\Local\Temp\ccyvwVwa.s:731    .text.RTC_WriteTimeCounter:00000000 $t
C:\Users\ride_pig\AppData\Local\Temp\ccyvwVwa.s:736    .text.RTC_WriteTimeCounter:00000000 RTC_WriteTimeCounter
C:\Users\ride_pig\AppData\Local\Temp\ccyvwVwa.s:795    .text.RTC_WriteAlarmCounter:00000000 $t
C:\Users\ride_pig\AppData\Local\Temp\ccyvwVwa.s:800    .text.RTC_WriteAlarmCounter:00000000 RTC_WriteAlarmCounter
C:\Users\ride_pig\AppData\Local\Temp\ccyvwVwa.s:859    .text.HAL_RTC_MspInit:00000000 $t
C:\Users\ride_pig\AppData\Local\Temp\ccyvwVwa.s:865    .text.HAL_RTC_MspInit:00000000 HAL_RTC_MspInit
C:\Users\ride_pig\AppData\Local\Temp\ccyvwVwa.s:880    .text.HAL_RTC_MspDeInit:00000000 $t
C:\Users\ride_pig\AppData\Local\Temp\ccyvwVwa.s:886    .text.HAL_RTC_MspDeInit:00000000 HAL_RTC_MspDeInit
C:\Users\ride_pig\AppData\Local\Temp\ccyvwVwa.s:901    .text.HAL_RTC_SetTime:00000000 $t
C:\Users\ride_pig\AppData\Local\Temp\ccyvwVwa.s:907    .text.HAL_RTC_SetTime:00000000 HAL_RTC_SetTime
C:\Users\ride_pig\AppData\Local\Temp\ccyvwVwa.s:1111   .text.HAL_RTC_GetTime:00000000 $t
C:\Users\ride_pig\AppData\Local\Temp\ccyvwVwa.s:1117   .text.HAL_RTC_GetTime:00000000 HAL_RTC_GetTime
C:\Users\ride_pig\AppData\Local\Temp\ccyvwVwa.s:1378   .text.HAL_RTC_GetTime:000000f8 $d
C:\Users\ride_pig\AppData\Local\Temp\ccyvwVwa.s:1387   .text.HAL_RTC_SetDate:00000000 $t
C:\Users\ride_pig\AppData\Local\Temp\ccyvwVwa.s:1393   .text.HAL_RTC_SetDate:00000000 HAL_RTC_SetDate
C:\Users\ride_pig\AppData\Local\Temp\ccyvwVwa.s:1633   .text.HAL_RTC_SetDate:000000c8 $d
C:\Users\ride_pig\AppData\Local\Temp\ccyvwVwa.s:1640   .text.HAL_RTC_GetDate:00000000 $t
C:\Users\ride_pig\AppData\Local\Temp\ccyvwVwa.s:1646   .text.HAL_RTC_GetDate:00000000 HAL_RTC_GetDate
C:\Users\ride_pig\AppData\Local\Temp\ccyvwVwa.s:1767   .text.HAL_RTC_SetAlarm:00000000 $t
C:\Users\ride_pig\AppData\Local\Temp\ccyvwVwa.s:1773   .text.HAL_RTC_SetAlarm:00000000 HAL_RTC_SetAlarm
C:\Users\ride_pig\AppData\Local\Temp\ccyvwVwa.s:1990   .text.HAL_RTC_SetAlarm_IT:00000000 $t
C:\Users\ride_pig\AppData\Local\Temp\ccyvwVwa.s:1996   .text.HAL_RTC_SetAlarm_IT:00000000 HAL_RTC_SetAlarm_IT
C:\Users\ride_pig\AppData\Local\Temp\ccyvwVwa.s:2231   .text.HAL_RTC_SetAlarm_IT:000000f0 $d
C:\Users\ride_pig\AppData\Local\Temp\ccyvwVwa.s:2236   .text.HAL_RTC_GetAlarm:00000000 $t
C:\Users\ride_pig\AppData\Local\Temp\ccyvwVwa.s:2242   .text.HAL_RTC_GetAlarm:00000000 HAL_RTC_GetAlarm
C:\Users\ride_pig\AppData\Local\Temp\ccyvwVwa.s:2380   .text.HAL_RTC_GetAlarm:00000078 $d
C:\Users\ride_pig\AppData\Local\Temp\ccyvwVwa.s:2387   .text.HAL_RTC_DeactivateAlarm:00000000 $t
C:\Users\ride_pig\AppData\Local\Temp\ccyvwVwa.s:2393   .text.HAL_RTC_DeactivateAlarm:00000000 HAL_RTC_DeactivateAlarm
C:\Users\ride_pig\AppData\Local\Temp\ccyvwVwa.s:2529   .text.HAL_RTC_DeactivateAlarm:00000078 $d
C:\Users\ride_pig\AppData\Local\Temp\ccyvwVwa.s:2534   .text.HAL_RTC_AlarmAEventCallback:00000000 $t
C:\Users\ride_pig\AppData\Local\Temp\ccyvwVwa.s:2540   .text.HAL_RTC_AlarmAEventCallback:00000000 HAL_RTC_AlarmAEventCallback
C:\Users\ride_pig\AppData\Local\Temp\ccyvwVwa.s:2555   .text.HAL_RTC_AlarmIRQHandler:00000000 $t
C:\Users\ride_pig\AppData\Local\Temp\ccyvwVwa.s:2561   .text.HAL_RTC_AlarmIRQHandler:00000000 HAL_RTC_AlarmIRQHandler
C:\Users\ride_pig\AppData\Local\Temp\ccyvwVwa.s:2614   .text.HAL_RTC_AlarmIRQHandler:00000034 $d
C:\Users\ride_pig\AppData\Local\Temp\ccyvwVwa.s:2619   .text.HAL_RTC_PollForAlarmAEvent:00000000 $t
ARM GAS  C:\Users\ride_pig\AppData\Local\Temp\ccyvwVwa.s 			page 107


C:\Users\ride_pig\AppData\Local\Temp\ccyvwVwa.s:2625   .text.HAL_RTC_PollForAlarmAEvent:00000000 HAL_RTC_PollForAlarmAEvent
C:\Users\ride_pig\AppData\Local\Temp\ccyvwVwa.s:2710   .text.HAL_RTC_GetState:00000000 $t
C:\Users\ride_pig\AppData\Local\Temp\ccyvwVwa.s:2716   .text.HAL_RTC_GetState:00000000 HAL_RTC_GetState
C:\Users\ride_pig\AppData\Local\Temp\ccyvwVwa.s:2734   .text.HAL_RTC_WaitForSynchro:00000000 $t
C:\Users\ride_pig\AppData\Local\Temp\ccyvwVwa.s:2740   .text.HAL_RTC_WaitForSynchro:00000000 HAL_RTC_WaitForSynchro
C:\Users\ride_pig\AppData\Local\Temp\ccyvwVwa.s:2817   .text.HAL_RTC_Init:00000000 $t
C:\Users\ride_pig\AppData\Local\Temp\ccyvwVwa.s:2823   .text.HAL_RTC_Init:00000000 HAL_RTC_Init
C:\Users\ride_pig\AppData\Local\Temp\ccyvwVwa.s:3023   .text.HAL_RTC_Init:000000b8 $d
C:\Users\ride_pig\AppData\Local\Temp\ccyvwVwa.s:3028   .text.HAL_RTC_DeInit:00000000 $t
C:\Users\ride_pig\AppData\Local\Temp\ccyvwVwa.s:3034   .text.HAL_RTC_DeInit:00000000 HAL_RTC_DeInit

UNDEFINED SYMBOLS
HAL_GetTick
HAL_RCCEx_GetPeriphCLKFreq
