ARM GAS  C:\Users\ride_pig\AppData\Local\Temp\ccPlGaWa.s 			page 1


   1              		.cpu cortex-m3
   2              		.arch armv7-m
   3              		.fpu softvfp
   4              		.eabi_attribute 20, 1
   5              		.eabi_attribute 21, 1
   6              		.eabi_attribute 23, 3
   7              		.eabi_attribute 24, 1
   8              		.eabi_attribute 25, 1
   9              		.eabi_attribute 26, 1
  10              		.eabi_attribute 30, 1
  11              		.eabi_attribute 34, 1
  12              		.eabi_attribute 18, 4
  13              		.file	"stm32f1xx_hal_tim_ex.c"
  14              		.text
  15              	.Ltext0:
  16              		.cfi_sections	.debug_frame
  17              		.section	.text.TIM_CCxNChannelCmd,"ax",%progbits
  18              		.align	1
  19              		.syntax unified
  20              		.thumb
  21              		.thumb_func
  23              	TIM_CCxNChannelCmd:
  24              	.LVL0:
  25              	.LFB106:
  26              		.file 1 "Drivers/STM32F1xx_HAL_Driver/Src/stm32f1xx_hal_tim_ex.c"
   1:Drivers/STM32F1xx_HAL_Driver/Src/stm32f1xx_hal_tim_ex.c **** /**
   2:Drivers/STM32F1xx_HAL_Driver/Src/stm32f1xx_hal_tim_ex.c ****   ******************************************************************************
   3:Drivers/STM32F1xx_HAL_Driver/Src/stm32f1xx_hal_tim_ex.c ****   * @file    stm32f1xx_hal_tim_ex.c
   4:Drivers/STM32F1xx_HAL_Driver/Src/stm32f1xx_hal_tim_ex.c ****   * @author  MCD Application Team
   5:Drivers/STM32F1xx_HAL_Driver/Src/stm32f1xx_hal_tim_ex.c ****   * @brief   TIM HAL module driver.
   6:Drivers/STM32F1xx_HAL_Driver/Src/stm32f1xx_hal_tim_ex.c ****   *          This file provides firmware functions to manage the following
   7:Drivers/STM32F1xx_HAL_Driver/Src/stm32f1xx_hal_tim_ex.c ****   *          functionalities of the Timer Extended peripheral:
   8:Drivers/STM32F1xx_HAL_Driver/Src/stm32f1xx_hal_tim_ex.c ****   *           + Time Hall Sensor Interface Initialization
   9:Drivers/STM32F1xx_HAL_Driver/Src/stm32f1xx_hal_tim_ex.c ****   *           + Time Hall Sensor Interface Start
  10:Drivers/STM32F1xx_HAL_Driver/Src/stm32f1xx_hal_tim_ex.c ****   *           + Time Complementary signal break and dead time configuration
  11:Drivers/STM32F1xx_HAL_Driver/Src/stm32f1xx_hal_tim_ex.c ****   *           + Time Master and Slave synchronization configuration
  12:Drivers/STM32F1xx_HAL_Driver/Src/stm32f1xx_hal_tim_ex.c ****   *           + Timer remapping capabilities configuration
  13:Drivers/STM32F1xx_HAL_Driver/Src/stm32f1xx_hal_tim_ex.c ****   @verbatim
  14:Drivers/STM32F1xx_HAL_Driver/Src/stm32f1xx_hal_tim_ex.c ****   ==============================================================================
  15:Drivers/STM32F1xx_HAL_Driver/Src/stm32f1xx_hal_tim_ex.c ****                       ##### TIMER Extended features #####
  16:Drivers/STM32F1xx_HAL_Driver/Src/stm32f1xx_hal_tim_ex.c ****   ==============================================================================
  17:Drivers/STM32F1xx_HAL_Driver/Src/stm32f1xx_hal_tim_ex.c ****   [..]
  18:Drivers/STM32F1xx_HAL_Driver/Src/stm32f1xx_hal_tim_ex.c ****     The Timer Extended features include:
  19:Drivers/STM32F1xx_HAL_Driver/Src/stm32f1xx_hal_tim_ex.c ****     (#) Complementary outputs with programmable dead-time for :
  20:Drivers/STM32F1xx_HAL_Driver/Src/stm32f1xx_hal_tim_ex.c ****         (++) Output Compare
  21:Drivers/STM32F1xx_HAL_Driver/Src/stm32f1xx_hal_tim_ex.c ****         (++) PWM generation (Edge and Center-aligned Mode)
  22:Drivers/STM32F1xx_HAL_Driver/Src/stm32f1xx_hal_tim_ex.c ****         (++) One-pulse mode output
  23:Drivers/STM32F1xx_HAL_Driver/Src/stm32f1xx_hal_tim_ex.c ****     (#) Synchronization circuit to control the timer with external signals and to
  24:Drivers/STM32F1xx_HAL_Driver/Src/stm32f1xx_hal_tim_ex.c ****         interconnect several timers together.
  25:Drivers/STM32F1xx_HAL_Driver/Src/stm32f1xx_hal_tim_ex.c ****     (#) Break input to put the timer output signals in reset state or in a known state.
  26:Drivers/STM32F1xx_HAL_Driver/Src/stm32f1xx_hal_tim_ex.c ****     (#) Supports incremental (quadrature) encoder and hall-sensor circuitry for
  27:Drivers/STM32F1xx_HAL_Driver/Src/stm32f1xx_hal_tim_ex.c ****         positioning purposes
  28:Drivers/STM32F1xx_HAL_Driver/Src/stm32f1xx_hal_tim_ex.c **** 
  29:Drivers/STM32F1xx_HAL_Driver/Src/stm32f1xx_hal_tim_ex.c ****             ##### How to use this driver #####
  30:Drivers/STM32F1xx_HAL_Driver/Src/stm32f1xx_hal_tim_ex.c ****   ==============================================================================
  31:Drivers/STM32F1xx_HAL_Driver/Src/stm32f1xx_hal_tim_ex.c ****     [..]
  32:Drivers/STM32F1xx_HAL_Driver/Src/stm32f1xx_hal_tim_ex.c ****      (#) Initialize the TIM low level resources by implementing the following functions
ARM GAS  C:\Users\ride_pig\AppData\Local\Temp\ccPlGaWa.s 			page 2


  33:Drivers/STM32F1xx_HAL_Driver/Src/stm32f1xx_hal_tim_ex.c ****          depending on the selected feature:
  34:Drivers/STM32F1xx_HAL_Driver/Src/stm32f1xx_hal_tim_ex.c ****            (++) Hall Sensor output : HAL_TIMEx_HallSensor_MspInit()
  35:Drivers/STM32F1xx_HAL_Driver/Src/stm32f1xx_hal_tim_ex.c **** 
  36:Drivers/STM32F1xx_HAL_Driver/Src/stm32f1xx_hal_tim_ex.c ****      (#) Initialize the TIM low level resources :
  37:Drivers/STM32F1xx_HAL_Driver/Src/stm32f1xx_hal_tim_ex.c ****         (##) Enable the TIM interface clock using __HAL_RCC_TIMx_CLK_ENABLE();
  38:Drivers/STM32F1xx_HAL_Driver/Src/stm32f1xx_hal_tim_ex.c ****         (##) TIM pins configuration
  39:Drivers/STM32F1xx_HAL_Driver/Src/stm32f1xx_hal_tim_ex.c ****             (+++) Enable the clock for the TIM GPIOs using the following function:
  40:Drivers/STM32F1xx_HAL_Driver/Src/stm32f1xx_hal_tim_ex.c ****               __HAL_RCC_GPIOx_CLK_ENABLE();
  41:Drivers/STM32F1xx_HAL_Driver/Src/stm32f1xx_hal_tim_ex.c ****             (+++) Configure these TIM pins in Alternate function mode using HAL_GPIO_Init();
  42:Drivers/STM32F1xx_HAL_Driver/Src/stm32f1xx_hal_tim_ex.c **** 
  43:Drivers/STM32F1xx_HAL_Driver/Src/stm32f1xx_hal_tim_ex.c ****      (#) The external Clock can be configured, if needed (the default clock is the
  44:Drivers/STM32F1xx_HAL_Driver/Src/stm32f1xx_hal_tim_ex.c ****          internal clock from the APBx), using the following function:
  45:Drivers/STM32F1xx_HAL_Driver/Src/stm32f1xx_hal_tim_ex.c ****          HAL_TIM_ConfigClockSource, the clock configuration should be done before
  46:Drivers/STM32F1xx_HAL_Driver/Src/stm32f1xx_hal_tim_ex.c ****          any start function.
  47:Drivers/STM32F1xx_HAL_Driver/Src/stm32f1xx_hal_tim_ex.c **** 
  48:Drivers/STM32F1xx_HAL_Driver/Src/stm32f1xx_hal_tim_ex.c ****      (#) Configure the TIM in the desired functioning mode using one of the
  49:Drivers/STM32F1xx_HAL_Driver/Src/stm32f1xx_hal_tim_ex.c ****          initialization function of this driver:
  50:Drivers/STM32F1xx_HAL_Driver/Src/stm32f1xx_hal_tim_ex.c ****           (++) HAL_TIMEx_HallSensor_Init() and HAL_TIMEx_ConfigCommutEvent(): to use the
  51:Drivers/STM32F1xx_HAL_Driver/Src/stm32f1xx_hal_tim_ex.c ****                Timer Hall Sensor Interface and the commutation event with the corresponding
  52:Drivers/STM32F1xx_HAL_Driver/Src/stm32f1xx_hal_tim_ex.c ****                Interrupt and DMA request if needed (Note that One Timer is used to interface
  53:Drivers/STM32F1xx_HAL_Driver/Src/stm32f1xx_hal_tim_ex.c ****                with the Hall sensor Interface and another Timer should be used to use
  54:Drivers/STM32F1xx_HAL_Driver/Src/stm32f1xx_hal_tim_ex.c ****                the commutation event).
  55:Drivers/STM32F1xx_HAL_Driver/Src/stm32f1xx_hal_tim_ex.c **** 
  56:Drivers/STM32F1xx_HAL_Driver/Src/stm32f1xx_hal_tim_ex.c ****      (#) Activate the TIM peripheral using one of the start functions:
  57:Drivers/STM32F1xx_HAL_Driver/Src/stm32f1xx_hal_tim_ex.c ****            (++) Complementary Output Compare : HAL_TIMEx_OCN_Start(), HAL_TIMEx_OCN_Start_DMA(),
  58:Drivers/STM32F1xx_HAL_Driver/Src/stm32f1xx_hal_tim_ex.c ****                 HAL_TIMEx_OCN_Start_IT()
  59:Drivers/STM32F1xx_HAL_Driver/Src/stm32f1xx_hal_tim_ex.c ****            (++) Complementary PWM generation : HAL_TIMEx_PWMN_Start(), HAL_TIMEx_PWMN_Start_DMA(),
  60:Drivers/STM32F1xx_HAL_Driver/Src/stm32f1xx_hal_tim_ex.c ****                 HAL_TIMEx_PWMN_Start_IT()
  61:Drivers/STM32F1xx_HAL_Driver/Src/stm32f1xx_hal_tim_ex.c ****            (++) Complementary One-pulse mode output : HAL_TIMEx_OnePulseN_Start(), HAL_TIMEx_OnePul
  62:Drivers/STM32F1xx_HAL_Driver/Src/stm32f1xx_hal_tim_ex.c ****            (++) Hall Sensor output : HAL_TIMEx_HallSensor_Start(), HAL_TIMEx_HallSensor_Start_DMA()
  63:Drivers/STM32F1xx_HAL_Driver/Src/stm32f1xx_hal_tim_ex.c ****                 HAL_TIMEx_HallSensor_Start_IT().
  64:Drivers/STM32F1xx_HAL_Driver/Src/stm32f1xx_hal_tim_ex.c **** 
  65:Drivers/STM32F1xx_HAL_Driver/Src/stm32f1xx_hal_tim_ex.c ****   @endverbatim
  66:Drivers/STM32F1xx_HAL_Driver/Src/stm32f1xx_hal_tim_ex.c ****   ******************************************************************************
  67:Drivers/STM32F1xx_HAL_Driver/Src/stm32f1xx_hal_tim_ex.c ****   * @attention
  68:Drivers/STM32F1xx_HAL_Driver/Src/stm32f1xx_hal_tim_ex.c ****   *
  69:Drivers/STM32F1xx_HAL_Driver/Src/stm32f1xx_hal_tim_ex.c ****   * <h2><center>&copy; Copyright (c) 2016 STMicroelectronics.
  70:Drivers/STM32F1xx_HAL_Driver/Src/stm32f1xx_hal_tim_ex.c ****   * All rights reserved.</center></h2>
  71:Drivers/STM32F1xx_HAL_Driver/Src/stm32f1xx_hal_tim_ex.c ****   *
  72:Drivers/STM32F1xx_HAL_Driver/Src/stm32f1xx_hal_tim_ex.c ****   * This software component is licensed by ST under BSD 3-Clause license,
  73:Drivers/STM32F1xx_HAL_Driver/Src/stm32f1xx_hal_tim_ex.c ****   * the "License"; You may not use this file except in compliance with the
  74:Drivers/STM32F1xx_HAL_Driver/Src/stm32f1xx_hal_tim_ex.c ****   * License. You may obtain a copy of the License at:
  75:Drivers/STM32F1xx_HAL_Driver/Src/stm32f1xx_hal_tim_ex.c ****   *                        opensource.org/licenses/BSD-3-Clause
  76:Drivers/STM32F1xx_HAL_Driver/Src/stm32f1xx_hal_tim_ex.c ****   *
  77:Drivers/STM32F1xx_HAL_Driver/Src/stm32f1xx_hal_tim_ex.c ****   ******************************************************************************
  78:Drivers/STM32F1xx_HAL_Driver/Src/stm32f1xx_hal_tim_ex.c ****   */
  79:Drivers/STM32F1xx_HAL_Driver/Src/stm32f1xx_hal_tim_ex.c **** 
  80:Drivers/STM32F1xx_HAL_Driver/Src/stm32f1xx_hal_tim_ex.c **** /* Includes ------------------------------------------------------------------*/
  81:Drivers/STM32F1xx_HAL_Driver/Src/stm32f1xx_hal_tim_ex.c **** #include "stm32f1xx_hal.h"
  82:Drivers/STM32F1xx_HAL_Driver/Src/stm32f1xx_hal_tim_ex.c **** 
  83:Drivers/STM32F1xx_HAL_Driver/Src/stm32f1xx_hal_tim_ex.c **** /** @addtogroup STM32F1xx_HAL_Driver
  84:Drivers/STM32F1xx_HAL_Driver/Src/stm32f1xx_hal_tim_ex.c ****   * @{
  85:Drivers/STM32F1xx_HAL_Driver/Src/stm32f1xx_hal_tim_ex.c ****   */
  86:Drivers/STM32F1xx_HAL_Driver/Src/stm32f1xx_hal_tim_ex.c **** 
  87:Drivers/STM32F1xx_HAL_Driver/Src/stm32f1xx_hal_tim_ex.c **** /** @defgroup TIMEx TIMEx
  88:Drivers/STM32F1xx_HAL_Driver/Src/stm32f1xx_hal_tim_ex.c ****   * @brief TIM Extended HAL module driver
  89:Drivers/STM32F1xx_HAL_Driver/Src/stm32f1xx_hal_tim_ex.c ****   * @{
ARM GAS  C:\Users\ride_pig\AppData\Local\Temp\ccPlGaWa.s 			page 3


  90:Drivers/STM32F1xx_HAL_Driver/Src/stm32f1xx_hal_tim_ex.c ****   */
  91:Drivers/STM32F1xx_HAL_Driver/Src/stm32f1xx_hal_tim_ex.c **** 
  92:Drivers/STM32F1xx_HAL_Driver/Src/stm32f1xx_hal_tim_ex.c **** #ifdef HAL_TIM_MODULE_ENABLED
  93:Drivers/STM32F1xx_HAL_Driver/Src/stm32f1xx_hal_tim_ex.c **** 
  94:Drivers/STM32F1xx_HAL_Driver/Src/stm32f1xx_hal_tim_ex.c **** /* Private typedef -----------------------------------------------------------*/
  95:Drivers/STM32F1xx_HAL_Driver/Src/stm32f1xx_hal_tim_ex.c **** /* Private define ------------------------------------------------------------*/
  96:Drivers/STM32F1xx_HAL_Driver/Src/stm32f1xx_hal_tim_ex.c **** /* Private macros ------------------------------------------------------------*/
  97:Drivers/STM32F1xx_HAL_Driver/Src/stm32f1xx_hal_tim_ex.c **** /* Private variables ---------------------------------------------------------*/
  98:Drivers/STM32F1xx_HAL_Driver/Src/stm32f1xx_hal_tim_ex.c **** /* Private function prototypes -----------------------------------------------*/
  99:Drivers/STM32F1xx_HAL_Driver/Src/stm32f1xx_hal_tim_ex.c **** static void TIM_DMADelayPulseNCplt(DMA_HandleTypeDef *hdma);
 100:Drivers/STM32F1xx_HAL_Driver/Src/stm32f1xx_hal_tim_ex.c **** static void TIM_DMAErrorCCxN(DMA_HandleTypeDef *hdma);
 101:Drivers/STM32F1xx_HAL_Driver/Src/stm32f1xx_hal_tim_ex.c **** static void TIM_CCxNChannelCmd(TIM_TypeDef *TIMx, uint32_t Channel, uint32_t ChannelNState);
 102:Drivers/STM32F1xx_HAL_Driver/Src/stm32f1xx_hal_tim_ex.c **** 
 103:Drivers/STM32F1xx_HAL_Driver/Src/stm32f1xx_hal_tim_ex.c **** /* Exported functions --------------------------------------------------------*/
 104:Drivers/STM32F1xx_HAL_Driver/Src/stm32f1xx_hal_tim_ex.c **** /** @defgroup TIMEx_Exported_Functions TIM Extended Exported Functions
 105:Drivers/STM32F1xx_HAL_Driver/Src/stm32f1xx_hal_tim_ex.c ****   * @{
 106:Drivers/STM32F1xx_HAL_Driver/Src/stm32f1xx_hal_tim_ex.c ****   */
 107:Drivers/STM32F1xx_HAL_Driver/Src/stm32f1xx_hal_tim_ex.c **** 
 108:Drivers/STM32F1xx_HAL_Driver/Src/stm32f1xx_hal_tim_ex.c **** /** @defgroup TIMEx_Exported_Functions_Group1 Extended Timer Hall Sensor functions
 109:Drivers/STM32F1xx_HAL_Driver/Src/stm32f1xx_hal_tim_ex.c ****   * @brief    Timer Hall Sensor functions
 110:Drivers/STM32F1xx_HAL_Driver/Src/stm32f1xx_hal_tim_ex.c ****   *
 111:Drivers/STM32F1xx_HAL_Driver/Src/stm32f1xx_hal_tim_ex.c **** @verbatim
 112:Drivers/STM32F1xx_HAL_Driver/Src/stm32f1xx_hal_tim_ex.c ****   ==============================================================================
 113:Drivers/STM32F1xx_HAL_Driver/Src/stm32f1xx_hal_tim_ex.c ****                       ##### Timer Hall Sensor functions #####
 114:Drivers/STM32F1xx_HAL_Driver/Src/stm32f1xx_hal_tim_ex.c ****   ==============================================================================
 115:Drivers/STM32F1xx_HAL_Driver/Src/stm32f1xx_hal_tim_ex.c ****   [..]
 116:Drivers/STM32F1xx_HAL_Driver/Src/stm32f1xx_hal_tim_ex.c ****     This section provides functions allowing to:
 117:Drivers/STM32F1xx_HAL_Driver/Src/stm32f1xx_hal_tim_ex.c ****     (+) Initialize and configure TIM HAL Sensor.
 118:Drivers/STM32F1xx_HAL_Driver/Src/stm32f1xx_hal_tim_ex.c ****     (+) De-initialize TIM HAL Sensor.
 119:Drivers/STM32F1xx_HAL_Driver/Src/stm32f1xx_hal_tim_ex.c ****     (+) Start the Hall Sensor Interface.
 120:Drivers/STM32F1xx_HAL_Driver/Src/stm32f1xx_hal_tim_ex.c ****     (+) Stop the Hall Sensor Interface.
 121:Drivers/STM32F1xx_HAL_Driver/Src/stm32f1xx_hal_tim_ex.c ****     (+) Start the Hall Sensor Interface and enable interrupts.
 122:Drivers/STM32F1xx_HAL_Driver/Src/stm32f1xx_hal_tim_ex.c ****     (+) Stop the Hall Sensor Interface and disable interrupts.
 123:Drivers/STM32F1xx_HAL_Driver/Src/stm32f1xx_hal_tim_ex.c ****     (+) Start the Hall Sensor Interface and enable DMA transfers.
 124:Drivers/STM32F1xx_HAL_Driver/Src/stm32f1xx_hal_tim_ex.c ****     (+) Stop the Hall Sensor Interface and disable DMA transfers.
 125:Drivers/STM32F1xx_HAL_Driver/Src/stm32f1xx_hal_tim_ex.c **** 
 126:Drivers/STM32F1xx_HAL_Driver/Src/stm32f1xx_hal_tim_ex.c **** @endverbatim
 127:Drivers/STM32F1xx_HAL_Driver/Src/stm32f1xx_hal_tim_ex.c ****   * @{
 128:Drivers/STM32F1xx_HAL_Driver/Src/stm32f1xx_hal_tim_ex.c ****   */
 129:Drivers/STM32F1xx_HAL_Driver/Src/stm32f1xx_hal_tim_ex.c **** /**
 130:Drivers/STM32F1xx_HAL_Driver/Src/stm32f1xx_hal_tim_ex.c ****   * @brief  Initializes the TIM Hall Sensor Interface and initialize the associated handle.
 131:Drivers/STM32F1xx_HAL_Driver/Src/stm32f1xx_hal_tim_ex.c ****   * @note   When the timer instance is initialized in Hall Sensor Interface mode,
 132:Drivers/STM32F1xx_HAL_Driver/Src/stm32f1xx_hal_tim_ex.c ****   *         timer channels 1 and channel 2 are reserved and cannot be used for
 133:Drivers/STM32F1xx_HAL_Driver/Src/stm32f1xx_hal_tim_ex.c ****   *         other purpose.
 134:Drivers/STM32F1xx_HAL_Driver/Src/stm32f1xx_hal_tim_ex.c ****   * @param  htim TIM Hall Sensor Interface handle
 135:Drivers/STM32F1xx_HAL_Driver/Src/stm32f1xx_hal_tim_ex.c ****   * @param  sConfig TIM Hall Sensor configuration structure
 136:Drivers/STM32F1xx_HAL_Driver/Src/stm32f1xx_hal_tim_ex.c ****   * @retval HAL status
 137:Drivers/STM32F1xx_HAL_Driver/Src/stm32f1xx_hal_tim_ex.c ****   */
 138:Drivers/STM32F1xx_HAL_Driver/Src/stm32f1xx_hal_tim_ex.c **** HAL_StatusTypeDef HAL_TIMEx_HallSensor_Init(TIM_HandleTypeDef *htim, TIM_HallSensor_InitTypeDef *sC
 139:Drivers/STM32F1xx_HAL_Driver/Src/stm32f1xx_hal_tim_ex.c **** {
 140:Drivers/STM32F1xx_HAL_Driver/Src/stm32f1xx_hal_tim_ex.c ****   TIM_OC_InitTypeDef OC_Config;
 141:Drivers/STM32F1xx_HAL_Driver/Src/stm32f1xx_hal_tim_ex.c **** 
 142:Drivers/STM32F1xx_HAL_Driver/Src/stm32f1xx_hal_tim_ex.c ****   /* Check the TIM handle allocation */
 143:Drivers/STM32F1xx_HAL_Driver/Src/stm32f1xx_hal_tim_ex.c ****   if (htim == NULL)
 144:Drivers/STM32F1xx_HAL_Driver/Src/stm32f1xx_hal_tim_ex.c ****   {
 145:Drivers/STM32F1xx_HAL_Driver/Src/stm32f1xx_hal_tim_ex.c ****     return HAL_ERROR;
 146:Drivers/STM32F1xx_HAL_Driver/Src/stm32f1xx_hal_tim_ex.c ****   }
ARM GAS  C:\Users\ride_pig\AppData\Local\Temp\ccPlGaWa.s 			page 4


 147:Drivers/STM32F1xx_HAL_Driver/Src/stm32f1xx_hal_tim_ex.c **** 
 148:Drivers/STM32F1xx_HAL_Driver/Src/stm32f1xx_hal_tim_ex.c ****   /* Check the parameters */
 149:Drivers/STM32F1xx_HAL_Driver/Src/stm32f1xx_hal_tim_ex.c ****   assert_param(IS_TIM_HALL_SENSOR_INTERFACE_INSTANCE(htim->Instance));
 150:Drivers/STM32F1xx_HAL_Driver/Src/stm32f1xx_hal_tim_ex.c ****   assert_param(IS_TIM_COUNTER_MODE(htim->Init.CounterMode));
 151:Drivers/STM32F1xx_HAL_Driver/Src/stm32f1xx_hal_tim_ex.c ****   assert_param(IS_TIM_CLOCKDIVISION_DIV(htim->Init.ClockDivision));
 152:Drivers/STM32F1xx_HAL_Driver/Src/stm32f1xx_hal_tim_ex.c ****   assert_param(IS_TIM_AUTORELOAD_PRELOAD(htim->Init.AutoReloadPreload));
 153:Drivers/STM32F1xx_HAL_Driver/Src/stm32f1xx_hal_tim_ex.c ****   assert_param(IS_TIM_IC_POLARITY(sConfig->IC1Polarity));
 154:Drivers/STM32F1xx_HAL_Driver/Src/stm32f1xx_hal_tim_ex.c ****   assert_param(IS_TIM_IC_PRESCALER(sConfig->IC1Prescaler));
 155:Drivers/STM32F1xx_HAL_Driver/Src/stm32f1xx_hal_tim_ex.c ****   assert_param(IS_TIM_IC_FILTER(sConfig->IC1Filter));
 156:Drivers/STM32F1xx_HAL_Driver/Src/stm32f1xx_hal_tim_ex.c **** 
 157:Drivers/STM32F1xx_HAL_Driver/Src/stm32f1xx_hal_tim_ex.c ****   if (htim->State == HAL_TIM_STATE_RESET)
 158:Drivers/STM32F1xx_HAL_Driver/Src/stm32f1xx_hal_tim_ex.c ****   {
 159:Drivers/STM32F1xx_HAL_Driver/Src/stm32f1xx_hal_tim_ex.c ****     /* Allocate lock resource and initialize it */
 160:Drivers/STM32F1xx_HAL_Driver/Src/stm32f1xx_hal_tim_ex.c ****     htim->Lock = HAL_UNLOCKED;
 161:Drivers/STM32F1xx_HAL_Driver/Src/stm32f1xx_hal_tim_ex.c **** 
 162:Drivers/STM32F1xx_HAL_Driver/Src/stm32f1xx_hal_tim_ex.c **** #if (USE_HAL_TIM_REGISTER_CALLBACKS == 1)
 163:Drivers/STM32F1xx_HAL_Driver/Src/stm32f1xx_hal_tim_ex.c ****     /* Reset interrupt callbacks to legacy week callbacks */
 164:Drivers/STM32F1xx_HAL_Driver/Src/stm32f1xx_hal_tim_ex.c ****     TIM_ResetCallback(htim);
 165:Drivers/STM32F1xx_HAL_Driver/Src/stm32f1xx_hal_tim_ex.c **** 
 166:Drivers/STM32F1xx_HAL_Driver/Src/stm32f1xx_hal_tim_ex.c ****     if (htim->HallSensor_MspInitCallback == NULL)
 167:Drivers/STM32F1xx_HAL_Driver/Src/stm32f1xx_hal_tim_ex.c ****     {
 168:Drivers/STM32F1xx_HAL_Driver/Src/stm32f1xx_hal_tim_ex.c ****       htim->HallSensor_MspInitCallback = HAL_TIMEx_HallSensor_MspInit;
 169:Drivers/STM32F1xx_HAL_Driver/Src/stm32f1xx_hal_tim_ex.c ****     }
 170:Drivers/STM32F1xx_HAL_Driver/Src/stm32f1xx_hal_tim_ex.c ****     /* Init the low level hardware : GPIO, CLOCK, NVIC */
 171:Drivers/STM32F1xx_HAL_Driver/Src/stm32f1xx_hal_tim_ex.c ****     htim->HallSensor_MspInitCallback(htim);
 172:Drivers/STM32F1xx_HAL_Driver/Src/stm32f1xx_hal_tim_ex.c **** #else
 173:Drivers/STM32F1xx_HAL_Driver/Src/stm32f1xx_hal_tim_ex.c ****     /* Init the low level hardware : GPIO, CLOCK, NVIC and DMA */
 174:Drivers/STM32F1xx_HAL_Driver/Src/stm32f1xx_hal_tim_ex.c ****     HAL_TIMEx_HallSensor_MspInit(htim);
 175:Drivers/STM32F1xx_HAL_Driver/Src/stm32f1xx_hal_tim_ex.c **** #endif /* USE_HAL_TIM_REGISTER_CALLBACKS */
 176:Drivers/STM32F1xx_HAL_Driver/Src/stm32f1xx_hal_tim_ex.c ****   }
 177:Drivers/STM32F1xx_HAL_Driver/Src/stm32f1xx_hal_tim_ex.c **** 
 178:Drivers/STM32F1xx_HAL_Driver/Src/stm32f1xx_hal_tim_ex.c ****   /* Set the TIM state */
 179:Drivers/STM32F1xx_HAL_Driver/Src/stm32f1xx_hal_tim_ex.c ****   htim->State = HAL_TIM_STATE_BUSY;
 180:Drivers/STM32F1xx_HAL_Driver/Src/stm32f1xx_hal_tim_ex.c **** 
 181:Drivers/STM32F1xx_HAL_Driver/Src/stm32f1xx_hal_tim_ex.c ****   /* Configure the Time base in the Encoder Mode */
 182:Drivers/STM32F1xx_HAL_Driver/Src/stm32f1xx_hal_tim_ex.c ****   TIM_Base_SetConfig(htim->Instance, &htim->Init);
 183:Drivers/STM32F1xx_HAL_Driver/Src/stm32f1xx_hal_tim_ex.c **** 
 184:Drivers/STM32F1xx_HAL_Driver/Src/stm32f1xx_hal_tim_ex.c ****   /* Configure the Channel 1 as Input Channel to interface with the three Outputs of the  Hall sens
 185:Drivers/STM32F1xx_HAL_Driver/Src/stm32f1xx_hal_tim_ex.c ****   TIM_TI1_SetConfig(htim->Instance, sConfig->IC1Polarity, TIM_ICSELECTION_TRC, sConfig->IC1Filter);
 186:Drivers/STM32F1xx_HAL_Driver/Src/stm32f1xx_hal_tim_ex.c **** 
 187:Drivers/STM32F1xx_HAL_Driver/Src/stm32f1xx_hal_tim_ex.c ****   /* Reset the IC1PSC Bits */
 188:Drivers/STM32F1xx_HAL_Driver/Src/stm32f1xx_hal_tim_ex.c ****   htim->Instance->CCMR1 &= ~TIM_CCMR1_IC1PSC;
 189:Drivers/STM32F1xx_HAL_Driver/Src/stm32f1xx_hal_tim_ex.c ****   /* Set the IC1PSC value */
 190:Drivers/STM32F1xx_HAL_Driver/Src/stm32f1xx_hal_tim_ex.c ****   htim->Instance->CCMR1 |= sConfig->IC1Prescaler;
 191:Drivers/STM32F1xx_HAL_Driver/Src/stm32f1xx_hal_tim_ex.c **** 
 192:Drivers/STM32F1xx_HAL_Driver/Src/stm32f1xx_hal_tim_ex.c ****   /* Enable the Hall sensor interface (XOR function of the three inputs) */
 193:Drivers/STM32F1xx_HAL_Driver/Src/stm32f1xx_hal_tim_ex.c ****   htim->Instance->CR2 |= TIM_CR2_TI1S;
 194:Drivers/STM32F1xx_HAL_Driver/Src/stm32f1xx_hal_tim_ex.c **** 
 195:Drivers/STM32F1xx_HAL_Driver/Src/stm32f1xx_hal_tim_ex.c ****   /* Select the TIM_TS_TI1F_ED signal as Input trigger for the TIM */
 196:Drivers/STM32F1xx_HAL_Driver/Src/stm32f1xx_hal_tim_ex.c ****   htim->Instance->SMCR &= ~TIM_SMCR_TS;
 197:Drivers/STM32F1xx_HAL_Driver/Src/stm32f1xx_hal_tim_ex.c ****   htim->Instance->SMCR |= TIM_TS_TI1F_ED;
 198:Drivers/STM32F1xx_HAL_Driver/Src/stm32f1xx_hal_tim_ex.c **** 
 199:Drivers/STM32F1xx_HAL_Driver/Src/stm32f1xx_hal_tim_ex.c ****   /* Use the TIM_TS_TI1F_ED signal to reset the TIM counter each edge detection */
 200:Drivers/STM32F1xx_HAL_Driver/Src/stm32f1xx_hal_tim_ex.c ****   htim->Instance->SMCR &= ~TIM_SMCR_SMS;
 201:Drivers/STM32F1xx_HAL_Driver/Src/stm32f1xx_hal_tim_ex.c ****   htim->Instance->SMCR |= TIM_SLAVEMODE_RESET;
 202:Drivers/STM32F1xx_HAL_Driver/Src/stm32f1xx_hal_tim_ex.c **** 
 203:Drivers/STM32F1xx_HAL_Driver/Src/stm32f1xx_hal_tim_ex.c ****   /* Program channel 2 in PWM 2 mode with the desired Commutation_Delay*/
ARM GAS  C:\Users\ride_pig\AppData\Local\Temp\ccPlGaWa.s 			page 5


 204:Drivers/STM32F1xx_HAL_Driver/Src/stm32f1xx_hal_tim_ex.c ****   OC_Config.OCFastMode = TIM_OCFAST_DISABLE;
 205:Drivers/STM32F1xx_HAL_Driver/Src/stm32f1xx_hal_tim_ex.c ****   OC_Config.OCIdleState = TIM_OCIDLESTATE_RESET;
 206:Drivers/STM32F1xx_HAL_Driver/Src/stm32f1xx_hal_tim_ex.c ****   OC_Config.OCMode = TIM_OCMODE_PWM2;
 207:Drivers/STM32F1xx_HAL_Driver/Src/stm32f1xx_hal_tim_ex.c ****   OC_Config.OCNIdleState = TIM_OCNIDLESTATE_RESET;
 208:Drivers/STM32F1xx_HAL_Driver/Src/stm32f1xx_hal_tim_ex.c ****   OC_Config.OCNPolarity = TIM_OCNPOLARITY_HIGH;
 209:Drivers/STM32F1xx_HAL_Driver/Src/stm32f1xx_hal_tim_ex.c ****   OC_Config.OCPolarity = TIM_OCPOLARITY_HIGH;
 210:Drivers/STM32F1xx_HAL_Driver/Src/stm32f1xx_hal_tim_ex.c ****   OC_Config.Pulse = sConfig->Commutation_Delay;
 211:Drivers/STM32F1xx_HAL_Driver/Src/stm32f1xx_hal_tim_ex.c **** 
 212:Drivers/STM32F1xx_HAL_Driver/Src/stm32f1xx_hal_tim_ex.c ****   TIM_OC2_SetConfig(htim->Instance, &OC_Config);
 213:Drivers/STM32F1xx_HAL_Driver/Src/stm32f1xx_hal_tim_ex.c **** 
 214:Drivers/STM32F1xx_HAL_Driver/Src/stm32f1xx_hal_tim_ex.c ****   /* Select OC2REF as trigger output on TRGO: write the MMS bits in the TIMx_CR2
 215:Drivers/STM32F1xx_HAL_Driver/Src/stm32f1xx_hal_tim_ex.c ****     register to 101 */
 216:Drivers/STM32F1xx_HAL_Driver/Src/stm32f1xx_hal_tim_ex.c ****   htim->Instance->CR2 &= ~TIM_CR2_MMS;
 217:Drivers/STM32F1xx_HAL_Driver/Src/stm32f1xx_hal_tim_ex.c ****   htim->Instance->CR2 |= TIM_TRGO_OC2REF;
 218:Drivers/STM32F1xx_HAL_Driver/Src/stm32f1xx_hal_tim_ex.c **** 
 219:Drivers/STM32F1xx_HAL_Driver/Src/stm32f1xx_hal_tim_ex.c ****   /* Initialize the DMA burst operation state */
 220:Drivers/STM32F1xx_HAL_Driver/Src/stm32f1xx_hal_tim_ex.c ****   htim->DMABurstState = HAL_DMA_BURST_STATE_READY;
 221:Drivers/STM32F1xx_HAL_Driver/Src/stm32f1xx_hal_tim_ex.c **** 
 222:Drivers/STM32F1xx_HAL_Driver/Src/stm32f1xx_hal_tim_ex.c ****   /* Initialize the TIM channels state */
 223:Drivers/STM32F1xx_HAL_Driver/Src/stm32f1xx_hal_tim_ex.c ****   TIM_CHANNEL_STATE_SET(htim, TIM_CHANNEL_1, HAL_TIM_CHANNEL_STATE_READY);
 224:Drivers/STM32F1xx_HAL_Driver/Src/stm32f1xx_hal_tim_ex.c ****   TIM_CHANNEL_STATE_SET(htim, TIM_CHANNEL_2, HAL_TIM_CHANNEL_STATE_READY);
 225:Drivers/STM32F1xx_HAL_Driver/Src/stm32f1xx_hal_tim_ex.c ****   TIM_CHANNEL_N_STATE_SET(htim, TIM_CHANNEL_1, HAL_TIM_CHANNEL_STATE_READY);
 226:Drivers/STM32F1xx_HAL_Driver/Src/stm32f1xx_hal_tim_ex.c ****   TIM_CHANNEL_N_STATE_SET(htim, TIM_CHANNEL_2, HAL_TIM_CHANNEL_STATE_READY);
 227:Drivers/STM32F1xx_HAL_Driver/Src/stm32f1xx_hal_tim_ex.c **** 
 228:Drivers/STM32F1xx_HAL_Driver/Src/stm32f1xx_hal_tim_ex.c ****   /* Initialize the TIM state*/
 229:Drivers/STM32F1xx_HAL_Driver/Src/stm32f1xx_hal_tim_ex.c ****   htim->State = HAL_TIM_STATE_READY;
 230:Drivers/STM32F1xx_HAL_Driver/Src/stm32f1xx_hal_tim_ex.c **** 
 231:Drivers/STM32F1xx_HAL_Driver/Src/stm32f1xx_hal_tim_ex.c ****   return HAL_OK;
 232:Drivers/STM32F1xx_HAL_Driver/Src/stm32f1xx_hal_tim_ex.c **** }
 233:Drivers/STM32F1xx_HAL_Driver/Src/stm32f1xx_hal_tim_ex.c **** 
 234:Drivers/STM32F1xx_HAL_Driver/Src/stm32f1xx_hal_tim_ex.c **** /**
 235:Drivers/STM32F1xx_HAL_Driver/Src/stm32f1xx_hal_tim_ex.c ****   * @brief  DeInitializes the TIM Hall Sensor interface
 236:Drivers/STM32F1xx_HAL_Driver/Src/stm32f1xx_hal_tim_ex.c ****   * @param  htim TIM Hall Sensor Interface handle
 237:Drivers/STM32F1xx_HAL_Driver/Src/stm32f1xx_hal_tim_ex.c ****   * @retval HAL status
 238:Drivers/STM32F1xx_HAL_Driver/Src/stm32f1xx_hal_tim_ex.c ****   */
 239:Drivers/STM32F1xx_HAL_Driver/Src/stm32f1xx_hal_tim_ex.c **** HAL_StatusTypeDef HAL_TIMEx_HallSensor_DeInit(TIM_HandleTypeDef *htim)
 240:Drivers/STM32F1xx_HAL_Driver/Src/stm32f1xx_hal_tim_ex.c **** {
 241:Drivers/STM32F1xx_HAL_Driver/Src/stm32f1xx_hal_tim_ex.c ****   /* Check the parameters */
 242:Drivers/STM32F1xx_HAL_Driver/Src/stm32f1xx_hal_tim_ex.c ****   assert_param(IS_TIM_INSTANCE(htim->Instance));
 243:Drivers/STM32F1xx_HAL_Driver/Src/stm32f1xx_hal_tim_ex.c **** 
 244:Drivers/STM32F1xx_HAL_Driver/Src/stm32f1xx_hal_tim_ex.c ****   htim->State = HAL_TIM_STATE_BUSY;
 245:Drivers/STM32F1xx_HAL_Driver/Src/stm32f1xx_hal_tim_ex.c **** 
 246:Drivers/STM32F1xx_HAL_Driver/Src/stm32f1xx_hal_tim_ex.c ****   /* Disable the TIM Peripheral Clock */
 247:Drivers/STM32F1xx_HAL_Driver/Src/stm32f1xx_hal_tim_ex.c ****   __HAL_TIM_DISABLE(htim);
 248:Drivers/STM32F1xx_HAL_Driver/Src/stm32f1xx_hal_tim_ex.c **** 
 249:Drivers/STM32F1xx_HAL_Driver/Src/stm32f1xx_hal_tim_ex.c **** #if (USE_HAL_TIM_REGISTER_CALLBACKS == 1)
 250:Drivers/STM32F1xx_HAL_Driver/Src/stm32f1xx_hal_tim_ex.c ****   if (htim->HallSensor_MspDeInitCallback == NULL)
 251:Drivers/STM32F1xx_HAL_Driver/Src/stm32f1xx_hal_tim_ex.c ****   {
 252:Drivers/STM32F1xx_HAL_Driver/Src/stm32f1xx_hal_tim_ex.c ****     htim->HallSensor_MspDeInitCallback = HAL_TIMEx_HallSensor_MspDeInit;
 253:Drivers/STM32F1xx_HAL_Driver/Src/stm32f1xx_hal_tim_ex.c ****   }
 254:Drivers/STM32F1xx_HAL_Driver/Src/stm32f1xx_hal_tim_ex.c ****   /* DeInit the low level hardware */
 255:Drivers/STM32F1xx_HAL_Driver/Src/stm32f1xx_hal_tim_ex.c ****   htim->HallSensor_MspDeInitCallback(htim);
 256:Drivers/STM32F1xx_HAL_Driver/Src/stm32f1xx_hal_tim_ex.c **** #else
 257:Drivers/STM32F1xx_HAL_Driver/Src/stm32f1xx_hal_tim_ex.c ****   /* DeInit the low level hardware: GPIO, CLOCK, NVIC */
 258:Drivers/STM32F1xx_HAL_Driver/Src/stm32f1xx_hal_tim_ex.c ****   HAL_TIMEx_HallSensor_MspDeInit(htim);
 259:Drivers/STM32F1xx_HAL_Driver/Src/stm32f1xx_hal_tim_ex.c **** #endif /* USE_HAL_TIM_REGISTER_CALLBACKS */
 260:Drivers/STM32F1xx_HAL_Driver/Src/stm32f1xx_hal_tim_ex.c **** 
ARM GAS  C:\Users\ride_pig\AppData\Local\Temp\ccPlGaWa.s 			page 6


 261:Drivers/STM32F1xx_HAL_Driver/Src/stm32f1xx_hal_tim_ex.c ****   /* Change the DMA burst operation state */
 262:Drivers/STM32F1xx_HAL_Driver/Src/stm32f1xx_hal_tim_ex.c ****   htim->DMABurstState = HAL_DMA_BURST_STATE_RESET;
 263:Drivers/STM32F1xx_HAL_Driver/Src/stm32f1xx_hal_tim_ex.c **** 
 264:Drivers/STM32F1xx_HAL_Driver/Src/stm32f1xx_hal_tim_ex.c ****   /* Change the TIM channels state */
 265:Drivers/STM32F1xx_HAL_Driver/Src/stm32f1xx_hal_tim_ex.c ****   TIM_CHANNEL_STATE_SET(htim, TIM_CHANNEL_1, HAL_TIM_CHANNEL_STATE_RESET);
 266:Drivers/STM32F1xx_HAL_Driver/Src/stm32f1xx_hal_tim_ex.c ****   TIM_CHANNEL_STATE_SET(htim, TIM_CHANNEL_2, HAL_TIM_CHANNEL_STATE_RESET);
 267:Drivers/STM32F1xx_HAL_Driver/Src/stm32f1xx_hal_tim_ex.c ****   TIM_CHANNEL_N_STATE_SET(htim, TIM_CHANNEL_1, HAL_TIM_CHANNEL_STATE_RESET);
 268:Drivers/STM32F1xx_HAL_Driver/Src/stm32f1xx_hal_tim_ex.c ****   TIM_CHANNEL_N_STATE_SET(htim, TIM_CHANNEL_2, HAL_TIM_CHANNEL_STATE_RESET);
 269:Drivers/STM32F1xx_HAL_Driver/Src/stm32f1xx_hal_tim_ex.c **** 
 270:Drivers/STM32F1xx_HAL_Driver/Src/stm32f1xx_hal_tim_ex.c ****   /* Change TIM state */
 271:Drivers/STM32F1xx_HAL_Driver/Src/stm32f1xx_hal_tim_ex.c ****   htim->State = HAL_TIM_STATE_RESET;
 272:Drivers/STM32F1xx_HAL_Driver/Src/stm32f1xx_hal_tim_ex.c **** 
 273:Drivers/STM32F1xx_HAL_Driver/Src/stm32f1xx_hal_tim_ex.c ****   /* Release Lock */
 274:Drivers/STM32F1xx_HAL_Driver/Src/stm32f1xx_hal_tim_ex.c ****   __HAL_UNLOCK(htim);
 275:Drivers/STM32F1xx_HAL_Driver/Src/stm32f1xx_hal_tim_ex.c **** 
 276:Drivers/STM32F1xx_HAL_Driver/Src/stm32f1xx_hal_tim_ex.c ****   return HAL_OK;
 277:Drivers/STM32F1xx_HAL_Driver/Src/stm32f1xx_hal_tim_ex.c **** }
 278:Drivers/STM32F1xx_HAL_Driver/Src/stm32f1xx_hal_tim_ex.c **** 
 279:Drivers/STM32F1xx_HAL_Driver/Src/stm32f1xx_hal_tim_ex.c **** /**
 280:Drivers/STM32F1xx_HAL_Driver/Src/stm32f1xx_hal_tim_ex.c ****   * @brief  Initializes the TIM Hall Sensor MSP.
 281:Drivers/STM32F1xx_HAL_Driver/Src/stm32f1xx_hal_tim_ex.c ****   * @param  htim TIM Hall Sensor Interface handle
 282:Drivers/STM32F1xx_HAL_Driver/Src/stm32f1xx_hal_tim_ex.c ****   * @retval None
 283:Drivers/STM32F1xx_HAL_Driver/Src/stm32f1xx_hal_tim_ex.c ****   */
 284:Drivers/STM32F1xx_HAL_Driver/Src/stm32f1xx_hal_tim_ex.c **** __weak void HAL_TIMEx_HallSensor_MspInit(TIM_HandleTypeDef *htim)
 285:Drivers/STM32F1xx_HAL_Driver/Src/stm32f1xx_hal_tim_ex.c **** {
 286:Drivers/STM32F1xx_HAL_Driver/Src/stm32f1xx_hal_tim_ex.c ****   /* Prevent unused argument(s) compilation warning */
 287:Drivers/STM32F1xx_HAL_Driver/Src/stm32f1xx_hal_tim_ex.c ****   UNUSED(htim);
 288:Drivers/STM32F1xx_HAL_Driver/Src/stm32f1xx_hal_tim_ex.c **** 
 289:Drivers/STM32F1xx_HAL_Driver/Src/stm32f1xx_hal_tim_ex.c ****   /* NOTE : This function should not be modified, when the callback is needed,
 290:Drivers/STM32F1xx_HAL_Driver/Src/stm32f1xx_hal_tim_ex.c ****             the HAL_TIMEx_HallSensor_MspInit could be implemented in the user file
 291:Drivers/STM32F1xx_HAL_Driver/Src/stm32f1xx_hal_tim_ex.c ****    */
 292:Drivers/STM32F1xx_HAL_Driver/Src/stm32f1xx_hal_tim_ex.c **** }
 293:Drivers/STM32F1xx_HAL_Driver/Src/stm32f1xx_hal_tim_ex.c **** 
 294:Drivers/STM32F1xx_HAL_Driver/Src/stm32f1xx_hal_tim_ex.c **** /**
 295:Drivers/STM32F1xx_HAL_Driver/Src/stm32f1xx_hal_tim_ex.c ****   * @brief  DeInitializes TIM Hall Sensor MSP.
 296:Drivers/STM32F1xx_HAL_Driver/Src/stm32f1xx_hal_tim_ex.c ****   * @param  htim TIM Hall Sensor Interface handle
 297:Drivers/STM32F1xx_HAL_Driver/Src/stm32f1xx_hal_tim_ex.c ****   * @retval None
 298:Drivers/STM32F1xx_HAL_Driver/Src/stm32f1xx_hal_tim_ex.c ****   */
 299:Drivers/STM32F1xx_HAL_Driver/Src/stm32f1xx_hal_tim_ex.c **** __weak void HAL_TIMEx_HallSensor_MspDeInit(TIM_HandleTypeDef *htim)
 300:Drivers/STM32F1xx_HAL_Driver/Src/stm32f1xx_hal_tim_ex.c **** {
 301:Drivers/STM32F1xx_HAL_Driver/Src/stm32f1xx_hal_tim_ex.c ****   /* Prevent unused argument(s) compilation warning */
 302:Drivers/STM32F1xx_HAL_Driver/Src/stm32f1xx_hal_tim_ex.c ****   UNUSED(htim);
 303:Drivers/STM32F1xx_HAL_Driver/Src/stm32f1xx_hal_tim_ex.c **** 
 304:Drivers/STM32F1xx_HAL_Driver/Src/stm32f1xx_hal_tim_ex.c ****   /* NOTE : This function should not be modified, when the callback is needed,
 305:Drivers/STM32F1xx_HAL_Driver/Src/stm32f1xx_hal_tim_ex.c ****             the HAL_TIMEx_HallSensor_MspDeInit could be implemented in the user file
 306:Drivers/STM32F1xx_HAL_Driver/Src/stm32f1xx_hal_tim_ex.c ****    */
 307:Drivers/STM32F1xx_HAL_Driver/Src/stm32f1xx_hal_tim_ex.c **** }
 308:Drivers/STM32F1xx_HAL_Driver/Src/stm32f1xx_hal_tim_ex.c **** 
 309:Drivers/STM32F1xx_HAL_Driver/Src/stm32f1xx_hal_tim_ex.c **** /**
 310:Drivers/STM32F1xx_HAL_Driver/Src/stm32f1xx_hal_tim_ex.c ****   * @brief  Starts the TIM Hall Sensor Interface.
 311:Drivers/STM32F1xx_HAL_Driver/Src/stm32f1xx_hal_tim_ex.c ****   * @param  htim TIM Hall Sensor Interface handle
 312:Drivers/STM32F1xx_HAL_Driver/Src/stm32f1xx_hal_tim_ex.c ****   * @retval HAL status
 313:Drivers/STM32F1xx_HAL_Driver/Src/stm32f1xx_hal_tim_ex.c ****   */
 314:Drivers/STM32F1xx_HAL_Driver/Src/stm32f1xx_hal_tim_ex.c **** HAL_StatusTypeDef HAL_TIMEx_HallSensor_Start(TIM_HandleTypeDef *htim)
 315:Drivers/STM32F1xx_HAL_Driver/Src/stm32f1xx_hal_tim_ex.c **** {
 316:Drivers/STM32F1xx_HAL_Driver/Src/stm32f1xx_hal_tim_ex.c ****   uint32_t tmpsmcr;
 317:Drivers/STM32F1xx_HAL_Driver/Src/stm32f1xx_hal_tim_ex.c ****   HAL_TIM_ChannelStateTypeDef channel_1_state = TIM_CHANNEL_STATE_GET(htim, TIM_CHANNEL_1);
ARM GAS  C:\Users\ride_pig\AppData\Local\Temp\ccPlGaWa.s 			page 7


 318:Drivers/STM32F1xx_HAL_Driver/Src/stm32f1xx_hal_tim_ex.c ****   HAL_TIM_ChannelStateTypeDef channel_2_state = TIM_CHANNEL_STATE_GET(htim, TIM_CHANNEL_2);
 319:Drivers/STM32F1xx_HAL_Driver/Src/stm32f1xx_hal_tim_ex.c ****   HAL_TIM_ChannelStateTypeDef complementary_channel_1_state = TIM_CHANNEL_N_STATE_GET(htim, TIM_CHA
 320:Drivers/STM32F1xx_HAL_Driver/Src/stm32f1xx_hal_tim_ex.c ****   HAL_TIM_ChannelStateTypeDef complementary_channel_2_state = TIM_CHANNEL_N_STATE_GET(htim, TIM_CHA
 321:Drivers/STM32F1xx_HAL_Driver/Src/stm32f1xx_hal_tim_ex.c **** 
 322:Drivers/STM32F1xx_HAL_Driver/Src/stm32f1xx_hal_tim_ex.c ****   /* Check the parameters */
 323:Drivers/STM32F1xx_HAL_Driver/Src/stm32f1xx_hal_tim_ex.c ****   assert_param(IS_TIM_HALL_SENSOR_INTERFACE_INSTANCE(htim->Instance));
 324:Drivers/STM32F1xx_HAL_Driver/Src/stm32f1xx_hal_tim_ex.c **** 
 325:Drivers/STM32F1xx_HAL_Driver/Src/stm32f1xx_hal_tim_ex.c ****   /* Check the TIM channels state */
 326:Drivers/STM32F1xx_HAL_Driver/Src/stm32f1xx_hal_tim_ex.c ****   if ((channel_1_state != HAL_TIM_CHANNEL_STATE_READY)
 327:Drivers/STM32F1xx_HAL_Driver/Src/stm32f1xx_hal_tim_ex.c ****       || (channel_2_state != HAL_TIM_CHANNEL_STATE_READY)
 328:Drivers/STM32F1xx_HAL_Driver/Src/stm32f1xx_hal_tim_ex.c ****       || (complementary_channel_1_state != HAL_TIM_CHANNEL_STATE_READY)
 329:Drivers/STM32F1xx_HAL_Driver/Src/stm32f1xx_hal_tim_ex.c ****       || (complementary_channel_2_state != HAL_TIM_CHANNEL_STATE_READY))
 330:Drivers/STM32F1xx_HAL_Driver/Src/stm32f1xx_hal_tim_ex.c ****   {
 331:Drivers/STM32F1xx_HAL_Driver/Src/stm32f1xx_hal_tim_ex.c ****     return HAL_ERROR;
 332:Drivers/STM32F1xx_HAL_Driver/Src/stm32f1xx_hal_tim_ex.c ****   }
 333:Drivers/STM32F1xx_HAL_Driver/Src/stm32f1xx_hal_tim_ex.c **** 
 334:Drivers/STM32F1xx_HAL_Driver/Src/stm32f1xx_hal_tim_ex.c ****   /* Set the TIM channels state */
 335:Drivers/STM32F1xx_HAL_Driver/Src/stm32f1xx_hal_tim_ex.c ****   TIM_CHANNEL_STATE_SET(htim, TIM_CHANNEL_1, HAL_TIM_CHANNEL_STATE_BUSY);
 336:Drivers/STM32F1xx_HAL_Driver/Src/stm32f1xx_hal_tim_ex.c ****   TIM_CHANNEL_STATE_SET(htim, TIM_CHANNEL_2, HAL_TIM_CHANNEL_STATE_BUSY);
 337:Drivers/STM32F1xx_HAL_Driver/Src/stm32f1xx_hal_tim_ex.c ****   TIM_CHANNEL_N_STATE_SET(htim, TIM_CHANNEL_1, HAL_TIM_CHANNEL_STATE_BUSY);
 338:Drivers/STM32F1xx_HAL_Driver/Src/stm32f1xx_hal_tim_ex.c ****   TIM_CHANNEL_N_STATE_SET(htim, TIM_CHANNEL_2, HAL_TIM_CHANNEL_STATE_BUSY);
 339:Drivers/STM32F1xx_HAL_Driver/Src/stm32f1xx_hal_tim_ex.c **** 
 340:Drivers/STM32F1xx_HAL_Driver/Src/stm32f1xx_hal_tim_ex.c ****   /* Enable the Input Capture channel 1
 341:Drivers/STM32F1xx_HAL_Driver/Src/stm32f1xx_hal_tim_ex.c ****   (in the Hall Sensor Interface the three possible channels that can be used are TIM_CHANNEL_1,
 342:Drivers/STM32F1xx_HAL_Driver/Src/stm32f1xx_hal_tim_ex.c ****   TIM_CHANNEL_2 and TIM_CHANNEL_3) */
 343:Drivers/STM32F1xx_HAL_Driver/Src/stm32f1xx_hal_tim_ex.c ****   TIM_CCxChannelCmd(htim->Instance, TIM_CHANNEL_1, TIM_CCx_ENABLE);
 344:Drivers/STM32F1xx_HAL_Driver/Src/stm32f1xx_hal_tim_ex.c **** 
 345:Drivers/STM32F1xx_HAL_Driver/Src/stm32f1xx_hal_tim_ex.c ****   /* Enable the Peripheral, except in trigger mode where enable is automatically done with trigger 
 346:Drivers/STM32F1xx_HAL_Driver/Src/stm32f1xx_hal_tim_ex.c ****   if (IS_TIM_SLAVE_INSTANCE(htim->Instance))
 347:Drivers/STM32F1xx_HAL_Driver/Src/stm32f1xx_hal_tim_ex.c ****   {
 348:Drivers/STM32F1xx_HAL_Driver/Src/stm32f1xx_hal_tim_ex.c ****     tmpsmcr = htim->Instance->SMCR & TIM_SMCR_SMS;
 349:Drivers/STM32F1xx_HAL_Driver/Src/stm32f1xx_hal_tim_ex.c ****     if (!IS_TIM_SLAVEMODE_TRIGGER_ENABLED(tmpsmcr))
 350:Drivers/STM32F1xx_HAL_Driver/Src/stm32f1xx_hal_tim_ex.c ****     {
 351:Drivers/STM32F1xx_HAL_Driver/Src/stm32f1xx_hal_tim_ex.c ****       __HAL_TIM_ENABLE(htim);
 352:Drivers/STM32F1xx_HAL_Driver/Src/stm32f1xx_hal_tim_ex.c ****     }
 353:Drivers/STM32F1xx_HAL_Driver/Src/stm32f1xx_hal_tim_ex.c ****   }
 354:Drivers/STM32F1xx_HAL_Driver/Src/stm32f1xx_hal_tim_ex.c ****   else
 355:Drivers/STM32F1xx_HAL_Driver/Src/stm32f1xx_hal_tim_ex.c ****   {
 356:Drivers/STM32F1xx_HAL_Driver/Src/stm32f1xx_hal_tim_ex.c ****     __HAL_TIM_ENABLE(htim);
 357:Drivers/STM32F1xx_HAL_Driver/Src/stm32f1xx_hal_tim_ex.c ****   }
 358:Drivers/STM32F1xx_HAL_Driver/Src/stm32f1xx_hal_tim_ex.c **** 
 359:Drivers/STM32F1xx_HAL_Driver/Src/stm32f1xx_hal_tim_ex.c ****   /* Return function status */
 360:Drivers/STM32F1xx_HAL_Driver/Src/stm32f1xx_hal_tim_ex.c ****   return HAL_OK;
 361:Drivers/STM32F1xx_HAL_Driver/Src/stm32f1xx_hal_tim_ex.c **** }
 362:Drivers/STM32F1xx_HAL_Driver/Src/stm32f1xx_hal_tim_ex.c **** 
 363:Drivers/STM32F1xx_HAL_Driver/Src/stm32f1xx_hal_tim_ex.c **** /**
 364:Drivers/STM32F1xx_HAL_Driver/Src/stm32f1xx_hal_tim_ex.c ****   * @brief  Stops the TIM Hall sensor Interface.
 365:Drivers/STM32F1xx_HAL_Driver/Src/stm32f1xx_hal_tim_ex.c ****   * @param  htim TIM Hall Sensor Interface handle
 366:Drivers/STM32F1xx_HAL_Driver/Src/stm32f1xx_hal_tim_ex.c ****   * @retval HAL status
 367:Drivers/STM32F1xx_HAL_Driver/Src/stm32f1xx_hal_tim_ex.c ****   */
 368:Drivers/STM32F1xx_HAL_Driver/Src/stm32f1xx_hal_tim_ex.c **** HAL_StatusTypeDef HAL_TIMEx_HallSensor_Stop(TIM_HandleTypeDef *htim)
 369:Drivers/STM32F1xx_HAL_Driver/Src/stm32f1xx_hal_tim_ex.c **** {
 370:Drivers/STM32F1xx_HAL_Driver/Src/stm32f1xx_hal_tim_ex.c ****   /* Check the parameters */
 371:Drivers/STM32F1xx_HAL_Driver/Src/stm32f1xx_hal_tim_ex.c ****   assert_param(IS_TIM_HALL_SENSOR_INTERFACE_INSTANCE(htim->Instance));
 372:Drivers/STM32F1xx_HAL_Driver/Src/stm32f1xx_hal_tim_ex.c **** 
 373:Drivers/STM32F1xx_HAL_Driver/Src/stm32f1xx_hal_tim_ex.c ****   /* Disable the Input Capture channels 1, 2 and 3
 374:Drivers/STM32F1xx_HAL_Driver/Src/stm32f1xx_hal_tim_ex.c ****   (in the Hall Sensor Interface the three possible channels that can be used are TIM_CHANNEL_1,
ARM GAS  C:\Users\ride_pig\AppData\Local\Temp\ccPlGaWa.s 			page 8


 375:Drivers/STM32F1xx_HAL_Driver/Src/stm32f1xx_hal_tim_ex.c ****   TIM_CHANNEL_2 and TIM_CHANNEL_3) */
 376:Drivers/STM32F1xx_HAL_Driver/Src/stm32f1xx_hal_tim_ex.c ****   TIM_CCxChannelCmd(htim->Instance, TIM_CHANNEL_1, TIM_CCx_DISABLE);
 377:Drivers/STM32F1xx_HAL_Driver/Src/stm32f1xx_hal_tim_ex.c **** 
 378:Drivers/STM32F1xx_HAL_Driver/Src/stm32f1xx_hal_tim_ex.c ****   /* Disable the Peripheral */
 379:Drivers/STM32F1xx_HAL_Driver/Src/stm32f1xx_hal_tim_ex.c ****   __HAL_TIM_DISABLE(htim);
 380:Drivers/STM32F1xx_HAL_Driver/Src/stm32f1xx_hal_tim_ex.c **** 
 381:Drivers/STM32F1xx_HAL_Driver/Src/stm32f1xx_hal_tim_ex.c ****   /* Set the TIM channels state */
 382:Drivers/STM32F1xx_HAL_Driver/Src/stm32f1xx_hal_tim_ex.c ****   TIM_CHANNEL_STATE_SET(htim, TIM_CHANNEL_1, HAL_TIM_CHANNEL_STATE_READY);
 383:Drivers/STM32F1xx_HAL_Driver/Src/stm32f1xx_hal_tim_ex.c ****   TIM_CHANNEL_STATE_SET(htim, TIM_CHANNEL_2, HAL_TIM_CHANNEL_STATE_READY);
 384:Drivers/STM32F1xx_HAL_Driver/Src/stm32f1xx_hal_tim_ex.c ****   TIM_CHANNEL_N_STATE_SET(htim, TIM_CHANNEL_1, HAL_TIM_CHANNEL_STATE_READY);
 385:Drivers/STM32F1xx_HAL_Driver/Src/stm32f1xx_hal_tim_ex.c ****   TIM_CHANNEL_N_STATE_SET(htim, TIM_CHANNEL_2, HAL_TIM_CHANNEL_STATE_READY);
 386:Drivers/STM32F1xx_HAL_Driver/Src/stm32f1xx_hal_tim_ex.c **** 
 387:Drivers/STM32F1xx_HAL_Driver/Src/stm32f1xx_hal_tim_ex.c ****   /* Return function status */
 388:Drivers/STM32F1xx_HAL_Driver/Src/stm32f1xx_hal_tim_ex.c ****   return HAL_OK;
 389:Drivers/STM32F1xx_HAL_Driver/Src/stm32f1xx_hal_tim_ex.c **** }
 390:Drivers/STM32F1xx_HAL_Driver/Src/stm32f1xx_hal_tim_ex.c **** 
 391:Drivers/STM32F1xx_HAL_Driver/Src/stm32f1xx_hal_tim_ex.c **** /**
 392:Drivers/STM32F1xx_HAL_Driver/Src/stm32f1xx_hal_tim_ex.c ****   * @brief  Starts the TIM Hall Sensor Interface in interrupt mode.
 393:Drivers/STM32F1xx_HAL_Driver/Src/stm32f1xx_hal_tim_ex.c ****   * @param  htim TIM Hall Sensor Interface handle
 394:Drivers/STM32F1xx_HAL_Driver/Src/stm32f1xx_hal_tim_ex.c ****   * @retval HAL status
 395:Drivers/STM32F1xx_HAL_Driver/Src/stm32f1xx_hal_tim_ex.c ****   */
 396:Drivers/STM32F1xx_HAL_Driver/Src/stm32f1xx_hal_tim_ex.c **** HAL_StatusTypeDef HAL_TIMEx_HallSensor_Start_IT(TIM_HandleTypeDef *htim)
 397:Drivers/STM32F1xx_HAL_Driver/Src/stm32f1xx_hal_tim_ex.c **** {
 398:Drivers/STM32F1xx_HAL_Driver/Src/stm32f1xx_hal_tim_ex.c ****   uint32_t tmpsmcr;
 399:Drivers/STM32F1xx_HAL_Driver/Src/stm32f1xx_hal_tim_ex.c ****   HAL_TIM_ChannelStateTypeDef channel_1_state = TIM_CHANNEL_STATE_GET(htim, TIM_CHANNEL_1);
 400:Drivers/STM32F1xx_HAL_Driver/Src/stm32f1xx_hal_tim_ex.c ****   HAL_TIM_ChannelStateTypeDef channel_2_state = TIM_CHANNEL_STATE_GET(htim, TIM_CHANNEL_2);
 401:Drivers/STM32F1xx_HAL_Driver/Src/stm32f1xx_hal_tim_ex.c ****   HAL_TIM_ChannelStateTypeDef complementary_channel_1_state = TIM_CHANNEL_N_STATE_GET(htim, TIM_CHA
 402:Drivers/STM32F1xx_HAL_Driver/Src/stm32f1xx_hal_tim_ex.c ****   HAL_TIM_ChannelStateTypeDef complementary_channel_2_state = TIM_CHANNEL_N_STATE_GET(htim, TIM_CHA
 403:Drivers/STM32F1xx_HAL_Driver/Src/stm32f1xx_hal_tim_ex.c **** 
 404:Drivers/STM32F1xx_HAL_Driver/Src/stm32f1xx_hal_tim_ex.c ****   /* Check the parameters */
 405:Drivers/STM32F1xx_HAL_Driver/Src/stm32f1xx_hal_tim_ex.c ****   assert_param(IS_TIM_HALL_SENSOR_INTERFACE_INSTANCE(htim->Instance));
 406:Drivers/STM32F1xx_HAL_Driver/Src/stm32f1xx_hal_tim_ex.c **** 
 407:Drivers/STM32F1xx_HAL_Driver/Src/stm32f1xx_hal_tim_ex.c ****   /* Check the TIM channels state */
 408:Drivers/STM32F1xx_HAL_Driver/Src/stm32f1xx_hal_tim_ex.c ****   if ((channel_1_state != HAL_TIM_CHANNEL_STATE_READY)
 409:Drivers/STM32F1xx_HAL_Driver/Src/stm32f1xx_hal_tim_ex.c ****       || (channel_2_state != HAL_TIM_CHANNEL_STATE_READY)
 410:Drivers/STM32F1xx_HAL_Driver/Src/stm32f1xx_hal_tim_ex.c ****       || (complementary_channel_1_state != HAL_TIM_CHANNEL_STATE_READY)
 411:Drivers/STM32F1xx_HAL_Driver/Src/stm32f1xx_hal_tim_ex.c ****       || (complementary_channel_2_state != HAL_TIM_CHANNEL_STATE_READY))
 412:Drivers/STM32F1xx_HAL_Driver/Src/stm32f1xx_hal_tim_ex.c ****   {
 413:Drivers/STM32F1xx_HAL_Driver/Src/stm32f1xx_hal_tim_ex.c ****     return HAL_ERROR;
 414:Drivers/STM32F1xx_HAL_Driver/Src/stm32f1xx_hal_tim_ex.c ****   }
 415:Drivers/STM32F1xx_HAL_Driver/Src/stm32f1xx_hal_tim_ex.c **** 
 416:Drivers/STM32F1xx_HAL_Driver/Src/stm32f1xx_hal_tim_ex.c ****   /* Set the TIM channels state */
 417:Drivers/STM32F1xx_HAL_Driver/Src/stm32f1xx_hal_tim_ex.c ****   TIM_CHANNEL_STATE_SET(htim, TIM_CHANNEL_1, HAL_TIM_CHANNEL_STATE_BUSY);
 418:Drivers/STM32F1xx_HAL_Driver/Src/stm32f1xx_hal_tim_ex.c ****   TIM_CHANNEL_STATE_SET(htim, TIM_CHANNEL_2, HAL_TIM_CHANNEL_STATE_BUSY);
 419:Drivers/STM32F1xx_HAL_Driver/Src/stm32f1xx_hal_tim_ex.c ****   TIM_CHANNEL_N_STATE_SET(htim, TIM_CHANNEL_1, HAL_TIM_CHANNEL_STATE_BUSY);
 420:Drivers/STM32F1xx_HAL_Driver/Src/stm32f1xx_hal_tim_ex.c ****   TIM_CHANNEL_N_STATE_SET(htim, TIM_CHANNEL_2, HAL_TIM_CHANNEL_STATE_BUSY);
 421:Drivers/STM32F1xx_HAL_Driver/Src/stm32f1xx_hal_tim_ex.c **** 
 422:Drivers/STM32F1xx_HAL_Driver/Src/stm32f1xx_hal_tim_ex.c ****   /* Enable the capture compare Interrupts 1 event */
 423:Drivers/STM32F1xx_HAL_Driver/Src/stm32f1xx_hal_tim_ex.c ****   __HAL_TIM_ENABLE_IT(htim, TIM_IT_CC1);
 424:Drivers/STM32F1xx_HAL_Driver/Src/stm32f1xx_hal_tim_ex.c **** 
 425:Drivers/STM32F1xx_HAL_Driver/Src/stm32f1xx_hal_tim_ex.c ****   /* Enable the Input Capture channel 1
 426:Drivers/STM32F1xx_HAL_Driver/Src/stm32f1xx_hal_tim_ex.c ****   (in the Hall Sensor Interface the three possible channels that can be used are TIM_CHANNEL_1,
 427:Drivers/STM32F1xx_HAL_Driver/Src/stm32f1xx_hal_tim_ex.c ****   TIM_CHANNEL_2 and TIM_CHANNEL_3) */
 428:Drivers/STM32F1xx_HAL_Driver/Src/stm32f1xx_hal_tim_ex.c ****   TIM_CCxChannelCmd(htim->Instance, TIM_CHANNEL_1, TIM_CCx_ENABLE);
 429:Drivers/STM32F1xx_HAL_Driver/Src/stm32f1xx_hal_tim_ex.c **** 
 430:Drivers/STM32F1xx_HAL_Driver/Src/stm32f1xx_hal_tim_ex.c ****   /* Enable the Peripheral, except in trigger mode where enable is automatically done with trigger 
 431:Drivers/STM32F1xx_HAL_Driver/Src/stm32f1xx_hal_tim_ex.c ****   if (IS_TIM_SLAVE_INSTANCE(htim->Instance))
ARM GAS  C:\Users\ride_pig\AppData\Local\Temp\ccPlGaWa.s 			page 9


 432:Drivers/STM32F1xx_HAL_Driver/Src/stm32f1xx_hal_tim_ex.c ****   {
 433:Drivers/STM32F1xx_HAL_Driver/Src/stm32f1xx_hal_tim_ex.c ****     tmpsmcr = htim->Instance->SMCR & TIM_SMCR_SMS;
 434:Drivers/STM32F1xx_HAL_Driver/Src/stm32f1xx_hal_tim_ex.c ****     if (!IS_TIM_SLAVEMODE_TRIGGER_ENABLED(tmpsmcr))
 435:Drivers/STM32F1xx_HAL_Driver/Src/stm32f1xx_hal_tim_ex.c ****     {
 436:Drivers/STM32F1xx_HAL_Driver/Src/stm32f1xx_hal_tim_ex.c ****       __HAL_TIM_ENABLE(htim);
 437:Drivers/STM32F1xx_HAL_Driver/Src/stm32f1xx_hal_tim_ex.c ****     }
 438:Drivers/STM32F1xx_HAL_Driver/Src/stm32f1xx_hal_tim_ex.c ****   }
 439:Drivers/STM32F1xx_HAL_Driver/Src/stm32f1xx_hal_tim_ex.c ****   else
 440:Drivers/STM32F1xx_HAL_Driver/Src/stm32f1xx_hal_tim_ex.c ****   {
 441:Drivers/STM32F1xx_HAL_Driver/Src/stm32f1xx_hal_tim_ex.c ****     __HAL_TIM_ENABLE(htim);
 442:Drivers/STM32F1xx_HAL_Driver/Src/stm32f1xx_hal_tim_ex.c ****   }
 443:Drivers/STM32F1xx_HAL_Driver/Src/stm32f1xx_hal_tim_ex.c **** 
 444:Drivers/STM32F1xx_HAL_Driver/Src/stm32f1xx_hal_tim_ex.c ****   /* Return function status */
 445:Drivers/STM32F1xx_HAL_Driver/Src/stm32f1xx_hal_tim_ex.c ****   return HAL_OK;
 446:Drivers/STM32F1xx_HAL_Driver/Src/stm32f1xx_hal_tim_ex.c **** }
 447:Drivers/STM32F1xx_HAL_Driver/Src/stm32f1xx_hal_tim_ex.c **** 
 448:Drivers/STM32F1xx_HAL_Driver/Src/stm32f1xx_hal_tim_ex.c **** /**
 449:Drivers/STM32F1xx_HAL_Driver/Src/stm32f1xx_hal_tim_ex.c ****   * @brief  Stops the TIM Hall Sensor Interface in interrupt mode.
 450:Drivers/STM32F1xx_HAL_Driver/Src/stm32f1xx_hal_tim_ex.c ****   * @param  htim TIM Hall Sensor Interface handle
 451:Drivers/STM32F1xx_HAL_Driver/Src/stm32f1xx_hal_tim_ex.c ****   * @retval HAL status
 452:Drivers/STM32F1xx_HAL_Driver/Src/stm32f1xx_hal_tim_ex.c ****   */
 453:Drivers/STM32F1xx_HAL_Driver/Src/stm32f1xx_hal_tim_ex.c **** HAL_StatusTypeDef HAL_TIMEx_HallSensor_Stop_IT(TIM_HandleTypeDef *htim)
 454:Drivers/STM32F1xx_HAL_Driver/Src/stm32f1xx_hal_tim_ex.c **** {
 455:Drivers/STM32F1xx_HAL_Driver/Src/stm32f1xx_hal_tim_ex.c ****   /* Check the parameters */
 456:Drivers/STM32F1xx_HAL_Driver/Src/stm32f1xx_hal_tim_ex.c ****   assert_param(IS_TIM_HALL_SENSOR_INTERFACE_INSTANCE(htim->Instance));
 457:Drivers/STM32F1xx_HAL_Driver/Src/stm32f1xx_hal_tim_ex.c **** 
 458:Drivers/STM32F1xx_HAL_Driver/Src/stm32f1xx_hal_tim_ex.c ****   /* Disable the Input Capture channel 1
 459:Drivers/STM32F1xx_HAL_Driver/Src/stm32f1xx_hal_tim_ex.c ****   (in the Hall Sensor Interface the three possible channels that can be used are TIM_CHANNEL_1,
 460:Drivers/STM32F1xx_HAL_Driver/Src/stm32f1xx_hal_tim_ex.c ****   TIM_CHANNEL_2 and TIM_CHANNEL_3) */
 461:Drivers/STM32F1xx_HAL_Driver/Src/stm32f1xx_hal_tim_ex.c ****   TIM_CCxChannelCmd(htim->Instance, TIM_CHANNEL_1, TIM_CCx_DISABLE);
 462:Drivers/STM32F1xx_HAL_Driver/Src/stm32f1xx_hal_tim_ex.c **** 
 463:Drivers/STM32F1xx_HAL_Driver/Src/stm32f1xx_hal_tim_ex.c ****   /* Disable the capture compare Interrupts event */
 464:Drivers/STM32F1xx_HAL_Driver/Src/stm32f1xx_hal_tim_ex.c ****   __HAL_TIM_DISABLE_IT(htim, TIM_IT_CC1);
 465:Drivers/STM32F1xx_HAL_Driver/Src/stm32f1xx_hal_tim_ex.c **** 
 466:Drivers/STM32F1xx_HAL_Driver/Src/stm32f1xx_hal_tim_ex.c ****   /* Disable the Peripheral */
 467:Drivers/STM32F1xx_HAL_Driver/Src/stm32f1xx_hal_tim_ex.c ****   __HAL_TIM_DISABLE(htim);
 468:Drivers/STM32F1xx_HAL_Driver/Src/stm32f1xx_hal_tim_ex.c **** 
 469:Drivers/STM32F1xx_HAL_Driver/Src/stm32f1xx_hal_tim_ex.c ****   /* Set the TIM channels state */
 470:Drivers/STM32F1xx_HAL_Driver/Src/stm32f1xx_hal_tim_ex.c ****   TIM_CHANNEL_STATE_SET(htim, TIM_CHANNEL_1, HAL_TIM_CHANNEL_STATE_READY);
 471:Drivers/STM32F1xx_HAL_Driver/Src/stm32f1xx_hal_tim_ex.c ****   TIM_CHANNEL_STATE_SET(htim, TIM_CHANNEL_2, HAL_TIM_CHANNEL_STATE_READY);
 472:Drivers/STM32F1xx_HAL_Driver/Src/stm32f1xx_hal_tim_ex.c ****   TIM_CHANNEL_N_STATE_SET(htim, TIM_CHANNEL_1, HAL_TIM_CHANNEL_STATE_READY);
 473:Drivers/STM32F1xx_HAL_Driver/Src/stm32f1xx_hal_tim_ex.c ****   TIM_CHANNEL_N_STATE_SET(htim, TIM_CHANNEL_2, HAL_TIM_CHANNEL_STATE_READY);
 474:Drivers/STM32F1xx_HAL_Driver/Src/stm32f1xx_hal_tim_ex.c **** 
 475:Drivers/STM32F1xx_HAL_Driver/Src/stm32f1xx_hal_tim_ex.c ****   /* Return function status */
 476:Drivers/STM32F1xx_HAL_Driver/Src/stm32f1xx_hal_tim_ex.c ****   return HAL_OK;
 477:Drivers/STM32F1xx_HAL_Driver/Src/stm32f1xx_hal_tim_ex.c **** }
 478:Drivers/STM32F1xx_HAL_Driver/Src/stm32f1xx_hal_tim_ex.c **** 
 479:Drivers/STM32F1xx_HAL_Driver/Src/stm32f1xx_hal_tim_ex.c **** /**
 480:Drivers/STM32F1xx_HAL_Driver/Src/stm32f1xx_hal_tim_ex.c ****   * @brief  Starts the TIM Hall Sensor Interface in DMA mode.
 481:Drivers/STM32F1xx_HAL_Driver/Src/stm32f1xx_hal_tim_ex.c ****   * @param  htim TIM Hall Sensor Interface handle
 482:Drivers/STM32F1xx_HAL_Driver/Src/stm32f1xx_hal_tim_ex.c ****   * @param  pData The destination Buffer address.
 483:Drivers/STM32F1xx_HAL_Driver/Src/stm32f1xx_hal_tim_ex.c ****   * @param  Length The length of data to be transferred from TIM peripheral to memory.
 484:Drivers/STM32F1xx_HAL_Driver/Src/stm32f1xx_hal_tim_ex.c ****   * @retval HAL status
 485:Drivers/STM32F1xx_HAL_Driver/Src/stm32f1xx_hal_tim_ex.c ****   */
 486:Drivers/STM32F1xx_HAL_Driver/Src/stm32f1xx_hal_tim_ex.c **** HAL_StatusTypeDef HAL_TIMEx_HallSensor_Start_DMA(TIM_HandleTypeDef *htim, uint32_t *pData, uint16_t
 487:Drivers/STM32F1xx_HAL_Driver/Src/stm32f1xx_hal_tim_ex.c **** {
 488:Drivers/STM32F1xx_HAL_Driver/Src/stm32f1xx_hal_tim_ex.c ****   uint32_t tmpsmcr;
ARM GAS  C:\Users\ride_pig\AppData\Local\Temp\ccPlGaWa.s 			page 10


 489:Drivers/STM32F1xx_HAL_Driver/Src/stm32f1xx_hal_tim_ex.c ****   HAL_TIM_ChannelStateTypeDef channel_1_state = TIM_CHANNEL_STATE_GET(htim, TIM_CHANNEL_1);
 490:Drivers/STM32F1xx_HAL_Driver/Src/stm32f1xx_hal_tim_ex.c ****   HAL_TIM_ChannelStateTypeDef complementary_channel_1_state = TIM_CHANNEL_N_STATE_GET(htim, TIM_CHA
 491:Drivers/STM32F1xx_HAL_Driver/Src/stm32f1xx_hal_tim_ex.c **** 
 492:Drivers/STM32F1xx_HAL_Driver/Src/stm32f1xx_hal_tim_ex.c ****   /* Check the parameters */
 493:Drivers/STM32F1xx_HAL_Driver/Src/stm32f1xx_hal_tim_ex.c ****   assert_param(IS_TIM_HALL_SENSOR_INTERFACE_INSTANCE(htim->Instance));
 494:Drivers/STM32F1xx_HAL_Driver/Src/stm32f1xx_hal_tim_ex.c **** 
 495:Drivers/STM32F1xx_HAL_Driver/Src/stm32f1xx_hal_tim_ex.c ****   /* Set the TIM channel state */
 496:Drivers/STM32F1xx_HAL_Driver/Src/stm32f1xx_hal_tim_ex.c ****   if ((channel_1_state == HAL_TIM_CHANNEL_STATE_BUSY)
 497:Drivers/STM32F1xx_HAL_Driver/Src/stm32f1xx_hal_tim_ex.c ****       || (complementary_channel_1_state == HAL_TIM_CHANNEL_STATE_BUSY))
 498:Drivers/STM32F1xx_HAL_Driver/Src/stm32f1xx_hal_tim_ex.c ****   {
 499:Drivers/STM32F1xx_HAL_Driver/Src/stm32f1xx_hal_tim_ex.c ****     return HAL_BUSY;
 500:Drivers/STM32F1xx_HAL_Driver/Src/stm32f1xx_hal_tim_ex.c ****   }
 501:Drivers/STM32F1xx_HAL_Driver/Src/stm32f1xx_hal_tim_ex.c ****   else if ((channel_1_state == HAL_TIM_CHANNEL_STATE_READY)
 502:Drivers/STM32F1xx_HAL_Driver/Src/stm32f1xx_hal_tim_ex.c ****            && (complementary_channel_1_state == HAL_TIM_CHANNEL_STATE_READY))
 503:Drivers/STM32F1xx_HAL_Driver/Src/stm32f1xx_hal_tim_ex.c ****   {
 504:Drivers/STM32F1xx_HAL_Driver/Src/stm32f1xx_hal_tim_ex.c ****     if ((pData == NULL) && (Length > 0U))
 505:Drivers/STM32F1xx_HAL_Driver/Src/stm32f1xx_hal_tim_ex.c ****     {
 506:Drivers/STM32F1xx_HAL_Driver/Src/stm32f1xx_hal_tim_ex.c ****       return HAL_ERROR;
 507:Drivers/STM32F1xx_HAL_Driver/Src/stm32f1xx_hal_tim_ex.c ****     }
 508:Drivers/STM32F1xx_HAL_Driver/Src/stm32f1xx_hal_tim_ex.c ****     else
 509:Drivers/STM32F1xx_HAL_Driver/Src/stm32f1xx_hal_tim_ex.c ****     {
 510:Drivers/STM32F1xx_HAL_Driver/Src/stm32f1xx_hal_tim_ex.c ****       TIM_CHANNEL_STATE_SET(htim, TIM_CHANNEL_1, HAL_TIM_CHANNEL_STATE_BUSY);
 511:Drivers/STM32F1xx_HAL_Driver/Src/stm32f1xx_hal_tim_ex.c ****       TIM_CHANNEL_N_STATE_SET(htim, TIM_CHANNEL_1, HAL_TIM_CHANNEL_STATE_BUSY);
 512:Drivers/STM32F1xx_HAL_Driver/Src/stm32f1xx_hal_tim_ex.c ****     }
 513:Drivers/STM32F1xx_HAL_Driver/Src/stm32f1xx_hal_tim_ex.c ****   }
 514:Drivers/STM32F1xx_HAL_Driver/Src/stm32f1xx_hal_tim_ex.c ****   else
 515:Drivers/STM32F1xx_HAL_Driver/Src/stm32f1xx_hal_tim_ex.c ****   {
 516:Drivers/STM32F1xx_HAL_Driver/Src/stm32f1xx_hal_tim_ex.c ****     return HAL_ERROR;
 517:Drivers/STM32F1xx_HAL_Driver/Src/stm32f1xx_hal_tim_ex.c ****   }
 518:Drivers/STM32F1xx_HAL_Driver/Src/stm32f1xx_hal_tim_ex.c **** 
 519:Drivers/STM32F1xx_HAL_Driver/Src/stm32f1xx_hal_tim_ex.c ****   /* Enable the Input Capture channel 1
 520:Drivers/STM32F1xx_HAL_Driver/Src/stm32f1xx_hal_tim_ex.c ****   (in the Hall Sensor Interface the three possible channels that can be used are TIM_CHANNEL_1,
 521:Drivers/STM32F1xx_HAL_Driver/Src/stm32f1xx_hal_tim_ex.c ****   TIM_CHANNEL_2 and TIM_CHANNEL_3) */
 522:Drivers/STM32F1xx_HAL_Driver/Src/stm32f1xx_hal_tim_ex.c ****   TIM_CCxChannelCmd(htim->Instance, TIM_CHANNEL_1, TIM_CCx_ENABLE);
 523:Drivers/STM32F1xx_HAL_Driver/Src/stm32f1xx_hal_tim_ex.c **** 
 524:Drivers/STM32F1xx_HAL_Driver/Src/stm32f1xx_hal_tim_ex.c ****   /* Set the DMA Input Capture 1 Callbacks */
 525:Drivers/STM32F1xx_HAL_Driver/Src/stm32f1xx_hal_tim_ex.c ****   htim->hdma[TIM_DMA_ID_CC1]->XferCpltCallback = TIM_DMACaptureCplt;
 526:Drivers/STM32F1xx_HAL_Driver/Src/stm32f1xx_hal_tim_ex.c ****   htim->hdma[TIM_DMA_ID_CC1]->XferHalfCpltCallback = TIM_DMACaptureHalfCplt;
 527:Drivers/STM32F1xx_HAL_Driver/Src/stm32f1xx_hal_tim_ex.c ****   /* Set the DMA error callback */
 528:Drivers/STM32F1xx_HAL_Driver/Src/stm32f1xx_hal_tim_ex.c ****   htim->hdma[TIM_DMA_ID_CC1]->XferErrorCallback = TIM_DMAError ;
 529:Drivers/STM32F1xx_HAL_Driver/Src/stm32f1xx_hal_tim_ex.c **** 
 530:Drivers/STM32F1xx_HAL_Driver/Src/stm32f1xx_hal_tim_ex.c ****   /* Enable the DMA channel for Capture 1*/
 531:Drivers/STM32F1xx_HAL_Driver/Src/stm32f1xx_hal_tim_ex.c ****   if (HAL_DMA_Start_IT(htim->hdma[TIM_DMA_ID_CC1], (uint32_t)&htim->Instance->CCR1, (uint32_t)pData
 532:Drivers/STM32F1xx_HAL_Driver/Src/stm32f1xx_hal_tim_ex.c ****   {
 533:Drivers/STM32F1xx_HAL_Driver/Src/stm32f1xx_hal_tim_ex.c ****     /* Return error status */
 534:Drivers/STM32F1xx_HAL_Driver/Src/stm32f1xx_hal_tim_ex.c ****     return HAL_ERROR;
 535:Drivers/STM32F1xx_HAL_Driver/Src/stm32f1xx_hal_tim_ex.c ****   }
 536:Drivers/STM32F1xx_HAL_Driver/Src/stm32f1xx_hal_tim_ex.c ****   /* Enable the capture compare 1 Interrupt */
 537:Drivers/STM32F1xx_HAL_Driver/Src/stm32f1xx_hal_tim_ex.c ****   __HAL_TIM_ENABLE_DMA(htim, TIM_DMA_CC1);
 538:Drivers/STM32F1xx_HAL_Driver/Src/stm32f1xx_hal_tim_ex.c **** 
 539:Drivers/STM32F1xx_HAL_Driver/Src/stm32f1xx_hal_tim_ex.c ****   /* Enable the Peripheral, except in trigger mode where enable is automatically done with trigger 
 540:Drivers/STM32F1xx_HAL_Driver/Src/stm32f1xx_hal_tim_ex.c ****   if (IS_TIM_SLAVE_INSTANCE(htim->Instance))
 541:Drivers/STM32F1xx_HAL_Driver/Src/stm32f1xx_hal_tim_ex.c ****   {
 542:Drivers/STM32F1xx_HAL_Driver/Src/stm32f1xx_hal_tim_ex.c ****     tmpsmcr = htim->Instance->SMCR & TIM_SMCR_SMS;
 543:Drivers/STM32F1xx_HAL_Driver/Src/stm32f1xx_hal_tim_ex.c ****     if (!IS_TIM_SLAVEMODE_TRIGGER_ENABLED(tmpsmcr))
 544:Drivers/STM32F1xx_HAL_Driver/Src/stm32f1xx_hal_tim_ex.c ****     {
 545:Drivers/STM32F1xx_HAL_Driver/Src/stm32f1xx_hal_tim_ex.c ****       __HAL_TIM_ENABLE(htim);
ARM GAS  C:\Users\ride_pig\AppData\Local\Temp\ccPlGaWa.s 			page 11


 546:Drivers/STM32F1xx_HAL_Driver/Src/stm32f1xx_hal_tim_ex.c ****     }
 547:Drivers/STM32F1xx_HAL_Driver/Src/stm32f1xx_hal_tim_ex.c ****   }
 548:Drivers/STM32F1xx_HAL_Driver/Src/stm32f1xx_hal_tim_ex.c ****   else
 549:Drivers/STM32F1xx_HAL_Driver/Src/stm32f1xx_hal_tim_ex.c ****   {
 550:Drivers/STM32F1xx_HAL_Driver/Src/stm32f1xx_hal_tim_ex.c ****     __HAL_TIM_ENABLE(htim);
 551:Drivers/STM32F1xx_HAL_Driver/Src/stm32f1xx_hal_tim_ex.c ****   }
 552:Drivers/STM32F1xx_HAL_Driver/Src/stm32f1xx_hal_tim_ex.c **** 
 553:Drivers/STM32F1xx_HAL_Driver/Src/stm32f1xx_hal_tim_ex.c ****   /* Return function status */
 554:Drivers/STM32F1xx_HAL_Driver/Src/stm32f1xx_hal_tim_ex.c ****   return HAL_OK;
 555:Drivers/STM32F1xx_HAL_Driver/Src/stm32f1xx_hal_tim_ex.c **** }
 556:Drivers/STM32F1xx_HAL_Driver/Src/stm32f1xx_hal_tim_ex.c **** 
 557:Drivers/STM32F1xx_HAL_Driver/Src/stm32f1xx_hal_tim_ex.c **** /**
 558:Drivers/STM32F1xx_HAL_Driver/Src/stm32f1xx_hal_tim_ex.c ****   * @brief  Stops the TIM Hall Sensor Interface in DMA mode.
 559:Drivers/STM32F1xx_HAL_Driver/Src/stm32f1xx_hal_tim_ex.c ****   * @param  htim TIM Hall Sensor Interface handle
 560:Drivers/STM32F1xx_HAL_Driver/Src/stm32f1xx_hal_tim_ex.c ****   * @retval HAL status
 561:Drivers/STM32F1xx_HAL_Driver/Src/stm32f1xx_hal_tim_ex.c ****   */
 562:Drivers/STM32F1xx_HAL_Driver/Src/stm32f1xx_hal_tim_ex.c **** HAL_StatusTypeDef HAL_TIMEx_HallSensor_Stop_DMA(TIM_HandleTypeDef *htim)
 563:Drivers/STM32F1xx_HAL_Driver/Src/stm32f1xx_hal_tim_ex.c **** {
 564:Drivers/STM32F1xx_HAL_Driver/Src/stm32f1xx_hal_tim_ex.c ****   /* Check the parameters */
 565:Drivers/STM32F1xx_HAL_Driver/Src/stm32f1xx_hal_tim_ex.c ****   assert_param(IS_TIM_HALL_SENSOR_INTERFACE_INSTANCE(htim->Instance));
 566:Drivers/STM32F1xx_HAL_Driver/Src/stm32f1xx_hal_tim_ex.c **** 
 567:Drivers/STM32F1xx_HAL_Driver/Src/stm32f1xx_hal_tim_ex.c ****   /* Disable the Input Capture channel 1
 568:Drivers/STM32F1xx_HAL_Driver/Src/stm32f1xx_hal_tim_ex.c ****   (in the Hall Sensor Interface the three possible channels that can be used are TIM_CHANNEL_1,
 569:Drivers/STM32F1xx_HAL_Driver/Src/stm32f1xx_hal_tim_ex.c ****   TIM_CHANNEL_2 and TIM_CHANNEL_3) */
 570:Drivers/STM32F1xx_HAL_Driver/Src/stm32f1xx_hal_tim_ex.c ****   TIM_CCxChannelCmd(htim->Instance, TIM_CHANNEL_1, TIM_CCx_DISABLE);
 571:Drivers/STM32F1xx_HAL_Driver/Src/stm32f1xx_hal_tim_ex.c **** 
 572:Drivers/STM32F1xx_HAL_Driver/Src/stm32f1xx_hal_tim_ex.c **** 
 573:Drivers/STM32F1xx_HAL_Driver/Src/stm32f1xx_hal_tim_ex.c ****   /* Disable the capture compare Interrupts 1 event */
 574:Drivers/STM32F1xx_HAL_Driver/Src/stm32f1xx_hal_tim_ex.c ****   __HAL_TIM_DISABLE_DMA(htim, TIM_DMA_CC1);
 575:Drivers/STM32F1xx_HAL_Driver/Src/stm32f1xx_hal_tim_ex.c **** 
 576:Drivers/STM32F1xx_HAL_Driver/Src/stm32f1xx_hal_tim_ex.c ****   (void)HAL_DMA_Abort_IT(htim->hdma[TIM_DMA_ID_CC1]);
 577:Drivers/STM32F1xx_HAL_Driver/Src/stm32f1xx_hal_tim_ex.c **** 
 578:Drivers/STM32F1xx_HAL_Driver/Src/stm32f1xx_hal_tim_ex.c ****   /* Disable the Peripheral */
 579:Drivers/STM32F1xx_HAL_Driver/Src/stm32f1xx_hal_tim_ex.c ****   __HAL_TIM_DISABLE(htim);
 580:Drivers/STM32F1xx_HAL_Driver/Src/stm32f1xx_hal_tim_ex.c **** 
 581:Drivers/STM32F1xx_HAL_Driver/Src/stm32f1xx_hal_tim_ex.c ****   /* Set the TIM channel state */
 582:Drivers/STM32F1xx_HAL_Driver/Src/stm32f1xx_hal_tim_ex.c ****   TIM_CHANNEL_STATE_SET(htim, TIM_CHANNEL_1, HAL_TIM_CHANNEL_STATE_READY);
 583:Drivers/STM32F1xx_HAL_Driver/Src/stm32f1xx_hal_tim_ex.c ****   TIM_CHANNEL_N_STATE_SET(htim, TIM_CHANNEL_1, HAL_TIM_CHANNEL_STATE_READY);
 584:Drivers/STM32F1xx_HAL_Driver/Src/stm32f1xx_hal_tim_ex.c **** 
 585:Drivers/STM32F1xx_HAL_Driver/Src/stm32f1xx_hal_tim_ex.c ****   /* Return function status */
 586:Drivers/STM32F1xx_HAL_Driver/Src/stm32f1xx_hal_tim_ex.c ****   return HAL_OK;
 587:Drivers/STM32F1xx_HAL_Driver/Src/stm32f1xx_hal_tim_ex.c **** }
 588:Drivers/STM32F1xx_HAL_Driver/Src/stm32f1xx_hal_tim_ex.c **** 
 589:Drivers/STM32F1xx_HAL_Driver/Src/stm32f1xx_hal_tim_ex.c **** /**
 590:Drivers/STM32F1xx_HAL_Driver/Src/stm32f1xx_hal_tim_ex.c ****   * @}
 591:Drivers/STM32F1xx_HAL_Driver/Src/stm32f1xx_hal_tim_ex.c ****   */
 592:Drivers/STM32F1xx_HAL_Driver/Src/stm32f1xx_hal_tim_ex.c **** 
 593:Drivers/STM32F1xx_HAL_Driver/Src/stm32f1xx_hal_tim_ex.c **** /** @defgroup TIMEx_Exported_Functions_Group2 Extended Timer Complementary Output Compare functions
 594:Drivers/STM32F1xx_HAL_Driver/Src/stm32f1xx_hal_tim_ex.c ****   *  @brief   Timer Complementary Output Compare functions
 595:Drivers/STM32F1xx_HAL_Driver/Src/stm32f1xx_hal_tim_ex.c ****   *
 596:Drivers/STM32F1xx_HAL_Driver/Src/stm32f1xx_hal_tim_ex.c **** @verbatim
 597:Drivers/STM32F1xx_HAL_Driver/Src/stm32f1xx_hal_tim_ex.c ****   ==============================================================================
 598:Drivers/STM32F1xx_HAL_Driver/Src/stm32f1xx_hal_tim_ex.c ****               ##### Timer Complementary Output Compare functions #####
 599:Drivers/STM32F1xx_HAL_Driver/Src/stm32f1xx_hal_tim_ex.c ****   ==============================================================================
 600:Drivers/STM32F1xx_HAL_Driver/Src/stm32f1xx_hal_tim_ex.c ****   [..]
 601:Drivers/STM32F1xx_HAL_Driver/Src/stm32f1xx_hal_tim_ex.c ****     This section provides functions allowing to:
 602:Drivers/STM32F1xx_HAL_Driver/Src/stm32f1xx_hal_tim_ex.c ****     (+) Start the Complementary Output Compare/PWM.
ARM GAS  C:\Users\ride_pig\AppData\Local\Temp\ccPlGaWa.s 			page 12


 603:Drivers/STM32F1xx_HAL_Driver/Src/stm32f1xx_hal_tim_ex.c ****     (+) Stop the Complementary Output Compare/PWM.
 604:Drivers/STM32F1xx_HAL_Driver/Src/stm32f1xx_hal_tim_ex.c ****     (+) Start the Complementary Output Compare/PWM and enable interrupts.
 605:Drivers/STM32F1xx_HAL_Driver/Src/stm32f1xx_hal_tim_ex.c ****     (+) Stop the Complementary Output Compare/PWM and disable interrupts.
 606:Drivers/STM32F1xx_HAL_Driver/Src/stm32f1xx_hal_tim_ex.c ****     (+) Start the Complementary Output Compare/PWM and enable DMA transfers.
 607:Drivers/STM32F1xx_HAL_Driver/Src/stm32f1xx_hal_tim_ex.c ****     (+) Stop the Complementary Output Compare/PWM and disable DMA transfers.
 608:Drivers/STM32F1xx_HAL_Driver/Src/stm32f1xx_hal_tim_ex.c **** 
 609:Drivers/STM32F1xx_HAL_Driver/Src/stm32f1xx_hal_tim_ex.c **** @endverbatim
 610:Drivers/STM32F1xx_HAL_Driver/Src/stm32f1xx_hal_tim_ex.c ****   * @{
 611:Drivers/STM32F1xx_HAL_Driver/Src/stm32f1xx_hal_tim_ex.c ****   */
 612:Drivers/STM32F1xx_HAL_Driver/Src/stm32f1xx_hal_tim_ex.c **** 
 613:Drivers/STM32F1xx_HAL_Driver/Src/stm32f1xx_hal_tim_ex.c **** /**
 614:Drivers/STM32F1xx_HAL_Driver/Src/stm32f1xx_hal_tim_ex.c ****   * @brief  Starts the TIM Output Compare signal generation on the complementary
 615:Drivers/STM32F1xx_HAL_Driver/Src/stm32f1xx_hal_tim_ex.c ****   *         output.
 616:Drivers/STM32F1xx_HAL_Driver/Src/stm32f1xx_hal_tim_ex.c ****   * @param  htim TIM Output Compare handle
 617:Drivers/STM32F1xx_HAL_Driver/Src/stm32f1xx_hal_tim_ex.c ****   * @param  Channel TIM Channel to be enabled
 618:Drivers/STM32F1xx_HAL_Driver/Src/stm32f1xx_hal_tim_ex.c ****   *          This parameter can be one of the following values:
 619:Drivers/STM32F1xx_HAL_Driver/Src/stm32f1xx_hal_tim_ex.c ****   *            @arg TIM_CHANNEL_1: TIM Channel 1 selected
 620:Drivers/STM32F1xx_HAL_Driver/Src/stm32f1xx_hal_tim_ex.c ****   *            @arg TIM_CHANNEL_2: TIM Channel 2 selected
 621:Drivers/STM32F1xx_HAL_Driver/Src/stm32f1xx_hal_tim_ex.c ****   *            @arg TIM_CHANNEL_3: TIM Channel 3 selected
 622:Drivers/STM32F1xx_HAL_Driver/Src/stm32f1xx_hal_tim_ex.c ****   * @retval HAL status
 623:Drivers/STM32F1xx_HAL_Driver/Src/stm32f1xx_hal_tim_ex.c ****   */
 624:Drivers/STM32F1xx_HAL_Driver/Src/stm32f1xx_hal_tim_ex.c **** HAL_StatusTypeDef HAL_TIMEx_OCN_Start(TIM_HandleTypeDef *htim, uint32_t Channel)
 625:Drivers/STM32F1xx_HAL_Driver/Src/stm32f1xx_hal_tim_ex.c **** {
 626:Drivers/STM32F1xx_HAL_Driver/Src/stm32f1xx_hal_tim_ex.c ****   uint32_t tmpsmcr;
 627:Drivers/STM32F1xx_HAL_Driver/Src/stm32f1xx_hal_tim_ex.c **** 
 628:Drivers/STM32F1xx_HAL_Driver/Src/stm32f1xx_hal_tim_ex.c ****   /* Check the parameters */
 629:Drivers/STM32F1xx_HAL_Driver/Src/stm32f1xx_hal_tim_ex.c ****   assert_param(IS_TIM_CCXN_INSTANCE(htim->Instance, Channel));
 630:Drivers/STM32F1xx_HAL_Driver/Src/stm32f1xx_hal_tim_ex.c **** 
 631:Drivers/STM32F1xx_HAL_Driver/Src/stm32f1xx_hal_tim_ex.c ****   /* Check the TIM complementary channel state */
 632:Drivers/STM32F1xx_HAL_Driver/Src/stm32f1xx_hal_tim_ex.c ****   if (TIM_CHANNEL_N_STATE_GET(htim, Channel) != HAL_TIM_CHANNEL_STATE_READY)
 633:Drivers/STM32F1xx_HAL_Driver/Src/stm32f1xx_hal_tim_ex.c ****   {
 634:Drivers/STM32F1xx_HAL_Driver/Src/stm32f1xx_hal_tim_ex.c ****     return HAL_ERROR;
 635:Drivers/STM32F1xx_HAL_Driver/Src/stm32f1xx_hal_tim_ex.c ****   }
 636:Drivers/STM32F1xx_HAL_Driver/Src/stm32f1xx_hal_tim_ex.c **** 
 637:Drivers/STM32F1xx_HAL_Driver/Src/stm32f1xx_hal_tim_ex.c ****   /* Set the TIM complementary channel state */
 638:Drivers/STM32F1xx_HAL_Driver/Src/stm32f1xx_hal_tim_ex.c ****   TIM_CHANNEL_N_STATE_SET(htim, Channel, HAL_TIM_CHANNEL_STATE_BUSY);
 639:Drivers/STM32F1xx_HAL_Driver/Src/stm32f1xx_hal_tim_ex.c **** 
 640:Drivers/STM32F1xx_HAL_Driver/Src/stm32f1xx_hal_tim_ex.c ****   /* Enable the Capture compare channel N */
 641:Drivers/STM32F1xx_HAL_Driver/Src/stm32f1xx_hal_tim_ex.c ****   TIM_CCxNChannelCmd(htim->Instance, Channel, TIM_CCxN_ENABLE);
 642:Drivers/STM32F1xx_HAL_Driver/Src/stm32f1xx_hal_tim_ex.c **** 
 643:Drivers/STM32F1xx_HAL_Driver/Src/stm32f1xx_hal_tim_ex.c ****   /* Enable the Main Output */
 644:Drivers/STM32F1xx_HAL_Driver/Src/stm32f1xx_hal_tim_ex.c ****   __HAL_TIM_MOE_ENABLE(htim);
 645:Drivers/STM32F1xx_HAL_Driver/Src/stm32f1xx_hal_tim_ex.c **** 
 646:Drivers/STM32F1xx_HAL_Driver/Src/stm32f1xx_hal_tim_ex.c ****   /* Enable the Peripheral, except in trigger mode where enable is automatically done with trigger 
 647:Drivers/STM32F1xx_HAL_Driver/Src/stm32f1xx_hal_tim_ex.c ****   if (IS_TIM_SLAVE_INSTANCE(htim->Instance))
 648:Drivers/STM32F1xx_HAL_Driver/Src/stm32f1xx_hal_tim_ex.c ****   {
 649:Drivers/STM32F1xx_HAL_Driver/Src/stm32f1xx_hal_tim_ex.c ****     tmpsmcr = htim->Instance->SMCR & TIM_SMCR_SMS;
 650:Drivers/STM32F1xx_HAL_Driver/Src/stm32f1xx_hal_tim_ex.c ****     if (!IS_TIM_SLAVEMODE_TRIGGER_ENABLED(tmpsmcr))
 651:Drivers/STM32F1xx_HAL_Driver/Src/stm32f1xx_hal_tim_ex.c ****     {
 652:Drivers/STM32F1xx_HAL_Driver/Src/stm32f1xx_hal_tim_ex.c ****       __HAL_TIM_ENABLE(htim);
 653:Drivers/STM32F1xx_HAL_Driver/Src/stm32f1xx_hal_tim_ex.c ****     }
 654:Drivers/STM32F1xx_HAL_Driver/Src/stm32f1xx_hal_tim_ex.c ****   }
 655:Drivers/STM32F1xx_HAL_Driver/Src/stm32f1xx_hal_tim_ex.c ****   else
 656:Drivers/STM32F1xx_HAL_Driver/Src/stm32f1xx_hal_tim_ex.c ****   {
 657:Drivers/STM32F1xx_HAL_Driver/Src/stm32f1xx_hal_tim_ex.c ****     __HAL_TIM_ENABLE(htim);
 658:Drivers/STM32F1xx_HAL_Driver/Src/stm32f1xx_hal_tim_ex.c ****   }
 659:Drivers/STM32F1xx_HAL_Driver/Src/stm32f1xx_hal_tim_ex.c **** 
ARM GAS  C:\Users\ride_pig\AppData\Local\Temp\ccPlGaWa.s 			page 13


 660:Drivers/STM32F1xx_HAL_Driver/Src/stm32f1xx_hal_tim_ex.c ****   /* Return function status */
 661:Drivers/STM32F1xx_HAL_Driver/Src/stm32f1xx_hal_tim_ex.c ****   return HAL_OK;
 662:Drivers/STM32F1xx_HAL_Driver/Src/stm32f1xx_hal_tim_ex.c **** }
 663:Drivers/STM32F1xx_HAL_Driver/Src/stm32f1xx_hal_tim_ex.c **** 
 664:Drivers/STM32F1xx_HAL_Driver/Src/stm32f1xx_hal_tim_ex.c **** /**
 665:Drivers/STM32F1xx_HAL_Driver/Src/stm32f1xx_hal_tim_ex.c ****   * @brief  Stops the TIM Output Compare signal generation on the complementary
 666:Drivers/STM32F1xx_HAL_Driver/Src/stm32f1xx_hal_tim_ex.c ****   *         output.
 667:Drivers/STM32F1xx_HAL_Driver/Src/stm32f1xx_hal_tim_ex.c ****   * @param  htim TIM handle
 668:Drivers/STM32F1xx_HAL_Driver/Src/stm32f1xx_hal_tim_ex.c ****   * @param  Channel TIM Channel to be disabled
 669:Drivers/STM32F1xx_HAL_Driver/Src/stm32f1xx_hal_tim_ex.c ****   *          This parameter can be one of the following values:
 670:Drivers/STM32F1xx_HAL_Driver/Src/stm32f1xx_hal_tim_ex.c ****   *            @arg TIM_CHANNEL_1: TIM Channel 1 selected
 671:Drivers/STM32F1xx_HAL_Driver/Src/stm32f1xx_hal_tim_ex.c ****   *            @arg TIM_CHANNEL_2: TIM Channel 2 selected
 672:Drivers/STM32F1xx_HAL_Driver/Src/stm32f1xx_hal_tim_ex.c ****   *            @arg TIM_CHANNEL_3: TIM Channel 3 selected
 673:Drivers/STM32F1xx_HAL_Driver/Src/stm32f1xx_hal_tim_ex.c ****   * @retval HAL status
 674:Drivers/STM32F1xx_HAL_Driver/Src/stm32f1xx_hal_tim_ex.c ****   */
 675:Drivers/STM32F1xx_HAL_Driver/Src/stm32f1xx_hal_tim_ex.c **** HAL_StatusTypeDef HAL_TIMEx_OCN_Stop(TIM_HandleTypeDef *htim, uint32_t Channel)
 676:Drivers/STM32F1xx_HAL_Driver/Src/stm32f1xx_hal_tim_ex.c **** {
 677:Drivers/STM32F1xx_HAL_Driver/Src/stm32f1xx_hal_tim_ex.c ****   /* Check the parameters */
 678:Drivers/STM32F1xx_HAL_Driver/Src/stm32f1xx_hal_tim_ex.c ****   assert_param(IS_TIM_CCXN_INSTANCE(htim->Instance, Channel));
 679:Drivers/STM32F1xx_HAL_Driver/Src/stm32f1xx_hal_tim_ex.c **** 
 680:Drivers/STM32F1xx_HAL_Driver/Src/stm32f1xx_hal_tim_ex.c ****   /* Disable the Capture compare channel N */
 681:Drivers/STM32F1xx_HAL_Driver/Src/stm32f1xx_hal_tim_ex.c ****   TIM_CCxNChannelCmd(htim->Instance, Channel, TIM_CCxN_DISABLE);
 682:Drivers/STM32F1xx_HAL_Driver/Src/stm32f1xx_hal_tim_ex.c **** 
 683:Drivers/STM32F1xx_HAL_Driver/Src/stm32f1xx_hal_tim_ex.c ****   /* Disable the Main Output */
 684:Drivers/STM32F1xx_HAL_Driver/Src/stm32f1xx_hal_tim_ex.c ****   __HAL_TIM_MOE_DISABLE(htim);
 685:Drivers/STM32F1xx_HAL_Driver/Src/stm32f1xx_hal_tim_ex.c **** 
 686:Drivers/STM32F1xx_HAL_Driver/Src/stm32f1xx_hal_tim_ex.c ****   /* Disable the Peripheral */
 687:Drivers/STM32F1xx_HAL_Driver/Src/stm32f1xx_hal_tim_ex.c ****   __HAL_TIM_DISABLE(htim);
 688:Drivers/STM32F1xx_HAL_Driver/Src/stm32f1xx_hal_tim_ex.c **** 
 689:Drivers/STM32F1xx_HAL_Driver/Src/stm32f1xx_hal_tim_ex.c ****   /* Set the TIM complementary channel state */
 690:Drivers/STM32F1xx_HAL_Driver/Src/stm32f1xx_hal_tim_ex.c ****   TIM_CHANNEL_N_STATE_SET(htim, Channel, HAL_TIM_CHANNEL_STATE_READY);
 691:Drivers/STM32F1xx_HAL_Driver/Src/stm32f1xx_hal_tim_ex.c **** 
 692:Drivers/STM32F1xx_HAL_Driver/Src/stm32f1xx_hal_tim_ex.c ****   /* Return function status */
 693:Drivers/STM32F1xx_HAL_Driver/Src/stm32f1xx_hal_tim_ex.c ****   return HAL_OK;
 694:Drivers/STM32F1xx_HAL_Driver/Src/stm32f1xx_hal_tim_ex.c **** }
 695:Drivers/STM32F1xx_HAL_Driver/Src/stm32f1xx_hal_tim_ex.c **** 
 696:Drivers/STM32F1xx_HAL_Driver/Src/stm32f1xx_hal_tim_ex.c **** /**
 697:Drivers/STM32F1xx_HAL_Driver/Src/stm32f1xx_hal_tim_ex.c ****   * @brief  Starts the TIM Output Compare signal generation in interrupt mode
 698:Drivers/STM32F1xx_HAL_Driver/Src/stm32f1xx_hal_tim_ex.c ****   *         on the complementary output.
 699:Drivers/STM32F1xx_HAL_Driver/Src/stm32f1xx_hal_tim_ex.c ****   * @param  htim TIM OC handle
 700:Drivers/STM32F1xx_HAL_Driver/Src/stm32f1xx_hal_tim_ex.c ****   * @param  Channel TIM Channel to be enabled
 701:Drivers/STM32F1xx_HAL_Driver/Src/stm32f1xx_hal_tim_ex.c ****   *          This parameter can be one of the following values:
 702:Drivers/STM32F1xx_HAL_Driver/Src/stm32f1xx_hal_tim_ex.c ****   *            @arg TIM_CHANNEL_1: TIM Channel 1 selected
 703:Drivers/STM32F1xx_HAL_Driver/Src/stm32f1xx_hal_tim_ex.c ****   *            @arg TIM_CHANNEL_2: TIM Channel 2 selected
 704:Drivers/STM32F1xx_HAL_Driver/Src/stm32f1xx_hal_tim_ex.c ****   *            @arg TIM_CHANNEL_3: TIM Channel 3 selected
 705:Drivers/STM32F1xx_HAL_Driver/Src/stm32f1xx_hal_tim_ex.c ****   * @retval HAL status
 706:Drivers/STM32F1xx_HAL_Driver/Src/stm32f1xx_hal_tim_ex.c ****   */
 707:Drivers/STM32F1xx_HAL_Driver/Src/stm32f1xx_hal_tim_ex.c **** HAL_StatusTypeDef HAL_TIMEx_OCN_Start_IT(TIM_HandleTypeDef *htim, uint32_t Channel)
 708:Drivers/STM32F1xx_HAL_Driver/Src/stm32f1xx_hal_tim_ex.c **** {
 709:Drivers/STM32F1xx_HAL_Driver/Src/stm32f1xx_hal_tim_ex.c ****   uint32_t tmpsmcr;
 710:Drivers/STM32F1xx_HAL_Driver/Src/stm32f1xx_hal_tim_ex.c **** 
 711:Drivers/STM32F1xx_HAL_Driver/Src/stm32f1xx_hal_tim_ex.c ****   /* Check the parameters */
 712:Drivers/STM32F1xx_HAL_Driver/Src/stm32f1xx_hal_tim_ex.c ****   assert_param(IS_TIM_CCXN_INSTANCE(htim->Instance, Channel));
 713:Drivers/STM32F1xx_HAL_Driver/Src/stm32f1xx_hal_tim_ex.c **** 
 714:Drivers/STM32F1xx_HAL_Driver/Src/stm32f1xx_hal_tim_ex.c ****   /* Check the TIM complementary channel state */
 715:Drivers/STM32F1xx_HAL_Driver/Src/stm32f1xx_hal_tim_ex.c ****   if (TIM_CHANNEL_N_STATE_GET(htim, Channel) != HAL_TIM_CHANNEL_STATE_READY)
 716:Drivers/STM32F1xx_HAL_Driver/Src/stm32f1xx_hal_tim_ex.c ****   {
ARM GAS  C:\Users\ride_pig\AppData\Local\Temp\ccPlGaWa.s 			page 14


 717:Drivers/STM32F1xx_HAL_Driver/Src/stm32f1xx_hal_tim_ex.c ****     return HAL_ERROR;
 718:Drivers/STM32F1xx_HAL_Driver/Src/stm32f1xx_hal_tim_ex.c ****   }
 719:Drivers/STM32F1xx_HAL_Driver/Src/stm32f1xx_hal_tim_ex.c **** 
 720:Drivers/STM32F1xx_HAL_Driver/Src/stm32f1xx_hal_tim_ex.c ****   /* Set the TIM complementary channel state */
 721:Drivers/STM32F1xx_HAL_Driver/Src/stm32f1xx_hal_tim_ex.c ****   TIM_CHANNEL_N_STATE_SET(htim, Channel, HAL_TIM_CHANNEL_STATE_BUSY);
 722:Drivers/STM32F1xx_HAL_Driver/Src/stm32f1xx_hal_tim_ex.c **** 
 723:Drivers/STM32F1xx_HAL_Driver/Src/stm32f1xx_hal_tim_ex.c ****   switch (Channel)
 724:Drivers/STM32F1xx_HAL_Driver/Src/stm32f1xx_hal_tim_ex.c ****   {
 725:Drivers/STM32F1xx_HAL_Driver/Src/stm32f1xx_hal_tim_ex.c ****     case TIM_CHANNEL_1:
 726:Drivers/STM32F1xx_HAL_Driver/Src/stm32f1xx_hal_tim_ex.c ****     {
 727:Drivers/STM32F1xx_HAL_Driver/Src/stm32f1xx_hal_tim_ex.c ****       /* Enable the TIM Output Compare interrupt */
 728:Drivers/STM32F1xx_HAL_Driver/Src/stm32f1xx_hal_tim_ex.c ****       __HAL_TIM_ENABLE_IT(htim, TIM_IT_CC1);
 729:Drivers/STM32F1xx_HAL_Driver/Src/stm32f1xx_hal_tim_ex.c ****       break;
 730:Drivers/STM32F1xx_HAL_Driver/Src/stm32f1xx_hal_tim_ex.c ****     }
 731:Drivers/STM32F1xx_HAL_Driver/Src/stm32f1xx_hal_tim_ex.c **** 
 732:Drivers/STM32F1xx_HAL_Driver/Src/stm32f1xx_hal_tim_ex.c ****     case TIM_CHANNEL_2:
 733:Drivers/STM32F1xx_HAL_Driver/Src/stm32f1xx_hal_tim_ex.c ****     {
 734:Drivers/STM32F1xx_HAL_Driver/Src/stm32f1xx_hal_tim_ex.c ****       /* Enable the TIM Output Compare interrupt */
 735:Drivers/STM32F1xx_HAL_Driver/Src/stm32f1xx_hal_tim_ex.c ****       __HAL_TIM_ENABLE_IT(htim, TIM_IT_CC2);
 736:Drivers/STM32F1xx_HAL_Driver/Src/stm32f1xx_hal_tim_ex.c ****       break;
 737:Drivers/STM32F1xx_HAL_Driver/Src/stm32f1xx_hal_tim_ex.c ****     }
 738:Drivers/STM32F1xx_HAL_Driver/Src/stm32f1xx_hal_tim_ex.c **** 
 739:Drivers/STM32F1xx_HAL_Driver/Src/stm32f1xx_hal_tim_ex.c ****     case TIM_CHANNEL_3:
 740:Drivers/STM32F1xx_HAL_Driver/Src/stm32f1xx_hal_tim_ex.c ****     {
 741:Drivers/STM32F1xx_HAL_Driver/Src/stm32f1xx_hal_tim_ex.c ****       /* Enable the TIM Output Compare interrupt */
 742:Drivers/STM32F1xx_HAL_Driver/Src/stm32f1xx_hal_tim_ex.c ****       __HAL_TIM_ENABLE_IT(htim, TIM_IT_CC3);
 743:Drivers/STM32F1xx_HAL_Driver/Src/stm32f1xx_hal_tim_ex.c ****       break;
 744:Drivers/STM32F1xx_HAL_Driver/Src/stm32f1xx_hal_tim_ex.c ****     }
 745:Drivers/STM32F1xx_HAL_Driver/Src/stm32f1xx_hal_tim_ex.c **** 
 746:Drivers/STM32F1xx_HAL_Driver/Src/stm32f1xx_hal_tim_ex.c **** 
 747:Drivers/STM32F1xx_HAL_Driver/Src/stm32f1xx_hal_tim_ex.c ****     default:
 748:Drivers/STM32F1xx_HAL_Driver/Src/stm32f1xx_hal_tim_ex.c ****       break;
 749:Drivers/STM32F1xx_HAL_Driver/Src/stm32f1xx_hal_tim_ex.c ****   }
 750:Drivers/STM32F1xx_HAL_Driver/Src/stm32f1xx_hal_tim_ex.c **** 
 751:Drivers/STM32F1xx_HAL_Driver/Src/stm32f1xx_hal_tim_ex.c ****   /* Enable the TIM Break interrupt */
 752:Drivers/STM32F1xx_HAL_Driver/Src/stm32f1xx_hal_tim_ex.c ****   __HAL_TIM_ENABLE_IT(htim, TIM_IT_BREAK);
 753:Drivers/STM32F1xx_HAL_Driver/Src/stm32f1xx_hal_tim_ex.c **** 
 754:Drivers/STM32F1xx_HAL_Driver/Src/stm32f1xx_hal_tim_ex.c ****   /* Enable the Capture compare channel N */
 755:Drivers/STM32F1xx_HAL_Driver/Src/stm32f1xx_hal_tim_ex.c ****   TIM_CCxNChannelCmd(htim->Instance, Channel, TIM_CCxN_ENABLE);
 756:Drivers/STM32F1xx_HAL_Driver/Src/stm32f1xx_hal_tim_ex.c **** 
 757:Drivers/STM32F1xx_HAL_Driver/Src/stm32f1xx_hal_tim_ex.c ****   /* Enable the Main Output */
 758:Drivers/STM32F1xx_HAL_Driver/Src/stm32f1xx_hal_tim_ex.c ****   __HAL_TIM_MOE_ENABLE(htim);
 759:Drivers/STM32F1xx_HAL_Driver/Src/stm32f1xx_hal_tim_ex.c **** 
 760:Drivers/STM32F1xx_HAL_Driver/Src/stm32f1xx_hal_tim_ex.c ****   /* Enable the Peripheral, except in trigger mode where enable is automatically done with trigger 
 761:Drivers/STM32F1xx_HAL_Driver/Src/stm32f1xx_hal_tim_ex.c ****   if (IS_TIM_SLAVE_INSTANCE(htim->Instance))
 762:Drivers/STM32F1xx_HAL_Driver/Src/stm32f1xx_hal_tim_ex.c ****   {
 763:Drivers/STM32F1xx_HAL_Driver/Src/stm32f1xx_hal_tim_ex.c ****     tmpsmcr = htim->Instance->SMCR & TIM_SMCR_SMS;
 764:Drivers/STM32F1xx_HAL_Driver/Src/stm32f1xx_hal_tim_ex.c ****     if (!IS_TIM_SLAVEMODE_TRIGGER_ENABLED(tmpsmcr))
 765:Drivers/STM32F1xx_HAL_Driver/Src/stm32f1xx_hal_tim_ex.c ****     {
 766:Drivers/STM32F1xx_HAL_Driver/Src/stm32f1xx_hal_tim_ex.c ****       __HAL_TIM_ENABLE(htim);
 767:Drivers/STM32F1xx_HAL_Driver/Src/stm32f1xx_hal_tim_ex.c ****     }
 768:Drivers/STM32F1xx_HAL_Driver/Src/stm32f1xx_hal_tim_ex.c ****   }
 769:Drivers/STM32F1xx_HAL_Driver/Src/stm32f1xx_hal_tim_ex.c ****   else
 770:Drivers/STM32F1xx_HAL_Driver/Src/stm32f1xx_hal_tim_ex.c ****   {
 771:Drivers/STM32F1xx_HAL_Driver/Src/stm32f1xx_hal_tim_ex.c ****     __HAL_TIM_ENABLE(htim);
 772:Drivers/STM32F1xx_HAL_Driver/Src/stm32f1xx_hal_tim_ex.c ****   }
 773:Drivers/STM32F1xx_HAL_Driver/Src/stm32f1xx_hal_tim_ex.c **** 
ARM GAS  C:\Users\ride_pig\AppData\Local\Temp\ccPlGaWa.s 			page 15


 774:Drivers/STM32F1xx_HAL_Driver/Src/stm32f1xx_hal_tim_ex.c ****   /* Return function status */
 775:Drivers/STM32F1xx_HAL_Driver/Src/stm32f1xx_hal_tim_ex.c ****   return HAL_OK;
 776:Drivers/STM32F1xx_HAL_Driver/Src/stm32f1xx_hal_tim_ex.c **** }
 777:Drivers/STM32F1xx_HAL_Driver/Src/stm32f1xx_hal_tim_ex.c **** 
 778:Drivers/STM32F1xx_HAL_Driver/Src/stm32f1xx_hal_tim_ex.c **** /**
 779:Drivers/STM32F1xx_HAL_Driver/Src/stm32f1xx_hal_tim_ex.c ****   * @brief  Stops the TIM Output Compare signal generation in interrupt mode
 780:Drivers/STM32F1xx_HAL_Driver/Src/stm32f1xx_hal_tim_ex.c ****   *         on the complementary output.
 781:Drivers/STM32F1xx_HAL_Driver/Src/stm32f1xx_hal_tim_ex.c ****   * @param  htim TIM Output Compare handle
 782:Drivers/STM32F1xx_HAL_Driver/Src/stm32f1xx_hal_tim_ex.c ****   * @param  Channel TIM Channel to be disabled
 783:Drivers/STM32F1xx_HAL_Driver/Src/stm32f1xx_hal_tim_ex.c ****   *          This parameter can be one of the following values:
 784:Drivers/STM32F1xx_HAL_Driver/Src/stm32f1xx_hal_tim_ex.c ****   *            @arg TIM_CHANNEL_1: TIM Channel 1 selected
 785:Drivers/STM32F1xx_HAL_Driver/Src/stm32f1xx_hal_tim_ex.c ****   *            @arg TIM_CHANNEL_2: TIM Channel 2 selected
 786:Drivers/STM32F1xx_HAL_Driver/Src/stm32f1xx_hal_tim_ex.c ****   *            @arg TIM_CHANNEL_3: TIM Channel 3 selected
 787:Drivers/STM32F1xx_HAL_Driver/Src/stm32f1xx_hal_tim_ex.c ****   * @retval HAL status
 788:Drivers/STM32F1xx_HAL_Driver/Src/stm32f1xx_hal_tim_ex.c ****   */
 789:Drivers/STM32F1xx_HAL_Driver/Src/stm32f1xx_hal_tim_ex.c **** HAL_StatusTypeDef HAL_TIMEx_OCN_Stop_IT(TIM_HandleTypeDef *htim, uint32_t Channel)
 790:Drivers/STM32F1xx_HAL_Driver/Src/stm32f1xx_hal_tim_ex.c **** {
 791:Drivers/STM32F1xx_HAL_Driver/Src/stm32f1xx_hal_tim_ex.c ****   uint32_t tmpccer;
 792:Drivers/STM32F1xx_HAL_Driver/Src/stm32f1xx_hal_tim_ex.c ****   /* Check the parameters */
 793:Drivers/STM32F1xx_HAL_Driver/Src/stm32f1xx_hal_tim_ex.c ****   assert_param(IS_TIM_CCXN_INSTANCE(htim->Instance, Channel));
 794:Drivers/STM32F1xx_HAL_Driver/Src/stm32f1xx_hal_tim_ex.c **** 
 795:Drivers/STM32F1xx_HAL_Driver/Src/stm32f1xx_hal_tim_ex.c ****   switch (Channel)
 796:Drivers/STM32F1xx_HAL_Driver/Src/stm32f1xx_hal_tim_ex.c ****   {
 797:Drivers/STM32F1xx_HAL_Driver/Src/stm32f1xx_hal_tim_ex.c ****     case TIM_CHANNEL_1:
 798:Drivers/STM32F1xx_HAL_Driver/Src/stm32f1xx_hal_tim_ex.c ****     {
 799:Drivers/STM32F1xx_HAL_Driver/Src/stm32f1xx_hal_tim_ex.c ****       /* Disable the TIM Output Compare interrupt */
 800:Drivers/STM32F1xx_HAL_Driver/Src/stm32f1xx_hal_tim_ex.c ****       __HAL_TIM_DISABLE_IT(htim, TIM_IT_CC1);
 801:Drivers/STM32F1xx_HAL_Driver/Src/stm32f1xx_hal_tim_ex.c ****       break;
 802:Drivers/STM32F1xx_HAL_Driver/Src/stm32f1xx_hal_tim_ex.c ****     }
 803:Drivers/STM32F1xx_HAL_Driver/Src/stm32f1xx_hal_tim_ex.c **** 
 804:Drivers/STM32F1xx_HAL_Driver/Src/stm32f1xx_hal_tim_ex.c ****     case TIM_CHANNEL_2:
 805:Drivers/STM32F1xx_HAL_Driver/Src/stm32f1xx_hal_tim_ex.c ****     {
 806:Drivers/STM32F1xx_HAL_Driver/Src/stm32f1xx_hal_tim_ex.c ****       /* Disable the TIM Output Compare interrupt */
 807:Drivers/STM32F1xx_HAL_Driver/Src/stm32f1xx_hal_tim_ex.c ****       __HAL_TIM_DISABLE_IT(htim, TIM_IT_CC2);
 808:Drivers/STM32F1xx_HAL_Driver/Src/stm32f1xx_hal_tim_ex.c ****       break;
 809:Drivers/STM32F1xx_HAL_Driver/Src/stm32f1xx_hal_tim_ex.c ****     }
 810:Drivers/STM32F1xx_HAL_Driver/Src/stm32f1xx_hal_tim_ex.c **** 
 811:Drivers/STM32F1xx_HAL_Driver/Src/stm32f1xx_hal_tim_ex.c ****     case TIM_CHANNEL_3:
 812:Drivers/STM32F1xx_HAL_Driver/Src/stm32f1xx_hal_tim_ex.c ****     {
 813:Drivers/STM32F1xx_HAL_Driver/Src/stm32f1xx_hal_tim_ex.c ****       /* Disable the TIM Output Compare interrupt */
 814:Drivers/STM32F1xx_HAL_Driver/Src/stm32f1xx_hal_tim_ex.c ****       __HAL_TIM_DISABLE_IT(htim, TIM_IT_CC3);
 815:Drivers/STM32F1xx_HAL_Driver/Src/stm32f1xx_hal_tim_ex.c ****       break;
 816:Drivers/STM32F1xx_HAL_Driver/Src/stm32f1xx_hal_tim_ex.c ****     }
 817:Drivers/STM32F1xx_HAL_Driver/Src/stm32f1xx_hal_tim_ex.c **** 
 818:Drivers/STM32F1xx_HAL_Driver/Src/stm32f1xx_hal_tim_ex.c ****     default:
 819:Drivers/STM32F1xx_HAL_Driver/Src/stm32f1xx_hal_tim_ex.c ****       break;
 820:Drivers/STM32F1xx_HAL_Driver/Src/stm32f1xx_hal_tim_ex.c ****   }
 821:Drivers/STM32F1xx_HAL_Driver/Src/stm32f1xx_hal_tim_ex.c **** 
 822:Drivers/STM32F1xx_HAL_Driver/Src/stm32f1xx_hal_tim_ex.c ****   /* Disable the Capture compare channel N */
 823:Drivers/STM32F1xx_HAL_Driver/Src/stm32f1xx_hal_tim_ex.c ****   TIM_CCxNChannelCmd(htim->Instance, Channel, TIM_CCxN_DISABLE);
 824:Drivers/STM32F1xx_HAL_Driver/Src/stm32f1xx_hal_tim_ex.c **** 
 825:Drivers/STM32F1xx_HAL_Driver/Src/stm32f1xx_hal_tim_ex.c ****   /* Disable the TIM Break interrupt (only if no more channel is active) */
 826:Drivers/STM32F1xx_HAL_Driver/Src/stm32f1xx_hal_tim_ex.c ****   tmpccer = htim->Instance->CCER;
 827:Drivers/STM32F1xx_HAL_Driver/Src/stm32f1xx_hal_tim_ex.c ****   if ((tmpccer & (TIM_CCER_CC1NE | TIM_CCER_CC2NE | TIM_CCER_CC3NE)) == (uint32_t)RESET)
 828:Drivers/STM32F1xx_HAL_Driver/Src/stm32f1xx_hal_tim_ex.c ****   {
 829:Drivers/STM32F1xx_HAL_Driver/Src/stm32f1xx_hal_tim_ex.c ****     __HAL_TIM_DISABLE_IT(htim, TIM_IT_BREAK);
 830:Drivers/STM32F1xx_HAL_Driver/Src/stm32f1xx_hal_tim_ex.c ****   }
ARM GAS  C:\Users\ride_pig\AppData\Local\Temp\ccPlGaWa.s 			page 16


 831:Drivers/STM32F1xx_HAL_Driver/Src/stm32f1xx_hal_tim_ex.c **** 
 832:Drivers/STM32F1xx_HAL_Driver/Src/stm32f1xx_hal_tim_ex.c ****   /* Disable the Main Output */
 833:Drivers/STM32F1xx_HAL_Driver/Src/stm32f1xx_hal_tim_ex.c ****   __HAL_TIM_MOE_DISABLE(htim);
 834:Drivers/STM32F1xx_HAL_Driver/Src/stm32f1xx_hal_tim_ex.c **** 
 835:Drivers/STM32F1xx_HAL_Driver/Src/stm32f1xx_hal_tim_ex.c ****   /* Disable the Peripheral */
 836:Drivers/STM32F1xx_HAL_Driver/Src/stm32f1xx_hal_tim_ex.c ****   __HAL_TIM_DISABLE(htim);
 837:Drivers/STM32F1xx_HAL_Driver/Src/stm32f1xx_hal_tim_ex.c **** 
 838:Drivers/STM32F1xx_HAL_Driver/Src/stm32f1xx_hal_tim_ex.c ****   /* Set the TIM complementary channel state */
 839:Drivers/STM32F1xx_HAL_Driver/Src/stm32f1xx_hal_tim_ex.c ****   TIM_CHANNEL_N_STATE_SET(htim, Channel, HAL_TIM_CHANNEL_STATE_READY);
 840:Drivers/STM32F1xx_HAL_Driver/Src/stm32f1xx_hal_tim_ex.c **** 
 841:Drivers/STM32F1xx_HAL_Driver/Src/stm32f1xx_hal_tim_ex.c ****   /* Return function status */
 842:Drivers/STM32F1xx_HAL_Driver/Src/stm32f1xx_hal_tim_ex.c ****   return HAL_OK;
 843:Drivers/STM32F1xx_HAL_Driver/Src/stm32f1xx_hal_tim_ex.c **** }
 844:Drivers/STM32F1xx_HAL_Driver/Src/stm32f1xx_hal_tim_ex.c **** 
 845:Drivers/STM32F1xx_HAL_Driver/Src/stm32f1xx_hal_tim_ex.c **** /**
 846:Drivers/STM32F1xx_HAL_Driver/Src/stm32f1xx_hal_tim_ex.c ****   * @brief  Starts the TIM Output Compare signal generation in DMA mode
 847:Drivers/STM32F1xx_HAL_Driver/Src/stm32f1xx_hal_tim_ex.c ****   *         on the complementary output.
 848:Drivers/STM32F1xx_HAL_Driver/Src/stm32f1xx_hal_tim_ex.c ****   * @param  htim TIM Output Compare handle
 849:Drivers/STM32F1xx_HAL_Driver/Src/stm32f1xx_hal_tim_ex.c ****   * @param  Channel TIM Channel to be enabled
 850:Drivers/STM32F1xx_HAL_Driver/Src/stm32f1xx_hal_tim_ex.c ****   *          This parameter can be one of the following values:
 851:Drivers/STM32F1xx_HAL_Driver/Src/stm32f1xx_hal_tim_ex.c ****   *            @arg TIM_CHANNEL_1: TIM Channel 1 selected
 852:Drivers/STM32F1xx_HAL_Driver/Src/stm32f1xx_hal_tim_ex.c ****   *            @arg TIM_CHANNEL_2: TIM Channel 2 selected
 853:Drivers/STM32F1xx_HAL_Driver/Src/stm32f1xx_hal_tim_ex.c ****   *            @arg TIM_CHANNEL_3: TIM Channel 3 selected
 854:Drivers/STM32F1xx_HAL_Driver/Src/stm32f1xx_hal_tim_ex.c ****   * @param  pData The source Buffer address.
 855:Drivers/STM32F1xx_HAL_Driver/Src/stm32f1xx_hal_tim_ex.c ****   * @param  Length The length of data to be transferred from memory to TIM peripheral
 856:Drivers/STM32F1xx_HAL_Driver/Src/stm32f1xx_hal_tim_ex.c ****   * @retval HAL status
 857:Drivers/STM32F1xx_HAL_Driver/Src/stm32f1xx_hal_tim_ex.c ****   */
 858:Drivers/STM32F1xx_HAL_Driver/Src/stm32f1xx_hal_tim_ex.c **** HAL_StatusTypeDef HAL_TIMEx_OCN_Start_DMA(TIM_HandleTypeDef *htim, uint32_t Channel, uint32_t *pDat
 859:Drivers/STM32F1xx_HAL_Driver/Src/stm32f1xx_hal_tim_ex.c **** {
 860:Drivers/STM32F1xx_HAL_Driver/Src/stm32f1xx_hal_tim_ex.c ****   uint32_t tmpsmcr;
 861:Drivers/STM32F1xx_HAL_Driver/Src/stm32f1xx_hal_tim_ex.c **** 
 862:Drivers/STM32F1xx_HAL_Driver/Src/stm32f1xx_hal_tim_ex.c ****   /* Check the parameters */
 863:Drivers/STM32F1xx_HAL_Driver/Src/stm32f1xx_hal_tim_ex.c ****   assert_param(IS_TIM_CCXN_INSTANCE(htim->Instance, Channel));
 864:Drivers/STM32F1xx_HAL_Driver/Src/stm32f1xx_hal_tim_ex.c **** 
 865:Drivers/STM32F1xx_HAL_Driver/Src/stm32f1xx_hal_tim_ex.c ****   /* Set the TIM complementary channel state */
 866:Drivers/STM32F1xx_HAL_Driver/Src/stm32f1xx_hal_tim_ex.c ****   if (TIM_CHANNEL_N_STATE_GET(htim, Channel) == HAL_TIM_CHANNEL_STATE_BUSY)
 867:Drivers/STM32F1xx_HAL_Driver/Src/stm32f1xx_hal_tim_ex.c ****   {
 868:Drivers/STM32F1xx_HAL_Driver/Src/stm32f1xx_hal_tim_ex.c ****     return HAL_BUSY;
 869:Drivers/STM32F1xx_HAL_Driver/Src/stm32f1xx_hal_tim_ex.c ****   }
 870:Drivers/STM32F1xx_HAL_Driver/Src/stm32f1xx_hal_tim_ex.c ****   else if (TIM_CHANNEL_N_STATE_GET(htim, Channel) == HAL_TIM_CHANNEL_STATE_READY)
 871:Drivers/STM32F1xx_HAL_Driver/Src/stm32f1xx_hal_tim_ex.c ****   {
 872:Drivers/STM32F1xx_HAL_Driver/Src/stm32f1xx_hal_tim_ex.c ****     if ((pData == NULL) && (Length > 0U))
 873:Drivers/STM32F1xx_HAL_Driver/Src/stm32f1xx_hal_tim_ex.c ****     {
 874:Drivers/STM32F1xx_HAL_Driver/Src/stm32f1xx_hal_tim_ex.c ****       return HAL_ERROR;
 875:Drivers/STM32F1xx_HAL_Driver/Src/stm32f1xx_hal_tim_ex.c ****     }
 876:Drivers/STM32F1xx_HAL_Driver/Src/stm32f1xx_hal_tim_ex.c ****     else
 877:Drivers/STM32F1xx_HAL_Driver/Src/stm32f1xx_hal_tim_ex.c ****     {
 878:Drivers/STM32F1xx_HAL_Driver/Src/stm32f1xx_hal_tim_ex.c ****       TIM_CHANNEL_N_STATE_SET(htim, Channel, HAL_TIM_CHANNEL_STATE_BUSY);
 879:Drivers/STM32F1xx_HAL_Driver/Src/stm32f1xx_hal_tim_ex.c ****     }
 880:Drivers/STM32F1xx_HAL_Driver/Src/stm32f1xx_hal_tim_ex.c ****   }
 881:Drivers/STM32F1xx_HAL_Driver/Src/stm32f1xx_hal_tim_ex.c ****   else
 882:Drivers/STM32F1xx_HAL_Driver/Src/stm32f1xx_hal_tim_ex.c ****   {
 883:Drivers/STM32F1xx_HAL_Driver/Src/stm32f1xx_hal_tim_ex.c ****     return HAL_ERROR;
 884:Drivers/STM32F1xx_HAL_Driver/Src/stm32f1xx_hal_tim_ex.c ****   }
 885:Drivers/STM32F1xx_HAL_Driver/Src/stm32f1xx_hal_tim_ex.c **** 
 886:Drivers/STM32F1xx_HAL_Driver/Src/stm32f1xx_hal_tim_ex.c ****   switch (Channel)
 887:Drivers/STM32F1xx_HAL_Driver/Src/stm32f1xx_hal_tim_ex.c ****   {
ARM GAS  C:\Users\ride_pig\AppData\Local\Temp\ccPlGaWa.s 			page 17


 888:Drivers/STM32F1xx_HAL_Driver/Src/stm32f1xx_hal_tim_ex.c ****     case TIM_CHANNEL_1:
 889:Drivers/STM32F1xx_HAL_Driver/Src/stm32f1xx_hal_tim_ex.c ****     {
 890:Drivers/STM32F1xx_HAL_Driver/Src/stm32f1xx_hal_tim_ex.c ****       /* Set the DMA compare callbacks */
 891:Drivers/STM32F1xx_HAL_Driver/Src/stm32f1xx_hal_tim_ex.c ****       htim->hdma[TIM_DMA_ID_CC1]->XferCpltCallback = TIM_DMADelayPulseNCplt;
 892:Drivers/STM32F1xx_HAL_Driver/Src/stm32f1xx_hal_tim_ex.c ****       htim->hdma[TIM_DMA_ID_CC1]->XferHalfCpltCallback = TIM_DMADelayPulseHalfCplt;
 893:Drivers/STM32F1xx_HAL_Driver/Src/stm32f1xx_hal_tim_ex.c **** 
 894:Drivers/STM32F1xx_HAL_Driver/Src/stm32f1xx_hal_tim_ex.c ****       /* Set the DMA error callback */
 895:Drivers/STM32F1xx_HAL_Driver/Src/stm32f1xx_hal_tim_ex.c ****       htim->hdma[TIM_DMA_ID_CC1]->XferErrorCallback = TIM_DMAErrorCCxN ;
 896:Drivers/STM32F1xx_HAL_Driver/Src/stm32f1xx_hal_tim_ex.c **** 
 897:Drivers/STM32F1xx_HAL_Driver/Src/stm32f1xx_hal_tim_ex.c ****       /* Enable the DMA channel */
 898:Drivers/STM32F1xx_HAL_Driver/Src/stm32f1xx_hal_tim_ex.c ****       if (HAL_DMA_Start_IT(htim->hdma[TIM_DMA_ID_CC1], (uint32_t)pData, (uint32_t)&htim->Instance->
 899:Drivers/STM32F1xx_HAL_Driver/Src/stm32f1xx_hal_tim_ex.c ****                          Length) != HAL_OK)
 900:Drivers/STM32F1xx_HAL_Driver/Src/stm32f1xx_hal_tim_ex.c ****       {
 901:Drivers/STM32F1xx_HAL_Driver/Src/stm32f1xx_hal_tim_ex.c ****         /* Return error status */
 902:Drivers/STM32F1xx_HAL_Driver/Src/stm32f1xx_hal_tim_ex.c ****         return HAL_ERROR;
 903:Drivers/STM32F1xx_HAL_Driver/Src/stm32f1xx_hal_tim_ex.c ****       }
 904:Drivers/STM32F1xx_HAL_Driver/Src/stm32f1xx_hal_tim_ex.c ****       /* Enable the TIM Output Compare DMA request */
 905:Drivers/STM32F1xx_HAL_Driver/Src/stm32f1xx_hal_tim_ex.c ****       __HAL_TIM_ENABLE_DMA(htim, TIM_DMA_CC1);
 906:Drivers/STM32F1xx_HAL_Driver/Src/stm32f1xx_hal_tim_ex.c ****       break;
 907:Drivers/STM32F1xx_HAL_Driver/Src/stm32f1xx_hal_tim_ex.c ****     }
 908:Drivers/STM32F1xx_HAL_Driver/Src/stm32f1xx_hal_tim_ex.c **** 
 909:Drivers/STM32F1xx_HAL_Driver/Src/stm32f1xx_hal_tim_ex.c ****     case TIM_CHANNEL_2:
 910:Drivers/STM32F1xx_HAL_Driver/Src/stm32f1xx_hal_tim_ex.c ****     {
 911:Drivers/STM32F1xx_HAL_Driver/Src/stm32f1xx_hal_tim_ex.c ****       /* Set the DMA compare callbacks */
 912:Drivers/STM32F1xx_HAL_Driver/Src/stm32f1xx_hal_tim_ex.c ****       htim->hdma[TIM_DMA_ID_CC2]->XferCpltCallback = TIM_DMADelayPulseNCplt;
 913:Drivers/STM32F1xx_HAL_Driver/Src/stm32f1xx_hal_tim_ex.c ****       htim->hdma[TIM_DMA_ID_CC2]->XferHalfCpltCallback = TIM_DMADelayPulseHalfCplt;
 914:Drivers/STM32F1xx_HAL_Driver/Src/stm32f1xx_hal_tim_ex.c **** 
 915:Drivers/STM32F1xx_HAL_Driver/Src/stm32f1xx_hal_tim_ex.c ****       /* Set the DMA error callback */
 916:Drivers/STM32F1xx_HAL_Driver/Src/stm32f1xx_hal_tim_ex.c ****       htim->hdma[TIM_DMA_ID_CC2]->XferErrorCallback = TIM_DMAErrorCCxN ;
 917:Drivers/STM32F1xx_HAL_Driver/Src/stm32f1xx_hal_tim_ex.c **** 
 918:Drivers/STM32F1xx_HAL_Driver/Src/stm32f1xx_hal_tim_ex.c ****       /* Enable the DMA channel */
 919:Drivers/STM32F1xx_HAL_Driver/Src/stm32f1xx_hal_tim_ex.c ****       if (HAL_DMA_Start_IT(htim->hdma[TIM_DMA_ID_CC2], (uint32_t)pData, (uint32_t)&htim->Instance->
 920:Drivers/STM32F1xx_HAL_Driver/Src/stm32f1xx_hal_tim_ex.c ****                          Length) != HAL_OK)
 921:Drivers/STM32F1xx_HAL_Driver/Src/stm32f1xx_hal_tim_ex.c ****       {
 922:Drivers/STM32F1xx_HAL_Driver/Src/stm32f1xx_hal_tim_ex.c ****         /* Return error status */
 923:Drivers/STM32F1xx_HAL_Driver/Src/stm32f1xx_hal_tim_ex.c ****         return HAL_ERROR;
 924:Drivers/STM32F1xx_HAL_Driver/Src/stm32f1xx_hal_tim_ex.c ****       }
 925:Drivers/STM32F1xx_HAL_Driver/Src/stm32f1xx_hal_tim_ex.c ****       /* Enable the TIM Output Compare DMA request */
 926:Drivers/STM32F1xx_HAL_Driver/Src/stm32f1xx_hal_tim_ex.c ****       __HAL_TIM_ENABLE_DMA(htim, TIM_DMA_CC2);
 927:Drivers/STM32F1xx_HAL_Driver/Src/stm32f1xx_hal_tim_ex.c ****       break;
 928:Drivers/STM32F1xx_HAL_Driver/Src/stm32f1xx_hal_tim_ex.c ****     }
 929:Drivers/STM32F1xx_HAL_Driver/Src/stm32f1xx_hal_tim_ex.c **** 
 930:Drivers/STM32F1xx_HAL_Driver/Src/stm32f1xx_hal_tim_ex.c ****     case TIM_CHANNEL_3:
 931:Drivers/STM32F1xx_HAL_Driver/Src/stm32f1xx_hal_tim_ex.c ****     {
 932:Drivers/STM32F1xx_HAL_Driver/Src/stm32f1xx_hal_tim_ex.c ****       /* Set the DMA compare callbacks */
 933:Drivers/STM32F1xx_HAL_Driver/Src/stm32f1xx_hal_tim_ex.c ****       htim->hdma[TIM_DMA_ID_CC3]->XferCpltCallback = TIM_DMADelayPulseNCplt;
 934:Drivers/STM32F1xx_HAL_Driver/Src/stm32f1xx_hal_tim_ex.c ****       htim->hdma[TIM_DMA_ID_CC3]->XferHalfCpltCallback = TIM_DMADelayPulseHalfCplt;
 935:Drivers/STM32F1xx_HAL_Driver/Src/stm32f1xx_hal_tim_ex.c **** 
 936:Drivers/STM32F1xx_HAL_Driver/Src/stm32f1xx_hal_tim_ex.c ****       /* Set the DMA error callback */
 937:Drivers/STM32F1xx_HAL_Driver/Src/stm32f1xx_hal_tim_ex.c ****       htim->hdma[TIM_DMA_ID_CC3]->XferErrorCallback = TIM_DMAErrorCCxN ;
 938:Drivers/STM32F1xx_HAL_Driver/Src/stm32f1xx_hal_tim_ex.c **** 
 939:Drivers/STM32F1xx_HAL_Driver/Src/stm32f1xx_hal_tim_ex.c ****       /* Enable the DMA channel */
 940:Drivers/STM32F1xx_HAL_Driver/Src/stm32f1xx_hal_tim_ex.c ****       if (HAL_DMA_Start_IT(htim->hdma[TIM_DMA_ID_CC3], (uint32_t)pData, (uint32_t)&htim->Instance->
 941:Drivers/STM32F1xx_HAL_Driver/Src/stm32f1xx_hal_tim_ex.c ****                          Length) != HAL_OK)
 942:Drivers/STM32F1xx_HAL_Driver/Src/stm32f1xx_hal_tim_ex.c ****       {
 943:Drivers/STM32F1xx_HAL_Driver/Src/stm32f1xx_hal_tim_ex.c ****         /* Return error status */
 944:Drivers/STM32F1xx_HAL_Driver/Src/stm32f1xx_hal_tim_ex.c ****         return HAL_ERROR;
ARM GAS  C:\Users\ride_pig\AppData\Local\Temp\ccPlGaWa.s 			page 18


 945:Drivers/STM32F1xx_HAL_Driver/Src/stm32f1xx_hal_tim_ex.c ****       }
 946:Drivers/STM32F1xx_HAL_Driver/Src/stm32f1xx_hal_tim_ex.c ****       /* Enable the TIM Output Compare DMA request */
 947:Drivers/STM32F1xx_HAL_Driver/Src/stm32f1xx_hal_tim_ex.c ****       __HAL_TIM_ENABLE_DMA(htim, TIM_DMA_CC3);
 948:Drivers/STM32F1xx_HAL_Driver/Src/stm32f1xx_hal_tim_ex.c ****       break;
 949:Drivers/STM32F1xx_HAL_Driver/Src/stm32f1xx_hal_tim_ex.c ****     }
 950:Drivers/STM32F1xx_HAL_Driver/Src/stm32f1xx_hal_tim_ex.c **** 
 951:Drivers/STM32F1xx_HAL_Driver/Src/stm32f1xx_hal_tim_ex.c ****     default:
 952:Drivers/STM32F1xx_HAL_Driver/Src/stm32f1xx_hal_tim_ex.c ****       break;
 953:Drivers/STM32F1xx_HAL_Driver/Src/stm32f1xx_hal_tim_ex.c ****   }
 954:Drivers/STM32F1xx_HAL_Driver/Src/stm32f1xx_hal_tim_ex.c **** 
 955:Drivers/STM32F1xx_HAL_Driver/Src/stm32f1xx_hal_tim_ex.c ****   /* Enable the Capture compare channel N */
 956:Drivers/STM32F1xx_HAL_Driver/Src/stm32f1xx_hal_tim_ex.c ****   TIM_CCxNChannelCmd(htim->Instance, Channel, TIM_CCxN_ENABLE);
 957:Drivers/STM32F1xx_HAL_Driver/Src/stm32f1xx_hal_tim_ex.c **** 
 958:Drivers/STM32F1xx_HAL_Driver/Src/stm32f1xx_hal_tim_ex.c ****   /* Enable the Main Output */
 959:Drivers/STM32F1xx_HAL_Driver/Src/stm32f1xx_hal_tim_ex.c ****   __HAL_TIM_MOE_ENABLE(htim);
 960:Drivers/STM32F1xx_HAL_Driver/Src/stm32f1xx_hal_tim_ex.c **** 
 961:Drivers/STM32F1xx_HAL_Driver/Src/stm32f1xx_hal_tim_ex.c ****   /* Enable the Peripheral, except in trigger mode where enable is automatically done with trigger 
 962:Drivers/STM32F1xx_HAL_Driver/Src/stm32f1xx_hal_tim_ex.c ****   if (IS_TIM_SLAVE_INSTANCE(htim->Instance))
 963:Drivers/STM32F1xx_HAL_Driver/Src/stm32f1xx_hal_tim_ex.c ****   {
 964:Drivers/STM32F1xx_HAL_Driver/Src/stm32f1xx_hal_tim_ex.c ****     tmpsmcr = htim->Instance->SMCR & TIM_SMCR_SMS;
 965:Drivers/STM32F1xx_HAL_Driver/Src/stm32f1xx_hal_tim_ex.c ****     if (!IS_TIM_SLAVEMODE_TRIGGER_ENABLED(tmpsmcr))
 966:Drivers/STM32F1xx_HAL_Driver/Src/stm32f1xx_hal_tim_ex.c ****     {
 967:Drivers/STM32F1xx_HAL_Driver/Src/stm32f1xx_hal_tim_ex.c ****       __HAL_TIM_ENABLE(htim);
 968:Drivers/STM32F1xx_HAL_Driver/Src/stm32f1xx_hal_tim_ex.c ****     }
 969:Drivers/STM32F1xx_HAL_Driver/Src/stm32f1xx_hal_tim_ex.c ****   }
 970:Drivers/STM32F1xx_HAL_Driver/Src/stm32f1xx_hal_tim_ex.c ****   else
 971:Drivers/STM32F1xx_HAL_Driver/Src/stm32f1xx_hal_tim_ex.c ****   {
 972:Drivers/STM32F1xx_HAL_Driver/Src/stm32f1xx_hal_tim_ex.c ****     __HAL_TIM_ENABLE(htim);
 973:Drivers/STM32F1xx_HAL_Driver/Src/stm32f1xx_hal_tim_ex.c ****   }
 974:Drivers/STM32F1xx_HAL_Driver/Src/stm32f1xx_hal_tim_ex.c **** 
 975:Drivers/STM32F1xx_HAL_Driver/Src/stm32f1xx_hal_tim_ex.c ****   /* Return function status */
 976:Drivers/STM32F1xx_HAL_Driver/Src/stm32f1xx_hal_tim_ex.c ****   return HAL_OK;
 977:Drivers/STM32F1xx_HAL_Driver/Src/stm32f1xx_hal_tim_ex.c **** }
 978:Drivers/STM32F1xx_HAL_Driver/Src/stm32f1xx_hal_tim_ex.c **** 
 979:Drivers/STM32F1xx_HAL_Driver/Src/stm32f1xx_hal_tim_ex.c **** /**
 980:Drivers/STM32F1xx_HAL_Driver/Src/stm32f1xx_hal_tim_ex.c ****   * @brief  Stops the TIM Output Compare signal generation in DMA mode
 981:Drivers/STM32F1xx_HAL_Driver/Src/stm32f1xx_hal_tim_ex.c ****   *         on the complementary output.
 982:Drivers/STM32F1xx_HAL_Driver/Src/stm32f1xx_hal_tim_ex.c ****   * @param  htim TIM Output Compare handle
 983:Drivers/STM32F1xx_HAL_Driver/Src/stm32f1xx_hal_tim_ex.c ****   * @param  Channel TIM Channel to be disabled
 984:Drivers/STM32F1xx_HAL_Driver/Src/stm32f1xx_hal_tim_ex.c ****   *          This parameter can be one of the following values:
 985:Drivers/STM32F1xx_HAL_Driver/Src/stm32f1xx_hal_tim_ex.c ****   *            @arg TIM_CHANNEL_1: TIM Channel 1 selected
 986:Drivers/STM32F1xx_HAL_Driver/Src/stm32f1xx_hal_tim_ex.c ****   *            @arg TIM_CHANNEL_2: TIM Channel 2 selected
 987:Drivers/STM32F1xx_HAL_Driver/Src/stm32f1xx_hal_tim_ex.c ****   *            @arg TIM_CHANNEL_3: TIM Channel 3 selected
 988:Drivers/STM32F1xx_HAL_Driver/Src/stm32f1xx_hal_tim_ex.c ****   * @retval HAL status
 989:Drivers/STM32F1xx_HAL_Driver/Src/stm32f1xx_hal_tim_ex.c ****   */
 990:Drivers/STM32F1xx_HAL_Driver/Src/stm32f1xx_hal_tim_ex.c **** HAL_StatusTypeDef HAL_TIMEx_OCN_Stop_DMA(TIM_HandleTypeDef *htim, uint32_t Channel)
 991:Drivers/STM32F1xx_HAL_Driver/Src/stm32f1xx_hal_tim_ex.c **** {
 992:Drivers/STM32F1xx_HAL_Driver/Src/stm32f1xx_hal_tim_ex.c ****   /* Check the parameters */
 993:Drivers/STM32F1xx_HAL_Driver/Src/stm32f1xx_hal_tim_ex.c ****   assert_param(IS_TIM_CCXN_INSTANCE(htim->Instance, Channel));
 994:Drivers/STM32F1xx_HAL_Driver/Src/stm32f1xx_hal_tim_ex.c **** 
 995:Drivers/STM32F1xx_HAL_Driver/Src/stm32f1xx_hal_tim_ex.c ****   switch (Channel)
 996:Drivers/STM32F1xx_HAL_Driver/Src/stm32f1xx_hal_tim_ex.c ****   {
 997:Drivers/STM32F1xx_HAL_Driver/Src/stm32f1xx_hal_tim_ex.c ****     case TIM_CHANNEL_1:
 998:Drivers/STM32F1xx_HAL_Driver/Src/stm32f1xx_hal_tim_ex.c ****     {
 999:Drivers/STM32F1xx_HAL_Driver/Src/stm32f1xx_hal_tim_ex.c ****       /* Disable the TIM Output Compare DMA request */
1000:Drivers/STM32F1xx_HAL_Driver/Src/stm32f1xx_hal_tim_ex.c ****       __HAL_TIM_DISABLE_DMA(htim, TIM_DMA_CC1);
1001:Drivers/STM32F1xx_HAL_Driver/Src/stm32f1xx_hal_tim_ex.c ****       (void)HAL_DMA_Abort_IT(htim->hdma[TIM_DMA_ID_CC1]);
ARM GAS  C:\Users\ride_pig\AppData\Local\Temp\ccPlGaWa.s 			page 19


1002:Drivers/STM32F1xx_HAL_Driver/Src/stm32f1xx_hal_tim_ex.c ****       break;
1003:Drivers/STM32F1xx_HAL_Driver/Src/stm32f1xx_hal_tim_ex.c ****     }
1004:Drivers/STM32F1xx_HAL_Driver/Src/stm32f1xx_hal_tim_ex.c **** 
1005:Drivers/STM32F1xx_HAL_Driver/Src/stm32f1xx_hal_tim_ex.c ****     case TIM_CHANNEL_2:
1006:Drivers/STM32F1xx_HAL_Driver/Src/stm32f1xx_hal_tim_ex.c ****     {
1007:Drivers/STM32F1xx_HAL_Driver/Src/stm32f1xx_hal_tim_ex.c ****       /* Disable the TIM Output Compare DMA request */
1008:Drivers/STM32F1xx_HAL_Driver/Src/stm32f1xx_hal_tim_ex.c ****       __HAL_TIM_DISABLE_DMA(htim, TIM_DMA_CC2);
1009:Drivers/STM32F1xx_HAL_Driver/Src/stm32f1xx_hal_tim_ex.c ****       (void)HAL_DMA_Abort_IT(htim->hdma[TIM_DMA_ID_CC2]);
1010:Drivers/STM32F1xx_HAL_Driver/Src/stm32f1xx_hal_tim_ex.c ****       break;
1011:Drivers/STM32F1xx_HAL_Driver/Src/stm32f1xx_hal_tim_ex.c ****     }
1012:Drivers/STM32F1xx_HAL_Driver/Src/stm32f1xx_hal_tim_ex.c **** 
1013:Drivers/STM32F1xx_HAL_Driver/Src/stm32f1xx_hal_tim_ex.c ****     case TIM_CHANNEL_3:
1014:Drivers/STM32F1xx_HAL_Driver/Src/stm32f1xx_hal_tim_ex.c ****     {
1015:Drivers/STM32F1xx_HAL_Driver/Src/stm32f1xx_hal_tim_ex.c ****       /* Disable the TIM Output Compare DMA request */
1016:Drivers/STM32F1xx_HAL_Driver/Src/stm32f1xx_hal_tim_ex.c ****       __HAL_TIM_DISABLE_DMA(htim, TIM_DMA_CC3);
1017:Drivers/STM32F1xx_HAL_Driver/Src/stm32f1xx_hal_tim_ex.c ****       (void)HAL_DMA_Abort_IT(htim->hdma[TIM_DMA_ID_CC3]);
1018:Drivers/STM32F1xx_HAL_Driver/Src/stm32f1xx_hal_tim_ex.c ****       break;
1019:Drivers/STM32F1xx_HAL_Driver/Src/stm32f1xx_hal_tim_ex.c ****     }
1020:Drivers/STM32F1xx_HAL_Driver/Src/stm32f1xx_hal_tim_ex.c **** 
1021:Drivers/STM32F1xx_HAL_Driver/Src/stm32f1xx_hal_tim_ex.c ****     default:
1022:Drivers/STM32F1xx_HAL_Driver/Src/stm32f1xx_hal_tim_ex.c ****       break;
1023:Drivers/STM32F1xx_HAL_Driver/Src/stm32f1xx_hal_tim_ex.c ****   }
1024:Drivers/STM32F1xx_HAL_Driver/Src/stm32f1xx_hal_tim_ex.c **** 
1025:Drivers/STM32F1xx_HAL_Driver/Src/stm32f1xx_hal_tim_ex.c ****   /* Disable the Capture compare channel N */
1026:Drivers/STM32F1xx_HAL_Driver/Src/stm32f1xx_hal_tim_ex.c ****   TIM_CCxNChannelCmd(htim->Instance, Channel, TIM_CCxN_DISABLE);
1027:Drivers/STM32F1xx_HAL_Driver/Src/stm32f1xx_hal_tim_ex.c **** 
1028:Drivers/STM32F1xx_HAL_Driver/Src/stm32f1xx_hal_tim_ex.c ****   /* Disable the Main Output */
1029:Drivers/STM32F1xx_HAL_Driver/Src/stm32f1xx_hal_tim_ex.c ****   __HAL_TIM_MOE_DISABLE(htim);
1030:Drivers/STM32F1xx_HAL_Driver/Src/stm32f1xx_hal_tim_ex.c **** 
1031:Drivers/STM32F1xx_HAL_Driver/Src/stm32f1xx_hal_tim_ex.c ****   /* Disable the Peripheral */
1032:Drivers/STM32F1xx_HAL_Driver/Src/stm32f1xx_hal_tim_ex.c ****   __HAL_TIM_DISABLE(htim);
1033:Drivers/STM32F1xx_HAL_Driver/Src/stm32f1xx_hal_tim_ex.c **** 
1034:Drivers/STM32F1xx_HAL_Driver/Src/stm32f1xx_hal_tim_ex.c ****   /* Set the TIM complementary channel state */
1035:Drivers/STM32F1xx_HAL_Driver/Src/stm32f1xx_hal_tim_ex.c ****   TIM_CHANNEL_N_STATE_SET(htim, Channel, HAL_TIM_CHANNEL_STATE_READY);
1036:Drivers/STM32F1xx_HAL_Driver/Src/stm32f1xx_hal_tim_ex.c **** 
1037:Drivers/STM32F1xx_HAL_Driver/Src/stm32f1xx_hal_tim_ex.c ****   /* Return function status */
1038:Drivers/STM32F1xx_HAL_Driver/Src/stm32f1xx_hal_tim_ex.c ****   return HAL_OK;
1039:Drivers/STM32F1xx_HAL_Driver/Src/stm32f1xx_hal_tim_ex.c **** }
1040:Drivers/STM32F1xx_HAL_Driver/Src/stm32f1xx_hal_tim_ex.c **** 
1041:Drivers/STM32F1xx_HAL_Driver/Src/stm32f1xx_hal_tim_ex.c **** /**
1042:Drivers/STM32F1xx_HAL_Driver/Src/stm32f1xx_hal_tim_ex.c ****   * @}
1043:Drivers/STM32F1xx_HAL_Driver/Src/stm32f1xx_hal_tim_ex.c ****   */
1044:Drivers/STM32F1xx_HAL_Driver/Src/stm32f1xx_hal_tim_ex.c **** 
1045:Drivers/STM32F1xx_HAL_Driver/Src/stm32f1xx_hal_tim_ex.c **** /** @defgroup TIMEx_Exported_Functions_Group3 Extended Timer Complementary PWM functions
1046:Drivers/STM32F1xx_HAL_Driver/Src/stm32f1xx_hal_tim_ex.c ****   * @brief    Timer Complementary PWM functions
1047:Drivers/STM32F1xx_HAL_Driver/Src/stm32f1xx_hal_tim_ex.c ****   *
1048:Drivers/STM32F1xx_HAL_Driver/Src/stm32f1xx_hal_tim_ex.c **** @verbatim
1049:Drivers/STM32F1xx_HAL_Driver/Src/stm32f1xx_hal_tim_ex.c ****   ==============================================================================
1050:Drivers/STM32F1xx_HAL_Driver/Src/stm32f1xx_hal_tim_ex.c ****                  ##### Timer Complementary PWM functions #####
1051:Drivers/STM32F1xx_HAL_Driver/Src/stm32f1xx_hal_tim_ex.c ****   ==============================================================================
1052:Drivers/STM32F1xx_HAL_Driver/Src/stm32f1xx_hal_tim_ex.c ****   [..]
1053:Drivers/STM32F1xx_HAL_Driver/Src/stm32f1xx_hal_tim_ex.c ****     This section provides functions allowing to:
1054:Drivers/STM32F1xx_HAL_Driver/Src/stm32f1xx_hal_tim_ex.c ****     (+) Start the Complementary PWM.
1055:Drivers/STM32F1xx_HAL_Driver/Src/stm32f1xx_hal_tim_ex.c ****     (+) Stop the Complementary PWM.
1056:Drivers/STM32F1xx_HAL_Driver/Src/stm32f1xx_hal_tim_ex.c ****     (+) Start the Complementary PWM and enable interrupts.
1057:Drivers/STM32F1xx_HAL_Driver/Src/stm32f1xx_hal_tim_ex.c ****     (+) Stop the Complementary PWM and disable interrupts.
1058:Drivers/STM32F1xx_HAL_Driver/Src/stm32f1xx_hal_tim_ex.c ****     (+) Start the Complementary PWM and enable DMA transfers.
ARM GAS  C:\Users\ride_pig\AppData\Local\Temp\ccPlGaWa.s 			page 20


1059:Drivers/STM32F1xx_HAL_Driver/Src/stm32f1xx_hal_tim_ex.c ****     (+) Stop the Complementary PWM and disable DMA transfers.
1060:Drivers/STM32F1xx_HAL_Driver/Src/stm32f1xx_hal_tim_ex.c ****     (+) Start the Complementary Input Capture measurement.
1061:Drivers/STM32F1xx_HAL_Driver/Src/stm32f1xx_hal_tim_ex.c ****     (+) Stop the Complementary Input Capture.
1062:Drivers/STM32F1xx_HAL_Driver/Src/stm32f1xx_hal_tim_ex.c ****     (+) Start the Complementary Input Capture and enable interrupts.
1063:Drivers/STM32F1xx_HAL_Driver/Src/stm32f1xx_hal_tim_ex.c ****     (+) Stop the Complementary Input Capture and disable interrupts.
1064:Drivers/STM32F1xx_HAL_Driver/Src/stm32f1xx_hal_tim_ex.c ****     (+) Start the Complementary Input Capture and enable DMA transfers.
1065:Drivers/STM32F1xx_HAL_Driver/Src/stm32f1xx_hal_tim_ex.c ****     (+) Stop the Complementary Input Capture and disable DMA transfers.
1066:Drivers/STM32F1xx_HAL_Driver/Src/stm32f1xx_hal_tim_ex.c ****     (+) Start the Complementary One Pulse generation.
1067:Drivers/STM32F1xx_HAL_Driver/Src/stm32f1xx_hal_tim_ex.c ****     (+) Stop the Complementary One Pulse.
1068:Drivers/STM32F1xx_HAL_Driver/Src/stm32f1xx_hal_tim_ex.c ****     (+) Start the Complementary One Pulse and enable interrupts.
1069:Drivers/STM32F1xx_HAL_Driver/Src/stm32f1xx_hal_tim_ex.c ****     (+) Stop the Complementary One Pulse and disable interrupts.
1070:Drivers/STM32F1xx_HAL_Driver/Src/stm32f1xx_hal_tim_ex.c **** 
1071:Drivers/STM32F1xx_HAL_Driver/Src/stm32f1xx_hal_tim_ex.c **** @endverbatim
1072:Drivers/STM32F1xx_HAL_Driver/Src/stm32f1xx_hal_tim_ex.c ****   * @{
1073:Drivers/STM32F1xx_HAL_Driver/Src/stm32f1xx_hal_tim_ex.c ****   */
1074:Drivers/STM32F1xx_HAL_Driver/Src/stm32f1xx_hal_tim_ex.c **** 
1075:Drivers/STM32F1xx_HAL_Driver/Src/stm32f1xx_hal_tim_ex.c **** /**
1076:Drivers/STM32F1xx_HAL_Driver/Src/stm32f1xx_hal_tim_ex.c ****   * @brief  Starts the PWM signal generation on the complementary output.
1077:Drivers/STM32F1xx_HAL_Driver/Src/stm32f1xx_hal_tim_ex.c ****   * @param  htim TIM handle
1078:Drivers/STM32F1xx_HAL_Driver/Src/stm32f1xx_hal_tim_ex.c ****   * @param  Channel TIM Channel to be enabled
1079:Drivers/STM32F1xx_HAL_Driver/Src/stm32f1xx_hal_tim_ex.c ****   *          This parameter can be one of the following values:
1080:Drivers/STM32F1xx_HAL_Driver/Src/stm32f1xx_hal_tim_ex.c ****   *            @arg TIM_CHANNEL_1: TIM Channel 1 selected
1081:Drivers/STM32F1xx_HAL_Driver/Src/stm32f1xx_hal_tim_ex.c ****   *            @arg TIM_CHANNEL_2: TIM Channel 2 selected
1082:Drivers/STM32F1xx_HAL_Driver/Src/stm32f1xx_hal_tim_ex.c ****   *            @arg TIM_CHANNEL_3: TIM Channel 3 selected
1083:Drivers/STM32F1xx_HAL_Driver/Src/stm32f1xx_hal_tim_ex.c ****   * @retval HAL status
1084:Drivers/STM32F1xx_HAL_Driver/Src/stm32f1xx_hal_tim_ex.c ****   */
1085:Drivers/STM32F1xx_HAL_Driver/Src/stm32f1xx_hal_tim_ex.c **** HAL_StatusTypeDef HAL_TIMEx_PWMN_Start(TIM_HandleTypeDef *htim, uint32_t Channel)
1086:Drivers/STM32F1xx_HAL_Driver/Src/stm32f1xx_hal_tim_ex.c **** {
1087:Drivers/STM32F1xx_HAL_Driver/Src/stm32f1xx_hal_tim_ex.c ****   uint32_t tmpsmcr;
1088:Drivers/STM32F1xx_HAL_Driver/Src/stm32f1xx_hal_tim_ex.c **** 
1089:Drivers/STM32F1xx_HAL_Driver/Src/stm32f1xx_hal_tim_ex.c ****   /* Check the parameters */
1090:Drivers/STM32F1xx_HAL_Driver/Src/stm32f1xx_hal_tim_ex.c ****   assert_param(IS_TIM_CCXN_INSTANCE(htim->Instance, Channel));
1091:Drivers/STM32F1xx_HAL_Driver/Src/stm32f1xx_hal_tim_ex.c **** 
1092:Drivers/STM32F1xx_HAL_Driver/Src/stm32f1xx_hal_tim_ex.c ****   /* Check the TIM complementary channel state */
1093:Drivers/STM32F1xx_HAL_Driver/Src/stm32f1xx_hal_tim_ex.c ****   if (TIM_CHANNEL_N_STATE_GET(htim, Channel) != HAL_TIM_CHANNEL_STATE_READY)
1094:Drivers/STM32F1xx_HAL_Driver/Src/stm32f1xx_hal_tim_ex.c ****   {
1095:Drivers/STM32F1xx_HAL_Driver/Src/stm32f1xx_hal_tim_ex.c ****     return HAL_ERROR;
1096:Drivers/STM32F1xx_HAL_Driver/Src/stm32f1xx_hal_tim_ex.c ****   }
1097:Drivers/STM32F1xx_HAL_Driver/Src/stm32f1xx_hal_tim_ex.c **** 
1098:Drivers/STM32F1xx_HAL_Driver/Src/stm32f1xx_hal_tim_ex.c ****   /* Set the TIM complementary channel state */
1099:Drivers/STM32F1xx_HAL_Driver/Src/stm32f1xx_hal_tim_ex.c ****   TIM_CHANNEL_N_STATE_SET(htim, Channel, HAL_TIM_CHANNEL_STATE_BUSY);
1100:Drivers/STM32F1xx_HAL_Driver/Src/stm32f1xx_hal_tim_ex.c **** 
1101:Drivers/STM32F1xx_HAL_Driver/Src/stm32f1xx_hal_tim_ex.c ****   /* Enable the complementary PWM output  */
1102:Drivers/STM32F1xx_HAL_Driver/Src/stm32f1xx_hal_tim_ex.c ****   TIM_CCxNChannelCmd(htim->Instance, Channel, TIM_CCxN_ENABLE);
1103:Drivers/STM32F1xx_HAL_Driver/Src/stm32f1xx_hal_tim_ex.c **** 
1104:Drivers/STM32F1xx_HAL_Driver/Src/stm32f1xx_hal_tim_ex.c ****   /* Enable the Main Output */
1105:Drivers/STM32F1xx_HAL_Driver/Src/stm32f1xx_hal_tim_ex.c ****   __HAL_TIM_MOE_ENABLE(htim);
1106:Drivers/STM32F1xx_HAL_Driver/Src/stm32f1xx_hal_tim_ex.c **** 
1107:Drivers/STM32F1xx_HAL_Driver/Src/stm32f1xx_hal_tim_ex.c ****   /* Enable the Peripheral, except in trigger mode where enable is automatically done with trigger 
1108:Drivers/STM32F1xx_HAL_Driver/Src/stm32f1xx_hal_tim_ex.c ****   if (IS_TIM_SLAVE_INSTANCE(htim->Instance))
1109:Drivers/STM32F1xx_HAL_Driver/Src/stm32f1xx_hal_tim_ex.c ****   {
1110:Drivers/STM32F1xx_HAL_Driver/Src/stm32f1xx_hal_tim_ex.c ****     tmpsmcr = htim->Instance->SMCR & TIM_SMCR_SMS;
1111:Drivers/STM32F1xx_HAL_Driver/Src/stm32f1xx_hal_tim_ex.c ****     if (!IS_TIM_SLAVEMODE_TRIGGER_ENABLED(tmpsmcr))
1112:Drivers/STM32F1xx_HAL_Driver/Src/stm32f1xx_hal_tim_ex.c ****     {
1113:Drivers/STM32F1xx_HAL_Driver/Src/stm32f1xx_hal_tim_ex.c ****       __HAL_TIM_ENABLE(htim);
1114:Drivers/STM32F1xx_HAL_Driver/Src/stm32f1xx_hal_tim_ex.c ****     }
1115:Drivers/STM32F1xx_HAL_Driver/Src/stm32f1xx_hal_tim_ex.c ****   }
ARM GAS  C:\Users\ride_pig\AppData\Local\Temp\ccPlGaWa.s 			page 21


1116:Drivers/STM32F1xx_HAL_Driver/Src/stm32f1xx_hal_tim_ex.c ****   else
1117:Drivers/STM32F1xx_HAL_Driver/Src/stm32f1xx_hal_tim_ex.c ****   {
1118:Drivers/STM32F1xx_HAL_Driver/Src/stm32f1xx_hal_tim_ex.c ****     __HAL_TIM_ENABLE(htim);
1119:Drivers/STM32F1xx_HAL_Driver/Src/stm32f1xx_hal_tim_ex.c ****   }
1120:Drivers/STM32F1xx_HAL_Driver/Src/stm32f1xx_hal_tim_ex.c **** 
1121:Drivers/STM32F1xx_HAL_Driver/Src/stm32f1xx_hal_tim_ex.c ****   /* Return function status */
1122:Drivers/STM32F1xx_HAL_Driver/Src/stm32f1xx_hal_tim_ex.c ****   return HAL_OK;
1123:Drivers/STM32F1xx_HAL_Driver/Src/stm32f1xx_hal_tim_ex.c **** }
1124:Drivers/STM32F1xx_HAL_Driver/Src/stm32f1xx_hal_tim_ex.c **** 
1125:Drivers/STM32F1xx_HAL_Driver/Src/stm32f1xx_hal_tim_ex.c **** /**
1126:Drivers/STM32F1xx_HAL_Driver/Src/stm32f1xx_hal_tim_ex.c ****   * @brief  Stops the PWM signal generation on the complementary output.
1127:Drivers/STM32F1xx_HAL_Driver/Src/stm32f1xx_hal_tim_ex.c ****   * @param  htim TIM handle
1128:Drivers/STM32F1xx_HAL_Driver/Src/stm32f1xx_hal_tim_ex.c ****   * @param  Channel TIM Channel to be disabled
1129:Drivers/STM32F1xx_HAL_Driver/Src/stm32f1xx_hal_tim_ex.c ****   *          This parameter can be one of the following values:
1130:Drivers/STM32F1xx_HAL_Driver/Src/stm32f1xx_hal_tim_ex.c ****   *            @arg TIM_CHANNEL_1: TIM Channel 1 selected
1131:Drivers/STM32F1xx_HAL_Driver/Src/stm32f1xx_hal_tim_ex.c ****   *            @arg TIM_CHANNEL_2: TIM Channel 2 selected
1132:Drivers/STM32F1xx_HAL_Driver/Src/stm32f1xx_hal_tim_ex.c ****   *            @arg TIM_CHANNEL_3: TIM Channel 3 selected
1133:Drivers/STM32F1xx_HAL_Driver/Src/stm32f1xx_hal_tim_ex.c ****   * @retval HAL status
1134:Drivers/STM32F1xx_HAL_Driver/Src/stm32f1xx_hal_tim_ex.c ****   */
1135:Drivers/STM32F1xx_HAL_Driver/Src/stm32f1xx_hal_tim_ex.c **** HAL_StatusTypeDef HAL_TIMEx_PWMN_Stop(TIM_HandleTypeDef *htim, uint32_t Channel)
1136:Drivers/STM32F1xx_HAL_Driver/Src/stm32f1xx_hal_tim_ex.c **** {
1137:Drivers/STM32F1xx_HAL_Driver/Src/stm32f1xx_hal_tim_ex.c ****   /* Check the parameters */
1138:Drivers/STM32F1xx_HAL_Driver/Src/stm32f1xx_hal_tim_ex.c ****   assert_param(IS_TIM_CCXN_INSTANCE(htim->Instance, Channel));
1139:Drivers/STM32F1xx_HAL_Driver/Src/stm32f1xx_hal_tim_ex.c **** 
1140:Drivers/STM32F1xx_HAL_Driver/Src/stm32f1xx_hal_tim_ex.c ****   /* Disable the complementary PWM output  */
1141:Drivers/STM32F1xx_HAL_Driver/Src/stm32f1xx_hal_tim_ex.c ****   TIM_CCxNChannelCmd(htim->Instance, Channel, TIM_CCxN_DISABLE);
1142:Drivers/STM32F1xx_HAL_Driver/Src/stm32f1xx_hal_tim_ex.c **** 
1143:Drivers/STM32F1xx_HAL_Driver/Src/stm32f1xx_hal_tim_ex.c ****   /* Disable the Main Output */
1144:Drivers/STM32F1xx_HAL_Driver/Src/stm32f1xx_hal_tim_ex.c ****   __HAL_TIM_MOE_DISABLE(htim);
1145:Drivers/STM32F1xx_HAL_Driver/Src/stm32f1xx_hal_tim_ex.c **** 
1146:Drivers/STM32F1xx_HAL_Driver/Src/stm32f1xx_hal_tim_ex.c ****   /* Disable the Peripheral */
1147:Drivers/STM32F1xx_HAL_Driver/Src/stm32f1xx_hal_tim_ex.c ****   __HAL_TIM_DISABLE(htim);
1148:Drivers/STM32F1xx_HAL_Driver/Src/stm32f1xx_hal_tim_ex.c **** 
1149:Drivers/STM32F1xx_HAL_Driver/Src/stm32f1xx_hal_tim_ex.c ****   /* Set the TIM complementary channel state */
1150:Drivers/STM32F1xx_HAL_Driver/Src/stm32f1xx_hal_tim_ex.c ****   TIM_CHANNEL_N_STATE_SET(htim, Channel, HAL_TIM_CHANNEL_STATE_READY);
1151:Drivers/STM32F1xx_HAL_Driver/Src/stm32f1xx_hal_tim_ex.c **** 
1152:Drivers/STM32F1xx_HAL_Driver/Src/stm32f1xx_hal_tim_ex.c ****   /* Return function status */
1153:Drivers/STM32F1xx_HAL_Driver/Src/stm32f1xx_hal_tim_ex.c ****   return HAL_OK;
1154:Drivers/STM32F1xx_HAL_Driver/Src/stm32f1xx_hal_tim_ex.c **** }
1155:Drivers/STM32F1xx_HAL_Driver/Src/stm32f1xx_hal_tim_ex.c **** 
1156:Drivers/STM32F1xx_HAL_Driver/Src/stm32f1xx_hal_tim_ex.c **** /**
1157:Drivers/STM32F1xx_HAL_Driver/Src/stm32f1xx_hal_tim_ex.c ****   * @brief  Starts the PWM signal generation in interrupt mode on the
1158:Drivers/STM32F1xx_HAL_Driver/Src/stm32f1xx_hal_tim_ex.c ****   *         complementary output.
1159:Drivers/STM32F1xx_HAL_Driver/Src/stm32f1xx_hal_tim_ex.c ****   * @param  htim TIM handle
1160:Drivers/STM32F1xx_HAL_Driver/Src/stm32f1xx_hal_tim_ex.c ****   * @param  Channel TIM Channel to be disabled
1161:Drivers/STM32F1xx_HAL_Driver/Src/stm32f1xx_hal_tim_ex.c ****   *          This parameter can be one of the following values:
1162:Drivers/STM32F1xx_HAL_Driver/Src/stm32f1xx_hal_tim_ex.c ****   *            @arg TIM_CHANNEL_1: TIM Channel 1 selected
1163:Drivers/STM32F1xx_HAL_Driver/Src/stm32f1xx_hal_tim_ex.c ****   *            @arg TIM_CHANNEL_2: TIM Channel 2 selected
1164:Drivers/STM32F1xx_HAL_Driver/Src/stm32f1xx_hal_tim_ex.c ****   *            @arg TIM_CHANNEL_3: TIM Channel 3 selected
1165:Drivers/STM32F1xx_HAL_Driver/Src/stm32f1xx_hal_tim_ex.c ****   * @retval HAL status
1166:Drivers/STM32F1xx_HAL_Driver/Src/stm32f1xx_hal_tim_ex.c ****   */
1167:Drivers/STM32F1xx_HAL_Driver/Src/stm32f1xx_hal_tim_ex.c **** HAL_StatusTypeDef HAL_TIMEx_PWMN_Start_IT(TIM_HandleTypeDef *htim, uint32_t Channel)
1168:Drivers/STM32F1xx_HAL_Driver/Src/stm32f1xx_hal_tim_ex.c **** {
1169:Drivers/STM32F1xx_HAL_Driver/Src/stm32f1xx_hal_tim_ex.c ****   uint32_t tmpsmcr;
1170:Drivers/STM32F1xx_HAL_Driver/Src/stm32f1xx_hal_tim_ex.c **** 
1171:Drivers/STM32F1xx_HAL_Driver/Src/stm32f1xx_hal_tim_ex.c ****   /* Check the parameters */
1172:Drivers/STM32F1xx_HAL_Driver/Src/stm32f1xx_hal_tim_ex.c ****   assert_param(IS_TIM_CCXN_INSTANCE(htim->Instance, Channel));
ARM GAS  C:\Users\ride_pig\AppData\Local\Temp\ccPlGaWa.s 			page 22


1173:Drivers/STM32F1xx_HAL_Driver/Src/stm32f1xx_hal_tim_ex.c **** 
1174:Drivers/STM32F1xx_HAL_Driver/Src/stm32f1xx_hal_tim_ex.c ****   /* Check the TIM complementary channel state */
1175:Drivers/STM32F1xx_HAL_Driver/Src/stm32f1xx_hal_tim_ex.c ****   if (TIM_CHANNEL_N_STATE_GET(htim, Channel) != HAL_TIM_CHANNEL_STATE_READY)
1176:Drivers/STM32F1xx_HAL_Driver/Src/stm32f1xx_hal_tim_ex.c ****   {
1177:Drivers/STM32F1xx_HAL_Driver/Src/stm32f1xx_hal_tim_ex.c ****     return HAL_ERROR;
1178:Drivers/STM32F1xx_HAL_Driver/Src/stm32f1xx_hal_tim_ex.c ****   }
1179:Drivers/STM32F1xx_HAL_Driver/Src/stm32f1xx_hal_tim_ex.c **** 
1180:Drivers/STM32F1xx_HAL_Driver/Src/stm32f1xx_hal_tim_ex.c ****   /* Set the TIM complementary channel state */
1181:Drivers/STM32F1xx_HAL_Driver/Src/stm32f1xx_hal_tim_ex.c ****   TIM_CHANNEL_N_STATE_SET(htim, Channel, HAL_TIM_CHANNEL_STATE_BUSY);
1182:Drivers/STM32F1xx_HAL_Driver/Src/stm32f1xx_hal_tim_ex.c **** 
1183:Drivers/STM32F1xx_HAL_Driver/Src/stm32f1xx_hal_tim_ex.c ****   switch (Channel)
1184:Drivers/STM32F1xx_HAL_Driver/Src/stm32f1xx_hal_tim_ex.c ****   {
1185:Drivers/STM32F1xx_HAL_Driver/Src/stm32f1xx_hal_tim_ex.c ****     case TIM_CHANNEL_1:
1186:Drivers/STM32F1xx_HAL_Driver/Src/stm32f1xx_hal_tim_ex.c ****     {
1187:Drivers/STM32F1xx_HAL_Driver/Src/stm32f1xx_hal_tim_ex.c ****       /* Enable the TIM Capture/Compare 1 interrupt */
1188:Drivers/STM32F1xx_HAL_Driver/Src/stm32f1xx_hal_tim_ex.c ****       __HAL_TIM_ENABLE_IT(htim, TIM_IT_CC1);
1189:Drivers/STM32F1xx_HAL_Driver/Src/stm32f1xx_hal_tim_ex.c ****       break;
1190:Drivers/STM32F1xx_HAL_Driver/Src/stm32f1xx_hal_tim_ex.c ****     }
1191:Drivers/STM32F1xx_HAL_Driver/Src/stm32f1xx_hal_tim_ex.c **** 
1192:Drivers/STM32F1xx_HAL_Driver/Src/stm32f1xx_hal_tim_ex.c ****     case TIM_CHANNEL_2:
1193:Drivers/STM32F1xx_HAL_Driver/Src/stm32f1xx_hal_tim_ex.c ****     {
1194:Drivers/STM32F1xx_HAL_Driver/Src/stm32f1xx_hal_tim_ex.c ****       /* Enable the TIM Capture/Compare 2 interrupt */
1195:Drivers/STM32F1xx_HAL_Driver/Src/stm32f1xx_hal_tim_ex.c ****       __HAL_TIM_ENABLE_IT(htim, TIM_IT_CC2);
1196:Drivers/STM32F1xx_HAL_Driver/Src/stm32f1xx_hal_tim_ex.c ****       break;
1197:Drivers/STM32F1xx_HAL_Driver/Src/stm32f1xx_hal_tim_ex.c ****     }
1198:Drivers/STM32F1xx_HAL_Driver/Src/stm32f1xx_hal_tim_ex.c **** 
1199:Drivers/STM32F1xx_HAL_Driver/Src/stm32f1xx_hal_tim_ex.c ****     case TIM_CHANNEL_3:
1200:Drivers/STM32F1xx_HAL_Driver/Src/stm32f1xx_hal_tim_ex.c ****     {
1201:Drivers/STM32F1xx_HAL_Driver/Src/stm32f1xx_hal_tim_ex.c ****       /* Enable the TIM Capture/Compare 3 interrupt */
1202:Drivers/STM32F1xx_HAL_Driver/Src/stm32f1xx_hal_tim_ex.c ****       __HAL_TIM_ENABLE_IT(htim, TIM_IT_CC3);
1203:Drivers/STM32F1xx_HAL_Driver/Src/stm32f1xx_hal_tim_ex.c ****       break;
1204:Drivers/STM32F1xx_HAL_Driver/Src/stm32f1xx_hal_tim_ex.c ****     }
1205:Drivers/STM32F1xx_HAL_Driver/Src/stm32f1xx_hal_tim_ex.c **** 
1206:Drivers/STM32F1xx_HAL_Driver/Src/stm32f1xx_hal_tim_ex.c ****     default:
1207:Drivers/STM32F1xx_HAL_Driver/Src/stm32f1xx_hal_tim_ex.c ****       break;
1208:Drivers/STM32F1xx_HAL_Driver/Src/stm32f1xx_hal_tim_ex.c ****   }
1209:Drivers/STM32F1xx_HAL_Driver/Src/stm32f1xx_hal_tim_ex.c **** 
1210:Drivers/STM32F1xx_HAL_Driver/Src/stm32f1xx_hal_tim_ex.c ****   /* Enable the TIM Break interrupt */
1211:Drivers/STM32F1xx_HAL_Driver/Src/stm32f1xx_hal_tim_ex.c ****   __HAL_TIM_ENABLE_IT(htim, TIM_IT_BREAK);
1212:Drivers/STM32F1xx_HAL_Driver/Src/stm32f1xx_hal_tim_ex.c **** 
1213:Drivers/STM32F1xx_HAL_Driver/Src/stm32f1xx_hal_tim_ex.c ****   /* Enable the complementary PWM output  */
1214:Drivers/STM32F1xx_HAL_Driver/Src/stm32f1xx_hal_tim_ex.c ****   TIM_CCxNChannelCmd(htim->Instance, Channel, TIM_CCxN_ENABLE);
1215:Drivers/STM32F1xx_HAL_Driver/Src/stm32f1xx_hal_tim_ex.c **** 
1216:Drivers/STM32F1xx_HAL_Driver/Src/stm32f1xx_hal_tim_ex.c ****   /* Enable the Main Output */
1217:Drivers/STM32F1xx_HAL_Driver/Src/stm32f1xx_hal_tim_ex.c ****   __HAL_TIM_MOE_ENABLE(htim);
1218:Drivers/STM32F1xx_HAL_Driver/Src/stm32f1xx_hal_tim_ex.c **** 
1219:Drivers/STM32F1xx_HAL_Driver/Src/stm32f1xx_hal_tim_ex.c ****   /* Enable the Peripheral, except in trigger mode where enable is automatically done with trigger 
1220:Drivers/STM32F1xx_HAL_Driver/Src/stm32f1xx_hal_tim_ex.c ****   if (IS_TIM_SLAVE_INSTANCE(htim->Instance))
1221:Drivers/STM32F1xx_HAL_Driver/Src/stm32f1xx_hal_tim_ex.c ****   {
1222:Drivers/STM32F1xx_HAL_Driver/Src/stm32f1xx_hal_tim_ex.c ****     tmpsmcr = htim->Instance->SMCR & TIM_SMCR_SMS;
1223:Drivers/STM32F1xx_HAL_Driver/Src/stm32f1xx_hal_tim_ex.c ****     if (!IS_TIM_SLAVEMODE_TRIGGER_ENABLED(tmpsmcr))
1224:Drivers/STM32F1xx_HAL_Driver/Src/stm32f1xx_hal_tim_ex.c ****     {
1225:Drivers/STM32F1xx_HAL_Driver/Src/stm32f1xx_hal_tim_ex.c ****       __HAL_TIM_ENABLE(htim);
1226:Drivers/STM32F1xx_HAL_Driver/Src/stm32f1xx_hal_tim_ex.c ****     }
1227:Drivers/STM32F1xx_HAL_Driver/Src/stm32f1xx_hal_tim_ex.c ****   }
1228:Drivers/STM32F1xx_HAL_Driver/Src/stm32f1xx_hal_tim_ex.c ****   else
1229:Drivers/STM32F1xx_HAL_Driver/Src/stm32f1xx_hal_tim_ex.c ****   {
ARM GAS  C:\Users\ride_pig\AppData\Local\Temp\ccPlGaWa.s 			page 23


1230:Drivers/STM32F1xx_HAL_Driver/Src/stm32f1xx_hal_tim_ex.c ****     __HAL_TIM_ENABLE(htim);
1231:Drivers/STM32F1xx_HAL_Driver/Src/stm32f1xx_hal_tim_ex.c ****   }
1232:Drivers/STM32F1xx_HAL_Driver/Src/stm32f1xx_hal_tim_ex.c **** 
1233:Drivers/STM32F1xx_HAL_Driver/Src/stm32f1xx_hal_tim_ex.c ****   /* Return function status */
1234:Drivers/STM32F1xx_HAL_Driver/Src/stm32f1xx_hal_tim_ex.c ****   return HAL_OK;
1235:Drivers/STM32F1xx_HAL_Driver/Src/stm32f1xx_hal_tim_ex.c **** }
1236:Drivers/STM32F1xx_HAL_Driver/Src/stm32f1xx_hal_tim_ex.c **** 
1237:Drivers/STM32F1xx_HAL_Driver/Src/stm32f1xx_hal_tim_ex.c **** /**
1238:Drivers/STM32F1xx_HAL_Driver/Src/stm32f1xx_hal_tim_ex.c ****   * @brief  Stops the PWM signal generation in interrupt mode on the
1239:Drivers/STM32F1xx_HAL_Driver/Src/stm32f1xx_hal_tim_ex.c ****   *         complementary output.
1240:Drivers/STM32F1xx_HAL_Driver/Src/stm32f1xx_hal_tim_ex.c ****   * @param  htim TIM handle
1241:Drivers/STM32F1xx_HAL_Driver/Src/stm32f1xx_hal_tim_ex.c ****   * @param  Channel TIM Channel to be disabled
1242:Drivers/STM32F1xx_HAL_Driver/Src/stm32f1xx_hal_tim_ex.c ****   *          This parameter can be one of the following values:
1243:Drivers/STM32F1xx_HAL_Driver/Src/stm32f1xx_hal_tim_ex.c ****   *            @arg TIM_CHANNEL_1: TIM Channel 1 selected
1244:Drivers/STM32F1xx_HAL_Driver/Src/stm32f1xx_hal_tim_ex.c ****   *            @arg TIM_CHANNEL_2: TIM Channel 2 selected
1245:Drivers/STM32F1xx_HAL_Driver/Src/stm32f1xx_hal_tim_ex.c ****   *            @arg TIM_CHANNEL_3: TIM Channel 3 selected
1246:Drivers/STM32F1xx_HAL_Driver/Src/stm32f1xx_hal_tim_ex.c ****   * @retval HAL status
1247:Drivers/STM32F1xx_HAL_Driver/Src/stm32f1xx_hal_tim_ex.c ****   */
1248:Drivers/STM32F1xx_HAL_Driver/Src/stm32f1xx_hal_tim_ex.c **** HAL_StatusTypeDef HAL_TIMEx_PWMN_Stop_IT(TIM_HandleTypeDef *htim, uint32_t Channel)
1249:Drivers/STM32F1xx_HAL_Driver/Src/stm32f1xx_hal_tim_ex.c **** {
1250:Drivers/STM32F1xx_HAL_Driver/Src/stm32f1xx_hal_tim_ex.c ****   uint32_t tmpccer;
1251:Drivers/STM32F1xx_HAL_Driver/Src/stm32f1xx_hal_tim_ex.c **** 
1252:Drivers/STM32F1xx_HAL_Driver/Src/stm32f1xx_hal_tim_ex.c ****   /* Check the parameters */
1253:Drivers/STM32F1xx_HAL_Driver/Src/stm32f1xx_hal_tim_ex.c ****   assert_param(IS_TIM_CCXN_INSTANCE(htim->Instance, Channel));
1254:Drivers/STM32F1xx_HAL_Driver/Src/stm32f1xx_hal_tim_ex.c **** 
1255:Drivers/STM32F1xx_HAL_Driver/Src/stm32f1xx_hal_tim_ex.c ****   switch (Channel)
1256:Drivers/STM32F1xx_HAL_Driver/Src/stm32f1xx_hal_tim_ex.c ****   {
1257:Drivers/STM32F1xx_HAL_Driver/Src/stm32f1xx_hal_tim_ex.c ****     case TIM_CHANNEL_1:
1258:Drivers/STM32F1xx_HAL_Driver/Src/stm32f1xx_hal_tim_ex.c ****     {
1259:Drivers/STM32F1xx_HAL_Driver/Src/stm32f1xx_hal_tim_ex.c ****       /* Disable the TIM Capture/Compare 1 interrupt */
1260:Drivers/STM32F1xx_HAL_Driver/Src/stm32f1xx_hal_tim_ex.c ****       __HAL_TIM_DISABLE_IT(htim, TIM_IT_CC1);
1261:Drivers/STM32F1xx_HAL_Driver/Src/stm32f1xx_hal_tim_ex.c ****       break;
1262:Drivers/STM32F1xx_HAL_Driver/Src/stm32f1xx_hal_tim_ex.c ****     }
1263:Drivers/STM32F1xx_HAL_Driver/Src/stm32f1xx_hal_tim_ex.c **** 
1264:Drivers/STM32F1xx_HAL_Driver/Src/stm32f1xx_hal_tim_ex.c ****     case TIM_CHANNEL_2:
1265:Drivers/STM32F1xx_HAL_Driver/Src/stm32f1xx_hal_tim_ex.c ****     {
1266:Drivers/STM32F1xx_HAL_Driver/Src/stm32f1xx_hal_tim_ex.c ****       /* Disable the TIM Capture/Compare 2 interrupt */
1267:Drivers/STM32F1xx_HAL_Driver/Src/stm32f1xx_hal_tim_ex.c ****       __HAL_TIM_DISABLE_IT(htim, TIM_IT_CC2);
1268:Drivers/STM32F1xx_HAL_Driver/Src/stm32f1xx_hal_tim_ex.c ****       break;
1269:Drivers/STM32F1xx_HAL_Driver/Src/stm32f1xx_hal_tim_ex.c ****     }
1270:Drivers/STM32F1xx_HAL_Driver/Src/stm32f1xx_hal_tim_ex.c **** 
1271:Drivers/STM32F1xx_HAL_Driver/Src/stm32f1xx_hal_tim_ex.c ****     case TIM_CHANNEL_3:
1272:Drivers/STM32F1xx_HAL_Driver/Src/stm32f1xx_hal_tim_ex.c ****     {
1273:Drivers/STM32F1xx_HAL_Driver/Src/stm32f1xx_hal_tim_ex.c ****       /* Disable the TIM Capture/Compare 3 interrupt */
1274:Drivers/STM32F1xx_HAL_Driver/Src/stm32f1xx_hal_tim_ex.c ****       __HAL_TIM_DISABLE_IT(htim, TIM_IT_CC3);
1275:Drivers/STM32F1xx_HAL_Driver/Src/stm32f1xx_hal_tim_ex.c ****       break;
1276:Drivers/STM32F1xx_HAL_Driver/Src/stm32f1xx_hal_tim_ex.c ****     }
1277:Drivers/STM32F1xx_HAL_Driver/Src/stm32f1xx_hal_tim_ex.c **** 
1278:Drivers/STM32F1xx_HAL_Driver/Src/stm32f1xx_hal_tim_ex.c ****     default:
1279:Drivers/STM32F1xx_HAL_Driver/Src/stm32f1xx_hal_tim_ex.c ****       break;
1280:Drivers/STM32F1xx_HAL_Driver/Src/stm32f1xx_hal_tim_ex.c ****   }
1281:Drivers/STM32F1xx_HAL_Driver/Src/stm32f1xx_hal_tim_ex.c **** 
1282:Drivers/STM32F1xx_HAL_Driver/Src/stm32f1xx_hal_tim_ex.c ****   /* Disable the complementary PWM output  */
1283:Drivers/STM32F1xx_HAL_Driver/Src/stm32f1xx_hal_tim_ex.c ****   TIM_CCxNChannelCmd(htim->Instance, Channel, TIM_CCxN_DISABLE);
1284:Drivers/STM32F1xx_HAL_Driver/Src/stm32f1xx_hal_tim_ex.c **** 
1285:Drivers/STM32F1xx_HAL_Driver/Src/stm32f1xx_hal_tim_ex.c ****   /* Disable the TIM Break interrupt (only if no more channel is active) */
1286:Drivers/STM32F1xx_HAL_Driver/Src/stm32f1xx_hal_tim_ex.c ****   tmpccer = htim->Instance->CCER;
ARM GAS  C:\Users\ride_pig\AppData\Local\Temp\ccPlGaWa.s 			page 24


1287:Drivers/STM32F1xx_HAL_Driver/Src/stm32f1xx_hal_tim_ex.c ****   if ((tmpccer & (TIM_CCER_CC1NE | TIM_CCER_CC2NE | TIM_CCER_CC3NE)) == (uint32_t)RESET)
1288:Drivers/STM32F1xx_HAL_Driver/Src/stm32f1xx_hal_tim_ex.c ****   {
1289:Drivers/STM32F1xx_HAL_Driver/Src/stm32f1xx_hal_tim_ex.c ****     __HAL_TIM_DISABLE_IT(htim, TIM_IT_BREAK);
1290:Drivers/STM32F1xx_HAL_Driver/Src/stm32f1xx_hal_tim_ex.c ****   }
1291:Drivers/STM32F1xx_HAL_Driver/Src/stm32f1xx_hal_tim_ex.c **** 
1292:Drivers/STM32F1xx_HAL_Driver/Src/stm32f1xx_hal_tim_ex.c ****   /* Disable the Main Output */
1293:Drivers/STM32F1xx_HAL_Driver/Src/stm32f1xx_hal_tim_ex.c ****   __HAL_TIM_MOE_DISABLE(htim);
1294:Drivers/STM32F1xx_HAL_Driver/Src/stm32f1xx_hal_tim_ex.c **** 
1295:Drivers/STM32F1xx_HAL_Driver/Src/stm32f1xx_hal_tim_ex.c ****   /* Disable the Peripheral */
1296:Drivers/STM32F1xx_HAL_Driver/Src/stm32f1xx_hal_tim_ex.c ****   __HAL_TIM_DISABLE(htim);
1297:Drivers/STM32F1xx_HAL_Driver/Src/stm32f1xx_hal_tim_ex.c **** 
1298:Drivers/STM32F1xx_HAL_Driver/Src/stm32f1xx_hal_tim_ex.c ****   /* Set the TIM complementary channel state */
1299:Drivers/STM32F1xx_HAL_Driver/Src/stm32f1xx_hal_tim_ex.c ****   TIM_CHANNEL_N_STATE_SET(htim, Channel, HAL_TIM_CHANNEL_STATE_READY);
1300:Drivers/STM32F1xx_HAL_Driver/Src/stm32f1xx_hal_tim_ex.c **** 
1301:Drivers/STM32F1xx_HAL_Driver/Src/stm32f1xx_hal_tim_ex.c ****   /* Return function status */
1302:Drivers/STM32F1xx_HAL_Driver/Src/stm32f1xx_hal_tim_ex.c ****   return HAL_OK;
1303:Drivers/STM32F1xx_HAL_Driver/Src/stm32f1xx_hal_tim_ex.c **** }
1304:Drivers/STM32F1xx_HAL_Driver/Src/stm32f1xx_hal_tim_ex.c **** 
1305:Drivers/STM32F1xx_HAL_Driver/Src/stm32f1xx_hal_tim_ex.c **** /**
1306:Drivers/STM32F1xx_HAL_Driver/Src/stm32f1xx_hal_tim_ex.c ****   * @brief  Starts the TIM PWM signal generation in DMA mode on the
1307:Drivers/STM32F1xx_HAL_Driver/Src/stm32f1xx_hal_tim_ex.c ****   *         complementary output
1308:Drivers/STM32F1xx_HAL_Driver/Src/stm32f1xx_hal_tim_ex.c ****   * @param  htim TIM handle
1309:Drivers/STM32F1xx_HAL_Driver/Src/stm32f1xx_hal_tim_ex.c ****   * @param  Channel TIM Channel to be enabled
1310:Drivers/STM32F1xx_HAL_Driver/Src/stm32f1xx_hal_tim_ex.c ****   *          This parameter can be one of the following values:
1311:Drivers/STM32F1xx_HAL_Driver/Src/stm32f1xx_hal_tim_ex.c ****   *            @arg TIM_CHANNEL_1: TIM Channel 1 selected
1312:Drivers/STM32F1xx_HAL_Driver/Src/stm32f1xx_hal_tim_ex.c ****   *            @arg TIM_CHANNEL_2: TIM Channel 2 selected
1313:Drivers/STM32F1xx_HAL_Driver/Src/stm32f1xx_hal_tim_ex.c ****   *            @arg TIM_CHANNEL_3: TIM Channel 3 selected
1314:Drivers/STM32F1xx_HAL_Driver/Src/stm32f1xx_hal_tim_ex.c ****   * @param  pData The source Buffer address.
1315:Drivers/STM32F1xx_HAL_Driver/Src/stm32f1xx_hal_tim_ex.c ****   * @param  Length The length of data to be transferred from memory to TIM peripheral
1316:Drivers/STM32F1xx_HAL_Driver/Src/stm32f1xx_hal_tim_ex.c ****   * @retval HAL status
1317:Drivers/STM32F1xx_HAL_Driver/Src/stm32f1xx_hal_tim_ex.c ****   */
1318:Drivers/STM32F1xx_HAL_Driver/Src/stm32f1xx_hal_tim_ex.c **** HAL_StatusTypeDef HAL_TIMEx_PWMN_Start_DMA(TIM_HandleTypeDef *htim, uint32_t Channel, uint32_t *pDa
1319:Drivers/STM32F1xx_HAL_Driver/Src/stm32f1xx_hal_tim_ex.c **** {
1320:Drivers/STM32F1xx_HAL_Driver/Src/stm32f1xx_hal_tim_ex.c ****   uint32_t tmpsmcr;
1321:Drivers/STM32F1xx_HAL_Driver/Src/stm32f1xx_hal_tim_ex.c **** 
1322:Drivers/STM32F1xx_HAL_Driver/Src/stm32f1xx_hal_tim_ex.c ****   /* Check the parameters */
1323:Drivers/STM32F1xx_HAL_Driver/Src/stm32f1xx_hal_tim_ex.c ****   assert_param(IS_TIM_CCXN_INSTANCE(htim->Instance, Channel));
1324:Drivers/STM32F1xx_HAL_Driver/Src/stm32f1xx_hal_tim_ex.c **** 
1325:Drivers/STM32F1xx_HAL_Driver/Src/stm32f1xx_hal_tim_ex.c ****   /* Set the TIM complementary channel state */
1326:Drivers/STM32F1xx_HAL_Driver/Src/stm32f1xx_hal_tim_ex.c ****   if (TIM_CHANNEL_N_STATE_GET(htim, Channel) == HAL_TIM_CHANNEL_STATE_BUSY)
1327:Drivers/STM32F1xx_HAL_Driver/Src/stm32f1xx_hal_tim_ex.c ****   {
1328:Drivers/STM32F1xx_HAL_Driver/Src/stm32f1xx_hal_tim_ex.c ****     return HAL_BUSY;
1329:Drivers/STM32F1xx_HAL_Driver/Src/stm32f1xx_hal_tim_ex.c ****   }
1330:Drivers/STM32F1xx_HAL_Driver/Src/stm32f1xx_hal_tim_ex.c ****   else if (TIM_CHANNEL_N_STATE_GET(htim, Channel) == HAL_TIM_CHANNEL_STATE_READY)
1331:Drivers/STM32F1xx_HAL_Driver/Src/stm32f1xx_hal_tim_ex.c ****   {
1332:Drivers/STM32F1xx_HAL_Driver/Src/stm32f1xx_hal_tim_ex.c ****     if ((pData == NULL) && (Length > 0U))
1333:Drivers/STM32F1xx_HAL_Driver/Src/stm32f1xx_hal_tim_ex.c ****     {
1334:Drivers/STM32F1xx_HAL_Driver/Src/stm32f1xx_hal_tim_ex.c ****       return HAL_ERROR;
1335:Drivers/STM32F1xx_HAL_Driver/Src/stm32f1xx_hal_tim_ex.c ****     }
1336:Drivers/STM32F1xx_HAL_Driver/Src/stm32f1xx_hal_tim_ex.c ****     else
1337:Drivers/STM32F1xx_HAL_Driver/Src/stm32f1xx_hal_tim_ex.c ****     {
1338:Drivers/STM32F1xx_HAL_Driver/Src/stm32f1xx_hal_tim_ex.c ****       TIM_CHANNEL_N_STATE_SET(htim, Channel, HAL_TIM_CHANNEL_STATE_BUSY);
1339:Drivers/STM32F1xx_HAL_Driver/Src/stm32f1xx_hal_tim_ex.c ****     }
1340:Drivers/STM32F1xx_HAL_Driver/Src/stm32f1xx_hal_tim_ex.c ****   }
1341:Drivers/STM32F1xx_HAL_Driver/Src/stm32f1xx_hal_tim_ex.c ****   else
1342:Drivers/STM32F1xx_HAL_Driver/Src/stm32f1xx_hal_tim_ex.c ****   {
1343:Drivers/STM32F1xx_HAL_Driver/Src/stm32f1xx_hal_tim_ex.c ****     return HAL_ERROR;
ARM GAS  C:\Users\ride_pig\AppData\Local\Temp\ccPlGaWa.s 			page 25


1344:Drivers/STM32F1xx_HAL_Driver/Src/stm32f1xx_hal_tim_ex.c ****   }
1345:Drivers/STM32F1xx_HAL_Driver/Src/stm32f1xx_hal_tim_ex.c **** 
1346:Drivers/STM32F1xx_HAL_Driver/Src/stm32f1xx_hal_tim_ex.c ****   switch (Channel)
1347:Drivers/STM32F1xx_HAL_Driver/Src/stm32f1xx_hal_tim_ex.c ****   {
1348:Drivers/STM32F1xx_HAL_Driver/Src/stm32f1xx_hal_tim_ex.c ****     case TIM_CHANNEL_1:
1349:Drivers/STM32F1xx_HAL_Driver/Src/stm32f1xx_hal_tim_ex.c ****     {
1350:Drivers/STM32F1xx_HAL_Driver/Src/stm32f1xx_hal_tim_ex.c ****       /* Set the DMA compare callbacks */
1351:Drivers/STM32F1xx_HAL_Driver/Src/stm32f1xx_hal_tim_ex.c ****       htim->hdma[TIM_DMA_ID_CC1]->XferCpltCallback = TIM_DMADelayPulseNCplt;
1352:Drivers/STM32F1xx_HAL_Driver/Src/stm32f1xx_hal_tim_ex.c ****       htim->hdma[TIM_DMA_ID_CC1]->XferHalfCpltCallback = TIM_DMADelayPulseHalfCplt;
1353:Drivers/STM32F1xx_HAL_Driver/Src/stm32f1xx_hal_tim_ex.c **** 
1354:Drivers/STM32F1xx_HAL_Driver/Src/stm32f1xx_hal_tim_ex.c ****       /* Set the DMA error callback */
1355:Drivers/STM32F1xx_HAL_Driver/Src/stm32f1xx_hal_tim_ex.c ****       htim->hdma[TIM_DMA_ID_CC1]->XferErrorCallback = TIM_DMAErrorCCxN ;
1356:Drivers/STM32F1xx_HAL_Driver/Src/stm32f1xx_hal_tim_ex.c **** 
1357:Drivers/STM32F1xx_HAL_Driver/Src/stm32f1xx_hal_tim_ex.c ****       /* Enable the DMA channel */
1358:Drivers/STM32F1xx_HAL_Driver/Src/stm32f1xx_hal_tim_ex.c ****       if (HAL_DMA_Start_IT(htim->hdma[TIM_DMA_ID_CC1], (uint32_t)pData, (uint32_t)&htim->Instance->
1359:Drivers/STM32F1xx_HAL_Driver/Src/stm32f1xx_hal_tim_ex.c ****                          Length) != HAL_OK)
1360:Drivers/STM32F1xx_HAL_Driver/Src/stm32f1xx_hal_tim_ex.c ****       {
1361:Drivers/STM32F1xx_HAL_Driver/Src/stm32f1xx_hal_tim_ex.c ****         /* Return error status */
1362:Drivers/STM32F1xx_HAL_Driver/Src/stm32f1xx_hal_tim_ex.c ****         return HAL_ERROR;
1363:Drivers/STM32F1xx_HAL_Driver/Src/stm32f1xx_hal_tim_ex.c ****       }
1364:Drivers/STM32F1xx_HAL_Driver/Src/stm32f1xx_hal_tim_ex.c ****       /* Enable the TIM Capture/Compare 1 DMA request */
1365:Drivers/STM32F1xx_HAL_Driver/Src/stm32f1xx_hal_tim_ex.c ****       __HAL_TIM_ENABLE_DMA(htim, TIM_DMA_CC1);
1366:Drivers/STM32F1xx_HAL_Driver/Src/stm32f1xx_hal_tim_ex.c ****       break;
1367:Drivers/STM32F1xx_HAL_Driver/Src/stm32f1xx_hal_tim_ex.c ****     }
1368:Drivers/STM32F1xx_HAL_Driver/Src/stm32f1xx_hal_tim_ex.c **** 
1369:Drivers/STM32F1xx_HAL_Driver/Src/stm32f1xx_hal_tim_ex.c ****     case TIM_CHANNEL_2:
1370:Drivers/STM32F1xx_HAL_Driver/Src/stm32f1xx_hal_tim_ex.c ****     {
1371:Drivers/STM32F1xx_HAL_Driver/Src/stm32f1xx_hal_tim_ex.c ****       /* Set the DMA compare callbacks */
1372:Drivers/STM32F1xx_HAL_Driver/Src/stm32f1xx_hal_tim_ex.c ****       htim->hdma[TIM_DMA_ID_CC2]->XferCpltCallback = TIM_DMADelayPulseNCplt;
1373:Drivers/STM32F1xx_HAL_Driver/Src/stm32f1xx_hal_tim_ex.c ****       htim->hdma[TIM_DMA_ID_CC2]->XferHalfCpltCallback = TIM_DMADelayPulseHalfCplt;
1374:Drivers/STM32F1xx_HAL_Driver/Src/stm32f1xx_hal_tim_ex.c **** 
1375:Drivers/STM32F1xx_HAL_Driver/Src/stm32f1xx_hal_tim_ex.c ****       /* Set the DMA error callback */
1376:Drivers/STM32F1xx_HAL_Driver/Src/stm32f1xx_hal_tim_ex.c ****       htim->hdma[TIM_DMA_ID_CC2]->XferErrorCallback = TIM_DMAErrorCCxN ;
1377:Drivers/STM32F1xx_HAL_Driver/Src/stm32f1xx_hal_tim_ex.c **** 
1378:Drivers/STM32F1xx_HAL_Driver/Src/stm32f1xx_hal_tim_ex.c ****       /* Enable the DMA channel */
1379:Drivers/STM32F1xx_HAL_Driver/Src/stm32f1xx_hal_tim_ex.c ****       if (HAL_DMA_Start_IT(htim->hdma[TIM_DMA_ID_CC2], (uint32_t)pData, (uint32_t)&htim->Instance->
1380:Drivers/STM32F1xx_HAL_Driver/Src/stm32f1xx_hal_tim_ex.c ****                          Length) != HAL_OK)
1381:Drivers/STM32F1xx_HAL_Driver/Src/stm32f1xx_hal_tim_ex.c ****       {
1382:Drivers/STM32F1xx_HAL_Driver/Src/stm32f1xx_hal_tim_ex.c ****         /* Return error status */
1383:Drivers/STM32F1xx_HAL_Driver/Src/stm32f1xx_hal_tim_ex.c ****         return HAL_ERROR;
1384:Drivers/STM32F1xx_HAL_Driver/Src/stm32f1xx_hal_tim_ex.c ****       }
1385:Drivers/STM32F1xx_HAL_Driver/Src/stm32f1xx_hal_tim_ex.c ****       /* Enable the TIM Capture/Compare 2 DMA request */
1386:Drivers/STM32F1xx_HAL_Driver/Src/stm32f1xx_hal_tim_ex.c ****       __HAL_TIM_ENABLE_DMA(htim, TIM_DMA_CC2);
1387:Drivers/STM32F1xx_HAL_Driver/Src/stm32f1xx_hal_tim_ex.c ****       break;
1388:Drivers/STM32F1xx_HAL_Driver/Src/stm32f1xx_hal_tim_ex.c ****     }
1389:Drivers/STM32F1xx_HAL_Driver/Src/stm32f1xx_hal_tim_ex.c **** 
1390:Drivers/STM32F1xx_HAL_Driver/Src/stm32f1xx_hal_tim_ex.c ****     case TIM_CHANNEL_3:
1391:Drivers/STM32F1xx_HAL_Driver/Src/stm32f1xx_hal_tim_ex.c ****     {
1392:Drivers/STM32F1xx_HAL_Driver/Src/stm32f1xx_hal_tim_ex.c ****       /* Set the DMA compare callbacks */
1393:Drivers/STM32F1xx_HAL_Driver/Src/stm32f1xx_hal_tim_ex.c ****       htim->hdma[TIM_DMA_ID_CC3]->XferCpltCallback = TIM_DMADelayPulseNCplt;
1394:Drivers/STM32F1xx_HAL_Driver/Src/stm32f1xx_hal_tim_ex.c ****       htim->hdma[TIM_DMA_ID_CC3]->XferHalfCpltCallback = TIM_DMADelayPulseHalfCplt;
1395:Drivers/STM32F1xx_HAL_Driver/Src/stm32f1xx_hal_tim_ex.c **** 
1396:Drivers/STM32F1xx_HAL_Driver/Src/stm32f1xx_hal_tim_ex.c ****       /* Set the DMA error callback */
1397:Drivers/STM32F1xx_HAL_Driver/Src/stm32f1xx_hal_tim_ex.c ****       htim->hdma[TIM_DMA_ID_CC3]->XferErrorCallback = TIM_DMAErrorCCxN ;
1398:Drivers/STM32F1xx_HAL_Driver/Src/stm32f1xx_hal_tim_ex.c **** 
1399:Drivers/STM32F1xx_HAL_Driver/Src/stm32f1xx_hal_tim_ex.c ****       /* Enable the DMA channel */
1400:Drivers/STM32F1xx_HAL_Driver/Src/stm32f1xx_hal_tim_ex.c ****       if (HAL_DMA_Start_IT(htim->hdma[TIM_DMA_ID_CC3], (uint32_t)pData, (uint32_t)&htim->Instance->
ARM GAS  C:\Users\ride_pig\AppData\Local\Temp\ccPlGaWa.s 			page 26


1401:Drivers/STM32F1xx_HAL_Driver/Src/stm32f1xx_hal_tim_ex.c ****                          Length) != HAL_OK)
1402:Drivers/STM32F1xx_HAL_Driver/Src/stm32f1xx_hal_tim_ex.c ****       {
1403:Drivers/STM32F1xx_HAL_Driver/Src/stm32f1xx_hal_tim_ex.c ****         /* Return error status */
1404:Drivers/STM32F1xx_HAL_Driver/Src/stm32f1xx_hal_tim_ex.c ****         return HAL_ERROR;
1405:Drivers/STM32F1xx_HAL_Driver/Src/stm32f1xx_hal_tim_ex.c ****       }
1406:Drivers/STM32F1xx_HAL_Driver/Src/stm32f1xx_hal_tim_ex.c ****       /* Enable the TIM Capture/Compare 3 DMA request */
1407:Drivers/STM32F1xx_HAL_Driver/Src/stm32f1xx_hal_tim_ex.c ****       __HAL_TIM_ENABLE_DMA(htim, TIM_DMA_CC3);
1408:Drivers/STM32F1xx_HAL_Driver/Src/stm32f1xx_hal_tim_ex.c ****       break;
1409:Drivers/STM32F1xx_HAL_Driver/Src/stm32f1xx_hal_tim_ex.c ****     }
1410:Drivers/STM32F1xx_HAL_Driver/Src/stm32f1xx_hal_tim_ex.c **** 
1411:Drivers/STM32F1xx_HAL_Driver/Src/stm32f1xx_hal_tim_ex.c ****     default:
1412:Drivers/STM32F1xx_HAL_Driver/Src/stm32f1xx_hal_tim_ex.c ****       break;
1413:Drivers/STM32F1xx_HAL_Driver/Src/stm32f1xx_hal_tim_ex.c ****   }
1414:Drivers/STM32F1xx_HAL_Driver/Src/stm32f1xx_hal_tim_ex.c **** 
1415:Drivers/STM32F1xx_HAL_Driver/Src/stm32f1xx_hal_tim_ex.c ****   /* Enable the complementary PWM output  */
1416:Drivers/STM32F1xx_HAL_Driver/Src/stm32f1xx_hal_tim_ex.c ****   TIM_CCxNChannelCmd(htim->Instance, Channel, TIM_CCxN_ENABLE);
1417:Drivers/STM32F1xx_HAL_Driver/Src/stm32f1xx_hal_tim_ex.c **** 
1418:Drivers/STM32F1xx_HAL_Driver/Src/stm32f1xx_hal_tim_ex.c ****   /* Enable the Main Output */
1419:Drivers/STM32F1xx_HAL_Driver/Src/stm32f1xx_hal_tim_ex.c ****   __HAL_TIM_MOE_ENABLE(htim);
1420:Drivers/STM32F1xx_HAL_Driver/Src/stm32f1xx_hal_tim_ex.c **** 
1421:Drivers/STM32F1xx_HAL_Driver/Src/stm32f1xx_hal_tim_ex.c ****   /* Enable the Peripheral, except in trigger mode where enable is automatically done with trigger 
1422:Drivers/STM32F1xx_HAL_Driver/Src/stm32f1xx_hal_tim_ex.c ****   if (IS_TIM_SLAVE_INSTANCE(htim->Instance))
1423:Drivers/STM32F1xx_HAL_Driver/Src/stm32f1xx_hal_tim_ex.c ****   {
1424:Drivers/STM32F1xx_HAL_Driver/Src/stm32f1xx_hal_tim_ex.c ****     tmpsmcr = htim->Instance->SMCR & TIM_SMCR_SMS;
1425:Drivers/STM32F1xx_HAL_Driver/Src/stm32f1xx_hal_tim_ex.c ****     if (!IS_TIM_SLAVEMODE_TRIGGER_ENABLED(tmpsmcr))
1426:Drivers/STM32F1xx_HAL_Driver/Src/stm32f1xx_hal_tim_ex.c ****     {
1427:Drivers/STM32F1xx_HAL_Driver/Src/stm32f1xx_hal_tim_ex.c ****       __HAL_TIM_ENABLE(htim);
1428:Drivers/STM32F1xx_HAL_Driver/Src/stm32f1xx_hal_tim_ex.c ****     }
1429:Drivers/STM32F1xx_HAL_Driver/Src/stm32f1xx_hal_tim_ex.c ****   }
1430:Drivers/STM32F1xx_HAL_Driver/Src/stm32f1xx_hal_tim_ex.c ****   else
1431:Drivers/STM32F1xx_HAL_Driver/Src/stm32f1xx_hal_tim_ex.c ****   {
1432:Drivers/STM32F1xx_HAL_Driver/Src/stm32f1xx_hal_tim_ex.c ****     __HAL_TIM_ENABLE(htim);
1433:Drivers/STM32F1xx_HAL_Driver/Src/stm32f1xx_hal_tim_ex.c ****   }
1434:Drivers/STM32F1xx_HAL_Driver/Src/stm32f1xx_hal_tim_ex.c **** 
1435:Drivers/STM32F1xx_HAL_Driver/Src/stm32f1xx_hal_tim_ex.c ****   /* Return function status */
1436:Drivers/STM32F1xx_HAL_Driver/Src/stm32f1xx_hal_tim_ex.c ****   return HAL_OK;
1437:Drivers/STM32F1xx_HAL_Driver/Src/stm32f1xx_hal_tim_ex.c **** }
1438:Drivers/STM32F1xx_HAL_Driver/Src/stm32f1xx_hal_tim_ex.c **** 
1439:Drivers/STM32F1xx_HAL_Driver/Src/stm32f1xx_hal_tim_ex.c **** /**
1440:Drivers/STM32F1xx_HAL_Driver/Src/stm32f1xx_hal_tim_ex.c ****   * @brief  Stops the TIM PWM signal generation in DMA mode on the complementary
1441:Drivers/STM32F1xx_HAL_Driver/Src/stm32f1xx_hal_tim_ex.c ****   *         output
1442:Drivers/STM32F1xx_HAL_Driver/Src/stm32f1xx_hal_tim_ex.c ****   * @param  htim TIM handle
1443:Drivers/STM32F1xx_HAL_Driver/Src/stm32f1xx_hal_tim_ex.c ****   * @param  Channel TIM Channel to be disabled
1444:Drivers/STM32F1xx_HAL_Driver/Src/stm32f1xx_hal_tim_ex.c ****   *          This parameter can be one of the following values:
1445:Drivers/STM32F1xx_HAL_Driver/Src/stm32f1xx_hal_tim_ex.c ****   *            @arg TIM_CHANNEL_1: TIM Channel 1 selected
1446:Drivers/STM32F1xx_HAL_Driver/Src/stm32f1xx_hal_tim_ex.c ****   *            @arg TIM_CHANNEL_2: TIM Channel 2 selected
1447:Drivers/STM32F1xx_HAL_Driver/Src/stm32f1xx_hal_tim_ex.c ****   *            @arg TIM_CHANNEL_3: TIM Channel 3 selected
1448:Drivers/STM32F1xx_HAL_Driver/Src/stm32f1xx_hal_tim_ex.c ****   * @retval HAL status
1449:Drivers/STM32F1xx_HAL_Driver/Src/stm32f1xx_hal_tim_ex.c ****   */
1450:Drivers/STM32F1xx_HAL_Driver/Src/stm32f1xx_hal_tim_ex.c **** HAL_StatusTypeDef HAL_TIMEx_PWMN_Stop_DMA(TIM_HandleTypeDef *htim, uint32_t Channel)
1451:Drivers/STM32F1xx_HAL_Driver/Src/stm32f1xx_hal_tim_ex.c **** {
1452:Drivers/STM32F1xx_HAL_Driver/Src/stm32f1xx_hal_tim_ex.c ****   /* Check the parameters */
1453:Drivers/STM32F1xx_HAL_Driver/Src/stm32f1xx_hal_tim_ex.c ****   assert_param(IS_TIM_CCXN_INSTANCE(htim->Instance, Channel));
1454:Drivers/STM32F1xx_HAL_Driver/Src/stm32f1xx_hal_tim_ex.c **** 
1455:Drivers/STM32F1xx_HAL_Driver/Src/stm32f1xx_hal_tim_ex.c ****   switch (Channel)
1456:Drivers/STM32F1xx_HAL_Driver/Src/stm32f1xx_hal_tim_ex.c ****   {
1457:Drivers/STM32F1xx_HAL_Driver/Src/stm32f1xx_hal_tim_ex.c ****     case TIM_CHANNEL_1:
ARM GAS  C:\Users\ride_pig\AppData\Local\Temp\ccPlGaWa.s 			page 27


1458:Drivers/STM32F1xx_HAL_Driver/Src/stm32f1xx_hal_tim_ex.c ****     {
1459:Drivers/STM32F1xx_HAL_Driver/Src/stm32f1xx_hal_tim_ex.c ****       /* Disable the TIM Capture/Compare 1 DMA request */
1460:Drivers/STM32F1xx_HAL_Driver/Src/stm32f1xx_hal_tim_ex.c ****       __HAL_TIM_DISABLE_DMA(htim, TIM_DMA_CC1);
1461:Drivers/STM32F1xx_HAL_Driver/Src/stm32f1xx_hal_tim_ex.c ****       (void)HAL_DMA_Abort_IT(htim->hdma[TIM_DMA_ID_CC1]);
1462:Drivers/STM32F1xx_HAL_Driver/Src/stm32f1xx_hal_tim_ex.c ****       break;
1463:Drivers/STM32F1xx_HAL_Driver/Src/stm32f1xx_hal_tim_ex.c ****     }
1464:Drivers/STM32F1xx_HAL_Driver/Src/stm32f1xx_hal_tim_ex.c **** 
1465:Drivers/STM32F1xx_HAL_Driver/Src/stm32f1xx_hal_tim_ex.c ****     case TIM_CHANNEL_2:
1466:Drivers/STM32F1xx_HAL_Driver/Src/stm32f1xx_hal_tim_ex.c ****     {
1467:Drivers/STM32F1xx_HAL_Driver/Src/stm32f1xx_hal_tim_ex.c ****       /* Disable the TIM Capture/Compare 2 DMA request */
1468:Drivers/STM32F1xx_HAL_Driver/Src/stm32f1xx_hal_tim_ex.c ****       __HAL_TIM_DISABLE_DMA(htim, TIM_DMA_CC2);
1469:Drivers/STM32F1xx_HAL_Driver/Src/stm32f1xx_hal_tim_ex.c ****       (void)HAL_DMA_Abort_IT(htim->hdma[TIM_DMA_ID_CC2]);
1470:Drivers/STM32F1xx_HAL_Driver/Src/stm32f1xx_hal_tim_ex.c ****       break;
1471:Drivers/STM32F1xx_HAL_Driver/Src/stm32f1xx_hal_tim_ex.c ****     }
1472:Drivers/STM32F1xx_HAL_Driver/Src/stm32f1xx_hal_tim_ex.c **** 
1473:Drivers/STM32F1xx_HAL_Driver/Src/stm32f1xx_hal_tim_ex.c ****     case TIM_CHANNEL_3:
1474:Drivers/STM32F1xx_HAL_Driver/Src/stm32f1xx_hal_tim_ex.c ****     {
1475:Drivers/STM32F1xx_HAL_Driver/Src/stm32f1xx_hal_tim_ex.c ****       /* Disable the TIM Capture/Compare 3 DMA request */
1476:Drivers/STM32F1xx_HAL_Driver/Src/stm32f1xx_hal_tim_ex.c ****       __HAL_TIM_DISABLE_DMA(htim, TIM_DMA_CC3);
1477:Drivers/STM32F1xx_HAL_Driver/Src/stm32f1xx_hal_tim_ex.c ****       (void)HAL_DMA_Abort_IT(htim->hdma[TIM_DMA_ID_CC3]);
1478:Drivers/STM32F1xx_HAL_Driver/Src/stm32f1xx_hal_tim_ex.c ****       break;
1479:Drivers/STM32F1xx_HAL_Driver/Src/stm32f1xx_hal_tim_ex.c ****     }
1480:Drivers/STM32F1xx_HAL_Driver/Src/stm32f1xx_hal_tim_ex.c **** 
1481:Drivers/STM32F1xx_HAL_Driver/Src/stm32f1xx_hal_tim_ex.c ****     default:
1482:Drivers/STM32F1xx_HAL_Driver/Src/stm32f1xx_hal_tim_ex.c ****       break;
1483:Drivers/STM32F1xx_HAL_Driver/Src/stm32f1xx_hal_tim_ex.c ****   }
1484:Drivers/STM32F1xx_HAL_Driver/Src/stm32f1xx_hal_tim_ex.c **** 
1485:Drivers/STM32F1xx_HAL_Driver/Src/stm32f1xx_hal_tim_ex.c ****   /* Disable the complementary PWM output */
1486:Drivers/STM32F1xx_HAL_Driver/Src/stm32f1xx_hal_tim_ex.c ****   TIM_CCxNChannelCmd(htim->Instance, Channel, TIM_CCxN_DISABLE);
1487:Drivers/STM32F1xx_HAL_Driver/Src/stm32f1xx_hal_tim_ex.c **** 
1488:Drivers/STM32F1xx_HAL_Driver/Src/stm32f1xx_hal_tim_ex.c ****   /* Disable the Main Output */
1489:Drivers/STM32F1xx_HAL_Driver/Src/stm32f1xx_hal_tim_ex.c ****   __HAL_TIM_MOE_DISABLE(htim);
1490:Drivers/STM32F1xx_HAL_Driver/Src/stm32f1xx_hal_tim_ex.c **** 
1491:Drivers/STM32F1xx_HAL_Driver/Src/stm32f1xx_hal_tim_ex.c ****   /* Disable the Peripheral */
1492:Drivers/STM32F1xx_HAL_Driver/Src/stm32f1xx_hal_tim_ex.c ****   __HAL_TIM_DISABLE(htim);
1493:Drivers/STM32F1xx_HAL_Driver/Src/stm32f1xx_hal_tim_ex.c **** 
1494:Drivers/STM32F1xx_HAL_Driver/Src/stm32f1xx_hal_tim_ex.c ****   /* Set the TIM complementary channel state */
1495:Drivers/STM32F1xx_HAL_Driver/Src/stm32f1xx_hal_tim_ex.c ****   TIM_CHANNEL_N_STATE_SET(htim, Channel, HAL_TIM_CHANNEL_STATE_READY);
1496:Drivers/STM32F1xx_HAL_Driver/Src/stm32f1xx_hal_tim_ex.c **** 
1497:Drivers/STM32F1xx_HAL_Driver/Src/stm32f1xx_hal_tim_ex.c ****   /* Return function status */
1498:Drivers/STM32F1xx_HAL_Driver/Src/stm32f1xx_hal_tim_ex.c ****   return HAL_OK;
1499:Drivers/STM32F1xx_HAL_Driver/Src/stm32f1xx_hal_tim_ex.c **** }
1500:Drivers/STM32F1xx_HAL_Driver/Src/stm32f1xx_hal_tim_ex.c **** 
1501:Drivers/STM32F1xx_HAL_Driver/Src/stm32f1xx_hal_tim_ex.c **** /**
1502:Drivers/STM32F1xx_HAL_Driver/Src/stm32f1xx_hal_tim_ex.c ****   * @}
1503:Drivers/STM32F1xx_HAL_Driver/Src/stm32f1xx_hal_tim_ex.c ****   */
1504:Drivers/STM32F1xx_HAL_Driver/Src/stm32f1xx_hal_tim_ex.c **** 
1505:Drivers/STM32F1xx_HAL_Driver/Src/stm32f1xx_hal_tim_ex.c **** /** @defgroup TIMEx_Exported_Functions_Group4 Extended Timer Complementary One Pulse functions
1506:Drivers/STM32F1xx_HAL_Driver/Src/stm32f1xx_hal_tim_ex.c ****   * @brief    Timer Complementary One Pulse functions
1507:Drivers/STM32F1xx_HAL_Driver/Src/stm32f1xx_hal_tim_ex.c ****   *
1508:Drivers/STM32F1xx_HAL_Driver/Src/stm32f1xx_hal_tim_ex.c **** @verbatim
1509:Drivers/STM32F1xx_HAL_Driver/Src/stm32f1xx_hal_tim_ex.c ****   ==============================================================================
1510:Drivers/STM32F1xx_HAL_Driver/Src/stm32f1xx_hal_tim_ex.c ****                 ##### Timer Complementary One Pulse functions #####
1511:Drivers/STM32F1xx_HAL_Driver/Src/stm32f1xx_hal_tim_ex.c ****   ==============================================================================
1512:Drivers/STM32F1xx_HAL_Driver/Src/stm32f1xx_hal_tim_ex.c ****   [..]
1513:Drivers/STM32F1xx_HAL_Driver/Src/stm32f1xx_hal_tim_ex.c ****     This section provides functions allowing to:
1514:Drivers/STM32F1xx_HAL_Driver/Src/stm32f1xx_hal_tim_ex.c ****     (+) Start the Complementary One Pulse generation.
ARM GAS  C:\Users\ride_pig\AppData\Local\Temp\ccPlGaWa.s 			page 28


1515:Drivers/STM32F1xx_HAL_Driver/Src/stm32f1xx_hal_tim_ex.c ****     (+) Stop the Complementary One Pulse.
1516:Drivers/STM32F1xx_HAL_Driver/Src/stm32f1xx_hal_tim_ex.c ****     (+) Start the Complementary One Pulse and enable interrupts.
1517:Drivers/STM32F1xx_HAL_Driver/Src/stm32f1xx_hal_tim_ex.c ****     (+) Stop the Complementary One Pulse and disable interrupts.
1518:Drivers/STM32F1xx_HAL_Driver/Src/stm32f1xx_hal_tim_ex.c **** 
1519:Drivers/STM32F1xx_HAL_Driver/Src/stm32f1xx_hal_tim_ex.c **** @endverbatim
1520:Drivers/STM32F1xx_HAL_Driver/Src/stm32f1xx_hal_tim_ex.c ****   * @{
1521:Drivers/STM32F1xx_HAL_Driver/Src/stm32f1xx_hal_tim_ex.c ****   */
1522:Drivers/STM32F1xx_HAL_Driver/Src/stm32f1xx_hal_tim_ex.c **** 
1523:Drivers/STM32F1xx_HAL_Driver/Src/stm32f1xx_hal_tim_ex.c **** /**
1524:Drivers/STM32F1xx_HAL_Driver/Src/stm32f1xx_hal_tim_ex.c ****   * @brief  Starts the TIM One Pulse signal generation on the complementary
1525:Drivers/STM32F1xx_HAL_Driver/Src/stm32f1xx_hal_tim_ex.c ****   *         output.
1526:Drivers/STM32F1xx_HAL_Driver/Src/stm32f1xx_hal_tim_ex.c ****   * @note OutputChannel must match the pulse output channel chosen when calling
1527:Drivers/STM32F1xx_HAL_Driver/Src/stm32f1xx_hal_tim_ex.c ****   *       @ref HAL_TIM_OnePulse_ConfigChannel().
1528:Drivers/STM32F1xx_HAL_Driver/Src/stm32f1xx_hal_tim_ex.c ****   * @param  htim TIM One Pulse handle
1529:Drivers/STM32F1xx_HAL_Driver/Src/stm32f1xx_hal_tim_ex.c ****   * @param  OutputChannel pulse output channel to enable
1530:Drivers/STM32F1xx_HAL_Driver/Src/stm32f1xx_hal_tim_ex.c ****   *          This parameter can be one of the following values:
1531:Drivers/STM32F1xx_HAL_Driver/Src/stm32f1xx_hal_tim_ex.c ****   *            @arg TIM_CHANNEL_1: TIM Channel 1 selected
1532:Drivers/STM32F1xx_HAL_Driver/Src/stm32f1xx_hal_tim_ex.c ****   *            @arg TIM_CHANNEL_2: TIM Channel 2 selected
1533:Drivers/STM32F1xx_HAL_Driver/Src/stm32f1xx_hal_tim_ex.c ****   * @retval HAL status
1534:Drivers/STM32F1xx_HAL_Driver/Src/stm32f1xx_hal_tim_ex.c ****   */
1535:Drivers/STM32F1xx_HAL_Driver/Src/stm32f1xx_hal_tim_ex.c **** HAL_StatusTypeDef HAL_TIMEx_OnePulseN_Start(TIM_HandleTypeDef *htim, uint32_t OutputChannel)
1536:Drivers/STM32F1xx_HAL_Driver/Src/stm32f1xx_hal_tim_ex.c **** {
1537:Drivers/STM32F1xx_HAL_Driver/Src/stm32f1xx_hal_tim_ex.c ****   uint32_t input_channel = (OutputChannel == TIM_CHANNEL_1) ? TIM_CHANNEL_2 : TIM_CHANNEL_1;
1538:Drivers/STM32F1xx_HAL_Driver/Src/stm32f1xx_hal_tim_ex.c ****   HAL_TIM_ChannelStateTypeDef channel_1_state = TIM_CHANNEL_STATE_GET(htim, TIM_CHANNEL_1);
1539:Drivers/STM32F1xx_HAL_Driver/Src/stm32f1xx_hal_tim_ex.c ****   HAL_TIM_ChannelStateTypeDef channel_2_state = TIM_CHANNEL_STATE_GET(htim, TIM_CHANNEL_2);
1540:Drivers/STM32F1xx_HAL_Driver/Src/stm32f1xx_hal_tim_ex.c ****   HAL_TIM_ChannelStateTypeDef complementary_channel_1_state = TIM_CHANNEL_N_STATE_GET(htim, TIM_CHA
1541:Drivers/STM32F1xx_HAL_Driver/Src/stm32f1xx_hal_tim_ex.c ****   HAL_TIM_ChannelStateTypeDef complementary_channel_2_state = TIM_CHANNEL_N_STATE_GET(htim, TIM_CHA
1542:Drivers/STM32F1xx_HAL_Driver/Src/stm32f1xx_hal_tim_ex.c **** 
1543:Drivers/STM32F1xx_HAL_Driver/Src/stm32f1xx_hal_tim_ex.c ****   /* Check the parameters */
1544:Drivers/STM32F1xx_HAL_Driver/Src/stm32f1xx_hal_tim_ex.c ****   assert_param(IS_TIM_CCXN_INSTANCE(htim->Instance, OutputChannel));
1545:Drivers/STM32F1xx_HAL_Driver/Src/stm32f1xx_hal_tim_ex.c **** 
1546:Drivers/STM32F1xx_HAL_Driver/Src/stm32f1xx_hal_tim_ex.c ****   /* Check the TIM channels state */
1547:Drivers/STM32F1xx_HAL_Driver/Src/stm32f1xx_hal_tim_ex.c ****   if ((channel_1_state != HAL_TIM_CHANNEL_STATE_READY)
1548:Drivers/STM32F1xx_HAL_Driver/Src/stm32f1xx_hal_tim_ex.c ****       || (channel_2_state != HAL_TIM_CHANNEL_STATE_READY)
1549:Drivers/STM32F1xx_HAL_Driver/Src/stm32f1xx_hal_tim_ex.c ****       || (complementary_channel_1_state != HAL_TIM_CHANNEL_STATE_READY)
1550:Drivers/STM32F1xx_HAL_Driver/Src/stm32f1xx_hal_tim_ex.c ****       || (complementary_channel_2_state != HAL_TIM_CHANNEL_STATE_READY))
1551:Drivers/STM32F1xx_HAL_Driver/Src/stm32f1xx_hal_tim_ex.c ****   {
1552:Drivers/STM32F1xx_HAL_Driver/Src/stm32f1xx_hal_tim_ex.c ****     return HAL_ERROR;
1553:Drivers/STM32F1xx_HAL_Driver/Src/stm32f1xx_hal_tim_ex.c ****   }
1554:Drivers/STM32F1xx_HAL_Driver/Src/stm32f1xx_hal_tim_ex.c **** 
1555:Drivers/STM32F1xx_HAL_Driver/Src/stm32f1xx_hal_tim_ex.c ****   /* Set the TIM channels state */
1556:Drivers/STM32F1xx_HAL_Driver/Src/stm32f1xx_hal_tim_ex.c ****   TIM_CHANNEL_STATE_SET(htim, TIM_CHANNEL_1, HAL_TIM_CHANNEL_STATE_BUSY);
1557:Drivers/STM32F1xx_HAL_Driver/Src/stm32f1xx_hal_tim_ex.c ****   TIM_CHANNEL_STATE_SET(htim, TIM_CHANNEL_2, HAL_TIM_CHANNEL_STATE_BUSY);
1558:Drivers/STM32F1xx_HAL_Driver/Src/stm32f1xx_hal_tim_ex.c ****   TIM_CHANNEL_N_STATE_SET(htim, TIM_CHANNEL_1, HAL_TIM_CHANNEL_STATE_BUSY);
1559:Drivers/STM32F1xx_HAL_Driver/Src/stm32f1xx_hal_tim_ex.c ****   TIM_CHANNEL_N_STATE_SET(htim, TIM_CHANNEL_2, HAL_TIM_CHANNEL_STATE_BUSY);
1560:Drivers/STM32F1xx_HAL_Driver/Src/stm32f1xx_hal_tim_ex.c **** 
1561:Drivers/STM32F1xx_HAL_Driver/Src/stm32f1xx_hal_tim_ex.c ****   /* Enable the complementary One Pulse output channel and the Input Capture channel */
1562:Drivers/STM32F1xx_HAL_Driver/Src/stm32f1xx_hal_tim_ex.c ****   TIM_CCxNChannelCmd(htim->Instance, OutputChannel, TIM_CCxN_ENABLE);
1563:Drivers/STM32F1xx_HAL_Driver/Src/stm32f1xx_hal_tim_ex.c ****   TIM_CCxChannelCmd(htim->Instance, input_channel, TIM_CCx_ENABLE);
1564:Drivers/STM32F1xx_HAL_Driver/Src/stm32f1xx_hal_tim_ex.c **** 
1565:Drivers/STM32F1xx_HAL_Driver/Src/stm32f1xx_hal_tim_ex.c ****   /* Enable the Main Output */
1566:Drivers/STM32F1xx_HAL_Driver/Src/stm32f1xx_hal_tim_ex.c ****   __HAL_TIM_MOE_ENABLE(htim);
1567:Drivers/STM32F1xx_HAL_Driver/Src/stm32f1xx_hal_tim_ex.c **** 
1568:Drivers/STM32F1xx_HAL_Driver/Src/stm32f1xx_hal_tim_ex.c ****   /* Return function status */
1569:Drivers/STM32F1xx_HAL_Driver/Src/stm32f1xx_hal_tim_ex.c ****   return HAL_OK;
1570:Drivers/STM32F1xx_HAL_Driver/Src/stm32f1xx_hal_tim_ex.c **** }
1571:Drivers/STM32F1xx_HAL_Driver/Src/stm32f1xx_hal_tim_ex.c **** 
ARM GAS  C:\Users\ride_pig\AppData\Local\Temp\ccPlGaWa.s 			page 29


1572:Drivers/STM32F1xx_HAL_Driver/Src/stm32f1xx_hal_tim_ex.c **** /**
1573:Drivers/STM32F1xx_HAL_Driver/Src/stm32f1xx_hal_tim_ex.c ****   * @brief  Stops the TIM One Pulse signal generation on the complementary
1574:Drivers/STM32F1xx_HAL_Driver/Src/stm32f1xx_hal_tim_ex.c ****   *         output.
1575:Drivers/STM32F1xx_HAL_Driver/Src/stm32f1xx_hal_tim_ex.c ****   * @note OutputChannel must match the pulse output channel chosen when calling
1576:Drivers/STM32F1xx_HAL_Driver/Src/stm32f1xx_hal_tim_ex.c ****   *       @ref HAL_TIM_OnePulse_ConfigChannel().
1577:Drivers/STM32F1xx_HAL_Driver/Src/stm32f1xx_hal_tim_ex.c ****   * @param  htim TIM One Pulse handle
1578:Drivers/STM32F1xx_HAL_Driver/Src/stm32f1xx_hal_tim_ex.c ****   * @param  OutputChannel pulse output channel to disable
1579:Drivers/STM32F1xx_HAL_Driver/Src/stm32f1xx_hal_tim_ex.c ****   *          This parameter can be one of the following values:
1580:Drivers/STM32F1xx_HAL_Driver/Src/stm32f1xx_hal_tim_ex.c ****   *            @arg TIM_CHANNEL_1: TIM Channel 1 selected
1581:Drivers/STM32F1xx_HAL_Driver/Src/stm32f1xx_hal_tim_ex.c ****   *            @arg TIM_CHANNEL_2: TIM Channel 2 selected
1582:Drivers/STM32F1xx_HAL_Driver/Src/stm32f1xx_hal_tim_ex.c ****   * @retval HAL status
1583:Drivers/STM32F1xx_HAL_Driver/Src/stm32f1xx_hal_tim_ex.c ****   */
1584:Drivers/STM32F1xx_HAL_Driver/Src/stm32f1xx_hal_tim_ex.c **** HAL_StatusTypeDef HAL_TIMEx_OnePulseN_Stop(TIM_HandleTypeDef *htim, uint32_t OutputChannel)
1585:Drivers/STM32F1xx_HAL_Driver/Src/stm32f1xx_hal_tim_ex.c **** {
1586:Drivers/STM32F1xx_HAL_Driver/Src/stm32f1xx_hal_tim_ex.c ****   uint32_t input_channel = (OutputChannel == TIM_CHANNEL_1) ? TIM_CHANNEL_2 : TIM_CHANNEL_1;
1587:Drivers/STM32F1xx_HAL_Driver/Src/stm32f1xx_hal_tim_ex.c **** 
1588:Drivers/STM32F1xx_HAL_Driver/Src/stm32f1xx_hal_tim_ex.c ****   /* Check the parameters */
1589:Drivers/STM32F1xx_HAL_Driver/Src/stm32f1xx_hal_tim_ex.c ****   assert_param(IS_TIM_CCXN_INSTANCE(htim->Instance, OutputChannel));
1590:Drivers/STM32F1xx_HAL_Driver/Src/stm32f1xx_hal_tim_ex.c **** 
1591:Drivers/STM32F1xx_HAL_Driver/Src/stm32f1xx_hal_tim_ex.c ****   /* Disable the complementary One Pulse output channel and the Input Capture channel */
1592:Drivers/STM32F1xx_HAL_Driver/Src/stm32f1xx_hal_tim_ex.c ****   TIM_CCxNChannelCmd(htim->Instance, OutputChannel, TIM_CCxN_DISABLE);
1593:Drivers/STM32F1xx_HAL_Driver/Src/stm32f1xx_hal_tim_ex.c ****   TIM_CCxChannelCmd(htim->Instance, input_channel, TIM_CCx_DISABLE);
1594:Drivers/STM32F1xx_HAL_Driver/Src/stm32f1xx_hal_tim_ex.c **** 
1595:Drivers/STM32F1xx_HAL_Driver/Src/stm32f1xx_hal_tim_ex.c ****   /* Disable the Main Output */
1596:Drivers/STM32F1xx_HAL_Driver/Src/stm32f1xx_hal_tim_ex.c ****   __HAL_TIM_MOE_DISABLE(htim);
1597:Drivers/STM32F1xx_HAL_Driver/Src/stm32f1xx_hal_tim_ex.c **** 
1598:Drivers/STM32F1xx_HAL_Driver/Src/stm32f1xx_hal_tim_ex.c ****   /* Disable the Peripheral */
1599:Drivers/STM32F1xx_HAL_Driver/Src/stm32f1xx_hal_tim_ex.c ****   __HAL_TIM_DISABLE(htim);
1600:Drivers/STM32F1xx_HAL_Driver/Src/stm32f1xx_hal_tim_ex.c **** 
1601:Drivers/STM32F1xx_HAL_Driver/Src/stm32f1xx_hal_tim_ex.c ****   /* Set the TIM  channels state */
1602:Drivers/STM32F1xx_HAL_Driver/Src/stm32f1xx_hal_tim_ex.c ****   TIM_CHANNEL_STATE_SET(htim, TIM_CHANNEL_1, HAL_TIM_CHANNEL_STATE_READY);
1603:Drivers/STM32F1xx_HAL_Driver/Src/stm32f1xx_hal_tim_ex.c ****   TIM_CHANNEL_STATE_SET(htim, TIM_CHANNEL_2, HAL_TIM_CHANNEL_STATE_READY);
1604:Drivers/STM32F1xx_HAL_Driver/Src/stm32f1xx_hal_tim_ex.c ****   TIM_CHANNEL_N_STATE_SET(htim, TIM_CHANNEL_1, HAL_TIM_CHANNEL_STATE_READY);
1605:Drivers/STM32F1xx_HAL_Driver/Src/stm32f1xx_hal_tim_ex.c ****   TIM_CHANNEL_N_STATE_SET(htim, TIM_CHANNEL_2, HAL_TIM_CHANNEL_STATE_READY);
1606:Drivers/STM32F1xx_HAL_Driver/Src/stm32f1xx_hal_tim_ex.c **** 
1607:Drivers/STM32F1xx_HAL_Driver/Src/stm32f1xx_hal_tim_ex.c ****   /* Return function status */
1608:Drivers/STM32F1xx_HAL_Driver/Src/stm32f1xx_hal_tim_ex.c ****   return HAL_OK;
1609:Drivers/STM32F1xx_HAL_Driver/Src/stm32f1xx_hal_tim_ex.c **** }
1610:Drivers/STM32F1xx_HAL_Driver/Src/stm32f1xx_hal_tim_ex.c **** 
1611:Drivers/STM32F1xx_HAL_Driver/Src/stm32f1xx_hal_tim_ex.c **** /**
1612:Drivers/STM32F1xx_HAL_Driver/Src/stm32f1xx_hal_tim_ex.c ****   * @brief  Starts the TIM One Pulse signal generation in interrupt mode on the
1613:Drivers/STM32F1xx_HAL_Driver/Src/stm32f1xx_hal_tim_ex.c ****   *         complementary channel.
1614:Drivers/STM32F1xx_HAL_Driver/Src/stm32f1xx_hal_tim_ex.c ****   * @note OutputChannel must match the pulse output channel chosen when calling
1615:Drivers/STM32F1xx_HAL_Driver/Src/stm32f1xx_hal_tim_ex.c ****   *       @ref HAL_TIM_OnePulse_ConfigChannel().
1616:Drivers/STM32F1xx_HAL_Driver/Src/stm32f1xx_hal_tim_ex.c ****   * @param  htim TIM One Pulse handle
1617:Drivers/STM32F1xx_HAL_Driver/Src/stm32f1xx_hal_tim_ex.c ****   * @param  OutputChannel pulse output channel to enable
1618:Drivers/STM32F1xx_HAL_Driver/Src/stm32f1xx_hal_tim_ex.c ****   *          This parameter can be one of the following values:
1619:Drivers/STM32F1xx_HAL_Driver/Src/stm32f1xx_hal_tim_ex.c ****   *            @arg TIM_CHANNEL_1: TIM Channel 1 selected
1620:Drivers/STM32F1xx_HAL_Driver/Src/stm32f1xx_hal_tim_ex.c ****   *            @arg TIM_CHANNEL_2: TIM Channel 2 selected
1621:Drivers/STM32F1xx_HAL_Driver/Src/stm32f1xx_hal_tim_ex.c ****   * @retval HAL status
1622:Drivers/STM32F1xx_HAL_Driver/Src/stm32f1xx_hal_tim_ex.c ****   */
1623:Drivers/STM32F1xx_HAL_Driver/Src/stm32f1xx_hal_tim_ex.c **** HAL_StatusTypeDef HAL_TIMEx_OnePulseN_Start_IT(TIM_HandleTypeDef *htim, uint32_t OutputChannel)
1624:Drivers/STM32F1xx_HAL_Driver/Src/stm32f1xx_hal_tim_ex.c **** {
1625:Drivers/STM32F1xx_HAL_Driver/Src/stm32f1xx_hal_tim_ex.c ****   uint32_t input_channel = (OutputChannel == TIM_CHANNEL_1) ? TIM_CHANNEL_2 : TIM_CHANNEL_1;
1626:Drivers/STM32F1xx_HAL_Driver/Src/stm32f1xx_hal_tim_ex.c ****   HAL_TIM_ChannelStateTypeDef channel_1_state = TIM_CHANNEL_STATE_GET(htim, TIM_CHANNEL_1);
1627:Drivers/STM32F1xx_HAL_Driver/Src/stm32f1xx_hal_tim_ex.c ****   HAL_TIM_ChannelStateTypeDef channel_2_state = TIM_CHANNEL_STATE_GET(htim, TIM_CHANNEL_2);
1628:Drivers/STM32F1xx_HAL_Driver/Src/stm32f1xx_hal_tim_ex.c ****   HAL_TIM_ChannelStateTypeDef complementary_channel_1_state = TIM_CHANNEL_N_STATE_GET(htim, TIM_CHA
ARM GAS  C:\Users\ride_pig\AppData\Local\Temp\ccPlGaWa.s 			page 30


1629:Drivers/STM32F1xx_HAL_Driver/Src/stm32f1xx_hal_tim_ex.c ****   HAL_TIM_ChannelStateTypeDef complementary_channel_2_state = TIM_CHANNEL_N_STATE_GET(htim, TIM_CHA
1630:Drivers/STM32F1xx_HAL_Driver/Src/stm32f1xx_hal_tim_ex.c **** 
1631:Drivers/STM32F1xx_HAL_Driver/Src/stm32f1xx_hal_tim_ex.c ****   /* Check the parameters */
1632:Drivers/STM32F1xx_HAL_Driver/Src/stm32f1xx_hal_tim_ex.c ****   assert_param(IS_TIM_CCXN_INSTANCE(htim->Instance, OutputChannel));
1633:Drivers/STM32F1xx_HAL_Driver/Src/stm32f1xx_hal_tim_ex.c **** 
1634:Drivers/STM32F1xx_HAL_Driver/Src/stm32f1xx_hal_tim_ex.c ****   /* Check the TIM channels state */
1635:Drivers/STM32F1xx_HAL_Driver/Src/stm32f1xx_hal_tim_ex.c ****   if ((channel_1_state != HAL_TIM_CHANNEL_STATE_READY)
1636:Drivers/STM32F1xx_HAL_Driver/Src/stm32f1xx_hal_tim_ex.c ****       || (channel_2_state != HAL_TIM_CHANNEL_STATE_READY)
1637:Drivers/STM32F1xx_HAL_Driver/Src/stm32f1xx_hal_tim_ex.c ****       || (complementary_channel_1_state != HAL_TIM_CHANNEL_STATE_READY)
1638:Drivers/STM32F1xx_HAL_Driver/Src/stm32f1xx_hal_tim_ex.c ****       || (complementary_channel_2_state != HAL_TIM_CHANNEL_STATE_READY))
1639:Drivers/STM32F1xx_HAL_Driver/Src/stm32f1xx_hal_tim_ex.c ****   {
1640:Drivers/STM32F1xx_HAL_Driver/Src/stm32f1xx_hal_tim_ex.c ****     return HAL_ERROR;
1641:Drivers/STM32F1xx_HAL_Driver/Src/stm32f1xx_hal_tim_ex.c ****   }
1642:Drivers/STM32F1xx_HAL_Driver/Src/stm32f1xx_hal_tim_ex.c **** 
1643:Drivers/STM32F1xx_HAL_Driver/Src/stm32f1xx_hal_tim_ex.c ****   /* Set the TIM channels state */
1644:Drivers/STM32F1xx_HAL_Driver/Src/stm32f1xx_hal_tim_ex.c ****   TIM_CHANNEL_STATE_SET(htim, TIM_CHANNEL_1, HAL_TIM_CHANNEL_STATE_BUSY);
1645:Drivers/STM32F1xx_HAL_Driver/Src/stm32f1xx_hal_tim_ex.c ****   TIM_CHANNEL_STATE_SET(htim, TIM_CHANNEL_2, HAL_TIM_CHANNEL_STATE_BUSY);
1646:Drivers/STM32F1xx_HAL_Driver/Src/stm32f1xx_hal_tim_ex.c ****   TIM_CHANNEL_N_STATE_SET(htim, TIM_CHANNEL_1, HAL_TIM_CHANNEL_STATE_BUSY);
1647:Drivers/STM32F1xx_HAL_Driver/Src/stm32f1xx_hal_tim_ex.c ****   TIM_CHANNEL_N_STATE_SET(htim, TIM_CHANNEL_2, HAL_TIM_CHANNEL_STATE_BUSY);
1648:Drivers/STM32F1xx_HAL_Driver/Src/stm32f1xx_hal_tim_ex.c **** 
1649:Drivers/STM32F1xx_HAL_Driver/Src/stm32f1xx_hal_tim_ex.c ****   /* Enable the TIM Capture/Compare 1 interrupt */
1650:Drivers/STM32F1xx_HAL_Driver/Src/stm32f1xx_hal_tim_ex.c ****   __HAL_TIM_ENABLE_IT(htim, TIM_IT_CC1);
1651:Drivers/STM32F1xx_HAL_Driver/Src/stm32f1xx_hal_tim_ex.c **** 
1652:Drivers/STM32F1xx_HAL_Driver/Src/stm32f1xx_hal_tim_ex.c ****   /* Enable the TIM Capture/Compare 2 interrupt */
1653:Drivers/STM32F1xx_HAL_Driver/Src/stm32f1xx_hal_tim_ex.c ****   __HAL_TIM_ENABLE_IT(htim, TIM_IT_CC2);
1654:Drivers/STM32F1xx_HAL_Driver/Src/stm32f1xx_hal_tim_ex.c **** 
1655:Drivers/STM32F1xx_HAL_Driver/Src/stm32f1xx_hal_tim_ex.c ****   /* Enable the complementary One Pulse output channel and the Input Capture channel */
1656:Drivers/STM32F1xx_HAL_Driver/Src/stm32f1xx_hal_tim_ex.c ****   TIM_CCxNChannelCmd(htim->Instance, OutputChannel, TIM_CCxN_ENABLE);
1657:Drivers/STM32F1xx_HAL_Driver/Src/stm32f1xx_hal_tim_ex.c ****   TIM_CCxChannelCmd(htim->Instance, input_channel, TIM_CCx_ENABLE);
1658:Drivers/STM32F1xx_HAL_Driver/Src/stm32f1xx_hal_tim_ex.c **** 
1659:Drivers/STM32F1xx_HAL_Driver/Src/stm32f1xx_hal_tim_ex.c ****   /* Enable the Main Output */
1660:Drivers/STM32F1xx_HAL_Driver/Src/stm32f1xx_hal_tim_ex.c ****   __HAL_TIM_MOE_ENABLE(htim);
1661:Drivers/STM32F1xx_HAL_Driver/Src/stm32f1xx_hal_tim_ex.c **** 
1662:Drivers/STM32F1xx_HAL_Driver/Src/stm32f1xx_hal_tim_ex.c ****   /* Return function status */
1663:Drivers/STM32F1xx_HAL_Driver/Src/stm32f1xx_hal_tim_ex.c ****   return HAL_OK;
1664:Drivers/STM32F1xx_HAL_Driver/Src/stm32f1xx_hal_tim_ex.c **** }
1665:Drivers/STM32F1xx_HAL_Driver/Src/stm32f1xx_hal_tim_ex.c **** 
1666:Drivers/STM32F1xx_HAL_Driver/Src/stm32f1xx_hal_tim_ex.c **** /**
1667:Drivers/STM32F1xx_HAL_Driver/Src/stm32f1xx_hal_tim_ex.c ****   * @brief  Stops the TIM One Pulse signal generation in interrupt mode on the
1668:Drivers/STM32F1xx_HAL_Driver/Src/stm32f1xx_hal_tim_ex.c ****   *         complementary channel.
1669:Drivers/STM32F1xx_HAL_Driver/Src/stm32f1xx_hal_tim_ex.c ****   * @note OutputChannel must match the pulse output channel chosen when calling
1670:Drivers/STM32F1xx_HAL_Driver/Src/stm32f1xx_hal_tim_ex.c ****   *       @ref HAL_TIM_OnePulse_ConfigChannel().
1671:Drivers/STM32F1xx_HAL_Driver/Src/stm32f1xx_hal_tim_ex.c ****   * @param  htim TIM One Pulse handle
1672:Drivers/STM32F1xx_HAL_Driver/Src/stm32f1xx_hal_tim_ex.c ****   * @param  OutputChannel pulse output channel to disable
1673:Drivers/STM32F1xx_HAL_Driver/Src/stm32f1xx_hal_tim_ex.c ****   *          This parameter can be one of the following values:
1674:Drivers/STM32F1xx_HAL_Driver/Src/stm32f1xx_hal_tim_ex.c ****   *            @arg TIM_CHANNEL_1: TIM Channel 1 selected
1675:Drivers/STM32F1xx_HAL_Driver/Src/stm32f1xx_hal_tim_ex.c ****   *            @arg TIM_CHANNEL_2: TIM Channel 2 selected
1676:Drivers/STM32F1xx_HAL_Driver/Src/stm32f1xx_hal_tim_ex.c ****   * @retval HAL status
1677:Drivers/STM32F1xx_HAL_Driver/Src/stm32f1xx_hal_tim_ex.c ****   */
1678:Drivers/STM32F1xx_HAL_Driver/Src/stm32f1xx_hal_tim_ex.c **** HAL_StatusTypeDef HAL_TIMEx_OnePulseN_Stop_IT(TIM_HandleTypeDef *htim, uint32_t OutputChannel)
1679:Drivers/STM32F1xx_HAL_Driver/Src/stm32f1xx_hal_tim_ex.c **** {
1680:Drivers/STM32F1xx_HAL_Driver/Src/stm32f1xx_hal_tim_ex.c ****   uint32_t input_channel = (OutputChannel == TIM_CHANNEL_1) ? TIM_CHANNEL_2 : TIM_CHANNEL_1;
1681:Drivers/STM32F1xx_HAL_Driver/Src/stm32f1xx_hal_tim_ex.c **** 
1682:Drivers/STM32F1xx_HAL_Driver/Src/stm32f1xx_hal_tim_ex.c ****   /* Check the parameters */
1683:Drivers/STM32F1xx_HAL_Driver/Src/stm32f1xx_hal_tim_ex.c ****   assert_param(IS_TIM_CCXN_INSTANCE(htim->Instance, OutputChannel));
1684:Drivers/STM32F1xx_HAL_Driver/Src/stm32f1xx_hal_tim_ex.c **** 
1685:Drivers/STM32F1xx_HAL_Driver/Src/stm32f1xx_hal_tim_ex.c ****   /* Disable the TIM Capture/Compare 1 interrupt */
ARM GAS  C:\Users\ride_pig\AppData\Local\Temp\ccPlGaWa.s 			page 31


1686:Drivers/STM32F1xx_HAL_Driver/Src/stm32f1xx_hal_tim_ex.c ****   __HAL_TIM_DISABLE_IT(htim, TIM_IT_CC1);
1687:Drivers/STM32F1xx_HAL_Driver/Src/stm32f1xx_hal_tim_ex.c **** 
1688:Drivers/STM32F1xx_HAL_Driver/Src/stm32f1xx_hal_tim_ex.c ****   /* Disable the TIM Capture/Compare 2 interrupt */
1689:Drivers/STM32F1xx_HAL_Driver/Src/stm32f1xx_hal_tim_ex.c ****   __HAL_TIM_DISABLE_IT(htim, TIM_IT_CC2);
1690:Drivers/STM32F1xx_HAL_Driver/Src/stm32f1xx_hal_tim_ex.c **** 
1691:Drivers/STM32F1xx_HAL_Driver/Src/stm32f1xx_hal_tim_ex.c ****   /* Disable the complementary One Pulse output channel and the Input Capture channel */
1692:Drivers/STM32F1xx_HAL_Driver/Src/stm32f1xx_hal_tim_ex.c ****   TIM_CCxNChannelCmd(htim->Instance, OutputChannel, TIM_CCxN_DISABLE);
1693:Drivers/STM32F1xx_HAL_Driver/Src/stm32f1xx_hal_tim_ex.c ****   TIM_CCxChannelCmd(htim->Instance, input_channel, TIM_CCx_DISABLE);
1694:Drivers/STM32F1xx_HAL_Driver/Src/stm32f1xx_hal_tim_ex.c **** 
1695:Drivers/STM32F1xx_HAL_Driver/Src/stm32f1xx_hal_tim_ex.c ****   /* Disable the Main Output */
1696:Drivers/STM32F1xx_HAL_Driver/Src/stm32f1xx_hal_tim_ex.c ****   __HAL_TIM_MOE_DISABLE(htim);
1697:Drivers/STM32F1xx_HAL_Driver/Src/stm32f1xx_hal_tim_ex.c **** 
1698:Drivers/STM32F1xx_HAL_Driver/Src/stm32f1xx_hal_tim_ex.c ****   /* Disable the Peripheral */
1699:Drivers/STM32F1xx_HAL_Driver/Src/stm32f1xx_hal_tim_ex.c ****   __HAL_TIM_DISABLE(htim);
1700:Drivers/STM32F1xx_HAL_Driver/Src/stm32f1xx_hal_tim_ex.c **** 
1701:Drivers/STM32F1xx_HAL_Driver/Src/stm32f1xx_hal_tim_ex.c ****   /* Set the TIM  channels state */
1702:Drivers/STM32F1xx_HAL_Driver/Src/stm32f1xx_hal_tim_ex.c ****   TIM_CHANNEL_STATE_SET(htim, TIM_CHANNEL_1, HAL_TIM_CHANNEL_STATE_READY);
1703:Drivers/STM32F1xx_HAL_Driver/Src/stm32f1xx_hal_tim_ex.c ****   TIM_CHANNEL_STATE_SET(htim, TIM_CHANNEL_2, HAL_TIM_CHANNEL_STATE_READY);
1704:Drivers/STM32F1xx_HAL_Driver/Src/stm32f1xx_hal_tim_ex.c ****   TIM_CHANNEL_N_STATE_SET(htim, TIM_CHANNEL_1, HAL_TIM_CHANNEL_STATE_READY);
1705:Drivers/STM32F1xx_HAL_Driver/Src/stm32f1xx_hal_tim_ex.c ****   TIM_CHANNEL_N_STATE_SET(htim, TIM_CHANNEL_2, HAL_TIM_CHANNEL_STATE_READY);
1706:Drivers/STM32F1xx_HAL_Driver/Src/stm32f1xx_hal_tim_ex.c **** 
1707:Drivers/STM32F1xx_HAL_Driver/Src/stm32f1xx_hal_tim_ex.c ****   /* Return function status */
1708:Drivers/STM32F1xx_HAL_Driver/Src/stm32f1xx_hal_tim_ex.c ****   return HAL_OK;
1709:Drivers/STM32F1xx_HAL_Driver/Src/stm32f1xx_hal_tim_ex.c **** }
1710:Drivers/STM32F1xx_HAL_Driver/Src/stm32f1xx_hal_tim_ex.c **** 
1711:Drivers/STM32F1xx_HAL_Driver/Src/stm32f1xx_hal_tim_ex.c **** /**
1712:Drivers/STM32F1xx_HAL_Driver/Src/stm32f1xx_hal_tim_ex.c ****   * @}
1713:Drivers/STM32F1xx_HAL_Driver/Src/stm32f1xx_hal_tim_ex.c ****   */
1714:Drivers/STM32F1xx_HAL_Driver/Src/stm32f1xx_hal_tim_ex.c **** 
1715:Drivers/STM32F1xx_HAL_Driver/Src/stm32f1xx_hal_tim_ex.c **** /** @defgroup TIMEx_Exported_Functions_Group5 Extended Peripheral Control functions
1716:Drivers/STM32F1xx_HAL_Driver/Src/stm32f1xx_hal_tim_ex.c ****   * @brief    Peripheral Control functions
1717:Drivers/STM32F1xx_HAL_Driver/Src/stm32f1xx_hal_tim_ex.c ****   *
1718:Drivers/STM32F1xx_HAL_Driver/Src/stm32f1xx_hal_tim_ex.c **** @verbatim
1719:Drivers/STM32F1xx_HAL_Driver/Src/stm32f1xx_hal_tim_ex.c ****   ==============================================================================
1720:Drivers/STM32F1xx_HAL_Driver/Src/stm32f1xx_hal_tim_ex.c ****                     ##### Peripheral Control functions #####
1721:Drivers/STM32F1xx_HAL_Driver/Src/stm32f1xx_hal_tim_ex.c ****   ==============================================================================
1722:Drivers/STM32F1xx_HAL_Driver/Src/stm32f1xx_hal_tim_ex.c ****   [..]
1723:Drivers/STM32F1xx_HAL_Driver/Src/stm32f1xx_hal_tim_ex.c ****     This section provides functions allowing to:
1724:Drivers/STM32F1xx_HAL_Driver/Src/stm32f1xx_hal_tim_ex.c ****       (+) Configure the commutation event in case of use of the Hall sensor interface.
1725:Drivers/STM32F1xx_HAL_Driver/Src/stm32f1xx_hal_tim_ex.c ****       (+) Configure Output channels for OC and PWM mode.
1726:Drivers/STM32F1xx_HAL_Driver/Src/stm32f1xx_hal_tim_ex.c **** 
1727:Drivers/STM32F1xx_HAL_Driver/Src/stm32f1xx_hal_tim_ex.c ****       (+) Configure Complementary channels, break features and dead time.
1728:Drivers/STM32F1xx_HAL_Driver/Src/stm32f1xx_hal_tim_ex.c ****       (+) Configure Master synchronization.
1729:Drivers/STM32F1xx_HAL_Driver/Src/stm32f1xx_hal_tim_ex.c ****       (+) Configure timer remapping capabilities.
1730:Drivers/STM32F1xx_HAL_Driver/Src/stm32f1xx_hal_tim_ex.c **** 
1731:Drivers/STM32F1xx_HAL_Driver/Src/stm32f1xx_hal_tim_ex.c **** @endverbatim
1732:Drivers/STM32F1xx_HAL_Driver/Src/stm32f1xx_hal_tim_ex.c ****   * @{
1733:Drivers/STM32F1xx_HAL_Driver/Src/stm32f1xx_hal_tim_ex.c ****   */
1734:Drivers/STM32F1xx_HAL_Driver/Src/stm32f1xx_hal_tim_ex.c **** 
1735:Drivers/STM32F1xx_HAL_Driver/Src/stm32f1xx_hal_tim_ex.c **** /**
1736:Drivers/STM32F1xx_HAL_Driver/Src/stm32f1xx_hal_tim_ex.c ****   * @brief  Configure the TIM commutation event sequence.
1737:Drivers/STM32F1xx_HAL_Driver/Src/stm32f1xx_hal_tim_ex.c ****   * @note  This function is mandatory to use the commutation event in order to
1738:Drivers/STM32F1xx_HAL_Driver/Src/stm32f1xx_hal_tim_ex.c ****   *        update the configuration at each commutation detection on the TRGI input of the Timer,
1739:Drivers/STM32F1xx_HAL_Driver/Src/stm32f1xx_hal_tim_ex.c ****   *        the typical use of this feature is with the use of another Timer(interface Timer)
1740:Drivers/STM32F1xx_HAL_Driver/Src/stm32f1xx_hal_tim_ex.c ****   *        configured in Hall sensor interface, this interface Timer will generate the
1741:Drivers/STM32F1xx_HAL_Driver/Src/stm32f1xx_hal_tim_ex.c ****   *        commutation at its TRGO output (connected to Timer used in this function) each time
1742:Drivers/STM32F1xx_HAL_Driver/Src/stm32f1xx_hal_tim_ex.c ****   *        the TI1 of the Interface Timer detect a commutation at its input TI1.
ARM GAS  C:\Users\ride_pig\AppData\Local\Temp\ccPlGaWa.s 			page 32


1743:Drivers/STM32F1xx_HAL_Driver/Src/stm32f1xx_hal_tim_ex.c ****   * @param  htim TIM handle
1744:Drivers/STM32F1xx_HAL_Driver/Src/stm32f1xx_hal_tim_ex.c ****   * @param  InputTrigger the Internal trigger corresponding to the Timer Interfacing with the Hall 
1745:Drivers/STM32F1xx_HAL_Driver/Src/stm32f1xx_hal_tim_ex.c ****   *          This parameter can be one of the following values:
1746:Drivers/STM32F1xx_HAL_Driver/Src/stm32f1xx_hal_tim_ex.c ****   *            @arg TIM_TS_ITR0: Internal trigger 0 selected
1747:Drivers/STM32F1xx_HAL_Driver/Src/stm32f1xx_hal_tim_ex.c ****   *            @arg TIM_TS_ITR1: Internal trigger 1 selected
1748:Drivers/STM32F1xx_HAL_Driver/Src/stm32f1xx_hal_tim_ex.c ****   *            @arg TIM_TS_ITR2: Internal trigger 2 selected
1749:Drivers/STM32F1xx_HAL_Driver/Src/stm32f1xx_hal_tim_ex.c ****   *            @arg TIM_TS_ITR3: Internal trigger 3 selected
1750:Drivers/STM32F1xx_HAL_Driver/Src/stm32f1xx_hal_tim_ex.c ****   *            @arg TIM_TS_NONE: No trigger is needed
1751:Drivers/STM32F1xx_HAL_Driver/Src/stm32f1xx_hal_tim_ex.c ****   * @param  CommutationSource the Commutation Event source
1752:Drivers/STM32F1xx_HAL_Driver/Src/stm32f1xx_hal_tim_ex.c ****   *          This parameter can be one of the following values:
1753:Drivers/STM32F1xx_HAL_Driver/Src/stm32f1xx_hal_tim_ex.c ****   *            @arg TIM_COMMUTATION_TRGI: Commutation source is the TRGI of the Interface Timer
1754:Drivers/STM32F1xx_HAL_Driver/Src/stm32f1xx_hal_tim_ex.c ****   *            @arg TIM_COMMUTATION_SOFTWARE:  Commutation source is set by software using the COMG
1755:Drivers/STM32F1xx_HAL_Driver/Src/stm32f1xx_hal_tim_ex.c ****   * @retval HAL status
1756:Drivers/STM32F1xx_HAL_Driver/Src/stm32f1xx_hal_tim_ex.c ****   */
1757:Drivers/STM32F1xx_HAL_Driver/Src/stm32f1xx_hal_tim_ex.c **** HAL_StatusTypeDef HAL_TIMEx_ConfigCommutEvent(TIM_HandleTypeDef *htim, uint32_t  InputTrigger,
1758:Drivers/STM32F1xx_HAL_Driver/Src/stm32f1xx_hal_tim_ex.c ****                                               uint32_t  CommutationSource)
1759:Drivers/STM32F1xx_HAL_Driver/Src/stm32f1xx_hal_tim_ex.c **** {
1760:Drivers/STM32F1xx_HAL_Driver/Src/stm32f1xx_hal_tim_ex.c ****   /* Check the parameters */
1761:Drivers/STM32F1xx_HAL_Driver/Src/stm32f1xx_hal_tim_ex.c ****   assert_param(IS_TIM_COMMUTATION_EVENT_INSTANCE(htim->Instance));
1762:Drivers/STM32F1xx_HAL_Driver/Src/stm32f1xx_hal_tim_ex.c ****   assert_param(IS_TIM_INTERNAL_TRIGGEREVENT_SELECTION(InputTrigger));
1763:Drivers/STM32F1xx_HAL_Driver/Src/stm32f1xx_hal_tim_ex.c **** 
1764:Drivers/STM32F1xx_HAL_Driver/Src/stm32f1xx_hal_tim_ex.c ****   __HAL_LOCK(htim);
1765:Drivers/STM32F1xx_HAL_Driver/Src/stm32f1xx_hal_tim_ex.c **** 
1766:Drivers/STM32F1xx_HAL_Driver/Src/stm32f1xx_hal_tim_ex.c ****   if ((InputTrigger == TIM_TS_ITR0) || (InputTrigger == TIM_TS_ITR1) ||
1767:Drivers/STM32F1xx_HAL_Driver/Src/stm32f1xx_hal_tim_ex.c ****       (InputTrigger == TIM_TS_ITR2) || (InputTrigger == TIM_TS_ITR3))
1768:Drivers/STM32F1xx_HAL_Driver/Src/stm32f1xx_hal_tim_ex.c ****   {
1769:Drivers/STM32F1xx_HAL_Driver/Src/stm32f1xx_hal_tim_ex.c ****     /* Select the Input trigger */
1770:Drivers/STM32F1xx_HAL_Driver/Src/stm32f1xx_hal_tim_ex.c ****     htim->Instance->SMCR &= ~TIM_SMCR_TS;
1771:Drivers/STM32F1xx_HAL_Driver/Src/stm32f1xx_hal_tim_ex.c ****     htim->Instance->SMCR |= InputTrigger;
1772:Drivers/STM32F1xx_HAL_Driver/Src/stm32f1xx_hal_tim_ex.c ****   }
1773:Drivers/STM32F1xx_HAL_Driver/Src/stm32f1xx_hal_tim_ex.c **** 
1774:Drivers/STM32F1xx_HAL_Driver/Src/stm32f1xx_hal_tim_ex.c ****   /* Select the Capture Compare preload feature */
1775:Drivers/STM32F1xx_HAL_Driver/Src/stm32f1xx_hal_tim_ex.c ****   htim->Instance->CR2 |= TIM_CR2_CCPC;
1776:Drivers/STM32F1xx_HAL_Driver/Src/stm32f1xx_hal_tim_ex.c ****   /* Select the Commutation event source */
1777:Drivers/STM32F1xx_HAL_Driver/Src/stm32f1xx_hal_tim_ex.c ****   htim->Instance->CR2 &= ~TIM_CR2_CCUS;
1778:Drivers/STM32F1xx_HAL_Driver/Src/stm32f1xx_hal_tim_ex.c ****   htim->Instance->CR2 |= CommutationSource;
1779:Drivers/STM32F1xx_HAL_Driver/Src/stm32f1xx_hal_tim_ex.c **** 
1780:Drivers/STM32F1xx_HAL_Driver/Src/stm32f1xx_hal_tim_ex.c ****   /* Disable Commutation Interrupt */
1781:Drivers/STM32F1xx_HAL_Driver/Src/stm32f1xx_hal_tim_ex.c ****   __HAL_TIM_DISABLE_IT(htim, TIM_IT_COM);
1782:Drivers/STM32F1xx_HAL_Driver/Src/stm32f1xx_hal_tim_ex.c **** 
1783:Drivers/STM32F1xx_HAL_Driver/Src/stm32f1xx_hal_tim_ex.c ****   /* Disable Commutation DMA request */
1784:Drivers/STM32F1xx_HAL_Driver/Src/stm32f1xx_hal_tim_ex.c ****   __HAL_TIM_DISABLE_DMA(htim, TIM_DMA_COM);
1785:Drivers/STM32F1xx_HAL_Driver/Src/stm32f1xx_hal_tim_ex.c **** 
1786:Drivers/STM32F1xx_HAL_Driver/Src/stm32f1xx_hal_tim_ex.c ****   __HAL_UNLOCK(htim);
1787:Drivers/STM32F1xx_HAL_Driver/Src/stm32f1xx_hal_tim_ex.c **** 
1788:Drivers/STM32F1xx_HAL_Driver/Src/stm32f1xx_hal_tim_ex.c ****   return HAL_OK;
1789:Drivers/STM32F1xx_HAL_Driver/Src/stm32f1xx_hal_tim_ex.c **** }
1790:Drivers/STM32F1xx_HAL_Driver/Src/stm32f1xx_hal_tim_ex.c **** 
1791:Drivers/STM32F1xx_HAL_Driver/Src/stm32f1xx_hal_tim_ex.c **** /**
1792:Drivers/STM32F1xx_HAL_Driver/Src/stm32f1xx_hal_tim_ex.c ****   * @brief  Configure the TIM commutation event sequence with interrupt.
1793:Drivers/STM32F1xx_HAL_Driver/Src/stm32f1xx_hal_tim_ex.c ****   * @note  This function is mandatory to use the commutation event in order to
1794:Drivers/STM32F1xx_HAL_Driver/Src/stm32f1xx_hal_tim_ex.c ****   *        update the configuration at each commutation detection on the TRGI input of the Timer,
1795:Drivers/STM32F1xx_HAL_Driver/Src/stm32f1xx_hal_tim_ex.c ****   *        the typical use of this feature is with the use of another Timer(interface Timer)
1796:Drivers/STM32F1xx_HAL_Driver/Src/stm32f1xx_hal_tim_ex.c ****   *        configured in Hall sensor interface, this interface Timer will generate the
1797:Drivers/STM32F1xx_HAL_Driver/Src/stm32f1xx_hal_tim_ex.c ****   *        commutation at its TRGO output (connected to Timer used in this function) each time
1798:Drivers/STM32F1xx_HAL_Driver/Src/stm32f1xx_hal_tim_ex.c ****   *        the TI1 of the Interface Timer detect a commutation at its input TI1.
1799:Drivers/STM32F1xx_HAL_Driver/Src/stm32f1xx_hal_tim_ex.c ****   * @param  htim TIM handle
ARM GAS  C:\Users\ride_pig\AppData\Local\Temp\ccPlGaWa.s 			page 33


1800:Drivers/STM32F1xx_HAL_Driver/Src/stm32f1xx_hal_tim_ex.c ****   * @param  InputTrigger the Internal trigger corresponding to the Timer Interfacing with the Hall 
1801:Drivers/STM32F1xx_HAL_Driver/Src/stm32f1xx_hal_tim_ex.c ****   *          This parameter can be one of the following values:
1802:Drivers/STM32F1xx_HAL_Driver/Src/stm32f1xx_hal_tim_ex.c ****   *            @arg TIM_TS_ITR0: Internal trigger 0 selected
1803:Drivers/STM32F1xx_HAL_Driver/Src/stm32f1xx_hal_tim_ex.c ****   *            @arg TIM_TS_ITR1: Internal trigger 1 selected
1804:Drivers/STM32F1xx_HAL_Driver/Src/stm32f1xx_hal_tim_ex.c ****   *            @arg TIM_TS_ITR2: Internal trigger 2 selected
1805:Drivers/STM32F1xx_HAL_Driver/Src/stm32f1xx_hal_tim_ex.c ****   *            @arg TIM_TS_ITR3: Internal trigger 3 selected
1806:Drivers/STM32F1xx_HAL_Driver/Src/stm32f1xx_hal_tim_ex.c ****   *            @arg TIM_TS_NONE: No trigger is needed
1807:Drivers/STM32F1xx_HAL_Driver/Src/stm32f1xx_hal_tim_ex.c ****   * @param  CommutationSource the Commutation Event source
1808:Drivers/STM32F1xx_HAL_Driver/Src/stm32f1xx_hal_tim_ex.c ****   *          This parameter can be one of the following values:
1809:Drivers/STM32F1xx_HAL_Driver/Src/stm32f1xx_hal_tim_ex.c ****   *            @arg TIM_COMMUTATION_TRGI: Commutation source is the TRGI of the Interface Timer
1810:Drivers/STM32F1xx_HAL_Driver/Src/stm32f1xx_hal_tim_ex.c ****   *            @arg TIM_COMMUTATION_SOFTWARE:  Commutation source is set by software using the COMG
1811:Drivers/STM32F1xx_HAL_Driver/Src/stm32f1xx_hal_tim_ex.c ****   * @retval HAL status
1812:Drivers/STM32F1xx_HAL_Driver/Src/stm32f1xx_hal_tim_ex.c ****   */
1813:Drivers/STM32F1xx_HAL_Driver/Src/stm32f1xx_hal_tim_ex.c **** HAL_StatusTypeDef HAL_TIMEx_ConfigCommutEvent_IT(TIM_HandleTypeDef *htim, uint32_t  InputTrigger,
1814:Drivers/STM32F1xx_HAL_Driver/Src/stm32f1xx_hal_tim_ex.c ****                                                  uint32_t  CommutationSource)
1815:Drivers/STM32F1xx_HAL_Driver/Src/stm32f1xx_hal_tim_ex.c **** {
1816:Drivers/STM32F1xx_HAL_Driver/Src/stm32f1xx_hal_tim_ex.c ****   /* Check the parameters */
1817:Drivers/STM32F1xx_HAL_Driver/Src/stm32f1xx_hal_tim_ex.c ****   assert_param(IS_TIM_COMMUTATION_EVENT_INSTANCE(htim->Instance));
1818:Drivers/STM32F1xx_HAL_Driver/Src/stm32f1xx_hal_tim_ex.c ****   assert_param(IS_TIM_INTERNAL_TRIGGEREVENT_SELECTION(InputTrigger));
1819:Drivers/STM32F1xx_HAL_Driver/Src/stm32f1xx_hal_tim_ex.c **** 
1820:Drivers/STM32F1xx_HAL_Driver/Src/stm32f1xx_hal_tim_ex.c ****   __HAL_LOCK(htim);
1821:Drivers/STM32F1xx_HAL_Driver/Src/stm32f1xx_hal_tim_ex.c **** 
1822:Drivers/STM32F1xx_HAL_Driver/Src/stm32f1xx_hal_tim_ex.c ****   if ((InputTrigger == TIM_TS_ITR0) || (InputTrigger == TIM_TS_ITR1) ||
1823:Drivers/STM32F1xx_HAL_Driver/Src/stm32f1xx_hal_tim_ex.c ****       (InputTrigger == TIM_TS_ITR2) || (InputTrigger == TIM_TS_ITR3))
1824:Drivers/STM32F1xx_HAL_Driver/Src/stm32f1xx_hal_tim_ex.c ****   {
1825:Drivers/STM32F1xx_HAL_Driver/Src/stm32f1xx_hal_tim_ex.c ****     /* Select the Input trigger */
1826:Drivers/STM32F1xx_HAL_Driver/Src/stm32f1xx_hal_tim_ex.c ****     htim->Instance->SMCR &= ~TIM_SMCR_TS;
1827:Drivers/STM32F1xx_HAL_Driver/Src/stm32f1xx_hal_tim_ex.c ****     htim->Instance->SMCR |= InputTrigger;
1828:Drivers/STM32F1xx_HAL_Driver/Src/stm32f1xx_hal_tim_ex.c ****   }
1829:Drivers/STM32F1xx_HAL_Driver/Src/stm32f1xx_hal_tim_ex.c **** 
1830:Drivers/STM32F1xx_HAL_Driver/Src/stm32f1xx_hal_tim_ex.c ****   /* Select the Capture Compare preload feature */
1831:Drivers/STM32F1xx_HAL_Driver/Src/stm32f1xx_hal_tim_ex.c ****   htim->Instance->CR2 |= TIM_CR2_CCPC;
1832:Drivers/STM32F1xx_HAL_Driver/Src/stm32f1xx_hal_tim_ex.c ****   /* Select the Commutation event source */
1833:Drivers/STM32F1xx_HAL_Driver/Src/stm32f1xx_hal_tim_ex.c ****   htim->Instance->CR2 &= ~TIM_CR2_CCUS;
1834:Drivers/STM32F1xx_HAL_Driver/Src/stm32f1xx_hal_tim_ex.c ****   htim->Instance->CR2 |= CommutationSource;
1835:Drivers/STM32F1xx_HAL_Driver/Src/stm32f1xx_hal_tim_ex.c **** 
1836:Drivers/STM32F1xx_HAL_Driver/Src/stm32f1xx_hal_tim_ex.c ****   /* Disable Commutation DMA request */
1837:Drivers/STM32F1xx_HAL_Driver/Src/stm32f1xx_hal_tim_ex.c ****   __HAL_TIM_DISABLE_DMA(htim, TIM_DMA_COM);
1838:Drivers/STM32F1xx_HAL_Driver/Src/stm32f1xx_hal_tim_ex.c **** 
1839:Drivers/STM32F1xx_HAL_Driver/Src/stm32f1xx_hal_tim_ex.c ****   /* Enable the Commutation Interrupt */
1840:Drivers/STM32F1xx_HAL_Driver/Src/stm32f1xx_hal_tim_ex.c ****   __HAL_TIM_ENABLE_IT(htim, TIM_IT_COM);
1841:Drivers/STM32F1xx_HAL_Driver/Src/stm32f1xx_hal_tim_ex.c **** 
1842:Drivers/STM32F1xx_HAL_Driver/Src/stm32f1xx_hal_tim_ex.c ****   __HAL_UNLOCK(htim);
1843:Drivers/STM32F1xx_HAL_Driver/Src/stm32f1xx_hal_tim_ex.c **** 
1844:Drivers/STM32F1xx_HAL_Driver/Src/stm32f1xx_hal_tim_ex.c ****   return HAL_OK;
1845:Drivers/STM32F1xx_HAL_Driver/Src/stm32f1xx_hal_tim_ex.c **** }
1846:Drivers/STM32F1xx_HAL_Driver/Src/stm32f1xx_hal_tim_ex.c **** 
1847:Drivers/STM32F1xx_HAL_Driver/Src/stm32f1xx_hal_tim_ex.c **** /**
1848:Drivers/STM32F1xx_HAL_Driver/Src/stm32f1xx_hal_tim_ex.c ****   * @brief  Configure the TIM commutation event sequence with DMA.
1849:Drivers/STM32F1xx_HAL_Driver/Src/stm32f1xx_hal_tim_ex.c ****   * @note  This function is mandatory to use the commutation event in order to
1850:Drivers/STM32F1xx_HAL_Driver/Src/stm32f1xx_hal_tim_ex.c ****   *        update the configuration at each commutation detection on the TRGI input of the Timer,
1851:Drivers/STM32F1xx_HAL_Driver/Src/stm32f1xx_hal_tim_ex.c ****   *        the typical use of this feature is with the use of another Timer(interface Timer)
1852:Drivers/STM32F1xx_HAL_Driver/Src/stm32f1xx_hal_tim_ex.c ****   *        configured in Hall sensor interface, this interface Timer will generate the
1853:Drivers/STM32F1xx_HAL_Driver/Src/stm32f1xx_hal_tim_ex.c ****   *        commutation at its TRGO output (connected to Timer used in this function) each time
1854:Drivers/STM32F1xx_HAL_Driver/Src/stm32f1xx_hal_tim_ex.c ****   *        the TI1 of the Interface Timer detect a commutation at its input TI1.
1855:Drivers/STM32F1xx_HAL_Driver/Src/stm32f1xx_hal_tim_ex.c ****   * @note  The user should configure the DMA in his own software, in This function only the COMDE b
1856:Drivers/STM32F1xx_HAL_Driver/Src/stm32f1xx_hal_tim_ex.c ****   * @param  htim TIM handle
ARM GAS  C:\Users\ride_pig\AppData\Local\Temp\ccPlGaWa.s 			page 34


1857:Drivers/STM32F1xx_HAL_Driver/Src/stm32f1xx_hal_tim_ex.c ****   * @param  InputTrigger the Internal trigger corresponding to the Timer Interfacing with the Hall 
1858:Drivers/STM32F1xx_HAL_Driver/Src/stm32f1xx_hal_tim_ex.c ****   *          This parameter can be one of the following values:
1859:Drivers/STM32F1xx_HAL_Driver/Src/stm32f1xx_hal_tim_ex.c ****   *            @arg TIM_TS_ITR0: Internal trigger 0 selected
1860:Drivers/STM32F1xx_HAL_Driver/Src/stm32f1xx_hal_tim_ex.c ****   *            @arg TIM_TS_ITR1: Internal trigger 1 selected
1861:Drivers/STM32F1xx_HAL_Driver/Src/stm32f1xx_hal_tim_ex.c ****   *            @arg TIM_TS_ITR2: Internal trigger 2 selected
1862:Drivers/STM32F1xx_HAL_Driver/Src/stm32f1xx_hal_tim_ex.c ****   *            @arg TIM_TS_ITR3: Internal trigger 3 selected
1863:Drivers/STM32F1xx_HAL_Driver/Src/stm32f1xx_hal_tim_ex.c ****   *            @arg TIM_TS_NONE: No trigger is needed
1864:Drivers/STM32F1xx_HAL_Driver/Src/stm32f1xx_hal_tim_ex.c ****   * @param  CommutationSource the Commutation Event source
1865:Drivers/STM32F1xx_HAL_Driver/Src/stm32f1xx_hal_tim_ex.c ****   *          This parameter can be one of the following values:
1866:Drivers/STM32F1xx_HAL_Driver/Src/stm32f1xx_hal_tim_ex.c ****   *            @arg TIM_COMMUTATION_TRGI: Commutation source is the TRGI of the Interface Timer
1867:Drivers/STM32F1xx_HAL_Driver/Src/stm32f1xx_hal_tim_ex.c ****   *            @arg TIM_COMMUTATION_SOFTWARE:  Commutation source is set by software using the COMG
1868:Drivers/STM32F1xx_HAL_Driver/Src/stm32f1xx_hal_tim_ex.c ****   * @retval HAL status
1869:Drivers/STM32F1xx_HAL_Driver/Src/stm32f1xx_hal_tim_ex.c ****   */
1870:Drivers/STM32F1xx_HAL_Driver/Src/stm32f1xx_hal_tim_ex.c **** HAL_StatusTypeDef HAL_TIMEx_ConfigCommutEvent_DMA(TIM_HandleTypeDef *htim, uint32_t  InputTrigger,
1871:Drivers/STM32F1xx_HAL_Driver/Src/stm32f1xx_hal_tim_ex.c ****                                                   uint32_t  CommutationSource)
1872:Drivers/STM32F1xx_HAL_Driver/Src/stm32f1xx_hal_tim_ex.c **** {
1873:Drivers/STM32F1xx_HAL_Driver/Src/stm32f1xx_hal_tim_ex.c ****   /* Check the parameters */
1874:Drivers/STM32F1xx_HAL_Driver/Src/stm32f1xx_hal_tim_ex.c ****   assert_param(IS_TIM_COMMUTATION_EVENT_INSTANCE(htim->Instance));
1875:Drivers/STM32F1xx_HAL_Driver/Src/stm32f1xx_hal_tim_ex.c ****   assert_param(IS_TIM_INTERNAL_TRIGGEREVENT_SELECTION(InputTrigger));
1876:Drivers/STM32F1xx_HAL_Driver/Src/stm32f1xx_hal_tim_ex.c **** 
1877:Drivers/STM32F1xx_HAL_Driver/Src/stm32f1xx_hal_tim_ex.c ****   __HAL_LOCK(htim);
1878:Drivers/STM32F1xx_HAL_Driver/Src/stm32f1xx_hal_tim_ex.c **** 
1879:Drivers/STM32F1xx_HAL_Driver/Src/stm32f1xx_hal_tim_ex.c ****   if ((InputTrigger == TIM_TS_ITR0) || (InputTrigger == TIM_TS_ITR1) ||
1880:Drivers/STM32F1xx_HAL_Driver/Src/stm32f1xx_hal_tim_ex.c ****       (InputTrigger == TIM_TS_ITR2) || (InputTrigger == TIM_TS_ITR3))
1881:Drivers/STM32F1xx_HAL_Driver/Src/stm32f1xx_hal_tim_ex.c ****   {
1882:Drivers/STM32F1xx_HAL_Driver/Src/stm32f1xx_hal_tim_ex.c ****     /* Select the Input trigger */
1883:Drivers/STM32F1xx_HAL_Driver/Src/stm32f1xx_hal_tim_ex.c ****     htim->Instance->SMCR &= ~TIM_SMCR_TS;
1884:Drivers/STM32F1xx_HAL_Driver/Src/stm32f1xx_hal_tim_ex.c ****     htim->Instance->SMCR |= InputTrigger;
1885:Drivers/STM32F1xx_HAL_Driver/Src/stm32f1xx_hal_tim_ex.c ****   }
1886:Drivers/STM32F1xx_HAL_Driver/Src/stm32f1xx_hal_tim_ex.c **** 
1887:Drivers/STM32F1xx_HAL_Driver/Src/stm32f1xx_hal_tim_ex.c ****   /* Select the Capture Compare preload feature */
1888:Drivers/STM32F1xx_HAL_Driver/Src/stm32f1xx_hal_tim_ex.c ****   htim->Instance->CR2 |= TIM_CR2_CCPC;
1889:Drivers/STM32F1xx_HAL_Driver/Src/stm32f1xx_hal_tim_ex.c ****   /* Select the Commutation event source */
1890:Drivers/STM32F1xx_HAL_Driver/Src/stm32f1xx_hal_tim_ex.c ****   htim->Instance->CR2 &= ~TIM_CR2_CCUS;
1891:Drivers/STM32F1xx_HAL_Driver/Src/stm32f1xx_hal_tim_ex.c ****   htim->Instance->CR2 |= CommutationSource;
1892:Drivers/STM32F1xx_HAL_Driver/Src/stm32f1xx_hal_tim_ex.c **** 
1893:Drivers/STM32F1xx_HAL_Driver/Src/stm32f1xx_hal_tim_ex.c ****   /* Enable the Commutation DMA Request */
1894:Drivers/STM32F1xx_HAL_Driver/Src/stm32f1xx_hal_tim_ex.c ****   /* Set the DMA Commutation Callback */
1895:Drivers/STM32F1xx_HAL_Driver/Src/stm32f1xx_hal_tim_ex.c ****   htim->hdma[TIM_DMA_ID_COMMUTATION]->XferCpltCallback = TIMEx_DMACommutationCplt;
1896:Drivers/STM32F1xx_HAL_Driver/Src/stm32f1xx_hal_tim_ex.c ****   htim->hdma[TIM_DMA_ID_COMMUTATION]->XferHalfCpltCallback = TIMEx_DMACommutationHalfCplt;
1897:Drivers/STM32F1xx_HAL_Driver/Src/stm32f1xx_hal_tim_ex.c ****   /* Set the DMA error callback */
1898:Drivers/STM32F1xx_HAL_Driver/Src/stm32f1xx_hal_tim_ex.c ****   htim->hdma[TIM_DMA_ID_COMMUTATION]->XferErrorCallback = TIM_DMAError;
1899:Drivers/STM32F1xx_HAL_Driver/Src/stm32f1xx_hal_tim_ex.c **** 
1900:Drivers/STM32F1xx_HAL_Driver/Src/stm32f1xx_hal_tim_ex.c ****   /* Disable Commutation Interrupt */
1901:Drivers/STM32F1xx_HAL_Driver/Src/stm32f1xx_hal_tim_ex.c ****   __HAL_TIM_DISABLE_IT(htim, TIM_IT_COM);
1902:Drivers/STM32F1xx_HAL_Driver/Src/stm32f1xx_hal_tim_ex.c **** 
1903:Drivers/STM32F1xx_HAL_Driver/Src/stm32f1xx_hal_tim_ex.c ****   /* Enable the Commutation DMA Request */
1904:Drivers/STM32F1xx_HAL_Driver/Src/stm32f1xx_hal_tim_ex.c ****   __HAL_TIM_ENABLE_DMA(htim, TIM_DMA_COM);
1905:Drivers/STM32F1xx_HAL_Driver/Src/stm32f1xx_hal_tim_ex.c **** 
1906:Drivers/STM32F1xx_HAL_Driver/Src/stm32f1xx_hal_tim_ex.c ****   __HAL_UNLOCK(htim);
1907:Drivers/STM32F1xx_HAL_Driver/Src/stm32f1xx_hal_tim_ex.c **** 
1908:Drivers/STM32F1xx_HAL_Driver/Src/stm32f1xx_hal_tim_ex.c ****   return HAL_OK;
1909:Drivers/STM32F1xx_HAL_Driver/Src/stm32f1xx_hal_tim_ex.c **** }
1910:Drivers/STM32F1xx_HAL_Driver/Src/stm32f1xx_hal_tim_ex.c **** 
1911:Drivers/STM32F1xx_HAL_Driver/Src/stm32f1xx_hal_tim_ex.c **** /**
1912:Drivers/STM32F1xx_HAL_Driver/Src/stm32f1xx_hal_tim_ex.c ****   * @brief  Configures the TIM in master mode.
1913:Drivers/STM32F1xx_HAL_Driver/Src/stm32f1xx_hal_tim_ex.c ****   * @param  htim TIM handle.
ARM GAS  C:\Users\ride_pig\AppData\Local\Temp\ccPlGaWa.s 			page 35


1914:Drivers/STM32F1xx_HAL_Driver/Src/stm32f1xx_hal_tim_ex.c ****   * @param  sMasterConfig pointer to a TIM_MasterConfigTypeDef structure that
1915:Drivers/STM32F1xx_HAL_Driver/Src/stm32f1xx_hal_tim_ex.c ****   *         contains the selected trigger output (TRGO) and the Master/Slave
1916:Drivers/STM32F1xx_HAL_Driver/Src/stm32f1xx_hal_tim_ex.c ****   *         mode.
1917:Drivers/STM32F1xx_HAL_Driver/Src/stm32f1xx_hal_tim_ex.c ****   * @retval HAL status
1918:Drivers/STM32F1xx_HAL_Driver/Src/stm32f1xx_hal_tim_ex.c ****   */
1919:Drivers/STM32F1xx_HAL_Driver/Src/stm32f1xx_hal_tim_ex.c **** HAL_StatusTypeDef HAL_TIMEx_MasterConfigSynchronization(TIM_HandleTypeDef *htim,
1920:Drivers/STM32F1xx_HAL_Driver/Src/stm32f1xx_hal_tim_ex.c ****                                                         TIM_MasterConfigTypeDef *sMasterConfig)
1921:Drivers/STM32F1xx_HAL_Driver/Src/stm32f1xx_hal_tim_ex.c **** {
1922:Drivers/STM32F1xx_HAL_Driver/Src/stm32f1xx_hal_tim_ex.c ****   uint32_t tmpcr2;
1923:Drivers/STM32F1xx_HAL_Driver/Src/stm32f1xx_hal_tim_ex.c ****   uint32_t tmpsmcr;
1924:Drivers/STM32F1xx_HAL_Driver/Src/stm32f1xx_hal_tim_ex.c **** 
1925:Drivers/STM32F1xx_HAL_Driver/Src/stm32f1xx_hal_tim_ex.c ****   /* Check the parameters */
1926:Drivers/STM32F1xx_HAL_Driver/Src/stm32f1xx_hal_tim_ex.c ****   assert_param(IS_TIM_MASTER_INSTANCE(htim->Instance));
1927:Drivers/STM32F1xx_HAL_Driver/Src/stm32f1xx_hal_tim_ex.c ****   assert_param(IS_TIM_TRGO_SOURCE(sMasterConfig->MasterOutputTrigger));
1928:Drivers/STM32F1xx_HAL_Driver/Src/stm32f1xx_hal_tim_ex.c ****   assert_param(IS_TIM_MSM_STATE(sMasterConfig->MasterSlaveMode));
1929:Drivers/STM32F1xx_HAL_Driver/Src/stm32f1xx_hal_tim_ex.c **** 
1930:Drivers/STM32F1xx_HAL_Driver/Src/stm32f1xx_hal_tim_ex.c ****   /* Check input state */
1931:Drivers/STM32F1xx_HAL_Driver/Src/stm32f1xx_hal_tim_ex.c ****   __HAL_LOCK(htim);
1932:Drivers/STM32F1xx_HAL_Driver/Src/stm32f1xx_hal_tim_ex.c **** 
1933:Drivers/STM32F1xx_HAL_Driver/Src/stm32f1xx_hal_tim_ex.c ****   /* Change the handler state */
1934:Drivers/STM32F1xx_HAL_Driver/Src/stm32f1xx_hal_tim_ex.c ****   htim->State = HAL_TIM_STATE_BUSY;
1935:Drivers/STM32F1xx_HAL_Driver/Src/stm32f1xx_hal_tim_ex.c **** 
1936:Drivers/STM32F1xx_HAL_Driver/Src/stm32f1xx_hal_tim_ex.c ****   /* Get the TIMx CR2 register value */
1937:Drivers/STM32F1xx_HAL_Driver/Src/stm32f1xx_hal_tim_ex.c ****   tmpcr2 = htim->Instance->CR2;
1938:Drivers/STM32F1xx_HAL_Driver/Src/stm32f1xx_hal_tim_ex.c **** 
1939:Drivers/STM32F1xx_HAL_Driver/Src/stm32f1xx_hal_tim_ex.c ****   /* Get the TIMx SMCR register value */
1940:Drivers/STM32F1xx_HAL_Driver/Src/stm32f1xx_hal_tim_ex.c ****   tmpsmcr = htim->Instance->SMCR;
1941:Drivers/STM32F1xx_HAL_Driver/Src/stm32f1xx_hal_tim_ex.c **** 
1942:Drivers/STM32F1xx_HAL_Driver/Src/stm32f1xx_hal_tim_ex.c ****   /* Reset the MMS Bits */
1943:Drivers/STM32F1xx_HAL_Driver/Src/stm32f1xx_hal_tim_ex.c ****   tmpcr2 &= ~TIM_CR2_MMS;
1944:Drivers/STM32F1xx_HAL_Driver/Src/stm32f1xx_hal_tim_ex.c ****   /* Select the TRGO source */
1945:Drivers/STM32F1xx_HAL_Driver/Src/stm32f1xx_hal_tim_ex.c ****   tmpcr2 |=  sMasterConfig->MasterOutputTrigger;
1946:Drivers/STM32F1xx_HAL_Driver/Src/stm32f1xx_hal_tim_ex.c **** 
1947:Drivers/STM32F1xx_HAL_Driver/Src/stm32f1xx_hal_tim_ex.c ****   /* Update TIMx CR2 */
1948:Drivers/STM32F1xx_HAL_Driver/Src/stm32f1xx_hal_tim_ex.c ****   htim->Instance->CR2 = tmpcr2;
1949:Drivers/STM32F1xx_HAL_Driver/Src/stm32f1xx_hal_tim_ex.c **** 
1950:Drivers/STM32F1xx_HAL_Driver/Src/stm32f1xx_hal_tim_ex.c ****   if (IS_TIM_SLAVE_INSTANCE(htim->Instance))
1951:Drivers/STM32F1xx_HAL_Driver/Src/stm32f1xx_hal_tim_ex.c ****   {
1952:Drivers/STM32F1xx_HAL_Driver/Src/stm32f1xx_hal_tim_ex.c ****     /* Reset the MSM Bit */
1953:Drivers/STM32F1xx_HAL_Driver/Src/stm32f1xx_hal_tim_ex.c ****     tmpsmcr &= ~TIM_SMCR_MSM;
1954:Drivers/STM32F1xx_HAL_Driver/Src/stm32f1xx_hal_tim_ex.c ****     /* Set master mode */
1955:Drivers/STM32F1xx_HAL_Driver/Src/stm32f1xx_hal_tim_ex.c ****     tmpsmcr |= sMasterConfig->MasterSlaveMode;
1956:Drivers/STM32F1xx_HAL_Driver/Src/stm32f1xx_hal_tim_ex.c **** 
1957:Drivers/STM32F1xx_HAL_Driver/Src/stm32f1xx_hal_tim_ex.c ****     /* Update TIMx SMCR */
1958:Drivers/STM32F1xx_HAL_Driver/Src/stm32f1xx_hal_tim_ex.c ****     htim->Instance->SMCR = tmpsmcr;
1959:Drivers/STM32F1xx_HAL_Driver/Src/stm32f1xx_hal_tim_ex.c ****   }
1960:Drivers/STM32F1xx_HAL_Driver/Src/stm32f1xx_hal_tim_ex.c **** 
1961:Drivers/STM32F1xx_HAL_Driver/Src/stm32f1xx_hal_tim_ex.c ****   /* Change the htim state */
1962:Drivers/STM32F1xx_HAL_Driver/Src/stm32f1xx_hal_tim_ex.c ****   htim->State = HAL_TIM_STATE_READY;
1963:Drivers/STM32F1xx_HAL_Driver/Src/stm32f1xx_hal_tim_ex.c **** 
1964:Drivers/STM32F1xx_HAL_Driver/Src/stm32f1xx_hal_tim_ex.c ****   __HAL_UNLOCK(htim);
1965:Drivers/STM32F1xx_HAL_Driver/Src/stm32f1xx_hal_tim_ex.c **** 
1966:Drivers/STM32F1xx_HAL_Driver/Src/stm32f1xx_hal_tim_ex.c ****   return HAL_OK;
1967:Drivers/STM32F1xx_HAL_Driver/Src/stm32f1xx_hal_tim_ex.c **** }
1968:Drivers/STM32F1xx_HAL_Driver/Src/stm32f1xx_hal_tim_ex.c **** 
1969:Drivers/STM32F1xx_HAL_Driver/Src/stm32f1xx_hal_tim_ex.c **** /**
1970:Drivers/STM32F1xx_HAL_Driver/Src/stm32f1xx_hal_tim_ex.c ****   * @brief  Configures the Break feature, dead time, Lock level, OSSI/OSSR State
ARM GAS  C:\Users\ride_pig\AppData\Local\Temp\ccPlGaWa.s 			page 36


1971:Drivers/STM32F1xx_HAL_Driver/Src/stm32f1xx_hal_tim_ex.c ****   *         and the AOE(automatic output enable).
1972:Drivers/STM32F1xx_HAL_Driver/Src/stm32f1xx_hal_tim_ex.c ****   * @param  htim TIM handle
1973:Drivers/STM32F1xx_HAL_Driver/Src/stm32f1xx_hal_tim_ex.c ****   * @param  sBreakDeadTimeConfig pointer to a TIM_ConfigBreakDeadConfigTypeDef structure that
1974:Drivers/STM32F1xx_HAL_Driver/Src/stm32f1xx_hal_tim_ex.c ****   *         contains the BDTR Register configuration  information for the TIM peripheral.
1975:Drivers/STM32F1xx_HAL_Driver/Src/stm32f1xx_hal_tim_ex.c ****   * @note   Interrupts can be generated when an active level is detected on the
1976:Drivers/STM32F1xx_HAL_Driver/Src/stm32f1xx_hal_tim_ex.c ****   *         break input, the break 2 input or the system break input. Break
1977:Drivers/STM32F1xx_HAL_Driver/Src/stm32f1xx_hal_tim_ex.c ****   *         interrupt can be enabled by calling the @ref __HAL_TIM_ENABLE_IT macro.
1978:Drivers/STM32F1xx_HAL_Driver/Src/stm32f1xx_hal_tim_ex.c ****   * @retval HAL status
1979:Drivers/STM32F1xx_HAL_Driver/Src/stm32f1xx_hal_tim_ex.c ****   */
1980:Drivers/STM32F1xx_HAL_Driver/Src/stm32f1xx_hal_tim_ex.c **** HAL_StatusTypeDef HAL_TIMEx_ConfigBreakDeadTime(TIM_HandleTypeDef *htim,
1981:Drivers/STM32F1xx_HAL_Driver/Src/stm32f1xx_hal_tim_ex.c ****                                                 TIM_BreakDeadTimeConfigTypeDef *sBreakDeadTimeConfi
1982:Drivers/STM32F1xx_HAL_Driver/Src/stm32f1xx_hal_tim_ex.c **** {
1983:Drivers/STM32F1xx_HAL_Driver/Src/stm32f1xx_hal_tim_ex.c ****   /* Keep this variable initialized to 0 as it is used to configure BDTR register */
1984:Drivers/STM32F1xx_HAL_Driver/Src/stm32f1xx_hal_tim_ex.c ****   uint32_t tmpbdtr = 0U;
1985:Drivers/STM32F1xx_HAL_Driver/Src/stm32f1xx_hal_tim_ex.c **** 
1986:Drivers/STM32F1xx_HAL_Driver/Src/stm32f1xx_hal_tim_ex.c ****   /* Check the parameters */
1987:Drivers/STM32F1xx_HAL_Driver/Src/stm32f1xx_hal_tim_ex.c ****   assert_param(IS_TIM_BREAK_INSTANCE(htim->Instance));
1988:Drivers/STM32F1xx_HAL_Driver/Src/stm32f1xx_hal_tim_ex.c ****   assert_param(IS_TIM_OSSR_STATE(sBreakDeadTimeConfig->OffStateRunMode));
1989:Drivers/STM32F1xx_HAL_Driver/Src/stm32f1xx_hal_tim_ex.c ****   assert_param(IS_TIM_OSSI_STATE(sBreakDeadTimeConfig->OffStateIDLEMode));
1990:Drivers/STM32F1xx_HAL_Driver/Src/stm32f1xx_hal_tim_ex.c ****   assert_param(IS_TIM_LOCK_LEVEL(sBreakDeadTimeConfig->LockLevel));
1991:Drivers/STM32F1xx_HAL_Driver/Src/stm32f1xx_hal_tim_ex.c ****   assert_param(IS_TIM_DEADTIME(sBreakDeadTimeConfig->DeadTime));
1992:Drivers/STM32F1xx_HAL_Driver/Src/stm32f1xx_hal_tim_ex.c ****   assert_param(IS_TIM_BREAK_STATE(sBreakDeadTimeConfig->BreakState));
1993:Drivers/STM32F1xx_HAL_Driver/Src/stm32f1xx_hal_tim_ex.c ****   assert_param(IS_TIM_BREAK_POLARITY(sBreakDeadTimeConfig->BreakPolarity));
1994:Drivers/STM32F1xx_HAL_Driver/Src/stm32f1xx_hal_tim_ex.c ****   assert_param(IS_TIM_AUTOMATIC_OUTPUT_STATE(sBreakDeadTimeConfig->AutomaticOutput));
1995:Drivers/STM32F1xx_HAL_Driver/Src/stm32f1xx_hal_tim_ex.c **** 
1996:Drivers/STM32F1xx_HAL_Driver/Src/stm32f1xx_hal_tim_ex.c ****   /* Check input state */
1997:Drivers/STM32F1xx_HAL_Driver/Src/stm32f1xx_hal_tim_ex.c ****   __HAL_LOCK(htim);
1998:Drivers/STM32F1xx_HAL_Driver/Src/stm32f1xx_hal_tim_ex.c **** 
1999:Drivers/STM32F1xx_HAL_Driver/Src/stm32f1xx_hal_tim_ex.c ****   /* Set the Lock level, the Break enable Bit and the Polarity, the OSSR State,
2000:Drivers/STM32F1xx_HAL_Driver/Src/stm32f1xx_hal_tim_ex.c ****      the OSSI State, the dead time value and the Automatic Output Enable Bit */
2001:Drivers/STM32F1xx_HAL_Driver/Src/stm32f1xx_hal_tim_ex.c **** 
2002:Drivers/STM32F1xx_HAL_Driver/Src/stm32f1xx_hal_tim_ex.c ****   /* Set the BDTR bits */
2003:Drivers/STM32F1xx_HAL_Driver/Src/stm32f1xx_hal_tim_ex.c ****   MODIFY_REG(tmpbdtr, TIM_BDTR_DTG, sBreakDeadTimeConfig->DeadTime);
2004:Drivers/STM32F1xx_HAL_Driver/Src/stm32f1xx_hal_tim_ex.c ****   MODIFY_REG(tmpbdtr, TIM_BDTR_LOCK, sBreakDeadTimeConfig->LockLevel);
2005:Drivers/STM32F1xx_HAL_Driver/Src/stm32f1xx_hal_tim_ex.c ****   MODIFY_REG(tmpbdtr, TIM_BDTR_OSSI, sBreakDeadTimeConfig->OffStateIDLEMode);
2006:Drivers/STM32F1xx_HAL_Driver/Src/stm32f1xx_hal_tim_ex.c ****   MODIFY_REG(tmpbdtr, TIM_BDTR_OSSR, sBreakDeadTimeConfig->OffStateRunMode);
2007:Drivers/STM32F1xx_HAL_Driver/Src/stm32f1xx_hal_tim_ex.c ****   MODIFY_REG(tmpbdtr, TIM_BDTR_BKE, sBreakDeadTimeConfig->BreakState);
2008:Drivers/STM32F1xx_HAL_Driver/Src/stm32f1xx_hal_tim_ex.c ****   MODIFY_REG(tmpbdtr, TIM_BDTR_BKP, sBreakDeadTimeConfig->BreakPolarity);
2009:Drivers/STM32F1xx_HAL_Driver/Src/stm32f1xx_hal_tim_ex.c ****   MODIFY_REG(tmpbdtr, TIM_BDTR_AOE, sBreakDeadTimeConfig->AutomaticOutput);
2010:Drivers/STM32F1xx_HAL_Driver/Src/stm32f1xx_hal_tim_ex.c **** 
2011:Drivers/STM32F1xx_HAL_Driver/Src/stm32f1xx_hal_tim_ex.c **** 
2012:Drivers/STM32F1xx_HAL_Driver/Src/stm32f1xx_hal_tim_ex.c ****   /* Set TIMx_BDTR */
2013:Drivers/STM32F1xx_HAL_Driver/Src/stm32f1xx_hal_tim_ex.c ****   htim->Instance->BDTR = tmpbdtr;
2014:Drivers/STM32F1xx_HAL_Driver/Src/stm32f1xx_hal_tim_ex.c **** 
2015:Drivers/STM32F1xx_HAL_Driver/Src/stm32f1xx_hal_tim_ex.c ****   __HAL_UNLOCK(htim);
2016:Drivers/STM32F1xx_HAL_Driver/Src/stm32f1xx_hal_tim_ex.c **** 
2017:Drivers/STM32F1xx_HAL_Driver/Src/stm32f1xx_hal_tim_ex.c ****   return HAL_OK;
2018:Drivers/STM32F1xx_HAL_Driver/Src/stm32f1xx_hal_tim_ex.c **** }
2019:Drivers/STM32F1xx_HAL_Driver/Src/stm32f1xx_hal_tim_ex.c **** 
2020:Drivers/STM32F1xx_HAL_Driver/Src/stm32f1xx_hal_tim_ex.c **** /**
2021:Drivers/STM32F1xx_HAL_Driver/Src/stm32f1xx_hal_tim_ex.c ****   * @brief  Configures the TIMx Remapping input capabilities.
2022:Drivers/STM32F1xx_HAL_Driver/Src/stm32f1xx_hal_tim_ex.c ****   * @param  htim TIM handle.
2023:Drivers/STM32F1xx_HAL_Driver/Src/stm32f1xx_hal_tim_ex.c ****   * @param  Remap specifies the TIM remapping source.
2024:Drivers/STM32F1xx_HAL_Driver/Src/stm32f1xx_hal_tim_ex.c ****   *
2025:Drivers/STM32F1xx_HAL_Driver/Src/stm32f1xx_hal_tim_ex.c ****   * @retval HAL status
2026:Drivers/STM32F1xx_HAL_Driver/Src/stm32f1xx_hal_tim_ex.c ****   */
2027:Drivers/STM32F1xx_HAL_Driver/Src/stm32f1xx_hal_tim_ex.c **** HAL_StatusTypeDef HAL_TIMEx_RemapConfig(TIM_HandleTypeDef *htim, uint32_t Remap)
ARM GAS  C:\Users\ride_pig\AppData\Local\Temp\ccPlGaWa.s 			page 37


2028:Drivers/STM32F1xx_HAL_Driver/Src/stm32f1xx_hal_tim_ex.c **** {
2029:Drivers/STM32F1xx_HAL_Driver/Src/stm32f1xx_hal_tim_ex.c ****   /* Prevent unused argument(s) compilation warning */
2030:Drivers/STM32F1xx_HAL_Driver/Src/stm32f1xx_hal_tim_ex.c ****   UNUSED(htim);
2031:Drivers/STM32F1xx_HAL_Driver/Src/stm32f1xx_hal_tim_ex.c ****   UNUSED(Remap);
2032:Drivers/STM32F1xx_HAL_Driver/Src/stm32f1xx_hal_tim_ex.c **** 
2033:Drivers/STM32F1xx_HAL_Driver/Src/stm32f1xx_hal_tim_ex.c ****   return HAL_OK;
2034:Drivers/STM32F1xx_HAL_Driver/Src/stm32f1xx_hal_tim_ex.c **** }
2035:Drivers/STM32F1xx_HAL_Driver/Src/stm32f1xx_hal_tim_ex.c **** 
2036:Drivers/STM32F1xx_HAL_Driver/Src/stm32f1xx_hal_tim_ex.c **** /**
2037:Drivers/STM32F1xx_HAL_Driver/Src/stm32f1xx_hal_tim_ex.c ****   * @}
2038:Drivers/STM32F1xx_HAL_Driver/Src/stm32f1xx_hal_tim_ex.c ****   */
2039:Drivers/STM32F1xx_HAL_Driver/Src/stm32f1xx_hal_tim_ex.c **** 
2040:Drivers/STM32F1xx_HAL_Driver/Src/stm32f1xx_hal_tim_ex.c **** /** @defgroup TIMEx_Exported_Functions_Group6 Extended Callbacks functions
2041:Drivers/STM32F1xx_HAL_Driver/Src/stm32f1xx_hal_tim_ex.c ****   * @brief    Extended Callbacks functions
2042:Drivers/STM32F1xx_HAL_Driver/Src/stm32f1xx_hal_tim_ex.c ****   *
2043:Drivers/STM32F1xx_HAL_Driver/Src/stm32f1xx_hal_tim_ex.c **** @verbatim
2044:Drivers/STM32F1xx_HAL_Driver/Src/stm32f1xx_hal_tim_ex.c ****   ==============================================================================
2045:Drivers/STM32F1xx_HAL_Driver/Src/stm32f1xx_hal_tim_ex.c ****                     ##### Extended Callbacks functions #####
2046:Drivers/STM32F1xx_HAL_Driver/Src/stm32f1xx_hal_tim_ex.c ****   ==============================================================================
2047:Drivers/STM32F1xx_HAL_Driver/Src/stm32f1xx_hal_tim_ex.c ****   [..]
2048:Drivers/STM32F1xx_HAL_Driver/Src/stm32f1xx_hal_tim_ex.c ****     This section provides Extended TIM callback functions:
2049:Drivers/STM32F1xx_HAL_Driver/Src/stm32f1xx_hal_tim_ex.c ****     (+) Timer Commutation callback
2050:Drivers/STM32F1xx_HAL_Driver/Src/stm32f1xx_hal_tim_ex.c ****     (+) Timer Break callback
2051:Drivers/STM32F1xx_HAL_Driver/Src/stm32f1xx_hal_tim_ex.c **** 
2052:Drivers/STM32F1xx_HAL_Driver/Src/stm32f1xx_hal_tim_ex.c **** @endverbatim
2053:Drivers/STM32F1xx_HAL_Driver/Src/stm32f1xx_hal_tim_ex.c ****   * @{
2054:Drivers/STM32F1xx_HAL_Driver/Src/stm32f1xx_hal_tim_ex.c ****   */
2055:Drivers/STM32F1xx_HAL_Driver/Src/stm32f1xx_hal_tim_ex.c **** 
2056:Drivers/STM32F1xx_HAL_Driver/Src/stm32f1xx_hal_tim_ex.c **** /**
2057:Drivers/STM32F1xx_HAL_Driver/Src/stm32f1xx_hal_tim_ex.c ****   * @brief  Hall commutation changed callback in non-blocking mode
2058:Drivers/STM32F1xx_HAL_Driver/Src/stm32f1xx_hal_tim_ex.c ****   * @param  htim TIM handle
2059:Drivers/STM32F1xx_HAL_Driver/Src/stm32f1xx_hal_tim_ex.c ****   * @retval None
2060:Drivers/STM32F1xx_HAL_Driver/Src/stm32f1xx_hal_tim_ex.c ****   */
2061:Drivers/STM32F1xx_HAL_Driver/Src/stm32f1xx_hal_tim_ex.c **** __weak void HAL_TIMEx_CommutCallback(TIM_HandleTypeDef *htim)
2062:Drivers/STM32F1xx_HAL_Driver/Src/stm32f1xx_hal_tim_ex.c **** {
2063:Drivers/STM32F1xx_HAL_Driver/Src/stm32f1xx_hal_tim_ex.c ****   /* Prevent unused argument(s) compilation warning */
2064:Drivers/STM32F1xx_HAL_Driver/Src/stm32f1xx_hal_tim_ex.c ****   UNUSED(htim);
2065:Drivers/STM32F1xx_HAL_Driver/Src/stm32f1xx_hal_tim_ex.c **** 
2066:Drivers/STM32F1xx_HAL_Driver/Src/stm32f1xx_hal_tim_ex.c ****   /* NOTE : This function should not be modified, when the callback is needed,
2067:Drivers/STM32F1xx_HAL_Driver/Src/stm32f1xx_hal_tim_ex.c ****             the HAL_TIMEx_CommutCallback could be implemented in the user file
2068:Drivers/STM32F1xx_HAL_Driver/Src/stm32f1xx_hal_tim_ex.c ****    */
2069:Drivers/STM32F1xx_HAL_Driver/Src/stm32f1xx_hal_tim_ex.c **** }
2070:Drivers/STM32F1xx_HAL_Driver/Src/stm32f1xx_hal_tim_ex.c **** /**
2071:Drivers/STM32F1xx_HAL_Driver/Src/stm32f1xx_hal_tim_ex.c ****   * @brief  Hall commutation changed half complete callback in non-blocking mode
2072:Drivers/STM32F1xx_HAL_Driver/Src/stm32f1xx_hal_tim_ex.c ****   * @param  htim TIM handle
2073:Drivers/STM32F1xx_HAL_Driver/Src/stm32f1xx_hal_tim_ex.c ****   * @retval None
2074:Drivers/STM32F1xx_HAL_Driver/Src/stm32f1xx_hal_tim_ex.c ****   */
2075:Drivers/STM32F1xx_HAL_Driver/Src/stm32f1xx_hal_tim_ex.c **** __weak void HAL_TIMEx_CommutHalfCpltCallback(TIM_HandleTypeDef *htim)
2076:Drivers/STM32F1xx_HAL_Driver/Src/stm32f1xx_hal_tim_ex.c **** {
2077:Drivers/STM32F1xx_HAL_Driver/Src/stm32f1xx_hal_tim_ex.c ****   /* Prevent unused argument(s) compilation warning */
2078:Drivers/STM32F1xx_HAL_Driver/Src/stm32f1xx_hal_tim_ex.c ****   UNUSED(htim);
2079:Drivers/STM32F1xx_HAL_Driver/Src/stm32f1xx_hal_tim_ex.c **** 
2080:Drivers/STM32F1xx_HAL_Driver/Src/stm32f1xx_hal_tim_ex.c ****   /* NOTE : This function should not be modified, when the callback is needed,
2081:Drivers/STM32F1xx_HAL_Driver/Src/stm32f1xx_hal_tim_ex.c ****             the HAL_TIMEx_CommutHalfCpltCallback could be implemented in the user file
2082:Drivers/STM32F1xx_HAL_Driver/Src/stm32f1xx_hal_tim_ex.c ****    */
2083:Drivers/STM32F1xx_HAL_Driver/Src/stm32f1xx_hal_tim_ex.c **** }
2084:Drivers/STM32F1xx_HAL_Driver/Src/stm32f1xx_hal_tim_ex.c **** 
ARM GAS  C:\Users\ride_pig\AppData\Local\Temp\ccPlGaWa.s 			page 38


2085:Drivers/STM32F1xx_HAL_Driver/Src/stm32f1xx_hal_tim_ex.c **** /**
2086:Drivers/STM32F1xx_HAL_Driver/Src/stm32f1xx_hal_tim_ex.c ****   * @brief  Hall Break detection callback in non-blocking mode
2087:Drivers/STM32F1xx_HAL_Driver/Src/stm32f1xx_hal_tim_ex.c ****   * @param  htim TIM handle
2088:Drivers/STM32F1xx_HAL_Driver/Src/stm32f1xx_hal_tim_ex.c ****   * @retval None
2089:Drivers/STM32F1xx_HAL_Driver/Src/stm32f1xx_hal_tim_ex.c ****   */
2090:Drivers/STM32F1xx_HAL_Driver/Src/stm32f1xx_hal_tim_ex.c **** __weak void HAL_TIMEx_BreakCallback(TIM_HandleTypeDef *htim)
2091:Drivers/STM32F1xx_HAL_Driver/Src/stm32f1xx_hal_tim_ex.c **** {
2092:Drivers/STM32F1xx_HAL_Driver/Src/stm32f1xx_hal_tim_ex.c ****   /* Prevent unused argument(s) compilation warning */
2093:Drivers/STM32F1xx_HAL_Driver/Src/stm32f1xx_hal_tim_ex.c ****   UNUSED(htim);
2094:Drivers/STM32F1xx_HAL_Driver/Src/stm32f1xx_hal_tim_ex.c **** 
2095:Drivers/STM32F1xx_HAL_Driver/Src/stm32f1xx_hal_tim_ex.c ****   /* NOTE : This function should not be modified, when the callback is needed,
2096:Drivers/STM32F1xx_HAL_Driver/Src/stm32f1xx_hal_tim_ex.c ****             the HAL_TIMEx_BreakCallback could be implemented in the user file
2097:Drivers/STM32F1xx_HAL_Driver/Src/stm32f1xx_hal_tim_ex.c ****    */
2098:Drivers/STM32F1xx_HAL_Driver/Src/stm32f1xx_hal_tim_ex.c **** }
2099:Drivers/STM32F1xx_HAL_Driver/Src/stm32f1xx_hal_tim_ex.c **** /**
2100:Drivers/STM32F1xx_HAL_Driver/Src/stm32f1xx_hal_tim_ex.c ****   * @}
2101:Drivers/STM32F1xx_HAL_Driver/Src/stm32f1xx_hal_tim_ex.c ****   */
2102:Drivers/STM32F1xx_HAL_Driver/Src/stm32f1xx_hal_tim_ex.c **** 
2103:Drivers/STM32F1xx_HAL_Driver/Src/stm32f1xx_hal_tim_ex.c **** /** @defgroup TIMEx_Exported_Functions_Group7 Extended Peripheral State functions
2104:Drivers/STM32F1xx_HAL_Driver/Src/stm32f1xx_hal_tim_ex.c ****   * @brief    Extended Peripheral State functions
2105:Drivers/STM32F1xx_HAL_Driver/Src/stm32f1xx_hal_tim_ex.c ****   *
2106:Drivers/STM32F1xx_HAL_Driver/Src/stm32f1xx_hal_tim_ex.c **** @verbatim
2107:Drivers/STM32F1xx_HAL_Driver/Src/stm32f1xx_hal_tim_ex.c ****   ==============================================================================
2108:Drivers/STM32F1xx_HAL_Driver/Src/stm32f1xx_hal_tim_ex.c ****                 ##### Extended Peripheral State functions #####
2109:Drivers/STM32F1xx_HAL_Driver/Src/stm32f1xx_hal_tim_ex.c ****   ==============================================================================
2110:Drivers/STM32F1xx_HAL_Driver/Src/stm32f1xx_hal_tim_ex.c ****   [..]
2111:Drivers/STM32F1xx_HAL_Driver/Src/stm32f1xx_hal_tim_ex.c ****     This subsection permits to get in run-time the status of the peripheral
2112:Drivers/STM32F1xx_HAL_Driver/Src/stm32f1xx_hal_tim_ex.c ****     and the data flow.
2113:Drivers/STM32F1xx_HAL_Driver/Src/stm32f1xx_hal_tim_ex.c **** 
2114:Drivers/STM32F1xx_HAL_Driver/Src/stm32f1xx_hal_tim_ex.c **** @endverbatim
2115:Drivers/STM32F1xx_HAL_Driver/Src/stm32f1xx_hal_tim_ex.c ****   * @{
2116:Drivers/STM32F1xx_HAL_Driver/Src/stm32f1xx_hal_tim_ex.c ****   */
2117:Drivers/STM32F1xx_HAL_Driver/Src/stm32f1xx_hal_tim_ex.c **** 
2118:Drivers/STM32F1xx_HAL_Driver/Src/stm32f1xx_hal_tim_ex.c **** /**
2119:Drivers/STM32F1xx_HAL_Driver/Src/stm32f1xx_hal_tim_ex.c ****   * @brief  Return the TIM Hall Sensor interface handle state.
2120:Drivers/STM32F1xx_HAL_Driver/Src/stm32f1xx_hal_tim_ex.c ****   * @param  htim TIM Hall Sensor handle
2121:Drivers/STM32F1xx_HAL_Driver/Src/stm32f1xx_hal_tim_ex.c ****   * @retval HAL state
2122:Drivers/STM32F1xx_HAL_Driver/Src/stm32f1xx_hal_tim_ex.c ****   */
2123:Drivers/STM32F1xx_HAL_Driver/Src/stm32f1xx_hal_tim_ex.c **** HAL_TIM_StateTypeDef HAL_TIMEx_HallSensor_GetState(TIM_HandleTypeDef *htim)
2124:Drivers/STM32F1xx_HAL_Driver/Src/stm32f1xx_hal_tim_ex.c **** {
2125:Drivers/STM32F1xx_HAL_Driver/Src/stm32f1xx_hal_tim_ex.c ****   return htim->State;
2126:Drivers/STM32F1xx_HAL_Driver/Src/stm32f1xx_hal_tim_ex.c **** }
2127:Drivers/STM32F1xx_HAL_Driver/Src/stm32f1xx_hal_tim_ex.c **** 
2128:Drivers/STM32F1xx_HAL_Driver/Src/stm32f1xx_hal_tim_ex.c **** /**
2129:Drivers/STM32F1xx_HAL_Driver/Src/stm32f1xx_hal_tim_ex.c ****   * @brief  Return actual state of the TIM complementary channel.
2130:Drivers/STM32F1xx_HAL_Driver/Src/stm32f1xx_hal_tim_ex.c ****   * @param  htim TIM handle
2131:Drivers/STM32F1xx_HAL_Driver/Src/stm32f1xx_hal_tim_ex.c ****   * @param  ChannelN TIM Complementary channel
2132:Drivers/STM32F1xx_HAL_Driver/Src/stm32f1xx_hal_tim_ex.c ****   *          This parameter can be one of the following values:
2133:Drivers/STM32F1xx_HAL_Driver/Src/stm32f1xx_hal_tim_ex.c ****   *            @arg TIM_CHANNEL_1: TIM Channel 1
2134:Drivers/STM32F1xx_HAL_Driver/Src/stm32f1xx_hal_tim_ex.c ****   *            @arg TIM_CHANNEL_2: TIM Channel 2
2135:Drivers/STM32F1xx_HAL_Driver/Src/stm32f1xx_hal_tim_ex.c ****   *            @arg TIM_CHANNEL_3: TIM Channel 3
2136:Drivers/STM32F1xx_HAL_Driver/Src/stm32f1xx_hal_tim_ex.c ****   * @retval TIM Complementary channel state
2137:Drivers/STM32F1xx_HAL_Driver/Src/stm32f1xx_hal_tim_ex.c ****   */
2138:Drivers/STM32F1xx_HAL_Driver/Src/stm32f1xx_hal_tim_ex.c **** HAL_TIM_ChannelStateTypeDef HAL_TIMEx_GetChannelNState(TIM_HandleTypeDef *htim,  uint32_t ChannelN)
2139:Drivers/STM32F1xx_HAL_Driver/Src/stm32f1xx_hal_tim_ex.c **** {
2140:Drivers/STM32F1xx_HAL_Driver/Src/stm32f1xx_hal_tim_ex.c ****   HAL_TIM_ChannelStateTypeDef channel_state;
2141:Drivers/STM32F1xx_HAL_Driver/Src/stm32f1xx_hal_tim_ex.c **** 
ARM GAS  C:\Users\ride_pig\AppData\Local\Temp\ccPlGaWa.s 			page 39


2142:Drivers/STM32F1xx_HAL_Driver/Src/stm32f1xx_hal_tim_ex.c ****   /* Check the parameters */
2143:Drivers/STM32F1xx_HAL_Driver/Src/stm32f1xx_hal_tim_ex.c ****   assert_param(IS_TIM_CCXN_INSTANCE(htim->Instance, ChannelN));
2144:Drivers/STM32F1xx_HAL_Driver/Src/stm32f1xx_hal_tim_ex.c **** 
2145:Drivers/STM32F1xx_HAL_Driver/Src/stm32f1xx_hal_tim_ex.c ****   channel_state = TIM_CHANNEL_N_STATE_GET(htim, ChannelN);
2146:Drivers/STM32F1xx_HAL_Driver/Src/stm32f1xx_hal_tim_ex.c **** 
2147:Drivers/STM32F1xx_HAL_Driver/Src/stm32f1xx_hal_tim_ex.c ****   return channel_state;
2148:Drivers/STM32F1xx_HAL_Driver/Src/stm32f1xx_hal_tim_ex.c **** }
2149:Drivers/STM32F1xx_HAL_Driver/Src/stm32f1xx_hal_tim_ex.c **** /**
2150:Drivers/STM32F1xx_HAL_Driver/Src/stm32f1xx_hal_tim_ex.c ****   * @}
2151:Drivers/STM32F1xx_HAL_Driver/Src/stm32f1xx_hal_tim_ex.c ****   */
2152:Drivers/STM32F1xx_HAL_Driver/Src/stm32f1xx_hal_tim_ex.c **** 
2153:Drivers/STM32F1xx_HAL_Driver/Src/stm32f1xx_hal_tim_ex.c **** /**
2154:Drivers/STM32F1xx_HAL_Driver/Src/stm32f1xx_hal_tim_ex.c ****   * @}
2155:Drivers/STM32F1xx_HAL_Driver/Src/stm32f1xx_hal_tim_ex.c ****   */
2156:Drivers/STM32F1xx_HAL_Driver/Src/stm32f1xx_hal_tim_ex.c **** 
2157:Drivers/STM32F1xx_HAL_Driver/Src/stm32f1xx_hal_tim_ex.c **** /* Private functions ---------------------------------------------------------*/
2158:Drivers/STM32F1xx_HAL_Driver/Src/stm32f1xx_hal_tim_ex.c **** /** @defgroup TIMEx_Private_Functions TIMEx Private Functions
2159:Drivers/STM32F1xx_HAL_Driver/Src/stm32f1xx_hal_tim_ex.c ****   * @{
2160:Drivers/STM32F1xx_HAL_Driver/Src/stm32f1xx_hal_tim_ex.c ****   */
2161:Drivers/STM32F1xx_HAL_Driver/Src/stm32f1xx_hal_tim_ex.c **** 
2162:Drivers/STM32F1xx_HAL_Driver/Src/stm32f1xx_hal_tim_ex.c **** /**
2163:Drivers/STM32F1xx_HAL_Driver/Src/stm32f1xx_hal_tim_ex.c ****   * @brief  TIM DMA Commutation callback.
2164:Drivers/STM32F1xx_HAL_Driver/Src/stm32f1xx_hal_tim_ex.c ****   * @param  hdma pointer to DMA handle.
2165:Drivers/STM32F1xx_HAL_Driver/Src/stm32f1xx_hal_tim_ex.c ****   * @retval None
2166:Drivers/STM32F1xx_HAL_Driver/Src/stm32f1xx_hal_tim_ex.c ****   */
2167:Drivers/STM32F1xx_HAL_Driver/Src/stm32f1xx_hal_tim_ex.c **** void TIMEx_DMACommutationCplt(DMA_HandleTypeDef *hdma)
2168:Drivers/STM32F1xx_HAL_Driver/Src/stm32f1xx_hal_tim_ex.c **** {
2169:Drivers/STM32F1xx_HAL_Driver/Src/stm32f1xx_hal_tim_ex.c ****   TIM_HandleTypeDef *htim = (TIM_HandleTypeDef *)((DMA_HandleTypeDef *)hdma)->Parent;
2170:Drivers/STM32F1xx_HAL_Driver/Src/stm32f1xx_hal_tim_ex.c **** 
2171:Drivers/STM32F1xx_HAL_Driver/Src/stm32f1xx_hal_tim_ex.c ****   /* Change the htim state */
2172:Drivers/STM32F1xx_HAL_Driver/Src/stm32f1xx_hal_tim_ex.c ****   htim->State = HAL_TIM_STATE_READY;
2173:Drivers/STM32F1xx_HAL_Driver/Src/stm32f1xx_hal_tim_ex.c **** 
2174:Drivers/STM32F1xx_HAL_Driver/Src/stm32f1xx_hal_tim_ex.c **** #if (USE_HAL_TIM_REGISTER_CALLBACKS == 1)
2175:Drivers/STM32F1xx_HAL_Driver/Src/stm32f1xx_hal_tim_ex.c ****   htim->CommutationCallback(htim);
2176:Drivers/STM32F1xx_HAL_Driver/Src/stm32f1xx_hal_tim_ex.c **** #else
2177:Drivers/STM32F1xx_HAL_Driver/Src/stm32f1xx_hal_tim_ex.c ****   HAL_TIMEx_CommutCallback(htim);
2178:Drivers/STM32F1xx_HAL_Driver/Src/stm32f1xx_hal_tim_ex.c **** #endif /* USE_HAL_TIM_REGISTER_CALLBACKS */
2179:Drivers/STM32F1xx_HAL_Driver/Src/stm32f1xx_hal_tim_ex.c **** }
2180:Drivers/STM32F1xx_HAL_Driver/Src/stm32f1xx_hal_tim_ex.c **** 
2181:Drivers/STM32F1xx_HAL_Driver/Src/stm32f1xx_hal_tim_ex.c **** /**
2182:Drivers/STM32F1xx_HAL_Driver/Src/stm32f1xx_hal_tim_ex.c ****   * @brief  TIM DMA Commutation half complete callback.
2183:Drivers/STM32F1xx_HAL_Driver/Src/stm32f1xx_hal_tim_ex.c ****   * @param  hdma pointer to DMA handle.
2184:Drivers/STM32F1xx_HAL_Driver/Src/stm32f1xx_hal_tim_ex.c ****   * @retval None
2185:Drivers/STM32F1xx_HAL_Driver/Src/stm32f1xx_hal_tim_ex.c ****   */
2186:Drivers/STM32F1xx_HAL_Driver/Src/stm32f1xx_hal_tim_ex.c **** void TIMEx_DMACommutationHalfCplt(DMA_HandleTypeDef *hdma)
2187:Drivers/STM32F1xx_HAL_Driver/Src/stm32f1xx_hal_tim_ex.c **** {
2188:Drivers/STM32F1xx_HAL_Driver/Src/stm32f1xx_hal_tim_ex.c ****   TIM_HandleTypeDef *htim = (TIM_HandleTypeDef *)((DMA_HandleTypeDef *)hdma)->Parent;
2189:Drivers/STM32F1xx_HAL_Driver/Src/stm32f1xx_hal_tim_ex.c **** 
2190:Drivers/STM32F1xx_HAL_Driver/Src/stm32f1xx_hal_tim_ex.c ****   /* Change the htim state */
2191:Drivers/STM32F1xx_HAL_Driver/Src/stm32f1xx_hal_tim_ex.c ****   htim->State = HAL_TIM_STATE_READY;
2192:Drivers/STM32F1xx_HAL_Driver/Src/stm32f1xx_hal_tim_ex.c **** 
2193:Drivers/STM32F1xx_HAL_Driver/Src/stm32f1xx_hal_tim_ex.c **** #if (USE_HAL_TIM_REGISTER_CALLBACKS == 1)
2194:Drivers/STM32F1xx_HAL_Driver/Src/stm32f1xx_hal_tim_ex.c ****   htim->CommutationHalfCpltCallback(htim);
2195:Drivers/STM32F1xx_HAL_Driver/Src/stm32f1xx_hal_tim_ex.c **** #else
2196:Drivers/STM32F1xx_HAL_Driver/Src/stm32f1xx_hal_tim_ex.c ****   HAL_TIMEx_CommutHalfCpltCallback(htim);
2197:Drivers/STM32F1xx_HAL_Driver/Src/stm32f1xx_hal_tim_ex.c **** #endif /* USE_HAL_TIM_REGISTER_CALLBACKS */
2198:Drivers/STM32F1xx_HAL_Driver/Src/stm32f1xx_hal_tim_ex.c **** }
ARM GAS  C:\Users\ride_pig\AppData\Local\Temp\ccPlGaWa.s 			page 40


2199:Drivers/STM32F1xx_HAL_Driver/Src/stm32f1xx_hal_tim_ex.c **** 
2200:Drivers/STM32F1xx_HAL_Driver/Src/stm32f1xx_hal_tim_ex.c **** 
2201:Drivers/STM32F1xx_HAL_Driver/Src/stm32f1xx_hal_tim_ex.c **** /**
2202:Drivers/STM32F1xx_HAL_Driver/Src/stm32f1xx_hal_tim_ex.c ****   * @brief  TIM DMA Delay Pulse complete callback (complementary channel).
2203:Drivers/STM32F1xx_HAL_Driver/Src/stm32f1xx_hal_tim_ex.c ****   * @param  hdma pointer to DMA handle.
2204:Drivers/STM32F1xx_HAL_Driver/Src/stm32f1xx_hal_tim_ex.c ****   * @retval None
2205:Drivers/STM32F1xx_HAL_Driver/Src/stm32f1xx_hal_tim_ex.c ****   */
2206:Drivers/STM32F1xx_HAL_Driver/Src/stm32f1xx_hal_tim_ex.c **** static void TIM_DMADelayPulseNCplt(DMA_HandleTypeDef *hdma)
2207:Drivers/STM32F1xx_HAL_Driver/Src/stm32f1xx_hal_tim_ex.c **** {
2208:Drivers/STM32F1xx_HAL_Driver/Src/stm32f1xx_hal_tim_ex.c ****   TIM_HandleTypeDef *htim = (TIM_HandleTypeDef *)((DMA_HandleTypeDef *)hdma)->Parent;
2209:Drivers/STM32F1xx_HAL_Driver/Src/stm32f1xx_hal_tim_ex.c **** 
2210:Drivers/STM32F1xx_HAL_Driver/Src/stm32f1xx_hal_tim_ex.c ****   if (hdma == htim->hdma[TIM_DMA_ID_CC1])
2211:Drivers/STM32F1xx_HAL_Driver/Src/stm32f1xx_hal_tim_ex.c ****   {
2212:Drivers/STM32F1xx_HAL_Driver/Src/stm32f1xx_hal_tim_ex.c ****     htim->Channel = HAL_TIM_ACTIVE_CHANNEL_1;
2213:Drivers/STM32F1xx_HAL_Driver/Src/stm32f1xx_hal_tim_ex.c **** 
2214:Drivers/STM32F1xx_HAL_Driver/Src/stm32f1xx_hal_tim_ex.c ****     if (hdma->Init.Mode == DMA_NORMAL)
2215:Drivers/STM32F1xx_HAL_Driver/Src/stm32f1xx_hal_tim_ex.c ****     {
2216:Drivers/STM32F1xx_HAL_Driver/Src/stm32f1xx_hal_tim_ex.c ****       TIM_CHANNEL_N_STATE_SET(htim, TIM_CHANNEL_1, HAL_TIM_CHANNEL_STATE_READY);
2217:Drivers/STM32F1xx_HAL_Driver/Src/stm32f1xx_hal_tim_ex.c ****     }
2218:Drivers/STM32F1xx_HAL_Driver/Src/stm32f1xx_hal_tim_ex.c ****   }
2219:Drivers/STM32F1xx_HAL_Driver/Src/stm32f1xx_hal_tim_ex.c ****   else if (hdma == htim->hdma[TIM_DMA_ID_CC2])
2220:Drivers/STM32F1xx_HAL_Driver/Src/stm32f1xx_hal_tim_ex.c ****   {
2221:Drivers/STM32F1xx_HAL_Driver/Src/stm32f1xx_hal_tim_ex.c ****     htim->Channel = HAL_TIM_ACTIVE_CHANNEL_2;
2222:Drivers/STM32F1xx_HAL_Driver/Src/stm32f1xx_hal_tim_ex.c **** 
2223:Drivers/STM32F1xx_HAL_Driver/Src/stm32f1xx_hal_tim_ex.c ****     if (hdma->Init.Mode == DMA_NORMAL)
2224:Drivers/STM32F1xx_HAL_Driver/Src/stm32f1xx_hal_tim_ex.c ****     {
2225:Drivers/STM32F1xx_HAL_Driver/Src/stm32f1xx_hal_tim_ex.c ****       TIM_CHANNEL_N_STATE_SET(htim, TIM_CHANNEL_2, HAL_TIM_CHANNEL_STATE_READY);
2226:Drivers/STM32F1xx_HAL_Driver/Src/stm32f1xx_hal_tim_ex.c ****     }
2227:Drivers/STM32F1xx_HAL_Driver/Src/stm32f1xx_hal_tim_ex.c ****   }
2228:Drivers/STM32F1xx_HAL_Driver/Src/stm32f1xx_hal_tim_ex.c ****   else if (hdma == htim->hdma[TIM_DMA_ID_CC3])
2229:Drivers/STM32F1xx_HAL_Driver/Src/stm32f1xx_hal_tim_ex.c ****   {
2230:Drivers/STM32F1xx_HAL_Driver/Src/stm32f1xx_hal_tim_ex.c ****     htim->Channel = HAL_TIM_ACTIVE_CHANNEL_3;
2231:Drivers/STM32F1xx_HAL_Driver/Src/stm32f1xx_hal_tim_ex.c **** 
2232:Drivers/STM32F1xx_HAL_Driver/Src/stm32f1xx_hal_tim_ex.c ****     if (hdma->Init.Mode == DMA_NORMAL)
2233:Drivers/STM32F1xx_HAL_Driver/Src/stm32f1xx_hal_tim_ex.c ****     {
2234:Drivers/STM32F1xx_HAL_Driver/Src/stm32f1xx_hal_tim_ex.c ****       TIM_CHANNEL_N_STATE_SET(htim, TIM_CHANNEL_3, HAL_TIM_CHANNEL_STATE_READY);
2235:Drivers/STM32F1xx_HAL_Driver/Src/stm32f1xx_hal_tim_ex.c ****     }
2236:Drivers/STM32F1xx_HAL_Driver/Src/stm32f1xx_hal_tim_ex.c ****   }
2237:Drivers/STM32F1xx_HAL_Driver/Src/stm32f1xx_hal_tim_ex.c ****   else if (hdma == htim->hdma[TIM_DMA_ID_CC4])
2238:Drivers/STM32F1xx_HAL_Driver/Src/stm32f1xx_hal_tim_ex.c ****   {
2239:Drivers/STM32F1xx_HAL_Driver/Src/stm32f1xx_hal_tim_ex.c ****     htim->Channel = HAL_TIM_ACTIVE_CHANNEL_4;
2240:Drivers/STM32F1xx_HAL_Driver/Src/stm32f1xx_hal_tim_ex.c **** 
2241:Drivers/STM32F1xx_HAL_Driver/Src/stm32f1xx_hal_tim_ex.c ****     if (hdma->Init.Mode == DMA_NORMAL)
2242:Drivers/STM32F1xx_HAL_Driver/Src/stm32f1xx_hal_tim_ex.c ****     {
2243:Drivers/STM32F1xx_HAL_Driver/Src/stm32f1xx_hal_tim_ex.c ****       TIM_CHANNEL_N_STATE_SET(htim, TIM_CHANNEL_4, HAL_TIM_CHANNEL_STATE_READY);
2244:Drivers/STM32F1xx_HAL_Driver/Src/stm32f1xx_hal_tim_ex.c ****     }
2245:Drivers/STM32F1xx_HAL_Driver/Src/stm32f1xx_hal_tim_ex.c ****   }
2246:Drivers/STM32F1xx_HAL_Driver/Src/stm32f1xx_hal_tim_ex.c ****   else
2247:Drivers/STM32F1xx_HAL_Driver/Src/stm32f1xx_hal_tim_ex.c ****   {
2248:Drivers/STM32F1xx_HAL_Driver/Src/stm32f1xx_hal_tim_ex.c ****     /* nothing to do */
2249:Drivers/STM32F1xx_HAL_Driver/Src/stm32f1xx_hal_tim_ex.c ****   }
2250:Drivers/STM32F1xx_HAL_Driver/Src/stm32f1xx_hal_tim_ex.c **** 
2251:Drivers/STM32F1xx_HAL_Driver/Src/stm32f1xx_hal_tim_ex.c **** #if (USE_HAL_TIM_REGISTER_CALLBACKS == 1)
2252:Drivers/STM32F1xx_HAL_Driver/Src/stm32f1xx_hal_tim_ex.c ****   htim->PWM_PulseFinishedCallback(htim);
2253:Drivers/STM32F1xx_HAL_Driver/Src/stm32f1xx_hal_tim_ex.c **** #else
2254:Drivers/STM32F1xx_HAL_Driver/Src/stm32f1xx_hal_tim_ex.c ****   HAL_TIM_PWM_PulseFinishedCallback(htim);
2255:Drivers/STM32F1xx_HAL_Driver/Src/stm32f1xx_hal_tim_ex.c **** #endif /* USE_HAL_TIM_REGISTER_CALLBACKS */
ARM GAS  C:\Users\ride_pig\AppData\Local\Temp\ccPlGaWa.s 			page 41


2256:Drivers/STM32F1xx_HAL_Driver/Src/stm32f1xx_hal_tim_ex.c **** 
2257:Drivers/STM32F1xx_HAL_Driver/Src/stm32f1xx_hal_tim_ex.c ****   htim->Channel = HAL_TIM_ACTIVE_CHANNEL_CLEARED;
2258:Drivers/STM32F1xx_HAL_Driver/Src/stm32f1xx_hal_tim_ex.c **** }
2259:Drivers/STM32F1xx_HAL_Driver/Src/stm32f1xx_hal_tim_ex.c **** 
2260:Drivers/STM32F1xx_HAL_Driver/Src/stm32f1xx_hal_tim_ex.c **** /**
2261:Drivers/STM32F1xx_HAL_Driver/Src/stm32f1xx_hal_tim_ex.c ****   * @brief  TIM DMA error callback (complementary channel)
2262:Drivers/STM32F1xx_HAL_Driver/Src/stm32f1xx_hal_tim_ex.c ****   * @param  hdma pointer to DMA handle.
2263:Drivers/STM32F1xx_HAL_Driver/Src/stm32f1xx_hal_tim_ex.c ****   * @retval None
2264:Drivers/STM32F1xx_HAL_Driver/Src/stm32f1xx_hal_tim_ex.c ****   */
2265:Drivers/STM32F1xx_HAL_Driver/Src/stm32f1xx_hal_tim_ex.c **** static void TIM_DMAErrorCCxN(DMA_HandleTypeDef *hdma)
2266:Drivers/STM32F1xx_HAL_Driver/Src/stm32f1xx_hal_tim_ex.c **** {
2267:Drivers/STM32F1xx_HAL_Driver/Src/stm32f1xx_hal_tim_ex.c ****   TIM_HandleTypeDef *htim = (TIM_HandleTypeDef *)((DMA_HandleTypeDef *)hdma)->Parent;
2268:Drivers/STM32F1xx_HAL_Driver/Src/stm32f1xx_hal_tim_ex.c **** 
2269:Drivers/STM32F1xx_HAL_Driver/Src/stm32f1xx_hal_tim_ex.c ****   if (hdma == htim->hdma[TIM_DMA_ID_CC1])
2270:Drivers/STM32F1xx_HAL_Driver/Src/stm32f1xx_hal_tim_ex.c ****   {
2271:Drivers/STM32F1xx_HAL_Driver/Src/stm32f1xx_hal_tim_ex.c ****     htim->Channel = HAL_TIM_ACTIVE_CHANNEL_1;
2272:Drivers/STM32F1xx_HAL_Driver/Src/stm32f1xx_hal_tim_ex.c ****     TIM_CHANNEL_N_STATE_SET(htim, TIM_CHANNEL_1, HAL_TIM_CHANNEL_STATE_READY);
2273:Drivers/STM32F1xx_HAL_Driver/Src/stm32f1xx_hal_tim_ex.c ****   }
2274:Drivers/STM32F1xx_HAL_Driver/Src/stm32f1xx_hal_tim_ex.c ****   else if (hdma == htim->hdma[TIM_DMA_ID_CC2])
2275:Drivers/STM32F1xx_HAL_Driver/Src/stm32f1xx_hal_tim_ex.c ****   {
2276:Drivers/STM32F1xx_HAL_Driver/Src/stm32f1xx_hal_tim_ex.c ****     htim->Channel = HAL_TIM_ACTIVE_CHANNEL_2;
2277:Drivers/STM32F1xx_HAL_Driver/Src/stm32f1xx_hal_tim_ex.c ****     TIM_CHANNEL_N_STATE_SET(htim, TIM_CHANNEL_2, HAL_TIM_CHANNEL_STATE_READY);
2278:Drivers/STM32F1xx_HAL_Driver/Src/stm32f1xx_hal_tim_ex.c ****   }
2279:Drivers/STM32F1xx_HAL_Driver/Src/stm32f1xx_hal_tim_ex.c ****   else if (hdma == htim->hdma[TIM_DMA_ID_CC3])
2280:Drivers/STM32F1xx_HAL_Driver/Src/stm32f1xx_hal_tim_ex.c ****   {
2281:Drivers/STM32F1xx_HAL_Driver/Src/stm32f1xx_hal_tim_ex.c ****     htim->Channel = HAL_TIM_ACTIVE_CHANNEL_3;
2282:Drivers/STM32F1xx_HAL_Driver/Src/stm32f1xx_hal_tim_ex.c ****     TIM_CHANNEL_N_STATE_SET(htim, TIM_CHANNEL_3, HAL_TIM_CHANNEL_STATE_READY);
2283:Drivers/STM32F1xx_HAL_Driver/Src/stm32f1xx_hal_tim_ex.c ****   }
2284:Drivers/STM32F1xx_HAL_Driver/Src/stm32f1xx_hal_tim_ex.c ****   else
2285:Drivers/STM32F1xx_HAL_Driver/Src/stm32f1xx_hal_tim_ex.c ****   {
2286:Drivers/STM32F1xx_HAL_Driver/Src/stm32f1xx_hal_tim_ex.c ****     /* nothing to do */
2287:Drivers/STM32F1xx_HAL_Driver/Src/stm32f1xx_hal_tim_ex.c ****   }
2288:Drivers/STM32F1xx_HAL_Driver/Src/stm32f1xx_hal_tim_ex.c **** 
2289:Drivers/STM32F1xx_HAL_Driver/Src/stm32f1xx_hal_tim_ex.c **** #if (USE_HAL_TIM_REGISTER_CALLBACKS == 1)
2290:Drivers/STM32F1xx_HAL_Driver/Src/stm32f1xx_hal_tim_ex.c ****   htim->ErrorCallback(htim);
2291:Drivers/STM32F1xx_HAL_Driver/Src/stm32f1xx_hal_tim_ex.c **** #else
2292:Drivers/STM32F1xx_HAL_Driver/Src/stm32f1xx_hal_tim_ex.c ****   HAL_TIM_ErrorCallback(htim);
2293:Drivers/STM32F1xx_HAL_Driver/Src/stm32f1xx_hal_tim_ex.c **** #endif /* USE_HAL_TIM_REGISTER_CALLBACKS */
2294:Drivers/STM32F1xx_HAL_Driver/Src/stm32f1xx_hal_tim_ex.c **** 
2295:Drivers/STM32F1xx_HAL_Driver/Src/stm32f1xx_hal_tim_ex.c ****   htim->Channel = HAL_TIM_ACTIVE_CHANNEL_CLEARED;
2296:Drivers/STM32F1xx_HAL_Driver/Src/stm32f1xx_hal_tim_ex.c **** }
2297:Drivers/STM32F1xx_HAL_Driver/Src/stm32f1xx_hal_tim_ex.c **** 
2298:Drivers/STM32F1xx_HAL_Driver/Src/stm32f1xx_hal_tim_ex.c **** /**
2299:Drivers/STM32F1xx_HAL_Driver/Src/stm32f1xx_hal_tim_ex.c ****   * @brief  Enables or disables the TIM Capture Compare Channel xN.
2300:Drivers/STM32F1xx_HAL_Driver/Src/stm32f1xx_hal_tim_ex.c ****   * @param  TIMx to select the TIM peripheral
2301:Drivers/STM32F1xx_HAL_Driver/Src/stm32f1xx_hal_tim_ex.c ****   * @param  Channel specifies the TIM Channel
2302:Drivers/STM32F1xx_HAL_Driver/Src/stm32f1xx_hal_tim_ex.c ****   *          This parameter can be one of the following values:
2303:Drivers/STM32F1xx_HAL_Driver/Src/stm32f1xx_hal_tim_ex.c ****   *            @arg TIM_CHANNEL_1: TIM Channel 1
2304:Drivers/STM32F1xx_HAL_Driver/Src/stm32f1xx_hal_tim_ex.c ****   *            @arg TIM_CHANNEL_2: TIM Channel 2
2305:Drivers/STM32F1xx_HAL_Driver/Src/stm32f1xx_hal_tim_ex.c ****   *            @arg TIM_CHANNEL_3: TIM Channel 3
2306:Drivers/STM32F1xx_HAL_Driver/Src/stm32f1xx_hal_tim_ex.c ****   * @param  ChannelNState specifies the TIM Channel CCxNE bit new state.
2307:Drivers/STM32F1xx_HAL_Driver/Src/stm32f1xx_hal_tim_ex.c ****   *          This parameter can be: TIM_CCxN_ENABLE or TIM_CCxN_Disable.
2308:Drivers/STM32F1xx_HAL_Driver/Src/stm32f1xx_hal_tim_ex.c ****   * @retval None
2309:Drivers/STM32F1xx_HAL_Driver/Src/stm32f1xx_hal_tim_ex.c ****   */
2310:Drivers/STM32F1xx_HAL_Driver/Src/stm32f1xx_hal_tim_ex.c **** static void TIM_CCxNChannelCmd(TIM_TypeDef *TIMx, uint32_t Channel, uint32_t ChannelNState)
2311:Drivers/STM32F1xx_HAL_Driver/Src/stm32f1xx_hal_tim_ex.c **** {
  27              		.loc 1 2311 1 view -0
ARM GAS  C:\Users\ride_pig\AppData\Local\Temp\ccPlGaWa.s 			page 42


  28              		.cfi_startproc
  29              		@ args = 0, pretend = 0, frame = 0
  30              		@ frame_needed = 0, uses_anonymous_args = 0
  31              		@ link register save eliminated.
2312:Drivers/STM32F1xx_HAL_Driver/Src/stm32f1xx_hal_tim_ex.c ****   uint32_t tmp;
  32              		.loc 1 2312 3 view .LVU1
2313:Drivers/STM32F1xx_HAL_Driver/Src/stm32f1xx_hal_tim_ex.c **** 
2314:Drivers/STM32F1xx_HAL_Driver/Src/stm32f1xx_hal_tim_ex.c ****   tmp = TIM_CCER_CC1NE << (Channel & 0x1FU); /* 0x1FU = 31 bits max shift */
  33              		.loc 1 2314 3 view .LVU2
  34              		.loc 1 2314 36 is_stmt 0 view .LVU3
  35 0000 01F01F01 		and	r1, r1, #31
  36              	.LVL1:
  37              		.loc 1 2314 7 view .LVU4
  38 0004 4FF0040C 		mov	ip, #4
  39 0008 0CFA01FC 		lsl	ip, ip, r1
  40              	.LVL2:
2315:Drivers/STM32F1xx_HAL_Driver/Src/stm32f1xx_hal_tim_ex.c **** 
2316:Drivers/STM32F1xx_HAL_Driver/Src/stm32f1xx_hal_tim_ex.c ****   /* Reset the CCxNE Bit */
2317:Drivers/STM32F1xx_HAL_Driver/Src/stm32f1xx_hal_tim_ex.c ****   TIMx->CCER &=  ~tmp;
  41              		.loc 1 2317 3 is_stmt 1 view .LVU5
  42              		.loc 1 2317 14 is_stmt 0 view .LVU6
  43 000c 036A     		ldr	r3, [r0, #32]
  44 000e 23EA0C03 		bic	r3, r3, ip
  45 0012 0362     		str	r3, [r0, #32]
2318:Drivers/STM32F1xx_HAL_Driver/Src/stm32f1xx_hal_tim_ex.c **** 
2319:Drivers/STM32F1xx_HAL_Driver/Src/stm32f1xx_hal_tim_ex.c ****   /* Set or reset the CCxNE Bit */
2320:Drivers/STM32F1xx_HAL_Driver/Src/stm32f1xx_hal_tim_ex.c ****   TIMx->CCER |= (uint32_t)(ChannelNState << (Channel & 0x1FU)); /* 0x1FU = 31 bits max shift */
  46              		.loc 1 2320 3 is_stmt 1 view .LVU7
  47              		.loc 1 2320 14 is_stmt 0 view .LVU8
  48 0014 036A     		ldr	r3, [r0, #32]
  49              		.loc 1 2320 42 view .LVU9
  50 0016 8A40     		lsls	r2, r2, r1
  51              	.LVL3:
  52              		.loc 1 2320 14 view .LVU10
  53 0018 1343     		orrs	r3, r3, r2
  54 001a 0362     		str	r3, [r0, #32]
2321:Drivers/STM32F1xx_HAL_Driver/Src/stm32f1xx_hal_tim_ex.c **** }
  55              		.loc 1 2321 1 view .LVU11
  56 001c 7047     		bx	lr
  57              		.cfi_endproc
  58              	.LFE106:
  60              		.section	.text.TIM_DMAErrorCCxN,"ax",%progbits
  61              		.align	1
  62              		.syntax unified
  63              		.thumb
  64              		.thumb_func
  66              	TIM_DMAErrorCCxN:
  67              	.LVL4:
  68              	.LFB105:
2266:Drivers/STM32F1xx_HAL_Driver/Src/stm32f1xx_hal_tim_ex.c ****   TIM_HandleTypeDef *htim = (TIM_HandleTypeDef *)((DMA_HandleTypeDef *)hdma)->Parent;
  69              		.loc 1 2266 1 is_stmt 1 view -0
  70              		.cfi_startproc
  71              		@ args = 0, pretend = 0, frame = 0
  72              		@ frame_needed = 0, uses_anonymous_args = 0
2266:Drivers/STM32F1xx_HAL_Driver/Src/stm32f1xx_hal_tim_ex.c ****   TIM_HandleTypeDef *htim = (TIM_HandleTypeDef *)((DMA_HandleTypeDef *)hdma)->Parent;
  73              		.loc 1 2266 1 is_stmt 0 view .LVU13
  74 0000 10B5     		push	{r4, lr}
ARM GAS  C:\Users\ride_pig\AppData\Local\Temp\ccPlGaWa.s 			page 43


  75              	.LCFI0:
  76              		.cfi_def_cfa_offset 8
  77              		.cfi_offset 4, -8
  78              		.cfi_offset 14, -4
2267:Drivers/STM32F1xx_HAL_Driver/Src/stm32f1xx_hal_tim_ex.c **** 
  79              		.loc 1 2267 3 is_stmt 1 view .LVU14
2267:Drivers/STM32F1xx_HAL_Driver/Src/stm32f1xx_hal_tim_ex.c **** 
  80              		.loc 1 2267 22 is_stmt 0 view .LVU15
  81 0002 446A     		ldr	r4, [r0, #36]
  82              	.LVL5:
2269:Drivers/STM32F1xx_HAL_Driver/Src/stm32f1xx_hal_tim_ex.c ****   {
  83              		.loc 1 2269 3 is_stmt 1 view .LVU16
2269:Drivers/STM32F1xx_HAL_Driver/Src/stm32f1xx_hal_tim_ex.c ****   {
  84              		.loc 1 2269 25 is_stmt 0 view .LVU17
  85 0004 636A     		ldr	r3, [r4, #36]
2269:Drivers/STM32F1xx_HAL_Driver/Src/stm32f1xx_hal_tim_ex.c ****   {
  86              		.loc 1 2269 6 view .LVU18
  87 0006 8342     		cmp	r3, r0
  88 0008 0BD0     		beq	.L7
2274:Drivers/STM32F1xx_HAL_Driver/Src/stm32f1xx_hal_tim_ex.c ****   {
  89              		.loc 1 2274 8 is_stmt 1 view .LVU19
2274:Drivers/STM32F1xx_HAL_Driver/Src/stm32f1xx_hal_tim_ex.c ****   {
  90              		.loc 1 2274 30 is_stmt 0 view .LVU20
  91 000a A36A     		ldr	r3, [r4, #40]
2274:Drivers/STM32F1xx_HAL_Driver/Src/stm32f1xx_hal_tim_ex.c ****   {
  92              		.loc 1 2274 11 view .LVU21
  93 000c 8342     		cmp	r3, r0
  94 000e 0DD0     		beq	.L8
2279:Drivers/STM32F1xx_HAL_Driver/Src/stm32f1xx_hal_tim_ex.c ****   {
  95              		.loc 1 2279 8 is_stmt 1 view .LVU22
2279:Drivers/STM32F1xx_HAL_Driver/Src/stm32f1xx_hal_tim_ex.c ****   {
  96              		.loc 1 2279 30 is_stmt 0 view .LVU23
  97 0010 E36A     		ldr	r3, [r4, #44]
2279:Drivers/STM32F1xx_HAL_Driver/Src/stm32f1xx_hal_tim_ex.c ****   {
  98              		.loc 1 2279 11 view .LVU24
  99 0012 8342     		cmp	r3, r0
 100 0014 10D0     		beq	.L9
 101              	.L4:
2287:Drivers/STM32F1xx_HAL_Driver/Src/stm32f1xx_hal_tim_ex.c **** 
 102              		.loc 1 2287 3 is_stmt 1 view .LVU25
2292:Drivers/STM32F1xx_HAL_Driver/Src/stm32f1xx_hal_tim_ex.c **** #endif /* USE_HAL_TIM_REGISTER_CALLBACKS */
 103              		.loc 1 2292 3 view .LVU26
 104 0016 2046     		mov	r0, r4
 105              	.LVL6:
2292:Drivers/STM32F1xx_HAL_Driver/Src/stm32f1xx_hal_tim_ex.c **** #endif /* USE_HAL_TIM_REGISTER_CALLBACKS */
 106              		.loc 1 2292 3 is_stmt 0 view .LVU27
 107 0018 FFF7FEFF 		bl	HAL_TIM_ErrorCallback
 108              	.LVL7:
2295:Drivers/STM32F1xx_HAL_Driver/Src/stm32f1xx_hal_tim_ex.c **** }
 109              		.loc 1 2295 3 is_stmt 1 view .LVU28
2295:Drivers/STM32F1xx_HAL_Driver/Src/stm32f1xx_hal_tim_ex.c **** }
 110              		.loc 1 2295 17 is_stmt 0 view .LVU29
 111 001c 0023     		movs	r3, #0
 112 001e 2377     		strb	r3, [r4, #28]
2296:Drivers/STM32F1xx_HAL_Driver/Src/stm32f1xx_hal_tim_ex.c **** 
 113              		.loc 1 2296 1 view .LVU30
 114 0020 10BD     		pop	{r4, pc}
ARM GAS  C:\Users\ride_pig\AppData\Local\Temp\ccPlGaWa.s 			page 44


 115              	.LVL8:
 116              	.L7:
2271:Drivers/STM32F1xx_HAL_Driver/Src/stm32f1xx_hal_tim_ex.c ****     TIM_CHANNEL_N_STATE_SET(htim, TIM_CHANNEL_1, HAL_TIM_CHANNEL_STATE_READY);
 117              		.loc 1 2271 5 is_stmt 1 view .LVU31
2271:Drivers/STM32F1xx_HAL_Driver/Src/stm32f1xx_hal_tim_ex.c ****     TIM_CHANNEL_N_STATE_SET(htim, TIM_CHANNEL_1, HAL_TIM_CHANNEL_STATE_READY);
 118              		.loc 1 2271 19 is_stmt 0 view .LVU32
 119 0022 0123     		movs	r3, #1
 120 0024 2377     		strb	r3, [r4, #28]
2272:Drivers/STM32F1xx_HAL_Driver/Src/stm32f1xx_hal_tim_ex.c ****   }
 121              		.loc 1 2272 5 is_stmt 1 view .LVU33
 122 0026 84F84230 		strb	r3, [r4, #66]
 123 002a F4E7     		b	.L4
 124              	.L8:
2276:Drivers/STM32F1xx_HAL_Driver/Src/stm32f1xx_hal_tim_ex.c ****     TIM_CHANNEL_N_STATE_SET(htim, TIM_CHANNEL_2, HAL_TIM_CHANNEL_STATE_READY);
 125              		.loc 1 2276 5 view .LVU34
2276:Drivers/STM32F1xx_HAL_Driver/Src/stm32f1xx_hal_tim_ex.c ****     TIM_CHANNEL_N_STATE_SET(htim, TIM_CHANNEL_2, HAL_TIM_CHANNEL_STATE_READY);
 126              		.loc 1 2276 19 is_stmt 0 view .LVU35
 127 002c 0223     		movs	r3, #2
 128 002e 2377     		strb	r3, [r4, #28]
2277:Drivers/STM32F1xx_HAL_Driver/Src/stm32f1xx_hal_tim_ex.c ****   }
 129              		.loc 1 2277 5 is_stmt 1 view .LVU36
 130 0030 0123     		movs	r3, #1
 131 0032 84F84330 		strb	r3, [r4, #67]
 132 0036 EEE7     		b	.L4
 133              	.L9:
2281:Drivers/STM32F1xx_HAL_Driver/Src/stm32f1xx_hal_tim_ex.c ****     TIM_CHANNEL_N_STATE_SET(htim, TIM_CHANNEL_3, HAL_TIM_CHANNEL_STATE_READY);
 134              		.loc 1 2281 5 view .LVU37
2281:Drivers/STM32F1xx_HAL_Driver/Src/stm32f1xx_hal_tim_ex.c ****     TIM_CHANNEL_N_STATE_SET(htim, TIM_CHANNEL_3, HAL_TIM_CHANNEL_STATE_READY);
 135              		.loc 1 2281 19 is_stmt 0 view .LVU38
 136 0038 0423     		movs	r3, #4
 137 003a 2377     		strb	r3, [r4, #28]
2282:Drivers/STM32F1xx_HAL_Driver/Src/stm32f1xx_hal_tim_ex.c ****   }
 138              		.loc 1 2282 5 is_stmt 1 view .LVU39
 139 003c 0123     		movs	r3, #1
 140 003e 84F84430 		strb	r3, [r4, #68]
 141 0042 E8E7     		b	.L4
 142              		.cfi_endproc
 143              	.LFE105:
 145              		.section	.text.TIM_DMADelayPulseNCplt,"ax",%progbits
 146              		.align	1
 147              		.syntax unified
 148              		.thumb
 149              		.thumb_func
 151              	TIM_DMADelayPulseNCplt:
 152              	.LVL9:
 153              	.LFB104:
2207:Drivers/STM32F1xx_HAL_Driver/Src/stm32f1xx_hal_tim_ex.c ****   TIM_HandleTypeDef *htim = (TIM_HandleTypeDef *)((DMA_HandleTypeDef *)hdma)->Parent;
 154              		.loc 1 2207 1 view -0
 155              		.cfi_startproc
 156              		@ args = 0, pretend = 0, frame = 0
 157              		@ frame_needed = 0, uses_anonymous_args = 0
2207:Drivers/STM32F1xx_HAL_Driver/Src/stm32f1xx_hal_tim_ex.c ****   TIM_HandleTypeDef *htim = (TIM_HandleTypeDef *)((DMA_HandleTypeDef *)hdma)->Parent;
 158              		.loc 1 2207 1 is_stmt 0 view .LVU41
 159 0000 10B5     		push	{r4, lr}
 160              	.LCFI1:
 161              		.cfi_def_cfa_offset 8
 162              		.cfi_offset 4, -8
ARM GAS  C:\Users\ride_pig\AppData\Local\Temp\ccPlGaWa.s 			page 45


 163              		.cfi_offset 14, -4
2208:Drivers/STM32F1xx_HAL_Driver/Src/stm32f1xx_hal_tim_ex.c **** 
 164              		.loc 1 2208 3 is_stmt 1 view .LVU42
2208:Drivers/STM32F1xx_HAL_Driver/Src/stm32f1xx_hal_tim_ex.c **** 
 165              		.loc 1 2208 22 is_stmt 0 view .LVU43
 166 0002 446A     		ldr	r4, [r0, #36]
 167              	.LVL10:
2210:Drivers/STM32F1xx_HAL_Driver/Src/stm32f1xx_hal_tim_ex.c ****   {
 168              		.loc 1 2210 3 is_stmt 1 view .LVU44
2210:Drivers/STM32F1xx_HAL_Driver/Src/stm32f1xx_hal_tim_ex.c ****   {
 169              		.loc 1 2210 25 is_stmt 0 view .LVU45
 170 0004 636A     		ldr	r3, [r4, #36]
2210:Drivers/STM32F1xx_HAL_Driver/Src/stm32f1xx_hal_tim_ex.c ****   {
 171              		.loc 1 2210 6 view .LVU46
 172 0006 8342     		cmp	r3, r0
 173 0008 0ED0     		beq	.L16
2219:Drivers/STM32F1xx_HAL_Driver/Src/stm32f1xx_hal_tim_ex.c ****   {
 174              		.loc 1 2219 8 is_stmt 1 view .LVU47
2219:Drivers/STM32F1xx_HAL_Driver/Src/stm32f1xx_hal_tim_ex.c ****   {
 175              		.loc 1 2219 30 is_stmt 0 view .LVU48
 176 000a A36A     		ldr	r3, [r4, #40]
2219:Drivers/STM32F1xx_HAL_Driver/Src/stm32f1xx_hal_tim_ex.c ****   {
 177              		.loc 1 2219 11 view .LVU49
 178 000c 8342     		cmp	r3, r0
 179 000e 14D0     		beq	.L17
2228:Drivers/STM32F1xx_HAL_Driver/Src/stm32f1xx_hal_tim_ex.c ****   {
 180              		.loc 1 2228 8 is_stmt 1 view .LVU50
2228:Drivers/STM32F1xx_HAL_Driver/Src/stm32f1xx_hal_tim_ex.c ****   {
 181              		.loc 1 2228 30 is_stmt 0 view .LVU51
 182 0010 E36A     		ldr	r3, [r4, #44]
2228:Drivers/STM32F1xx_HAL_Driver/Src/stm32f1xx_hal_tim_ex.c ****   {
 183              		.loc 1 2228 11 view .LVU52
 184 0012 8342     		cmp	r3, r0
 185 0014 1AD0     		beq	.L18
2237:Drivers/STM32F1xx_HAL_Driver/Src/stm32f1xx_hal_tim_ex.c ****   {
 186              		.loc 1 2237 8 is_stmt 1 view .LVU53
2237:Drivers/STM32F1xx_HAL_Driver/Src/stm32f1xx_hal_tim_ex.c ****   {
 187              		.loc 1 2237 30 is_stmt 0 view .LVU54
 188 0016 236B     		ldr	r3, [r4, #48]
2237:Drivers/STM32F1xx_HAL_Driver/Src/stm32f1xx_hal_tim_ex.c ****   {
 189              		.loc 1 2237 11 view .LVU55
 190 0018 8342     		cmp	r3, r0
 191 001a 20D0     		beq	.L19
 192              	.L12:
2249:Drivers/STM32F1xx_HAL_Driver/Src/stm32f1xx_hal_tim_ex.c **** 
 193              		.loc 1 2249 3 is_stmt 1 view .LVU56
2254:Drivers/STM32F1xx_HAL_Driver/Src/stm32f1xx_hal_tim_ex.c **** #endif /* USE_HAL_TIM_REGISTER_CALLBACKS */
 194              		.loc 1 2254 3 view .LVU57
 195 001c 2046     		mov	r0, r4
 196              	.LVL11:
2254:Drivers/STM32F1xx_HAL_Driver/Src/stm32f1xx_hal_tim_ex.c **** #endif /* USE_HAL_TIM_REGISTER_CALLBACKS */
 197              		.loc 1 2254 3 is_stmt 0 view .LVU58
 198 001e FFF7FEFF 		bl	HAL_TIM_PWM_PulseFinishedCallback
 199              	.LVL12:
2257:Drivers/STM32F1xx_HAL_Driver/Src/stm32f1xx_hal_tim_ex.c **** }
 200              		.loc 1 2257 3 is_stmt 1 view .LVU59
2257:Drivers/STM32F1xx_HAL_Driver/Src/stm32f1xx_hal_tim_ex.c **** }
ARM GAS  C:\Users\ride_pig\AppData\Local\Temp\ccPlGaWa.s 			page 46


 201              		.loc 1 2257 17 is_stmt 0 view .LVU60
 202 0022 0023     		movs	r3, #0
 203 0024 2377     		strb	r3, [r4, #28]
2258:Drivers/STM32F1xx_HAL_Driver/Src/stm32f1xx_hal_tim_ex.c **** 
 204              		.loc 1 2258 1 view .LVU61
 205 0026 10BD     		pop	{r4, pc}
 206              	.LVL13:
 207              	.L16:
2212:Drivers/STM32F1xx_HAL_Driver/Src/stm32f1xx_hal_tim_ex.c **** 
 208              		.loc 1 2212 5 is_stmt 1 view .LVU62
2212:Drivers/STM32F1xx_HAL_Driver/Src/stm32f1xx_hal_tim_ex.c **** 
 209              		.loc 1 2212 19 is_stmt 0 view .LVU63
 210 0028 0123     		movs	r3, #1
 211 002a 2377     		strb	r3, [r4, #28]
2214:Drivers/STM32F1xx_HAL_Driver/Src/stm32f1xx_hal_tim_ex.c ****     {
 212              		.loc 1 2214 5 is_stmt 1 view .LVU64
2214:Drivers/STM32F1xx_HAL_Driver/Src/stm32f1xx_hal_tim_ex.c ****     {
 213              		.loc 1 2214 19 is_stmt 0 view .LVU65
 214 002c 8369     		ldr	r3, [r0, #24]
2214:Drivers/STM32F1xx_HAL_Driver/Src/stm32f1xx_hal_tim_ex.c ****     {
 215              		.loc 1 2214 8 view .LVU66
 216 002e 002B     		cmp	r3, #0
 217 0030 F4D1     		bne	.L12
2216:Drivers/STM32F1xx_HAL_Driver/Src/stm32f1xx_hal_tim_ex.c ****     }
 218              		.loc 1 2216 7 is_stmt 1 view .LVU67
 219 0032 0123     		movs	r3, #1
 220 0034 84F84230 		strb	r3, [r4, #66]
 221 0038 F0E7     		b	.L12
 222              	.L17:
2221:Drivers/STM32F1xx_HAL_Driver/Src/stm32f1xx_hal_tim_ex.c **** 
 223              		.loc 1 2221 5 view .LVU68
2221:Drivers/STM32F1xx_HAL_Driver/Src/stm32f1xx_hal_tim_ex.c **** 
 224              		.loc 1 2221 19 is_stmt 0 view .LVU69
 225 003a 0223     		movs	r3, #2
 226 003c 2377     		strb	r3, [r4, #28]
2223:Drivers/STM32F1xx_HAL_Driver/Src/stm32f1xx_hal_tim_ex.c ****     {
 227              		.loc 1 2223 5 is_stmt 1 view .LVU70
2223:Drivers/STM32F1xx_HAL_Driver/Src/stm32f1xx_hal_tim_ex.c ****     {
 228              		.loc 1 2223 19 is_stmt 0 view .LVU71
 229 003e 8369     		ldr	r3, [r0, #24]
2223:Drivers/STM32F1xx_HAL_Driver/Src/stm32f1xx_hal_tim_ex.c ****     {
 230              		.loc 1 2223 8 view .LVU72
 231 0040 002B     		cmp	r3, #0
 232 0042 EBD1     		bne	.L12
2225:Drivers/STM32F1xx_HAL_Driver/Src/stm32f1xx_hal_tim_ex.c ****     }
 233              		.loc 1 2225 7 is_stmt 1 view .LVU73
 234 0044 0123     		movs	r3, #1
 235 0046 84F84330 		strb	r3, [r4, #67]
 236 004a E7E7     		b	.L12
 237              	.L18:
2230:Drivers/STM32F1xx_HAL_Driver/Src/stm32f1xx_hal_tim_ex.c **** 
 238              		.loc 1 2230 5 view .LVU74
2230:Drivers/STM32F1xx_HAL_Driver/Src/stm32f1xx_hal_tim_ex.c **** 
 239              		.loc 1 2230 19 is_stmt 0 view .LVU75
 240 004c 0423     		movs	r3, #4
 241 004e 2377     		strb	r3, [r4, #28]
2232:Drivers/STM32F1xx_HAL_Driver/Src/stm32f1xx_hal_tim_ex.c ****     {
ARM GAS  C:\Users\ride_pig\AppData\Local\Temp\ccPlGaWa.s 			page 47


 242              		.loc 1 2232 5 is_stmt 1 view .LVU76
2232:Drivers/STM32F1xx_HAL_Driver/Src/stm32f1xx_hal_tim_ex.c ****     {
 243              		.loc 1 2232 19 is_stmt 0 view .LVU77
 244 0050 8369     		ldr	r3, [r0, #24]
2232:Drivers/STM32F1xx_HAL_Driver/Src/stm32f1xx_hal_tim_ex.c ****     {
 245              		.loc 1 2232 8 view .LVU78
 246 0052 002B     		cmp	r3, #0
 247 0054 E2D1     		bne	.L12
2234:Drivers/STM32F1xx_HAL_Driver/Src/stm32f1xx_hal_tim_ex.c ****     }
 248              		.loc 1 2234 7 is_stmt 1 view .LVU79
 249 0056 0123     		movs	r3, #1
 250 0058 84F84430 		strb	r3, [r4, #68]
 251 005c DEE7     		b	.L12
 252              	.L19:
2239:Drivers/STM32F1xx_HAL_Driver/Src/stm32f1xx_hal_tim_ex.c **** 
 253              		.loc 1 2239 5 view .LVU80
2239:Drivers/STM32F1xx_HAL_Driver/Src/stm32f1xx_hal_tim_ex.c **** 
 254              		.loc 1 2239 19 is_stmt 0 view .LVU81
 255 005e 0823     		movs	r3, #8
 256 0060 2377     		strb	r3, [r4, #28]
2241:Drivers/STM32F1xx_HAL_Driver/Src/stm32f1xx_hal_tim_ex.c ****     {
 257              		.loc 1 2241 5 is_stmt 1 view .LVU82
2241:Drivers/STM32F1xx_HAL_Driver/Src/stm32f1xx_hal_tim_ex.c ****     {
 258              		.loc 1 2241 19 is_stmt 0 view .LVU83
 259 0062 8369     		ldr	r3, [r0, #24]
2241:Drivers/STM32F1xx_HAL_Driver/Src/stm32f1xx_hal_tim_ex.c ****     {
 260              		.loc 1 2241 8 view .LVU84
 261 0064 002B     		cmp	r3, #0
 262 0066 D9D1     		bne	.L12
2243:Drivers/STM32F1xx_HAL_Driver/Src/stm32f1xx_hal_tim_ex.c ****     }
 263              		.loc 1 2243 7 is_stmt 1 view .LVU85
 264 0068 0123     		movs	r3, #1
 265 006a 84F84530 		strb	r3, [r4, #69]
 266 006e D5E7     		b	.L12
 267              		.cfi_endproc
 268              	.LFE104:
 270              		.section	.text.HAL_TIMEx_HallSensor_MspInit,"ax",%progbits
 271              		.align	1
 272              		.weak	HAL_TIMEx_HallSensor_MspInit
 273              		.syntax unified
 274              		.thumb
 275              		.thumb_func
 277              	HAL_TIMEx_HallSensor_MspInit:
 278              	.LVL14:
 279              	.LFB67:
 285:Drivers/STM32F1xx_HAL_Driver/Src/stm32f1xx_hal_tim_ex.c ****   /* Prevent unused argument(s) compilation warning */
 280              		.loc 1 285 1 view -0
 281              		.cfi_startproc
 282              		@ args = 0, pretend = 0, frame = 0
 283              		@ frame_needed = 0, uses_anonymous_args = 0
 284              		@ link register save eliminated.
 287:Drivers/STM32F1xx_HAL_Driver/Src/stm32f1xx_hal_tim_ex.c **** 
 285              		.loc 1 287 3 view .LVU87
 292:Drivers/STM32F1xx_HAL_Driver/Src/stm32f1xx_hal_tim_ex.c **** 
 286              		.loc 1 292 1 is_stmt 0 view .LVU88
 287 0000 7047     		bx	lr
 288              		.cfi_endproc
ARM GAS  C:\Users\ride_pig\AppData\Local\Temp\ccPlGaWa.s 			page 48


 289              	.LFE67:
 291              		.section	.text.HAL_TIMEx_HallSensor_Init,"ax",%progbits
 292              		.align	1
 293              		.global	HAL_TIMEx_HallSensor_Init
 294              		.syntax unified
 295              		.thumb
 296              		.thumb_func
 298              	HAL_TIMEx_HallSensor_Init:
 299              	.LVL15:
 300              	.LFB65:
 139:Drivers/STM32F1xx_HAL_Driver/Src/stm32f1xx_hal_tim_ex.c ****   TIM_OC_InitTypeDef OC_Config;
 301              		.loc 1 139 1 is_stmt 1 view -0
 302              		.cfi_startproc
 303              		@ args = 0, pretend = 0, frame = 32
 304              		@ frame_needed = 0, uses_anonymous_args = 0
 140:Drivers/STM32F1xx_HAL_Driver/Src/stm32f1xx_hal_tim_ex.c **** 
 305              		.loc 1 140 3 view .LVU90
 143:Drivers/STM32F1xx_HAL_Driver/Src/stm32f1xx_hal_tim_ex.c ****   {
 306              		.loc 1 143 3 view .LVU91
 143:Drivers/STM32F1xx_HAL_Driver/Src/stm32f1xx_hal_tim_ex.c ****   {
 307              		.loc 1 143 6 is_stmt 0 view .LVU92
 308 0000 0028     		cmp	r0, #0
 309 0002 65D0     		beq	.L24
 139:Drivers/STM32F1xx_HAL_Driver/Src/stm32f1xx_hal_tim_ex.c ****   TIM_OC_InitTypeDef OC_Config;
 310              		.loc 1 139 1 view .LVU93
 311 0004 70B5     		push	{r4, r5, r6, lr}
 312              	.LCFI2:
 313              		.cfi_def_cfa_offset 16
 314              		.cfi_offset 4, -16
 315              		.cfi_offset 5, -12
 316              		.cfi_offset 6, -8
 317              		.cfi_offset 14, -4
 318 0006 88B0     		sub	sp, sp, #32
 319              	.LCFI3:
 320              		.cfi_def_cfa_offset 48
 321 0008 0E46     		mov	r6, r1
 322 000a 0446     		mov	r4, r0
 149:Drivers/STM32F1xx_HAL_Driver/Src/stm32f1xx_hal_tim_ex.c ****   assert_param(IS_TIM_COUNTER_MODE(htim->Init.CounterMode));
 323              		.loc 1 149 3 is_stmt 1 view .LVU94
 150:Drivers/STM32F1xx_HAL_Driver/Src/stm32f1xx_hal_tim_ex.c ****   assert_param(IS_TIM_CLOCKDIVISION_DIV(htim->Init.ClockDivision));
 324              		.loc 1 150 3 view .LVU95
 151:Drivers/STM32F1xx_HAL_Driver/Src/stm32f1xx_hal_tim_ex.c ****   assert_param(IS_TIM_AUTORELOAD_PRELOAD(htim->Init.AutoReloadPreload));
 325              		.loc 1 151 3 view .LVU96
 152:Drivers/STM32F1xx_HAL_Driver/Src/stm32f1xx_hal_tim_ex.c ****   assert_param(IS_TIM_IC_POLARITY(sConfig->IC1Polarity));
 326              		.loc 1 152 3 view .LVU97
 153:Drivers/STM32F1xx_HAL_Driver/Src/stm32f1xx_hal_tim_ex.c ****   assert_param(IS_TIM_IC_PRESCALER(sConfig->IC1Prescaler));
 327              		.loc 1 153 3 view .LVU98
 154:Drivers/STM32F1xx_HAL_Driver/Src/stm32f1xx_hal_tim_ex.c ****   assert_param(IS_TIM_IC_FILTER(sConfig->IC1Filter));
 328              		.loc 1 154 3 view .LVU99
 155:Drivers/STM32F1xx_HAL_Driver/Src/stm32f1xx_hal_tim_ex.c **** 
 329              		.loc 1 155 3 view .LVU100
 157:Drivers/STM32F1xx_HAL_Driver/Src/stm32f1xx_hal_tim_ex.c ****   {
 330              		.loc 1 157 3 view .LVU101
 157:Drivers/STM32F1xx_HAL_Driver/Src/stm32f1xx_hal_tim_ex.c ****   {
 331              		.loc 1 157 11 is_stmt 0 view .LVU102
 332 000c 90F83D30 		ldrb	r3, [r0, #61]	@ zero_extendqisi2
 157:Drivers/STM32F1xx_HAL_Driver/Src/stm32f1xx_hal_tim_ex.c ****   {
ARM GAS  C:\Users\ride_pig\AppData\Local\Temp\ccPlGaWa.s 			page 49


 333              		.loc 1 157 6 view .LVU103
 334 0010 002B     		cmp	r3, #0
 335 0012 58D0     		beq	.L29
 336              	.LVL16:
 337              	.L23:
 179:Drivers/STM32F1xx_HAL_Driver/Src/stm32f1xx_hal_tim_ex.c **** 
 338              		.loc 1 179 3 is_stmt 1 view .LVU104
 179:Drivers/STM32F1xx_HAL_Driver/Src/stm32f1xx_hal_tim_ex.c **** 
 339              		.loc 1 179 15 is_stmt 0 view .LVU105
 340 0014 0223     		movs	r3, #2
 341 0016 84F83D30 		strb	r3, [r4, #61]
 182:Drivers/STM32F1xx_HAL_Driver/Src/stm32f1xx_hal_tim_ex.c **** 
 342              		.loc 1 182 3 is_stmt 1 view .LVU106
 343 001a 2146     		mov	r1, r4
 344 001c 51F8040B 		ldr	r0, [r1], #4
 345 0020 FFF7FEFF 		bl	TIM_Base_SetConfig
 346              	.LVL17:
 185:Drivers/STM32F1xx_HAL_Driver/Src/stm32f1xx_hal_tim_ex.c **** 
 347              		.loc 1 185 3 view .LVU107
 348 0024 B368     		ldr	r3, [r6, #8]
 349 0026 0322     		movs	r2, #3
 350 0028 3168     		ldr	r1, [r6]
 351 002a 2068     		ldr	r0, [r4]
 352 002c FFF7FEFF 		bl	TIM_TI1_SetConfig
 353              	.LVL18:
 188:Drivers/STM32F1xx_HAL_Driver/Src/stm32f1xx_hal_tim_ex.c ****   /* Set the IC1PSC value */
 354              		.loc 1 188 3 view .LVU108
 188:Drivers/STM32F1xx_HAL_Driver/Src/stm32f1xx_hal_tim_ex.c ****   /* Set the IC1PSC value */
 355              		.loc 1 188 7 is_stmt 0 view .LVU109
 356 0030 2268     		ldr	r2, [r4]
 188:Drivers/STM32F1xx_HAL_Driver/Src/stm32f1xx_hal_tim_ex.c ****   /* Set the IC1PSC value */
 357              		.loc 1 188 25 view .LVU110
 358 0032 9369     		ldr	r3, [r2, #24]
 359 0034 23F00C03 		bic	r3, r3, #12
 360 0038 9361     		str	r3, [r2, #24]
 190:Drivers/STM32F1xx_HAL_Driver/Src/stm32f1xx_hal_tim_ex.c **** 
 361              		.loc 1 190 3 is_stmt 1 view .LVU111
 190:Drivers/STM32F1xx_HAL_Driver/Src/stm32f1xx_hal_tim_ex.c **** 
 362              		.loc 1 190 7 is_stmt 0 view .LVU112
 363 003a 2268     		ldr	r2, [r4]
 190:Drivers/STM32F1xx_HAL_Driver/Src/stm32f1xx_hal_tim_ex.c **** 
 364              		.loc 1 190 25 view .LVU113
 365 003c 9369     		ldr	r3, [r2, #24]
 190:Drivers/STM32F1xx_HAL_Driver/Src/stm32f1xx_hal_tim_ex.c **** 
 366              		.loc 1 190 35 view .LVU114
 367 003e 7168     		ldr	r1, [r6, #4]
 190:Drivers/STM32F1xx_HAL_Driver/Src/stm32f1xx_hal_tim_ex.c **** 
 368              		.loc 1 190 25 view .LVU115
 369 0040 0B43     		orrs	r3, r3, r1
 370 0042 9361     		str	r3, [r2, #24]
 193:Drivers/STM32F1xx_HAL_Driver/Src/stm32f1xx_hal_tim_ex.c **** 
 371              		.loc 1 193 3 is_stmt 1 view .LVU116
 193:Drivers/STM32F1xx_HAL_Driver/Src/stm32f1xx_hal_tim_ex.c **** 
 372              		.loc 1 193 7 is_stmt 0 view .LVU117
 373 0044 2268     		ldr	r2, [r4]
 193:Drivers/STM32F1xx_HAL_Driver/Src/stm32f1xx_hal_tim_ex.c **** 
 374              		.loc 1 193 23 view .LVU118
ARM GAS  C:\Users\ride_pig\AppData\Local\Temp\ccPlGaWa.s 			page 50


 375 0046 5368     		ldr	r3, [r2, #4]
 376 0048 43F08003 		orr	r3, r3, #128
 377 004c 5360     		str	r3, [r2, #4]
 196:Drivers/STM32F1xx_HAL_Driver/Src/stm32f1xx_hal_tim_ex.c ****   htim->Instance->SMCR |= TIM_TS_TI1F_ED;
 378              		.loc 1 196 3 is_stmt 1 view .LVU119
 196:Drivers/STM32F1xx_HAL_Driver/Src/stm32f1xx_hal_tim_ex.c ****   htim->Instance->SMCR |= TIM_TS_TI1F_ED;
 379              		.loc 1 196 7 is_stmt 0 view .LVU120
 380 004e 2268     		ldr	r2, [r4]
 196:Drivers/STM32F1xx_HAL_Driver/Src/stm32f1xx_hal_tim_ex.c ****   htim->Instance->SMCR |= TIM_TS_TI1F_ED;
 381              		.loc 1 196 24 view .LVU121
 382 0050 9368     		ldr	r3, [r2, #8]
 383 0052 23F07003 		bic	r3, r3, #112
 384 0056 9360     		str	r3, [r2, #8]
 197:Drivers/STM32F1xx_HAL_Driver/Src/stm32f1xx_hal_tim_ex.c **** 
 385              		.loc 1 197 3 is_stmt 1 view .LVU122
 197:Drivers/STM32F1xx_HAL_Driver/Src/stm32f1xx_hal_tim_ex.c **** 
 386              		.loc 1 197 7 is_stmt 0 view .LVU123
 387 0058 2268     		ldr	r2, [r4]
 197:Drivers/STM32F1xx_HAL_Driver/Src/stm32f1xx_hal_tim_ex.c **** 
 388              		.loc 1 197 24 view .LVU124
 389 005a 9368     		ldr	r3, [r2, #8]
 390 005c 43F04003 		orr	r3, r3, #64
 391 0060 9360     		str	r3, [r2, #8]
 200:Drivers/STM32F1xx_HAL_Driver/Src/stm32f1xx_hal_tim_ex.c ****   htim->Instance->SMCR |= TIM_SLAVEMODE_RESET;
 392              		.loc 1 200 3 is_stmt 1 view .LVU125
 200:Drivers/STM32F1xx_HAL_Driver/Src/stm32f1xx_hal_tim_ex.c ****   htim->Instance->SMCR |= TIM_SLAVEMODE_RESET;
 393              		.loc 1 200 7 is_stmt 0 view .LVU126
 394 0062 2268     		ldr	r2, [r4]
 200:Drivers/STM32F1xx_HAL_Driver/Src/stm32f1xx_hal_tim_ex.c ****   htim->Instance->SMCR |= TIM_SLAVEMODE_RESET;
 395              		.loc 1 200 24 view .LVU127
 396 0064 9368     		ldr	r3, [r2, #8]
 397 0066 23F00703 		bic	r3, r3, #7
 398 006a 9360     		str	r3, [r2, #8]
 201:Drivers/STM32F1xx_HAL_Driver/Src/stm32f1xx_hal_tim_ex.c **** 
 399              		.loc 1 201 3 is_stmt 1 view .LVU128
 201:Drivers/STM32F1xx_HAL_Driver/Src/stm32f1xx_hal_tim_ex.c **** 
 400              		.loc 1 201 7 is_stmt 0 view .LVU129
 401 006c 2268     		ldr	r2, [r4]
 201:Drivers/STM32F1xx_HAL_Driver/Src/stm32f1xx_hal_tim_ex.c **** 
 402              		.loc 1 201 24 view .LVU130
 403 006e 9368     		ldr	r3, [r2, #8]
 404 0070 43F00403 		orr	r3, r3, #4
 405 0074 9360     		str	r3, [r2, #8]
 204:Drivers/STM32F1xx_HAL_Driver/Src/stm32f1xx_hal_tim_ex.c ****   OC_Config.OCIdleState = TIM_OCIDLESTATE_RESET;
 406              		.loc 1 204 3 is_stmt 1 view .LVU131
 204:Drivers/STM32F1xx_HAL_Driver/Src/stm32f1xx_hal_tim_ex.c ****   OC_Config.OCIdleState = TIM_OCIDLESTATE_RESET;
 407              		.loc 1 204 24 is_stmt 0 view .LVU132
 408 0076 0025     		movs	r5, #0
 409 0078 0595     		str	r5, [sp, #20]
 205:Drivers/STM32F1xx_HAL_Driver/Src/stm32f1xx_hal_tim_ex.c ****   OC_Config.OCMode = TIM_OCMODE_PWM2;
 410              		.loc 1 205 3 is_stmt 1 view .LVU133
 205:Drivers/STM32F1xx_HAL_Driver/Src/stm32f1xx_hal_tim_ex.c ****   OC_Config.OCMode = TIM_OCMODE_PWM2;
 411              		.loc 1 205 25 is_stmt 0 view .LVU134
 412 007a 0695     		str	r5, [sp, #24]
 206:Drivers/STM32F1xx_HAL_Driver/Src/stm32f1xx_hal_tim_ex.c ****   OC_Config.OCNIdleState = TIM_OCNIDLESTATE_RESET;
 413              		.loc 1 206 3 is_stmt 1 view .LVU135
 206:Drivers/STM32F1xx_HAL_Driver/Src/stm32f1xx_hal_tim_ex.c ****   OC_Config.OCNIdleState = TIM_OCNIDLESTATE_RESET;
ARM GAS  C:\Users\ride_pig\AppData\Local\Temp\ccPlGaWa.s 			page 51


 414              		.loc 1 206 20 is_stmt 0 view .LVU136
 415 007c 7023     		movs	r3, #112
 416 007e 0193     		str	r3, [sp, #4]
 207:Drivers/STM32F1xx_HAL_Driver/Src/stm32f1xx_hal_tim_ex.c ****   OC_Config.OCNPolarity = TIM_OCNPOLARITY_HIGH;
 417              		.loc 1 207 3 is_stmt 1 view .LVU137
 207:Drivers/STM32F1xx_HAL_Driver/Src/stm32f1xx_hal_tim_ex.c ****   OC_Config.OCNPolarity = TIM_OCNPOLARITY_HIGH;
 418              		.loc 1 207 26 is_stmt 0 view .LVU138
 419 0080 0795     		str	r5, [sp, #28]
 208:Drivers/STM32F1xx_HAL_Driver/Src/stm32f1xx_hal_tim_ex.c ****   OC_Config.OCPolarity = TIM_OCPOLARITY_HIGH;
 420              		.loc 1 208 3 is_stmt 1 view .LVU139
 208:Drivers/STM32F1xx_HAL_Driver/Src/stm32f1xx_hal_tim_ex.c ****   OC_Config.OCPolarity = TIM_OCPOLARITY_HIGH;
 421              		.loc 1 208 25 is_stmt 0 view .LVU140
 422 0082 0495     		str	r5, [sp, #16]
 209:Drivers/STM32F1xx_HAL_Driver/Src/stm32f1xx_hal_tim_ex.c ****   OC_Config.Pulse = sConfig->Commutation_Delay;
 423              		.loc 1 209 3 is_stmt 1 view .LVU141
 209:Drivers/STM32F1xx_HAL_Driver/Src/stm32f1xx_hal_tim_ex.c ****   OC_Config.Pulse = sConfig->Commutation_Delay;
 424              		.loc 1 209 24 is_stmt 0 view .LVU142
 425 0084 0395     		str	r5, [sp, #12]
 210:Drivers/STM32F1xx_HAL_Driver/Src/stm32f1xx_hal_tim_ex.c **** 
 426              		.loc 1 210 3 is_stmt 1 view .LVU143
 210:Drivers/STM32F1xx_HAL_Driver/Src/stm32f1xx_hal_tim_ex.c **** 
 427              		.loc 1 210 28 is_stmt 0 view .LVU144
 428 0086 F368     		ldr	r3, [r6, #12]
 210:Drivers/STM32F1xx_HAL_Driver/Src/stm32f1xx_hal_tim_ex.c **** 
 429              		.loc 1 210 19 view .LVU145
 430 0088 0293     		str	r3, [sp, #8]
 212:Drivers/STM32F1xx_HAL_Driver/Src/stm32f1xx_hal_tim_ex.c **** 
 431              		.loc 1 212 3 is_stmt 1 view .LVU146
 432 008a 01A9     		add	r1, sp, #4
 433 008c 2068     		ldr	r0, [r4]
 434 008e FFF7FEFF 		bl	TIM_OC2_SetConfig
 435              	.LVL19:
 216:Drivers/STM32F1xx_HAL_Driver/Src/stm32f1xx_hal_tim_ex.c ****   htim->Instance->CR2 |= TIM_TRGO_OC2REF;
 436              		.loc 1 216 3 view .LVU147
 216:Drivers/STM32F1xx_HAL_Driver/Src/stm32f1xx_hal_tim_ex.c ****   htim->Instance->CR2 |= TIM_TRGO_OC2REF;
 437              		.loc 1 216 7 is_stmt 0 view .LVU148
 438 0092 2268     		ldr	r2, [r4]
 216:Drivers/STM32F1xx_HAL_Driver/Src/stm32f1xx_hal_tim_ex.c ****   htim->Instance->CR2 |= TIM_TRGO_OC2REF;
 439              		.loc 1 216 23 view .LVU149
 440 0094 5368     		ldr	r3, [r2, #4]
 441 0096 23F07003 		bic	r3, r3, #112
 442 009a 5360     		str	r3, [r2, #4]
 217:Drivers/STM32F1xx_HAL_Driver/Src/stm32f1xx_hal_tim_ex.c **** 
 443              		.loc 1 217 3 is_stmt 1 view .LVU150
 217:Drivers/STM32F1xx_HAL_Driver/Src/stm32f1xx_hal_tim_ex.c **** 
 444              		.loc 1 217 7 is_stmt 0 view .LVU151
 445 009c 2268     		ldr	r2, [r4]
 217:Drivers/STM32F1xx_HAL_Driver/Src/stm32f1xx_hal_tim_ex.c **** 
 446              		.loc 1 217 23 view .LVU152
 447 009e 5368     		ldr	r3, [r2, #4]
 448 00a0 43F05003 		orr	r3, r3, #80
 449 00a4 5360     		str	r3, [r2, #4]
 220:Drivers/STM32F1xx_HAL_Driver/Src/stm32f1xx_hal_tim_ex.c **** 
 450              		.loc 1 220 3 is_stmt 1 view .LVU153
 220:Drivers/STM32F1xx_HAL_Driver/Src/stm32f1xx_hal_tim_ex.c **** 
 451              		.loc 1 220 23 is_stmt 0 view .LVU154
 452 00a6 0123     		movs	r3, #1
ARM GAS  C:\Users\ride_pig\AppData\Local\Temp\ccPlGaWa.s 			page 52


 453 00a8 84F84630 		strb	r3, [r4, #70]
 223:Drivers/STM32F1xx_HAL_Driver/Src/stm32f1xx_hal_tim_ex.c ****   TIM_CHANNEL_STATE_SET(htim, TIM_CHANNEL_2, HAL_TIM_CHANNEL_STATE_READY);
 454              		.loc 1 223 3 is_stmt 1 view .LVU155
 455 00ac 84F83E30 		strb	r3, [r4, #62]
 224:Drivers/STM32F1xx_HAL_Driver/Src/stm32f1xx_hal_tim_ex.c ****   TIM_CHANNEL_N_STATE_SET(htim, TIM_CHANNEL_1, HAL_TIM_CHANNEL_STATE_READY);
 456              		.loc 1 224 3 view .LVU156
 457 00b0 84F83F30 		strb	r3, [r4, #63]
 225:Drivers/STM32F1xx_HAL_Driver/Src/stm32f1xx_hal_tim_ex.c ****   TIM_CHANNEL_N_STATE_SET(htim, TIM_CHANNEL_2, HAL_TIM_CHANNEL_STATE_READY);
 458              		.loc 1 225 3 view .LVU157
 459 00b4 84F84230 		strb	r3, [r4, #66]
 226:Drivers/STM32F1xx_HAL_Driver/Src/stm32f1xx_hal_tim_ex.c **** 
 460              		.loc 1 226 3 view .LVU158
 461 00b8 84F84330 		strb	r3, [r4, #67]
 229:Drivers/STM32F1xx_HAL_Driver/Src/stm32f1xx_hal_tim_ex.c **** 
 462              		.loc 1 229 3 view .LVU159
 229:Drivers/STM32F1xx_HAL_Driver/Src/stm32f1xx_hal_tim_ex.c **** 
 463              		.loc 1 229 15 is_stmt 0 view .LVU160
 464 00bc 84F83D30 		strb	r3, [r4, #61]
 231:Drivers/STM32F1xx_HAL_Driver/Src/stm32f1xx_hal_tim_ex.c **** }
 465              		.loc 1 231 3 is_stmt 1 view .LVU161
 231:Drivers/STM32F1xx_HAL_Driver/Src/stm32f1xx_hal_tim_ex.c **** }
 466              		.loc 1 231 10 is_stmt 0 view .LVU162
 467 00c0 2846     		mov	r0, r5
 232:Drivers/STM32F1xx_HAL_Driver/Src/stm32f1xx_hal_tim_ex.c **** 
 468              		.loc 1 232 1 view .LVU163
 469 00c2 08B0     		add	sp, sp, #32
 470              	.LCFI4:
 471              		.cfi_remember_state
 472              		.cfi_def_cfa_offset 16
 473              		@ sp needed
 474 00c4 70BD     		pop	{r4, r5, r6, pc}
 475              	.LVL20:
 476              	.L29:
 477              	.LCFI5:
 478              		.cfi_restore_state
 160:Drivers/STM32F1xx_HAL_Driver/Src/stm32f1xx_hal_tim_ex.c **** 
 479              		.loc 1 160 5 is_stmt 1 view .LVU164
 160:Drivers/STM32F1xx_HAL_Driver/Src/stm32f1xx_hal_tim_ex.c **** 
 480              		.loc 1 160 16 is_stmt 0 view .LVU165
 481 00c6 80F83C30 		strb	r3, [r0, #60]
 174:Drivers/STM32F1xx_HAL_Driver/Src/stm32f1xx_hal_tim_ex.c **** #endif /* USE_HAL_TIM_REGISTER_CALLBACKS */
 482              		.loc 1 174 5 is_stmt 1 view .LVU166
 483 00ca FFF7FEFF 		bl	HAL_TIMEx_HallSensor_MspInit
 484              	.LVL21:
 174:Drivers/STM32F1xx_HAL_Driver/Src/stm32f1xx_hal_tim_ex.c **** #endif /* USE_HAL_TIM_REGISTER_CALLBACKS */
 485              		.loc 1 174 5 is_stmt 0 view .LVU167
 486 00ce A1E7     		b	.L23
 487              	.LVL22:
 488              	.L24:
 489              	.LCFI6:
 490              		.cfi_def_cfa_offset 0
 491              		.cfi_restore 4
 492              		.cfi_restore 5
 493              		.cfi_restore 6
 494              		.cfi_restore 14
 145:Drivers/STM32F1xx_HAL_Driver/Src/stm32f1xx_hal_tim_ex.c ****   }
 495              		.loc 1 145 12 view .LVU168
ARM GAS  C:\Users\ride_pig\AppData\Local\Temp\ccPlGaWa.s 			page 53


 496 00d0 0120     		movs	r0, #1
 497              	.LVL23:
 232:Drivers/STM32F1xx_HAL_Driver/Src/stm32f1xx_hal_tim_ex.c **** 
 498              		.loc 1 232 1 view .LVU169
 499 00d2 7047     		bx	lr
 500              		.cfi_endproc
 501              	.LFE65:
 503              		.section	.text.HAL_TIMEx_HallSensor_MspDeInit,"ax",%progbits
 504              		.align	1
 505              		.weak	HAL_TIMEx_HallSensor_MspDeInit
 506              		.syntax unified
 507              		.thumb
 508              		.thumb_func
 510              	HAL_TIMEx_HallSensor_MspDeInit:
 511              	.LVL24:
 512              	.LFB68:
 300:Drivers/STM32F1xx_HAL_Driver/Src/stm32f1xx_hal_tim_ex.c ****   /* Prevent unused argument(s) compilation warning */
 513              		.loc 1 300 1 is_stmt 1 view -0
 514              		.cfi_startproc
 515              		@ args = 0, pretend = 0, frame = 0
 516              		@ frame_needed = 0, uses_anonymous_args = 0
 517              		@ link register save eliminated.
 302:Drivers/STM32F1xx_HAL_Driver/Src/stm32f1xx_hal_tim_ex.c **** 
 518              		.loc 1 302 3 view .LVU171
 307:Drivers/STM32F1xx_HAL_Driver/Src/stm32f1xx_hal_tim_ex.c **** 
 519              		.loc 1 307 1 is_stmt 0 view .LVU172
 520 0000 7047     		bx	lr
 521              		.cfi_endproc
 522              	.LFE68:
 524              		.section	.text.HAL_TIMEx_HallSensor_DeInit,"ax",%progbits
 525              		.align	1
 526              		.global	HAL_TIMEx_HallSensor_DeInit
 527              		.syntax unified
 528              		.thumb
 529              		.thumb_func
 531              	HAL_TIMEx_HallSensor_DeInit:
 532              	.LVL25:
 533              	.LFB66:
 240:Drivers/STM32F1xx_HAL_Driver/Src/stm32f1xx_hal_tim_ex.c ****   /* Check the parameters */
 534              		.loc 1 240 1 is_stmt 1 view -0
 535              		.cfi_startproc
 536              		@ args = 0, pretend = 0, frame = 0
 537              		@ frame_needed = 0, uses_anonymous_args = 0
 240:Drivers/STM32F1xx_HAL_Driver/Src/stm32f1xx_hal_tim_ex.c ****   /* Check the parameters */
 538              		.loc 1 240 1 is_stmt 0 view .LVU174
 539 0000 10B5     		push	{r4, lr}
 540              	.LCFI7:
 541              		.cfi_def_cfa_offset 8
 542              		.cfi_offset 4, -8
 543              		.cfi_offset 14, -4
 544 0002 0446     		mov	r4, r0
 242:Drivers/STM32F1xx_HAL_Driver/Src/stm32f1xx_hal_tim_ex.c **** 
 545              		.loc 1 242 3 is_stmt 1 view .LVU175
 244:Drivers/STM32F1xx_HAL_Driver/Src/stm32f1xx_hal_tim_ex.c **** 
 546              		.loc 1 244 3 view .LVU176
 244:Drivers/STM32F1xx_HAL_Driver/Src/stm32f1xx_hal_tim_ex.c **** 
 547              		.loc 1 244 15 is_stmt 0 view .LVU177
ARM GAS  C:\Users\ride_pig\AppData\Local\Temp\ccPlGaWa.s 			page 54


 548 0004 0223     		movs	r3, #2
 549 0006 80F83D30 		strb	r3, [r0, #61]
 247:Drivers/STM32F1xx_HAL_Driver/Src/stm32f1xx_hal_tim_ex.c **** 
 550              		.loc 1 247 3 is_stmt 1 view .LVU178
 247:Drivers/STM32F1xx_HAL_Driver/Src/stm32f1xx_hal_tim_ex.c **** 
 551              		.loc 1 247 3 view .LVU179
 552 000a 0368     		ldr	r3, [r0]
 553 000c 196A     		ldr	r1, [r3, #32]
 554 000e 41F21112 		movw	r2, #4369
 555 0012 1142     		tst	r1, r2
 556 0014 08D1     		bne	.L32
 247:Drivers/STM32F1xx_HAL_Driver/Src/stm32f1xx_hal_tim_ex.c **** 
 557              		.loc 1 247 3 discriminator 1 view .LVU180
 558 0016 196A     		ldr	r1, [r3, #32]
 559 0018 40F24442 		movw	r2, #1092
 560 001c 1142     		tst	r1, r2
 561 001e 03D1     		bne	.L32
 247:Drivers/STM32F1xx_HAL_Driver/Src/stm32f1xx_hal_tim_ex.c **** 
 562              		.loc 1 247 3 discriminator 3 view .LVU181
 563 0020 1A68     		ldr	r2, [r3]
 564 0022 22F00102 		bic	r2, r2, #1
 565 0026 1A60     		str	r2, [r3]
 566              	.L32:
 247:Drivers/STM32F1xx_HAL_Driver/Src/stm32f1xx_hal_tim_ex.c **** 
 567              		.loc 1 247 3 discriminator 5 view .LVU182
 258:Drivers/STM32F1xx_HAL_Driver/Src/stm32f1xx_hal_tim_ex.c **** #endif /* USE_HAL_TIM_REGISTER_CALLBACKS */
 568              		.loc 1 258 3 discriminator 5 view .LVU183
 569 0028 2046     		mov	r0, r4
 570              	.LVL26:
 258:Drivers/STM32F1xx_HAL_Driver/Src/stm32f1xx_hal_tim_ex.c **** #endif /* USE_HAL_TIM_REGISTER_CALLBACKS */
 571              		.loc 1 258 3 is_stmt 0 discriminator 5 view .LVU184
 572 002a FFF7FEFF 		bl	HAL_TIMEx_HallSensor_MspDeInit
 573              	.LVL27:
 262:Drivers/STM32F1xx_HAL_Driver/Src/stm32f1xx_hal_tim_ex.c **** 
 574              		.loc 1 262 3 is_stmt 1 discriminator 5 view .LVU185
 262:Drivers/STM32F1xx_HAL_Driver/Src/stm32f1xx_hal_tim_ex.c **** 
 575              		.loc 1 262 23 is_stmt 0 discriminator 5 view .LVU186
 576 002e 0020     		movs	r0, #0
 577 0030 84F84600 		strb	r0, [r4, #70]
 265:Drivers/STM32F1xx_HAL_Driver/Src/stm32f1xx_hal_tim_ex.c ****   TIM_CHANNEL_STATE_SET(htim, TIM_CHANNEL_2, HAL_TIM_CHANNEL_STATE_RESET);
 578              		.loc 1 265 3 is_stmt 1 discriminator 5 view .LVU187
 579 0034 84F83E00 		strb	r0, [r4, #62]
 266:Drivers/STM32F1xx_HAL_Driver/Src/stm32f1xx_hal_tim_ex.c ****   TIM_CHANNEL_N_STATE_SET(htim, TIM_CHANNEL_1, HAL_TIM_CHANNEL_STATE_RESET);
 580              		.loc 1 266 3 discriminator 5 view .LVU188
 581 0038 84F83F00 		strb	r0, [r4, #63]
 267:Drivers/STM32F1xx_HAL_Driver/Src/stm32f1xx_hal_tim_ex.c ****   TIM_CHANNEL_N_STATE_SET(htim, TIM_CHANNEL_2, HAL_TIM_CHANNEL_STATE_RESET);
 582              		.loc 1 267 3 discriminator 5 view .LVU189
 583 003c 84F84200 		strb	r0, [r4, #66]
 268:Drivers/STM32F1xx_HAL_Driver/Src/stm32f1xx_hal_tim_ex.c **** 
 584              		.loc 1 268 3 discriminator 5 view .LVU190
 585 0040 84F84300 		strb	r0, [r4, #67]
 271:Drivers/STM32F1xx_HAL_Driver/Src/stm32f1xx_hal_tim_ex.c **** 
 586              		.loc 1 271 3 discriminator 5 view .LVU191
 271:Drivers/STM32F1xx_HAL_Driver/Src/stm32f1xx_hal_tim_ex.c **** 
 587              		.loc 1 271 15 is_stmt 0 discriminator 5 view .LVU192
 588 0044 84F83D00 		strb	r0, [r4, #61]
 274:Drivers/STM32F1xx_HAL_Driver/Src/stm32f1xx_hal_tim_ex.c **** 
ARM GAS  C:\Users\ride_pig\AppData\Local\Temp\ccPlGaWa.s 			page 55


 589              		.loc 1 274 3 is_stmt 1 discriminator 5 view .LVU193
 274:Drivers/STM32F1xx_HAL_Driver/Src/stm32f1xx_hal_tim_ex.c **** 
 590              		.loc 1 274 3 discriminator 5 view .LVU194
 591 0048 84F83C00 		strb	r0, [r4, #60]
 274:Drivers/STM32F1xx_HAL_Driver/Src/stm32f1xx_hal_tim_ex.c **** 
 592              		.loc 1 274 3 discriminator 5 view .LVU195
 276:Drivers/STM32F1xx_HAL_Driver/Src/stm32f1xx_hal_tim_ex.c **** }
 593              		.loc 1 276 3 discriminator 5 view .LVU196
 277:Drivers/STM32F1xx_HAL_Driver/Src/stm32f1xx_hal_tim_ex.c **** 
 594              		.loc 1 277 1 is_stmt 0 discriminator 5 view .LVU197
 595 004c 10BD     		pop	{r4, pc}
 277:Drivers/STM32F1xx_HAL_Driver/Src/stm32f1xx_hal_tim_ex.c **** 
 596              		.loc 1 277 1 discriminator 5 view .LVU198
 597              		.cfi_endproc
 598              	.LFE66:
 600              		.section	.text.HAL_TIMEx_HallSensor_Start,"ax",%progbits
 601              		.align	1
 602              		.global	HAL_TIMEx_HallSensor_Start
 603              		.syntax unified
 604              		.thumb
 605              		.thumb_func
 607              	HAL_TIMEx_HallSensor_Start:
 608              	.LVL28:
 609              	.LFB69:
 315:Drivers/STM32F1xx_HAL_Driver/Src/stm32f1xx_hal_tim_ex.c ****   uint32_t tmpsmcr;
 610              		.loc 1 315 1 is_stmt 1 view -0
 611              		.cfi_startproc
 612              		@ args = 0, pretend = 0, frame = 0
 613              		@ frame_needed = 0, uses_anonymous_args = 0
 315:Drivers/STM32F1xx_HAL_Driver/Src/stm32f1xx_hal_tim_ex.c ****   uint32_t tmpsmcr;
 614              		.loc 1 315 1 is_stmt 0 view .LVU200
 615 0000 10B5     		push	{r4, lr}
 616              	.LCFI8:
 617              		.cfi_def_cfa_offset 8
 618              		.cfi_offset 4, -8
 619              		.cfi_offset 14, -4
 620 0002 0446     		mov	r4, r0
 316:Drivers/STM32F1xx_HAL_Driver/Src/stm32f1xx_hal_tim_ex.c ****   HAL_TIM_ChannelStateTypeDef channel_1_state = TIM_CHANNEL_STATE_GET(htim, TIM_CHANNEL_1);
 621              		.loc 1 316 3 is_stmt 1 view .LVU201
 317:Drivers/STM32F1xx_HAL_Driver/Src/stm32f1xx_hal_tim_ex.c ****   HAL_TIM_ChannelStateTypeDef channel_2_state = TIM_CHANNEL_STATE_GET(htim, TIM_CHANNEL_2);
 622              		.loc 1 317 3 view .LVU202
 317:Drivers/STM32F1xx_HAL_Driver/Src/stm32f1xx_hal_tim_ex.c ****   HAL_TIM_ChannelStateTypeDef channel_2_state = TIM_CHANNEL_STATE_GET(htim, TIM_CHANNEL_2);
 623              		.loc 1 317 31 is_stmt 0 view .LVU203
 624 0004 90F83E00 		ldrb	r0, [r0, #62]	@ zero_extendqisi2
 625              	.LVL29:
 317:Drivers/STM32F1xx_HAL_Driver/Src/stm32f1xx_hal_tim_ex.c ****   HAL_TIM_ChannelStateTypeDef channel_2_state = TIM_CHANNEL_STATE_GET(htim, TIM_CHANNEL_2);
 626              		.loc 1 317 31 view .LVU204
 627 0008 C0B2     		uxtb	r0, r0
 628              	.LVL30:
 318:Drivers/STM32F1xx_HAL_Driver/Src/stm32f1xx_hal_tim_ex.c ****   HAL_TIM_ChannelStateTypeDef complementary_channel_1_state = TIM_CHANNEL_N_STATE_GET(htim, TIM_CHA
 629              		.loc 1 318 3 is_stmt 1 view .LVU205
 318:Drivers/STM32F1xx_HAL_Driver/Src/stm32f1xx_hal_tim_ex.c ****   HAL_TIM_ChannelStateTypeDef complementary_channel_1_state = TIM_CHANNEL_N_STATE_GET(htim, TIM_CHA
 630              		.loc 1 318 31 is_stmt 0 view .LVU206
 631 000a 94F83F30 		ldrb	r3, [r4, #63]	@ zero_extendqisi2
 632              	.LVL31:
 319:Drivers/STM32F1xx_HAL_Driver/Src/stm32f1xx_hal_tim_ex.c ****   HAL_TIM_ChannelStateTypeDef complementary_channel_2_state = TIM_CHANNEL_N_STATE_GET(htim, TIM_CHA
 633              		.loc 1 319 3 is_stmt 1 view .LVU207
ARM GAS  C:\Users\ride_pig\AppData\Local\Temp\ccPlGaWa.s 			page 56


 319:Drivers/STM32F1xx_HAL_Driver/Src/stm32f1xx_hal_tim_ex.c ****   HAL_TIM_ChannelStateTypeDef complementary_channel_2_state = TIM_CHANNEL_N_STATE_GET(htim, TIM_CHA
 634              		.loc 1 319 31 is_stmt 0 view .LVU208
 635 000e 94F84220 		ldrb	r2, [r4, #66]	@ zero_extendqisi2
 636              	.LVL32:
 320:Drivers/STM32F1xx_HAL_Driver/Src/stm32f1xx_hal_tim_ex.c **** 
 637              		.loc 1 320 3 is_stmt 1 view .LVU209
 320:Drivers/STM32F1xx_HAL_Driver/Src/stm32f1xx_hal_tim_ex.c **** 
 638              		.loc 1 320 31 is_stmt 0 view .LVU210
 639 0012 94F84310 		ldrb	r1, [r4, #67]	@ zero_extendqisi2
 640              	.LVL33:
 323:Drivers/STM32F1xx_HAL_Driver/Src/stm32f1xx_hal_tim_ex.c **** 
 641              		.loc 1 323 3 is_stmt 1 view .LVU211
 326:Drivers/STM32F1xx_HAL_Driver/Src/stm32f1xx_hal_tim_ex.c ****       || (channel_2_state != HAL_TIM_CHANNEL_STATE_READY)
 642              		.loc 1 326 3 view .LVU212
 326:Drivers/STM32F1xx_HAL_Driver/Src/stm32f1xx_hal_tim_ex.c ****       || (channel_2_state != HAL_TIM_CHANNEL_STATE_READY)
 643              		.loc 1 326 6 is_stmt 0 view .LVU213
 644 0016 0128     		cmp	r0, #1
 645 0018 3BD1     		bne	.L38
 646 001a DBB2     		uxtb	r3, r3
 326:Drivers/STM32F1xx_HAL_Driver/Src/stm32f1xx_hal_tim_ex.c ****       || (channel_2_state != HAL_TIM_CHANNEL_STATE_READY)
 647              		.loc 1 326 6 view .LVU214
 648 001c D2B2     		uxtb	r2, r2
 326:Drivers/STM32F1xx_HAL_Driver/Src/stm32f1xx_hal_tim_ex.c ****       || (channel_2_state != HAL_TIM_CHANNEL_STATE_READY)
 649              		.loc 1 326 6 view .LVU215
 650 001e C9B2     		uxtb	r1, r1
 327:Drivers/STM32F1xx_HAL_Driver/Src/stm32f1xx_hal_tim_ex.c ****       || (complementary_channel_1_state != HAL_TIM_CHANNEL_STATE_READY)
 651              		.loc 1 327 7 view .LVU216
 652 0020 012B     		cmp	r3, #1
 653 0022 37D1     		bne	.L35
 328:Drivers/STM32F1xx_HAL_Driver/Src/stm32f1xx_hal_tim_ex.c ****       || (complementary_channel_2_state != HAL_TIM_CHANNEL_STATE_READY))
 654              		.loc 1 328 7 view .LVU217
 655 0024 012A     		cmp	r2, #1
 656 0026 36D1     		bne	.L39
 329:Drivers/STM32F1xx_HAL_Driver/Src/stm32f1xx_hal_tim_ex.c ****   {
 657              		.loc 1 329 7 view .LVU218
 658 0028 0129     		cmp	r1, #1
 659 002a 01D0     		beq	.L43
 331:Drivers/STM32F1xx_HAL_Driver/Src/stm32f1xx_hal_tim_ex.c ****   }
 660              		.loc 1 331 12 view .LVU219
 661 002c 1046     		mov	r0, r2
 662              	.LVL34:
 331:Drivers/STM32F1xx_HAL_Driver/Src/stm32f1xx_hal_tim_ex.c ****   }
 663              		.loc 1 331 12 view .LVU220
 664 002e 31E0     		b	.L35
 665              	.LVL35:
 666              	.L43:
 335:Drivers/STM32F1xx_HAL_Driver/Src/stm32f1xx_hal_tim_ex.c ****   TIM_CHANNEL_STATE_SET(htim, TIM_CHANNEL_2, HAL_TIM_CHANNEL_STATE_BUSY);
 667              		.loc 1 335 3 is_stmt 1 view .LVU221
 668 0030 0223     		movs	r3, #2
 669              	.LVL36:
 335:Drivers/STM32F1xx_HAL_Driver/Src/stm32f1xx_hal_tim_ex.c ****   TIM_CHANNEL_STATE_SET(htim, TIM_CHANNEL_2, HAL_TIM_CHANNEL_STATE_BUSY);
 670              		.loc 1 335 3 is_stmt 0 view .LVU222
 671 0032 84F83E30 		strb	r3, [r4, #62]
 336:Drivers/STM32F1xx_HAL_Driver/Src/stm32f1xx_hal_tim_ex.c ****   TIM_CHANNEL_N_STATE_SET(htim, TIM_CHANNEL_1, HAL_TIM_CHANNEL_STATE_BUSY);
 672              		.loc 1 336 3 is_stmt 1 view .LVU223
 673 0036 84F83F30 		strb	r3, [r4, #63]
 337:Drivers/STM32F1xx_HAL_Driver/Src/stm32f1xx_hal_tim_ex.c ****   TIM_CHANNEL_N_STATE_SET(htim, TIM_CHANNEL_2, HAL_TIM_CHANNEL_STATE_BUSY);
ARM GAS  C:\Users\ride_pig\AppData\Local\Temp\ccPlGaWa.s 			page 57


 674              		.loc 1 337 3 view .LVU224
 675 003a 84F84230 		strb	r3, [r4, #66]
 338:Drivers/STM32F1xx_HAL_Driver/Src/stm32f1xx_hal_tim_ex.c **** 
 676              		.loc 1 338 3 view .LVU225
 677 003e 84F84330 		strb	r3, [r4, #67]
 343:Drivers/STM32F1xx_HAL_Driver/Src/stm32f1xx_hal_tim_ex.c **** 
 678              		.loc 1 343 3 view .LVU226
 679 0042 0021     		movs	r1, #0
 680              	.LVL37:
 343:Drivers/STM32F1xx_HAL_Driver/Src/stm32f1xx_hal_tim_ex.c **** 
 681              		.loc 1 343 3 is_stmt 0 view .LVU227
 682 0044 2068     		ldr	r0, [r4]
 683              	.LVL38:
 343:Drivers/STM32F1xx_HAL_Driver/Src/stm32f1xx_hal_tim_ex.c **** 
 684              		.loc 1 343 3 view .LVU228
 685 0046 FFF7FEFF 		bl	TIM_CCxChannelCmd
 686              	.LVL39:
 346:Drivers/STM32F1xx_HAL_Driver/Src/stm32f1xx_hal_tim_ex.c ****   {
 687              		.loc 1 346 3 is_stmt 1 view .LVU229
 346:Drivers/STM32F1xx_HAL_Driver/Src/stm32f1xx_hal_tim_ex.c ****   {
 688              		.loc 1 346 7 is_stmt 0 view .LVU230
 689 004a 2368     		ldr	r3, [r4]
 346:Drivers/STM32F1xx_HAL_Driver/Src/stm32f1xx_hal_tim_ex.c ****   {
 690              		.loc 1 346 6 view .LVU231
 691 004c 144A     		ldr	r2, .L44
 692 004e 9342     		cmp	r3, r2
 693 0050 14D0     		beq	.L36
 346:Drivers/STM32F1xx_HAL_Driver/Src/stm32f1xx_hal_tim_ex.c ****   {
 694              		.loc 1 346 7 discriminator 1 view .LVU232
 695 0052 B3F1804F 		cmp	r3, #1073741824
 696 0056 11D0     		beq	.L36
 346:Drivers/STM32F1xx_HAL_Driver/Src/stm32f1xx_hal_tim_ex.c ****   {
 697              		.loc 1 346 7 discriminator 2 view .LVU233
 698 0058 A2F59432 		sub	r2, r2, #75776
 699 005c 9342     		cmp	r3, r2
 700 005e 0DD0     		beq	.L36
 346:Drivers/STM32F1xx_HAL_Driver/Src/stm32f1xx_hal_tim_ex.c ****   {
 701              		.loc 1 346 7 discriminator 3 view .LVU234
 702 0060 02F58062 		add	r2, r2, #1024
 703 0064 9342     		cmp	r3, r2
 704 0066 09D0     		beq	.L36
 346:Drivers/STM32F1xx_HAL_Driver/Src/stm32f1xx_hal_tim_ex.c ****   {
 705              		.loc 1 346 7 discriminator 4 view .LVU235
 706 0068 02F58062 		add	r2, r2, #1024
 707 006c 9342     		cmp	r3, r2
 708 006e 05D0     		beq	.L36
 356:Drivers/STM32F1xx_HAL_Driver/Src/stm32f1xx_hal_tim_ex.c ****   }
 709              		.loc 1 356 5 is_stmt 1 view .LVU236
 710 0070 1A68     		ldr	r2, [r3]
 711 0072 42F00102 		orr	r2, r2, #1
 712 0076 1A60     		str	r2, [r3]
 360:Drivers/STM32F1xx_HAL_Driver/Src/stm32f1xx_hal_tim_ex.c **** }
 713              		.loc 1 360 10 is_stmt 0 view .LVU237
 714 0078 0020     		movs	r0, #0
 715 007a 0BE0     		b	.L35
 716              	.L36:
 348:Drivers/STM32F1xx_HAL_Driver/Src/stm32f1xx_hal_tim_ex.c ****     if (!IS_TIM_SLAVEMODE_TRIGGER_ENABLED(tmpsmcr))
ARM GAS  C:\Users\ride_pig\AppData\Local\Temp\ccPlGaWa.s 			page 58


 717              		.loc 1 348 5 is_stmt 1 view .LVU238
 348:Drivers/STM32F1xx_HAL_Driver/Src/stm32f1xx_hal_tim_ex.c ****     if (!IS_TIM_SLAVEMODE_TRIGGER_ENABLED(tmpsmcr))
 718              		.loc 1 348 29 is_stmt 0 view .LVU239
 719 007c 9A68     		ldr	r2, [r3, #8]
 348:Drivers/STM32F1xx_HAL_Driver/Src/stm32f1xx_hal_tim_ex.c ****     if (!IS_TIM_SLAVEMODE_TRIGGER_ENABLED(tmpsmcr))
 720              		.loc 1 348 13 view .LVU240
 721 007e 02F00702 		and	r2, r2, #7
 722              	.LVL40:
 349:Drivers/STM32F1xx_HAL_Driver/Src/stm32f1xx_hal_tim_ex.c ****     {
 723              		.loc 1 349 5 is_stmt 1 view .LVU241
 349:Drivers/STM32F1xx_HAL_Driver/Src/stm32f1xx_hal_tim_ex.c ****     {
 724              		.loc 1 349 8 is_stmt 0 view .LVU242
 725 0082 062A     		cmp	r2, #6
 726 0084 09D0     		beq	.L41
 351:Drivers/STM32F1xx_HAL_Driver/Src/stm32f1xx_hal_tim_ex.c ****     }
 727              		.loc 1 351 7 is_stmt 1 view .LVU243
 728 0086 1A68     		ldr	r2, [r3]
 729              	.LVL41:
 351:Drivers/STM32F1xx_HAL_Driver/Src/stm32f1xx_hal_tim_ex.c ****     }
 730              		.loc 1 351 7 is_stmt 0 view .LVU244
 731 0088 42F00102 		orr	r2, r2, #1
 732 008c 1A60     		str	r2, [r3]
 360:Drivers/STM32F1xx_HAL_Driver/Src/stm32f1xx_hal_tim_ex.c **** }
 733              		.loc 1 360 10 view .LVU245
 734 008e 0020     		movs	r0, #0
 735 0090 00E0     		b	.L35
 736              	.LVL42:
 737              	.L38:
 331:Drivers/STM32F1xx_HAL_Driver/Src/stm32f1xx_hal_tim_ex.c ****   }
 738              		.loc 1 331 12 view .LVU246
 739 0092 0120     		movs	r0, #1
 740              	.LVL43:
 741              	.L35:
 361:Drivers/STM32F1xx_HAL_Driver/Src/stm32f1xx_hal_tim_ex.c **** 
 742              		.loc 1 361 1 view .LVU247
 743 0094 10BD     		pop	{r4, pc}
 744              	.LVL44:
 745              	.L39:
 331:Drivers/STM32F1xx_HAL_Driver/Src/stm32f1xx_hal_tim_ex.c ****   }
 746              		.loc 1 331 12 view .LVU248
 747 0096 1846     		mov	r0, r3
 748              	.LVL45:
 331:Drivers/STM32F1xx_HAL_Driver/Src/stm32f1xx_hal_tim_ex.c ****   }
 749              		.loc 1 331 12 view .LVU249
 750 0098 FCE7     		b	.L35
 751              	.LVL46:
 752              	.L41:
 360:Drivers/STM32F1xx_HAL_Driver/Src/stm32f1xx_hal_tim_ex.c **** }
 753              		.loc 1 360 10 view .LVU250
 754 009a 0020     		movs	r0, #0
 755 009c FAE7     		b	.L35
 756              	.L45:
 757 009e 00BF     		.align	2
 758              	.L44:
 759 00a0 002C0140 		.word	1073818624
 760              		.cfi_endproc
 761              	.LFE69:
ARM GAS  C:\Users\ride_pig\AppData\Local\Temp\ccPlGaWa.s 			page 59


 763              		.section	.text.HAL_TIMEx_HallSensor_Stop,"ax",%progbits
 764              		.align	1
 765              		.global	HAL_TIMEx_HallSensor_Stop
 766              		.syntax unified
 767              		.thumb
 768              		.thumb_func
 770              	HAL_TIMEx_HallSensor_Stop:
 771              	.LVL47:
 772              	.LFB70:
 369:Drivers/STM32F1xx_HAL_Driver/Src/stm32f1xx_hal_tim_ex.c ****   /* Check the parameters */
 773              		.loc 1 369 1 is_stmt 1 view -0
 774              		.cfi_startproc
 775              		@ args = 0, pretend = 0, frame = 0
 776              		@ frame_needed = 0, uses_anonymous_args = 0
 369:Drivers/STM32F1xx_HAL_Driver/Src/stm32f1xx_hal_tim_ex.c ****   /* Check the parameters */
 777              		.loc 1 369 1 is_stmt 0 view .LVU252
 778 0000 10B5     		push	{r4, lr}
 779              	.LCFI9:
 780              		.cfi_def_cfa_offset 8
 781              		.cfi_offset 4, -8
 782              		.cfi_offset 14, -4
 783 0002 0446     		mov	r4, r0
 371:Drivers/STM32F1xx_HAL_Driver/Src/stm32f1xx_hal_tim_ex.c **** 
 784              		.loc 1 371 3 is_stmt 1 view .LVU253
 376:Drivers/STM32F1xx_HAL_Driver/Src/stm32f1xx_hal_tim_ex.c **** 
 785              		.loc 1 376 3 view .LVU254
 786 0004 0022     		movs	r2, #0
 787 0006 1146     		mov	r1, r2
 788 0008 0068     		ldr	r0, [r0]
 789              	.LVL48:
 376:Drivers/STM32F1xx_HAL_Driver/Src/stm32f1xx_hal_tim_ex.c **** 
 790              		.loc 1 376 3 is_stmt 0 view .LVU255
 791 000a FFF7FEFF 		bl	TIM_CCxChannelCmd
 792              	.LVL49:
 379:Drivers/STM32F1xx_HAL_Driver/Src/stm32f1xx_hal_tim_ex.c **** 
 793              		.loc 1 379 3 is_stmt 1 view .LVU256
 379:Drivers/STM32F1xx_HAL_Driver/Src/stm32f1xx_hal_tim_ex.c **** 
 794              		.loc 1 379 3 view .LVU257
 795 000e 2368     		ldr	r3, [r4]
 796 0010 196A     		ldr	r1, [r3, #32]
 797 0012 41F21112 		movw	r2, #4369
 798 0016 1142     		tst	r1, r2
 799 0018 08D1     		bne	.L47
 379:Drivers/STM32F1xx_HAL_Driver/Src/stm32f1xx_hal_tim_ex.c **** 
 800              		.loc 1 379 3 discriminator 1 view .LVU258
 801 001a 196A     		ldr	r1, [r3, #32]
 802 001c 40F24442 		movw	r2, #1092
 803 0020 1142     		tst	r1, r2
 804 0022 03D1     		bne	.L47
 379:Drivers/STM32F1xx_HAL_Driver/Src/stm32f1xx_hal_tim_ex.c **** 
 805              		.loc 1 379 3 discriminator 3 view .LVU259
 806 0024 1A68     		ldr	r2, [r3]
 807 0026 22F00102 		bic	r2, r2, #1
 808 002a 1A60     		str	r2, [r3]
 809              	.L47:
 379:Drivers/STM32F1xx_HAL_Driver/Src/stm32f1xx_hal_tim_ex.c **** 
 810              		.loc 1 379 3 discriminator 5 view .LVU260
ARM GAS  C:\Users\ride_pig\AppData\Local\Temp\ccPlGaWa.s 			page 60


 382:Drivers/STM32F1xx_HAL_Driver/Src/stm32f1xx_hal_tim_ex.c ****   TIM_CHANNEL_STATE_SET(htim, TIM_CHANNEL_2, HAL_TIM_CHANNEL_STATE_READY);
 811              		.loc 1 382 3 discriminator 5 view .LVU261
 812 002c 0123     		movs	r3, #1
 813 002e 84F83E30 		strb	r3, [r4, #62]
 383:Drivers/STM32F1xx_HAL_Driver/Src/stm32f1xx_hal_tim_ex.c ****   TIM_CHANNEL_N_STATE_SET(htim, TIM_CHANNEL_1, HAL_TIM_CHANNEL_STATE_READY);
 814              		.loc 1 383 3 discriminator 5 view .LVU262
 815 0032 84F83F30 		strb	r3, [r4, #63]
 384:Drivers/STM32F1xx_HAL_Driver/Src/stm32f1xx_hal_tim_ex.c ****   TIM_CHANNEL_N_STATE_SET(htim, TIM_CHANNEL_2, HAL_TIM_CHANNEL_STATE_READY);
 816              		.loc 1 384 3 discriminator 5 view .LVU263
 817 0036 84F84230 		strb	r3, [r4, #66]
 385:Drivers/STM32F1xx_HAL_Driver/Src/stm32f1xx_hal_tim_ex.c **** 
 818              		.loc 1 385 3 discriminator 5 view .LVU264
 819 003a 84F84330 		strb	r3, [r4, #67]
 388:Drivers/STM32F1xx_HAL_Driver/Src/stm32f1xx_hal_tim_ex.c **** }
 820              		.loc 1 388 3 discriminator 5 view .LVU265
 389:Drivers/STM32F1xx_HAL_Driver/Src/stm32f1xx_hal_tim_ex.c **** 
 821              		.loc 1 389 1 is_stmt 0 discriminator 5 view .LVU266
 822 003e 0020     		movs	r0, #0
 823 0040 10BD     		pop	{r4, pc}
 389:Drivers/STM32F1xx_HAL_Driver/Src/stm32f1xx_hal_tim_ex.c **** 
 824              		.loc 1 389 1 discriminator 5 view .LVU267
 825              		.cfi_endproc
 826              	.LFE70:
 828              		.section	.text.HAL_TIMEx_HallSensor_Start_IT,"ax",%progbits
 829              		.align	1
 830              		.global	HAL_TIMEx_HallSensor_Start_IT
 831              		.syntax unified
 832              		.thumb
 833              		.thumb_func
 835              	HAL_TIMEx_HallSensor_Start_IT:
 836              	.LVL50:
 837              	.LFB71:
 397:Drivers/STM32F1xx_HAL_Driver/Src/stm32f1xx_hal_tim_ex.c ****   uint32_t tmpsmcr;
 838              		.loc 1 397 1 is_stmt 1 view -0
 839              		.cfi_startproc
 840              		@ args = 0, pretend = 0, frame = 0
 841              		@ frame_needed = 0, uses_anonymous_args = 0
 397:Drivers/STM32F1xx_HAL_Driver/Src/stm32f1xx_hal_tim_ex.c ****   uint32_t tmpsmcr;
 842              		.loc 1 397 1 is_stmt 0 view .LVU269
 843 0000 10B5     		push	{r4, lr}
 844              	.LCFI10:
 845              		.cfi_def_cfa_offset 8
 846              		.cfi_offset 4, -8
 847              		.cfi_offset 14, -4
 848 0002 0446     		mov	r4, r0
 398:Drivers/STM32F1xx_HAL_Driver/Src/stm32f1xx_hal_tim_ex.c ****   HAL_TIM_ChannelStateTypeDef channel_1_state = TIM_CHANNEL_STATE_GET(htim, TIM_CHANNEL_1);
 849              		.loc 1 398 3 is_stmt 1 view .LVU270
 399:Drivers/STM32F1xx_HAL_Driver/Src/stm32f1xx_hal_tim_ex.c ****   HAL_TIM_ChannelStateTypeDef channel_2_state = TIM_CHANNEL_STATE_GET(htim, TIM_CHANNEL_2);
 850              		.loc 1 399 3 view .LVU271
 399:Drivers/STM32F1xx_HAL_Driver/Src/stm32f1xx_hal_tim_ex.c ****   HAL_TIM_ChannelStateTypeDef channel_2_state = TIM_CHANNEL_STATE_GET(htim, TIM_CHANNEL_2);
 851              		.loc 1 399 31 is_stmt 0 view .LVU272
 852 0004 90F83E00 		ldrb	r0, [r0, #62]	@ zero_extendqisi2
 853              	.LVL51:
 399:Drivers/STM32F1xx_HAL_Driver/Src/stm32f1xx_hal_tim_ex.c ****   HAL_TIM_ChannelStateTypeDef channel_2_state = TIM_CHANNEL_STATE_GET(htim, TIM_CHANNEL_2);
 854              		.loc 1 399 31 view .LVU273
 855 0008 C0B2     		uxtb	r0, r0
 856              	.LVL52:
ARM GAS  C:\Users\ride_pig\AppData\Local\Temp\ccPlGaWa.s 			page 61


 400:Drivers/STM32F1xx_HAL_Driver/Src/stm32f1xx_hal_tim_ex.c ****   HAL_TIM_ChannelStateTypeDef complementary_channel_1_state = TIM_CHANNEL_N_STATE_GET(htim, TIM_CHA
 857              		.loc 1 400 3 is_stmt 1 view .LVU274
 400:Drivers/STM32F1xx_HAL_Driver/Src/stm32f1xx_hal_tim_ex.c ****   HAL_TIM_ChannelStateTypeDef complementary_channel_1_state = TIM_CHANNEL_N_STATE_GET(htim, TIM_CHA
 858              		.loc 1 400 31 is_stmt 0 view .LVU275
 859 000a 94F83F30 		ldrb	r3, [r4, #63]	@ zero_extendqisi2
 860              	.LVL53:
 401:Drivers/STM32F1xx_HAL_Driver/Src/stm32f1xx_hal_tim_ex.c ****   HAL_TIM_ChannelStateTypeDef complementary_channel_2_state = TIM_CHANNEL_N_STATE_GET(htim, TIM_CHA
 861              		.loc 1 401 3 is_stmt 1 view .LVU276
 401:Drivers/STM32F1xx_HAL_Driver/Src/stm32f1xx_hal_tim_ex.c ****   HAL_TIM_ChannelStateTypeDef complementary_channel_2_state = TIM_CHANNEL_N_STATE_GET(htim, TIM_CHA
 862              		.loc 1 401 31 is_stmt 0 view .LVU277
 863 000e 94F84220 		ldrb	r2, [r4, #66]	@ zero_extendqisi2
 864              	.LVL54:
 402:Drivers/STM32F1xx_HAL_Driver/Src/stm32f1xx_hal_tim_ex.c **** 
 865              		.loc 1 402 3 is_stmt 1 view .LVU278
 402:Drivers/STM32F1xx_HAL_Driver/Src/stm32f1xx_hal_tim_ex.c **** 
 866              		.loc 1 402 31 is_stmt 0 view .LVU279
 867 0012 94F84310 		ldrb	r1, [r4, #67]	@ zero_extendqisi2
 868              	.LVL55:
 405:Drivers/STM32F1xx_HAL_Driver/Src/stm32f1xx_hal_tim_ex.c **** 
 869              		.loc 1 405 3 is_stmt 1 view .LVU280
 408:Drivers/STM32F1xx_HAL_Driver/Src/stm32f1xx_hal_tim_ex.c ****       || (channel_2_state != HAL_TIM_CHANNEL_STATE_READY)
 870              		.loc 1 408 3 view .LVU281
 408:Drivers/STM32F1xx_HAL_Driver/Src/stm32f1xx_hal_tim_ex.c ****       || (channel_2_state != HAL_TIM_CHANNEL_STATE_READY)
 871              		.loc 1 408 6 is_stmt 0 view .LVU282
 872 0016 0128     		cmp	r0, #1
 873 0018 41D1     		bne	.L53
 874 001a DBB2     		uxtb	r3, r3
 408:Drivers/STM32F1xx_HAL_Driver/Src/stm32f1xx_hal_tim_ex.c ****       || (channel_2_state != HAL_TIM_CHANNEL_STATE_READY)
 875              		.loc 1 408 6 view .LVU283
 876 001c D2B2     		uxtb	r2, r2
 408:Drivers/STM32F1xx_HAL_Driver/Src/stm32f1xx_hal_tim_ex.c ****       || (channel_2_state != HAL_TIM_CHANNEL_STATE_READY)
 877              		.loc 1 408 6 view .LVU284
 878 001e C9B2     		uxtb	r1, r1
 409:Drivers/STM32F1xx_HAL_Driver/Src/stm32f1xx_hal_tim_ex.c ****       || (complementary_channel_1_state != HAL_TIM_CHANNEL_STATE_READY)
 879              		.loc 1 409 7 view .LVU285
 880 0020 012B     		cmp	r3, #1
 881 0022 3DD1     		bne	.L50
 410:Drivers/STM32F1xx_HAL_Driver/Src/stm32f1xx_hal_tim_ex.c ****       || (complementary_channel_2_state != HAL_TIM_CHANNEL_STATE_READY))
 882              		.loc 1 410 7 view .LVU286
 883 0024 012A     		cmp	r2, #1
 884 0026 3CD1     		bne	.L54
 411:Drivers/STM32F1xx_HAL_Driver/Src/stm32f1xx_hal_tim_ex.c ****   {
 885              		.loc 1 411 7 view .LVU287
 886 0028 0129     		cmp	r1, #1
 887 002a 01D0     		beq	.L58
 413:Drivers/STM32F1xx_HAL_Driver/Src/stm32f1xx_hal_tim_ex.c ****   }
 888              		.loc 1 413 12 view .LVU288
 889 002c 1046     		mov	r0, r2
 890              	.LVL56:
 413:Drivers/STM32F1xx_HAL_Driver/Src/stm32f1xx_hal_tim_ex.c ****   }
 891              		.loc 1 413 12 view .LVU289
 892 002e 37E0     		b	.L50
 893              	.LVL57:
 894              	.L58:
 417:Drivers/STM32F1xx_HAL_Driver/Src/stm32f1xx_hal_tim_ex.c ****   TIM_CHANNEL_STATE_SET(htim, TIM_CHANNEL_2, HAL_TIM_CHANNEL_STATE_BUSY);
 895              		.loc 1 417 3 is_stmt 1 view .LVU290
 896 0030 0223     		movs	r3, #2
ARM GAS  C:\Users\ride_pig\AppData\Local\Temp\ccPlGaWa.s 			page 62


 897              	.LVL58:
 417:Drivers/STM32F1xx_HAL_Driver/Src/stm32f1xx_hal_tim_ex.c ****   TIM_CHANNEL_STATE_SET(htim, TIM_CHANNEL_2, HAL_TIM_CHANNEL_STATE_BUSY);
 898              		.loc 1 417 3 is_stmt 0 view .LVU291
 899 0032 84F83E30 		strb	r3, [r4, #62]
 418:Drivers/STM32F1xx_HAL_Driver/Src/stm32f1xx_hal_tim_ex.c ****   TIM_CHANNEL_N_STATE_SET(htim, TIM_CHANNEL_1, HAL_TIM_CHANNEL_STATE_BUSY);
 900              		.loc 1 418 3 is_stmt 1 view .LVU292
 901 0036 84F83F30 		strb	r3, [r4, #63]
 419:Drivers/STM32F1xx_HAL_Driver/Src/stm32f1xx_hal_tim_ex.c ****   TIM_CHANNEL_N_STATE_SET(htim, TIM_CHANNEL_2, HAL_TIM_CHANNEL_STATE_BUSY);
 902              		.loc 1 419 3 view .LVU293
 903 003a 84F84230 		strb	r3, [r4, #66]
 420:Drivers/STM32F1xx_HAL_Driver/Src/stm32f1xx_hal_tim_ex.c **** 
 904              		.loc 1 420 3 view .LVU294
 905 003e 84F84330 		strb	r3, [r4, #67]
 423:Drivers/STM32F1xx_HAL_Driver/Src/stm32f1xx_hal_tim_ex.c **** 
 906              		.loc 1 423 3 view .LVU295
 907 0042 2268     		ldr	r2, [r4]
 908              	.LVL59:
 423:Drivers/STM32F1xx_HAL_Driver/Src/stm32f1xx_hal_tim_ex.c **** 
 909              		.loc 1 423 3 is_stmt 0 view .LVU296
 910 0044 D368     		ldr	r3, [r2, #12]
 911 0046 43F00203 		orr	r3, r3, #2
 912 004a D360     		str	r3, [r2, #12]
 428:Drivers/STM32F1xx_HAL_Driver/Src/stm32f1xx_hal_tim_ex.c **** 
 913              		.loc 1 428 3 is_stmt 1 view .LVU297
 914 004c 0122     		movs	r2, #1
 915 004e 0021     		movs	r1, #0
 916              	.LVL60:
 428:Drivers/STM32F1xx_HAL_Driver/Src/stm32f1xx_hal_tim_ex.c **** 
 917              		.loc 1 428 3 is_stmt 0 view .LVU298
 918 0050 2068     		ldr	r0, [r4]
 919              	.LVL61:
 428:Drivers/STM32F1xx_HAL_Driver/Src/stm32f1xx_hal_tim_ex.c **** 
 920              		.loc 1 428 3 view .LVU299
 921 0052 FFF7FEFF 		bl	TIM_CCxChannelCmd
 922              	.LVL62:
 431:Drivers/STM32F1xx_HAL_Driver/Src/stm32f1xx_hal_tim_ex.c ****   {
 923              		.loc 1 431 3 is_stmt 1 view .LVU300
 431:Drivers/STM32F1xx_HAL_Driver/Src/stm32f1xx_hal_tim_ex.c ****   {
 924              		.loc 1 431 7 is_stmt 0 view .LVU301
 925 0056 2368     		ldr	r3, [r4]
 431:Drivers/STM32F1xx_HAL_Driver/Src/stm32f1xx_hal_tim_ex.c ****   {
 926              		.loc 1 431 6 view .LVU302
 927 0058 144A     		ldr	r2, .L59
 928 005a 9342     		cmp	r3, r2
 929 005c 14D0     		beq	.L51
 431:Drivers/STM32F1xx_HAL_Driver/Src/stm32f1xx_hal_tim_ex.c ****   {
 930              		.loc 1 431 7 discriminator 1 view .LVU303
 931 005e B3F1804F 		cmp	r3, #1073741824
 932 0062 11D0     		beq	.L51
 431:Drivers/STM32F1xx_HAL_Driver/Src/stm32f1xx_hal_tim_ex.c ****   {
 933              		.loc 1 431 7 discriminator 2 view .LVU304
 934 0064 A2F59432 		sub	r2, r2, #75776
 935 0068 9342     		cmp	r3, r2
 936 006a 0DD0     		beq	.L51
 431:Drivers/STM32F1xx_HAL_Driver/Src/stm32f1xx_hal_tim_ex.c ****   {
 937              		.loc 1 431 7 discriminator 3 view .LVU305
 938 006c 02F58062 		add	r2, r2, #1024
ARM GAS  C:\Users\ride_pig\AppData\Local\Temp\ccPlGaWa.s 			page 63


 939 0070 9342     		cmp	r3, r2
 940 0072 09D0     		beq	.L51
 431:Drivers/STM32F1xx_HAL_Driver/Src/stm32f1xx_hal_tim_ex.c ****   {
 941              		.loc 1 431 7 discriminator 4 view .LVU306
 942 0074 02F58062 		add	r2, r2, #1024
 943 0078 9342     		cmp	r3, r2
 944 007a 05D0     		beq	.L51
 441:Drivers/STM32F1xx_HAL_Driver/Src/stm32f1xx_hal_tim_ex.c ****   }
 945              		.loc 1 441 5 is_stmt 1 view .LVU307
 946 007c 1A68     		ldr	r2, [r3]
 947 007e 42F00102 		orr	r2, r2, #1
 948 0082 1A60     		str	r2, [r3]
 445:Drivers/STM32F1xx_HAL_Driver/Src/stm32f1xx_hal_tim_ex.c **** }
 949              		.loc 1 445 10 is_stmt 0 view .LVU308
 950 0084 0020     		movs	r0, #0
 951 0086 0BE0     		b	.L50
 952              	.L51:
 433:Drivers/STM32F1xx_HAL_Driver/Src/stm32f1xx_hal_tim_ex.c ****     if (!IS_TIM_SLAVEMODE_TRIGGER_ENABLED(tmpsmcr))
 953              		.loc 1 433 5 is_stmt 1 view .LVU309
 433:Drivers/STM32F1xx_HAL_Driver/Src/stm32f1xx_hal_tim_ex.c ****     if (!IS_TIM_SLAVEMODE_TRIGGER_ENABLED(tmpsmcr))
 954              		.loc 1 433 29 is_stmt 0 view .LVU310
 955 0088 9A68     		ldr	r2, [r3, #8]
 433:Drivers/STM32F1xx_HAL_Driver/Src/stm32f1xx_hal_tim_ex.c ****     if (!IS_TIM_SLAVEMODE_TRIGGER_ENABLED(tmpsmcr))
 956              		.loc 1 433 13 view .LVU311
 957 008a 02F00702 		and	r2, r2, #7
 958              	.LVL63:
 434:Drivers/STM32F1xx_HAL_Driver/Src/stm32f1xx_hal_tim_ex.c ****     {
 959              		.loc 1 434 5 is_stmt 1 view .LVU312
 434:Drivers/STM32F1xx_HAL_Driver/Src/stm32f1xx_hal_tim_ex.c ****     {
 960              		.loc 1 434 8 is_stmt 0 view .LVU313
 961 008e 062A     		cmp	r2, #6
 962 0090 09D0     		beq	.L56
 436:Drivers/STM32F1xx_HAL_Driver/Src/stm32f1xx_hal_tim_ex.c ****     }
 963              		.loc 1 436 7 is_stmt 1 view .LVU314
 964 0092 1A68     		ldr	r2, [r3]
 965              	.LVL64:
 436:Drivers/STM32F1xx_HAL_Driver/Src/stm32f1xx_hal_tim_ex.c ****     }
 966              		.loc 1 436 7 is_stmt 0 view .LVU315
 967 0094 42F00102 		orr	r2, r2, #1
 968 0098 1A60     		str	r2, [r3]
 445:Drivers/STM32F1xx_HAL_Driver/Src/stm32f1xx_hal_tim_ex.c **** }
 969              		.loc 1 445 10 view .LVU316
 970 009a 0020     		movs	r0, #0
 971 009c 00E0     		b	.L50
 972              	.LVL65:
 973              	.L53:
 413:Drivers/STM32F1xx_HAL_Driver/Src/stm32f1xx_hal_tim_ex.c ****   }
 974              		.loc 1 413 12 view .LVU317
 975 009e 0120     		movs	r0, #1
 976              	.LVL66:
 977              	.L50:
 446:Drivers/STM32F1xx_HAL_Driver/Src/stm32f1xx_hal_tim_ex.c **** 
 978              		.loc 1 446 1 view .LVU318
 979 00a0 10BD     		pop	{r4, pc}
 980              	.LVL67:
 981              	.L54:
 413:Drivers/STM32F1xx_HAL_Driver/Src/stm32f1xx_hal_tim_ex.c ****   }
ARM GAS  C:\Users\ride_pig\AppData\Local\Temp\ccPlGaWa.s 			page 64


 982              		.loc 1 413 12 view .LVU319
 983 00a2 1846     		mov	r0, r3
 984              	.LVL68:
 413:Drivers/STM32F1xx_HAL_Driver/Src/stm32f1xx_hal_tim_ex.c ****   }
 985              		.loc 1 413 12 view .LVU320
 986 00a4 FCE7     		b	.L50
 987              	.LVL69:
 988              	.L56:
 445:Drivers/STM32F1xx_HAL_Driver/Src/stm32f1xx_hal_tim_ex.c **** }
 989              		.loc 1 445 10 view .LVU321
 990 00a6 0020     		movs	r0, #0
 991 00a8 FAE7     		b	.L50
 992              	.L60:
 993 00aa 00BF     		.align	2
 994              	.L59:
 995 00ac 002C0140 		.word	1073818624
 996              		.cfi_endproc
 997              	.LFE71:
 999              		.section	.text.HAL_TIMEx_HallSensor_Stop_IT,"ax",%progbits
 1000              		.align	1
 1001              		.global	HAL_TIMEx_HallSensor_Stop_IT
 1002              		.syntax unified
 1003              		.thumb
 1004              		.thumb_func
 1006              	HAL_TIMEx_HallSensor_Stop_IT:
 1007              	.LVL70:
 1008              	.LFB72:
 454:Drivers/STM32F1xx_HAL_Driver/Src/stm32f1xx_hal_tim_ex.c ****   /* Check the parameters */
 1009              		.loc 1 454 1 is_stmt 1 view -0
 1010              		.cfi_startproc
 1011              		@ args = 0, pretend = 0, frame = 0
 1012              		@ frame_needed = 0, uses_anonymous_args = 0
 454:Drivers/STM32F1xx_HAL_Driver/Src/stm32f1xx_hal_tim_ex.c ****   /* Check the parameters */
 1013              		.loc 1 454 1 is_stmt 0 view .LVU323
 1014 0000 10B5     		push	{r4, lr}
 1015              	.LCFI11:
 1016              		.cfi_def_cfa_offset 8
 1017              		.cfi_offset 4, -8
 1018              		.cfi_offset 14, -4
 1019 0002 0446     		mov	r4, r0
 456:Drivers/STM32F1xx_HAL_Driver/Src/stm32f1xx_hal_tim_ex.c **** 
 1020              		.loc 1 456 3 is_stmt 1 view .LVU324
 461:Drivers/STM32F1xx_HAL_Driver/Src/stm32f1xx_hal_tim_ex.c **** 
 1021              		.loc 1 461 3 view .LVU325
 1022 0004 0022     		movs	r2, #0
 1023 0006 1146     		mov	r1, r2
 1024 0008 0068     		ldr	r0, [r0]
 1025              	.LVL71:
 461:Drivers/STM32F1xx_HAL_Driver/Src/stm32f1xx_hal_tim_ex.c **** 
 1026              		.loc 1 461 3 is_stmt 0 view .LVU326
 1027 000a FFF7FEFF 		bl	TIM_CCxChannelCmd
 1028              	.LVL72:
 464:Drivers/STM32F1xx_HAL_Driver/Src/stm32f1xx_hal_tim_ex.c **** 
 1029              		.loc 1 464 3 is_stmt 1 view .LVU327
 1030 000e 2268     		ldr	r2, [r4]
 1031 0010 D368     		ldr	r3, [r2, #12]
 1032 0012 23F00203 		bic	r3, r3, #2
ARM GAS  C:\Users\ride_pig\AppData\Local\Temp\ccPlGaWa.s 			page 65


 1033 0016 D360     		str	r3, [r2, #12]
 467:Drivers/STM32F1xx_HAL_Driver/Src/stm32f1xx_hal_tim_ex.c **** 
 1034              		.loc 1 467 3 view .LVU328
 467:Drivers/STM32F1xx_HAL_Driver/Src/stm32f1xx_hal_tim_ex.c **** 
 1035              		.loc 1 467 3 view .LVU329
 1036 0018 2368     		ldr	r3, [r4]
 1037 001a 196A     		ldr	r1, [r3, #32]
 1038 001c 41F21112 		movw	r2, #4369
 1039 0020 1142     		tst	r1, r2
 1040 0022 08D1     		bne	.L62
 467:Drivers/STM32F1xx_HAL_Driver/Src/stm32f1xx_hal_tim_ex.c **** 
 1041              		.loc 1 467 3 discriminator 1 view .LVU330
 1042 0024 196A     		ldr	r1, [r3, #32]
 1043 0026 40F24442 		movw	r2, #1092
 1044 002a 1142     		tst	r1, r2
 1045 002c 03D1     		bne	.L62
 467:Drivers/STM32F1xx_HAL_Driver/Src/stm32f1xx_hal_tim_ex.c **** 
 1046              		.loc 1 467 3 discriminator 3 view .LVU331
 1047 002e 1A68     		ldr	r2, [r3]
 1048 0030 22F00102 		bic	r2, r2, #1
 1049 0034 1A60     		str	r2, [r3]
 1050              	.L62:
 467:Drivers/STM32F1xx_HAL_Driver/Src/stm32f1xx_hal_tim_ex.c **** 
 1051              		.loc 1 467 3 discriminator 5 view .LVU332
 470:Drivers/STM32F1xx_HAL_Driver/Src/stm32f1xx_hal_tim_ex.c ****   TIM_CHANNEL_STATE_SET(htim, TIM_CHANNEL_2, HAL_TIM_CHANNEL_STATE_READY);
 1052              		.loc 1 470 3 discriminator 5 view .LVU333
 1053 0036 0123     		movs	r3, #1
 1054 0038 84F83E30 		strb	r3, [r4, #62]
 471:Drivers/STM32F1xx_HAL_Driver/Src/stm32f1xx_hal_tim_ex.c ****   TIM_CHANNEL_N_STATE_SET(htim, TIM_CHANNEL_1, HAL_TIM_CHANNEL_STATE_READY);
 1055              		.loc 1 471 3 discriminator 5 view .LVU334
 1056 003c 84F83F30 		strb	r3, [r4, #63]
 472:Drivers/STM32F1xx_HAL_Driver/Src/stm32f1xx_hal_tim_ex.c ****   TIM_CHANNEL_N_STATE_SET(htim, TIM_CHANNEL_2, HAL_TIM_CHANNEL_STATE_READY);
 1057              		.loc 1 472 3 discriminator 5 view .LVU335
 1058 0040 84F84230 		strb	r3, [r4, #66]
 473:Drivers/STM32F1xx_HAL_Driver/Src/stm32f1xx_hal_tim_ex.c **** 
 1059              		.loc 1 473 3 discriminator 5 view .LVU336
 1060 0044 84F84330 		strb	r3, [r4, #67]
 476:Drivers/STM32F1xx_HAL_Driver/Src/stm32f1xx_hal_tim_ex.c **** }
 1061              		.loc 1 476 3 discriminator 5 view .LVU337
 477:Drivers/STM32F1xx_HAL_Driver/Src/stm32f1xx_hal_tim_ex.c **** 
 1062              		.loc 1 477 1 is_stmt 0 discriminator 5 view .LVU338
 1063 0048 0020     		movs	r0, #0
 1064 004a 10BD     		pop	{r4, pc}
 477:Drivers/STM32F1xx_HAL_Driver/Src/stm32f1xx_hal_tim_ex.c **** 
 1065              		.loc 1 477 1 discriminator 5 view .LVU339
 1066              		.cfi_endproc
 1067              	.LFE72:
 1069              		.section	.text.HAL_TIMEx_HallSensor_Start_DMA,"ax",%progbits
 1070              		.align	1
 1071              		.global	HAL_TIMEx_HallSensor_Start_DMA
 1072              		.syntax unified
 1073              		.thumb
 1074              		.thumb_func
 1076              	HAL_TIMEx_HallSensor_Start_DMA:
 1077              	.LVL73:
 1078              	.LFB73:
 487:Drivers/STM32F1xx_HAL_Driver/Src/stm32f1xx_hal_tim_ex.c ****   uint32_t tmpsmcr;
ARM GAS  C:\Users\ride_pig\AppData\Local\Temp\ccPlGaWa.s 			page 66


 1079              		.loc 1 487 1 is_stmt 1 view -0
 1080              		.cfi_startproc
 1081              		@ args = 0, pretend = 0, frame = 0
 1082              		@ frame_needed = 0, uses_anonymous_args = 0
 487:Drivers/STM32F1xx_HAL_Driver/Src/stm32f1xx_hal_tim_ex.c ****   uint32_t tmpsmcr;
 1083              		.loc 1 487 1 is_stmt 0 view .LVU341
 1084 0000 F8B5     		push	{r3, r4, r5, r6, r7, lr}
 1085              	.LCFI12:
 1086              		.cfi_def_cfa_offset 24
 1087              		.cfi_offset 3, -24
 1088              		.cfi_offset 4, -20
 1089              		.cfi_offset 5, -16
 1090              		.cfi_offset 6, -12
 1091              		.cfi_offset 7, -8
 1092              		.cfi_offset 14, -4
 1093 0002 0446     		mov	r4, r0
 488:Drivers/STM32F1xx_HAL_Driver/Src/stm32f1xx_hal_tim_ex.c ****   HAL_TIM_ChannelStateTypeDef channel_1_state = TIM_CHANNEL_STATE_GET(htim, TIM_CHANNEL_1);
 1094              		.loc 1 488 3 is_stmt 1 view .LVU342
 489:Drivers/STM32F1xx_HAL_Driver/Src/stm32f1xx_hal_tim_ex.c ****   HAL_TIM_ChannelStateTypeDef complementary_channel_1_state = TIM_CHANNEL_N_STATE_GET(htim, TIM_CHA
 1095              		.loc 1 489 3 view .LVU343
 489:Drivers/STM32F1xx_HAL_Driver/Src/stm32f1xx_hal_tim_ex.c ****   HAL_TIM_ChannelStateTypeDef complementary_channel_1_state = TIM_CHANNEL_N_STATE_GET(htim, TIM_CHA
 1096              		.loc 1 489 31 is_stmt 0 view .LVU344
 1097 0004 90F83EC0 		ldrb	ip, [r0, #62]	@ zero_extendqisi2
 1098 0008 5FFA8CF0 		uxtb	r0, ip
 1099              	.LVL74:
 490:Drivers/STM32F1xx_HAL_Driver/Src/stm32f1xx_hal_tim_ex.c **** 
 1100              		.loc 1 490 3 is_stmt 1 view .LVU345
 490:Drivers/STM32F1xx_HAL_Driver/Src/stm32f1xx_hal_tim_ex.c **** 
 1101              		.loc 1 490 31 is_stmt 0 view .LVU346
 1102 000c 94F842C0 		ldrb	ip, [r4, #66]	@ zero_extendqisi2
 1103              	.LVL75:
 493:Drivers/STM32F1xx_HAL_Driver/Src/stm32f1xx_hal_tim_ex.c **** 
 1104              		.loc 1 493 3 is_stmt 1 view .LVU347
 496:Drivers/STM32F1xx_HAL_Driver/Src/stm32f1xx_hal_tim_ex.c ****       || (complementary_channel_1_state == HAL_TIM_CHANNEL_STATE_BUSY))
 1105              		.loc 1 496 3 view .LVU348
 496:Drivers/STM32F1xx_HAL_Driver/Src/stm32f1xx_hal_tim_ex.c ****       || (complementary_channel_1_state == HAL_TIM_CHANNEL_STATE_BUSY))
 1106              		.loc 1 496 6 is_stmt 0 view .LVU349
 1107 0010 0228     		cmp	r0, #2
 1108 0012 54D0     		beq	.L65
 1109 0014 0F46     		mov	r7, r1
 1110 0016 1646     		mov	r6, r2
 1111 0018 5FFA8CF5 		uxtb	r5, ip
 497:Drivers/STM32F1xx_HAL_Driver/Src/stm32f1xx_hal_tim_ex.c ****   {
 1112              		.loc 1 497 7 view .LVU350
 1113 001c 022D     		cmp	r5, #2
 1114 001e 4BD0     		beq	.L69
 501:Drivers/STM32F1xx_HAL_Driver/Src/stm32f1xx_hal_tim_ex.c ****            && (complementary_channel_1_state == HAL_TIM_CHANNEL_STATE_READY))
 1115              		.loc 1 501 8 is_stmt 1 view .LVU351
 501:Drivers/STM32F1xx_HAL_Driver/Src/stm32f1xx_hal_tim_ex.c ****            && (complementary_channel_1_state == HAL_TIM_CHANNEL_STATE_READY))
 1116              		.loc 1 501 11 is_stmt 0 view .LVU352
 1117 0020 0128     		cmp	r0, #1
 1118 0022 4BD1     		bne	.L70
 502:Drivers/STM32F1xx_HAL_Driver/Src/stm32f1xx_hal_tim_ex.c ****   {
 1119              		.loc 1 502 12 view .LVU353
 1120 0024 012D     		cmp	r5, #1
 1121 0026 4AD1     		bne	.L65
 504:Drivers/STM32F1xx_HAL_Driver/Src/stm32f1xx_hal_tim_ex.c ****     {
ARM GAS  C:\Users\ride_pig\AppData\Local\Temp\ccPlGaWa.s 			page 67


 1122              		.loc 1 504 5 is_stmt 1 view .LVU354
 504:Drivers/STM32F1xx_HAL_Driver/Src/stm32f1xx_hal_tim_ex.c ****     {
 1123              		.loc 1 504 8 is_stmt 0 view .LVU355
 1124 0028 0029     		cmp	r1, #0
 1125 002a 37D0     		beq	.L74
 1126              	.L66:
 510:Drivers/STM32F1xx_HAL_Driver/Src/stm32f1xx_hal_tim_ex.c ****       TIM_CHANNEL_N_STATE_SET(htim, TIM_CHANNEL_1, HAL_TIM_CHANNEL_STATE_BUSY);
 1127              		.loc 1 510 7 is_stmt 1 view .LVU356
 1128 002c 0223     		movs	r3, #2
 1129 002e 84F83E30 		strb	r3, [r4, #62]
 511:Drivers/STM32F1xx_HAL_Driver/Src/stm32f1xx_hal_tim_ex.c ****     }
 1130              		.loc 1 511 7 view .LVU357
 1131 0032 84F84230 		strb	r3, [r4, #66]
 522:Drivers/STM32F1xx_HAL_Driver/Src/stm32f1xx_hal_tim_ex.c **** 
 1132              		.loc 1 522 3 view .LVU358
 1133 0036 0122     		movs	r2, #1
 1134              	.LVL76:
 522:Drivers/STM32F1xx_HAL_Driver/Src/stm32f1xx_hal_tim_ex.c **** 
 1135              		.loc 1 522 3 is_stmt 0 view .LVU359
 1136 0038 0021     		movs	r1, #0
 1137              	.LVL77:
 522:Drivers/STM32F1xx_HAL_Driver/Src/stm32f1xx_hal_tim_ex.c **** 
 1138              		.loc 1 522 3 view .LVU360
 1139 003a 2068     		ldr	r0, [r4]
 1140              	.LVL78:
 522:Drivers/STM32F1xx_HAL_Driver/Src/stm32f1xx_hal_tim_ex.c **** 
 1141              		.loc 1 522 3 view .LVU361
 1142 003c FFF7FEFF 		bl	TIM_CCxChannelCmd
 1143              	.LVL79:
 525:Drivers/STM32F1xx_HAL_Driver/Src/stm32f1xx_hal_tim_ex.c ****   htim->hdma[TIM_DMA_ID_CC1]->XferHalfCpltCallback = TIM_DMACaptureHalfCplt;
 1144              		.loc 1 525 3 is_stmt 1 view .LVU362
 525:Drivers/STM32F1xx_HAL_Driver/Src/stm32f1xx_hal_tim_ex.c ****   htim->hdma[TIM_DMA_ID_CC1]->XferHalfCpltCallback = TIM_DMACaptureHalfCplt;
 1145              		.loc 1 525 13 is_stmt 0 view .LVU363
 1146 0040 636A     		ldr	r3, [r4, #36]
 525:Drivers/STM32F1xx_HAL_Driver/Src/stm32f1xx_hal_tim_ex.c ****   htim->hdma[TIM_DMA_ID_CC1]->XferHalfCpltCallback = TIM_DMACaptureHalfCplt;
 1147              		.loc 1 525 48 view .LVU364
 1148 0042 204A     		ldr	r2, .L75
 1149 0044 9A62     		str	r2, [r3, #40]
 526:Drivers/STM32F1xx_HAL_Driver/Src/stm32f1xx_hal_tim_ex.c ****   /* Set the DMA error callback */
 1150              		.loc 1 526 3 is_stmt 1 view .LVU365
 526:Drivers/STM32F1xx_HAL_Driver/Src/stm32f1xx_hal_tim_ex.c ****   /* Set the DMA error callback */
 1151              		.loc 1 526 13 is_stmt 0 view .LVU366
 1152 0046 636A     		ldr	r3, [r4, #36]
 526:Drivers/STM32F1xx_HAL_Driver/Src/stm32f1xx_hal_tim_ex.c ****   /* Set the DMA error callback */
 1153              		.loc 1 526 52 view .LVU367
 1154 0048 1F4A     		ldr	r2, .L75+4
 1155 004a DA62     		str	r2, [r3, #44]
 528:Drivers/STM32F1xx_HAL_Driver/Src/stm32f1xx_hal_tim_ex.c **** 
 1156              		.loc 1 528 3 is_stmt 1 view .LVU368
 528:Drivers/STM32F1xx_HAL_Driver/Src/stm32f1xx_hal_tim_ex.c **** 
 1157              		.loc 1 528 13 is_stmt 0 view .LVU369
 1158 004c 636A     		ldr	r3, [r4, #36]
 528:Drivers/STM32F1xx_HAL_Driver/Src/stm32f1xx_hal_tim_ex.c **** 
 1159              		.loc 1 528 49 view .LVU370
 1160 004e 1F4A     		ldr	r2, .L75+8
 1161 0050 1A63     		str	r2, [r3, #48]
 531:Drivers/STM32F1xx_HAL_Driver/Src/stm32f1xx_hal_tim_ex.c ****   {
ARM GAS  C:\Users\ride_pig\AppData\Local\Temp\ccPlGaWa.s 			page 68


 1162              		.loc 1 531 3 is_stmt 1 view .LVU371
 531:Drivers/STM32F1xx_HAL_Driver/Src/stm32f1xx_hal_tim_ex.c ****   {
 1163              		.loc 1 531 67 is_stmt 0 view .LVU372
 1164 0052 2168     		ldr	r1, [r4]
 531:Drivers/STM32F1xx_HAL_Driver/Src/stm32f1xx_hal_tim_ex.c ****   {
 1165              		.loc 1 531 7 view .LVU373
 1166 0054 3346     		mov	r3, r6
 1167 0056 3A46     		mov	r2, r7
 1168 0058 3431     		adds	r1, r1, #52
 1169 005a 606A     		ldr	r0, [r4, #36]
 1170 005c FFF7FEFF 		bl	HAL_DMA_Start_IT
 1171              	.LVL80:
 531:Drivers/STM32F1xx_HAL_Driver/Src/stm32f1xx_hal_tim_ex.c ****   {
 1172              		.loc 1 531 6 view .LVU374
 1173 0060 70BB     		cbnz	r0, .L72
 537:Drivers/STM32F1xx_HAL_Driver/Src/stm32f1xx_hal_tim_ex.c **** 
 1174              		.loc 1 537 3 is_stmt 1 view .LVU375
 1175 0062 2268     		ldr	r2, [r4]
 1176 0064 D368     		ldr	r3, [r2, #12]
 1177 0066 43F40073 		orr	r3, r3, #512
 1178 006a D360     		str	r3, [r2, #12]
 540:Drivers/STM32F1xx_HAL_Driver/Src/stm32f1xx_hal_tim_ex.c ****   {
 1179              		.loc 1 540 3 view .LVU376
 540:Drivers/STM32F1xx_HAL_Driver/Src/stm32f1xx_hal_tim_ex.c ****   {
 1180              		.loc 1 540 7 is_stmt 0 view .LVU377
 1181 006c 2368     		ldr	r3, [r4]
 540:Drivers/STM32F1xx_HAL_Driver/Src/stm32f1xx_hal_tim_ex.c ****   {
 1182              		.loc 1 540 6 view .LVU378
 1183 006e 184A     		ldr	r2, .L75+12
 1184 0070 9342     		cmp	r3, r2
 1185 0072 17D0     		beq	.L67
 540:Drivers/STM32F1xx_HAL_Driver/Src/stm32f1xx_hal_tim_ex.c ****   {
 1186              		.loc 1 540 7 discriminator 1 view .LVU379
 1187 0074 B3F1804F 		cmp	r3, #1073741824
 1188 0078 14D0     		beq	.L67
 540:Drivers/STM32F1xx_HAL_Driver/Src/stm32f1xx_hal_tim_ex.c ****   {
 1189              		.loc 1 540 7 discriminator 2 view .LVU380
 1190 007a A2F59432 		sub	r2, r2, #75776
 1191 007e 9342     		cmp	r3, r2
 1192 0080 10D0     		beq	.L67
 540:Drivers/STM32F1xx_HAL_Driver/Src/stm32f1xx_hal_tim_ex.c ****   {
 1193              		.loc 1 540 7 discriminator 3 view .LVU381
 1194 0082 02F58062 		add	r2, r2, #1024
 1195 0086 9342     		cmp	r3, r2
 1196 0088 0CD0     		beq	.L67
 540:Drivers/STM32F1xx_HAL_Driver/Src/stm32f1xx_hal_tim_ex.c ****   {
 1197              		.loc 1 540 7 discriminator 4 view .LVU382
 1198 008a 02F58062 		add	r2, r2, #1024
 1199 008e 9342     		cmp	r3, r2
 1200 0090 08D0     		beq	.L67
 550:Drivers/STM32F1xx_HAL_Driver/Src/stm32f1xx_hal_tim_ex.c ****   }
 1201              		.loc 1 550 5 is_stmt 1 view .LVU383
 1202 0092 1A68     		ldr	r2, [r3]
 1203 0094 42F00102 		orr	r2, r2, #1
 1204 0098 1A60     		str	r2, [r3]
 1205 009a 10E0     		b	.L65
 1206              	.LVL81:
ARM GAS  C:\Users\ride_pig\AppData\Local\Temp\ccPlGaWa.s 			page 69


 1207              	.L74:
 504:Drivers/STM32F1xx_HAL_Driver/Src/stm32f1xx_hal_tim_ex.c ****     {
 1208              		.loc 1 504 25 is_stmt 0 discriminator 1 view .LVU384
 1209 009c 002A     		cmp	r2, #0
 1210 009e C5D0     		beq	.L66
 506:Drivers/STM32F1xx_HAL_Driver/Src/stm32f1xx_hal_tim_ex.c ****     }
 1211              		.loc 1 506 14 view .LVU385
 1212 00a0 2846     		mov	r0, r5
 1213              	.LVL82:
 506:Drivers/STM32F1xx_HAL_Driver/Src/stm32f1xx_hal_tim_ex.c ****     }
 1214              		.loc 1 506 14 view .LVU386
 1215 00a2 0CE0     		b	.L65
 1216              	.LVL83:
 1217              	.L67:
 542:Drivers/STM32F1xx_HAL_Driver/Src/stm32f1xx_hal_tim_ex.c ****     if (!IS_TIM_SLAVEMODE_TRIGGER_ENABLED(tmpsmcr))
 1218              		.loc 1 542 5 is_stmt 1 view .LVU387
 542:Drivers/STM32F1xx_HAL_Driver/Src/stm32f1xx_hal_tim_ex.c ****     if (!IS_TIM_SLAVEMODE_TRIGGER_ENABLED(tmpsmcr))
 1219              		.loc 1 542 29 is_stmt 0 view .LVU388
 1220 00a4 9A68     		ldr	r2, [r3, #8]
 542:Drivers/STM32F1xx_HAL_Driver/Src/stm32f1xx_hal_tim_ex.c ****     if (!IS_TIM_SLAVEMODE_TRIGGER_ENABLED(tmpsmcr))
 1221              		.loc 1 542 13 view .LVU389
 1222 00a6 02F00702 		and	r2, r2, #7
 1223              	.LVL84:
 543:Drivers/STM32F1xx_HAL_Driver/Src/stm32f1xx_hal_tim_ex.c ****     {
 1224              		.loc 1 543 5 is_stmt 1 view .LVU390
 543:Drivers/STM32F1xx_HAL_Driver/Src/stm32f1xx_hal_tim_ex.c ****     {
 1225              		.loc 1 543 8 is_stmt 0 view .LVU391
 1226 00aa 062A     		cmp	r2, #6
 1227 00ac 07D0     		beq	.L65
 545:Drivers/STM32F1xx_HAL_Driver/Src/stm32f1xx_hal_tim_ex.c ****     }
 1228              		.loc 1 545 7 is_stmt 1 view .LVU392
 1229 00ae 1A68     		ldr	r2, [r3]
 1230              	.LVL85:
 545:Drivers/STM32F1xx_HAL_Driver/Src/stm32f1xx_hal_tim_ex.c ****     }
 1231              		.loc 1 545 7 is_stmt 0 view .LVU393
 1232 00b0 42F00102 		orr	r2, r2, #1
 1233 00b4 1A60     		str	r2, [r3]
 1234 00b6 02E0     		b	.L65
 1235              	.LVL86:
 1236              	.L69:
 499:Drivers/STM32F1xx_HAL_Driver/Src/stm32f1xx_hal_tim_ex.c ****   }
 1237              		.loc 1 499 12 view .LVU394
 1238 00b8 2846     		mov	r0, r5
 1239              	.LVL87:
 499:Drivers/STM32F1xx_HAL_Driver/Src/stm32f1xx_hal_tim_ex.c ****   }
 1240              		.loc 1 499 12 view .LVU395
 1241 00ba 00E0     		b	.L65
 1242              	.LVL88:
 1243              	.L70:
 516:Drivers/STM32F1xx_HAL_Driver/Src/stm32f1xx_hal_tim_ex.c ****   }
 1244              		.loc 1 516 12 view .LVU396
 1245 00bc 0120     		movs	r0, #1
 1246              	.LVL89:
 1247              	.L65:
 555:Drivers/STM32F1xx_HAL_Driver/Src/stm32f1xx_hal_tim_ex.c **** 
 1248              		.loc 1 555 1 view .LVU397
 1249 00be F8BD     		pop	{r3, r4, r5, r6, r7, pc}
ARM GAS  C:\Users\ride_pig\AppData\Local\Temp\ccPlGaWa.s 			page 70


 1250              	.LVL90:
 1251              	.L72:
 534:Drivers/STM32F1xx_HAL_Driver/Src/stm32f1xx_hal_tim_ex.c ****   }
 1252              		.loc 1 534 12 view .LVU398
 1253 00c0 2846     		mov	r0, r5
 1254 00c2 FCE7     		b	.L65
 1255              	.L76:
 1256              		.align	2
 1257              	.L75:
 1258 00c4 00000000 		.word	TIM_DMACaptureCplt
 1259 00c8 00000000 		.word	TIM_DMACaptureHalfCplt
 1260 00cc 00000000 		.word	TIM_DMAError
 1261 00d0 002C0140 		.word	1073818624
 1262              		.cfi_endproc
 1263              	.LFE73:
 1265              		.section	.text.HAL_TIMEx_HallSensor_Stop_DMA,"ax",%progbits
 1266              		.align	1
 1267              		.global	HAL_TIMEx_HallSensor_Stop_DMA
 1268              		.syntax unified
 1269              		.thumb
 1270              		.thumb_func
 1272              	HAL_TIMEx_HallSensor_Stop_DMA:
 1273              	.LVL91:
 1274              	.LFB74:
 563:Drivers/STM32F1xx_HAL_Driver/Src/stm32f1xx_hal_tim_ex.c ****   /* Check the parameters */
 1275              		.loc 1 563 1 is_stmt 1 view -0
 1276              		.cfi_startproc
 1277              		@ args = 0, pretend = 0, frame = 0
 1278              		@ frame_needed = 0, uses_anonymous_args = 0
 563:Drivers/STM32F1xx_HAL_Driver/Src/stm32f1xx_hal_tim_ex.c ****   /* Check the parameters */
 1279              		.loc 1 563 1 is_stmt 0 view .LVU400
 1280 0000 10B5     		push	{r4, lr}
 1281              	.LCFI13:
 1282              		.cfi_def_cfa_offset 8
 1283              		.cfi_offset 4, -8
 1284              		.cfi_offset 14, -4
 1285 0002 0446     		mov	r4, r0
 565:Drivers/STM32F1xx_HAL_Driver/Src/stm32f1xx_hal_tim_ex.c **** 
 1286              		.loc 1 565 3 is_stmt 1 view .LVU401
 570:Drivers/STM32F1xx_HAL_Driver/Src/stm32f1xx_hal_tim_ex.c **** 
 1287              		.loc 1 570 3 view .LVU402
 1288 0004 0022     		movs	r2, #0
 1289 0006 1146     		mov	r1, r2
 1290 0008 0068     		ldr	r0, [r0]
 1291              	.LVL92:
 570:Drivers/STM32F1xx_HAL_Driver/Src/stm32f1xx_hal_tim_ex.c **** 
 1292              		.loc 1 570 3 is_stmt 0 view .LVU403
 1293 000a FFF7FEFF 		bl	TIM_CCxChannelCmd
 1294              	.LVL93:
 574:Drivers/STM32F1xx_HAL_Driver/Src/stm32f1xx_hal_tim_ex.c **** 
 1295              		.loc 1 574 3 is_stmt 1 view .LVU404
 1296 000e 2268     		ldr	r2, [r4]
 1297 0010 D368     		ldr	r3, [r2, #12]
 1298 0012 23F40073 		bic	r3, r3, #512
 1299 0016 D360     		str	r3, [r2, #12]
 576:Drivers/STM32F1xx_HAL_Driver/Src/stm32f1xx_hal_tim_ex.c **** 
 1300              		.loc 1 576 3 view .LVU405
ARM GAS  C:\Users\ride_pig\AppData\Local\Temp\ccPlGaWa.s 			page 71


 576:Drivers/STM32F1xx_HAL_Driver/Src/stm32f1xx_hal_tim_ex.c **** 
 1301              		.loc 1 576 9 is_stmt 0 view .LVU406
 1302 0018 606A     		ldr	r0, [r4, #36]
 1303 001a FFF7FEFF 		bl	HAL_DMA_Abort_IT
 1304              	.LVL94:
 579:Drivers/STM32F1xx_HAL_Driver/Src/stm32f1xx_hal_tim_ex.c **** 
 1305              		.loc 1 579 3 is_stmt 1 view .LVU407
 579:Drivers/STM32F1xx_HAL_Driver/Src/stm32f1xx_hal_tim_ex.c **** 
 1306              		.loc 1 579 3 view .LVU408
 1307 001e 2368     		ldr	r3, [r4]
 1308 0020 196A     		ldr	r1, [r3, #32]
 1309 0022 41F21112 		movw	r2, #4369
 1310 0026 1142     		tst	r1, r2
 1311 0028 08D1     		bne	.L78
 579:Drivers/STM32F1xx_HAL_Driver/Src/stm32f1xx_hal_tim_ex.c **** 
 1312              		.loc 1 579 3 discriminator 1 view .LVU409
 1313 002a 196A     		ldr	r1, [r3, #32]
 1314 002c 40F24442 		movw	r2, #1092
 1315 0030 1142     		tst	r1, r2
 1316 0032 03D1     		bne	.L78
 579:Drivers/STM32F1xx_HAL_Driver/Src/stm32f1xx_hal_tim_ex.c **** 
 1317              		.loc 1 579 3 discriminator 3 view .LVU410
 1318 0034 1A68     		ldr	r2, [r3]
 1319 0036 22F00102 		bic	r2, r2, #1
 1320 003a 1A60     		str	r2, [r3]
 1321              	.L78:
 579:Drivers/STM32F1xx_HAL_Driver/Src/stm32f1xx_hal_tim_ex.c **** 
 1322              		.loc 1 579 3 discriminator 5 view .LVU411
 582:Drivers/STM32F1xx_HAL_Driver/Src/stm32f1xx_hal_tim_ex.c ****   TIM_CHANNEL_N_STATE_SET(htim, TIM_CHANNEL_1, HAL_TIM_CHANNEL_STATE_READY);
 1323              		.loc 1 582 3 discriminator 5 view .LVU412
 1324 003c 0123     		movs	r3, #1
 1325 003e 84F83E30 		strb	r3, [r4, #62]
 583:Drivers/STM32F1xx_HAL_Driver/Src/stm32f1xx_hal_tim_ex.c **** 
 1326              		.loc 1 583 3 discriminator 5 view .LVU413
 1327 0042 84F84230 		strb	r3, [r4, #66]
 586:Drivers/STM32F1xx_HAL_Driver/Src/stm32f1xx_hal_tim_ex.c **** }
 1328              		.loc 1 586 3 discriminator 5 view .LVU414
 587:Drivers/STM32F1xx_HAL_Driver/Src/stm32f1xx_hal_tim_ex.c **** 
 1329              		.loc 1 587 1 is_stmt 0 discriminator 5 view .LVU415
 1330 0046 0020     		movs	r0, #0
 1331 0048 10BD     		pop	{r4, pc}
 587:Drivers/STM32F1xx_HAL_Driver/Src/stm32f1xx_hal_tim_ex.c **** 
 1332              		.loc 1 587 1 discriminator 5 view .LVU416
 1333              		.cfi_endproc
 1334              	.LFE74:
 1336              		.section	.text.HAL_TIMEx_OCN_Start,"ax",%progbits
 1337              		.align	1
 1338              		.global	HAL_TIMEx_OCN_Start
 1339              		.syntax unified
 1340              		.thumb
 1341              		.thumb_func
 1343              	HAL_TIMEx_OCN_Start:
 1344              	.LVL95:
 1345              	.LFB75:
 625:Drivers/STM32F1xx_HAL_Driver/Src/stm32f1xx_hal_tim_ex.c ****   uint32_t tmpsmcr;
 1346              		.loc 1 625 1 is_stmt 1 view -0
 1347              		.cfi_startproc
ARM GAS  C:\Users\ride_pig\AppData\Local\Temp\ccPlGaWa.s 			page 72


 1348              		@ args = 0, pretend = 0, frame = 0
 1349              		@ frame_needed = 0, uses_anonymous_args = 0
 625:Drivers/STM32F1xx_HAL_Driver/Src/stm32f1xx_hal_tim_ex.c ****   uint32_t tmpsmcr;
 1350              		.loc 1 625 1 is_stmt 0 view .LVU418
 1351 0000 10B5     		push	{r4, lr}
 1352              	.LCFI14:
 1353              		.cfi_def_cfa_offset 8
 1354              		.cfi_offset 4, -8
 1355              		.cfi_offset 14, -4
 1356 0002 0446     		mov	r4, r0
 626:Drivers/STM32F1xx_HAL_Driver/Src/stm32f1xx_hal_tim_ex.c **** 
 1357              		.loc 1 626 3 is_stmt 1 view .LVU419
 629:Drivers/STM32F1xx_HAL_Driver/Src/stm32f1xx_hal_tim_ex.c **** 
 1358              		.loc 1 629 3 view .LVU420
 632:Drivers/STM32F1xx_HAL_Driver/Src/stm32f1xx_hal_tim_ex.c ****   {
 1359              		.loc 1 632 3 view .LVU421
 632:Drivers/STM32F1xx_HAL_Driver/Src/stm32f1xx_hal_tim_ex.c ****   {
 1360              		.loc 1 632 46 is_stmt 0 view .LVU422
 1361 0004 0846     		mov	r0, r1
 1362              	.LVL96:
 632:Drivers/STM32F1xx_HAL_Driver/Src/stm32f1xx_hal_tim_ex.c ****   {
 1363              		.loc 1 632 46 view .LVU423
 1364 0006 79BB     		cbnz	r1, .L81
 632:Drivers/STM32F1xx_HAL_Driver/Src/stm32f1xx_hal_tim_ex.c ****   {
 1365              		.loc 1 632 7 discriminator 1 view .LVU424
 1366 0008 94F84230 		ldrb	r3, [r4, #66]	@ zero_extendqisi2
 1367 000c DBB2     		uxtb	r3, r3
 632:Drivers/STM32F1xx_HAL_Driver/Src/stm32f1xx_hal_tim_ex.c ****   {
 1368              		.loc 1 632 46 discriminator 1 view .LVU425
 1369 000e 013B     		subs	r3, r3, #1
 1370 0010 18BF     		it	ne
 1371 0012 0123     		movne	r3, #1
 1372              	.L82:
 632:Drivers/STM32F1xx_HAL_Driver/Src/stm32f1xx_hal_tim_ex.c ****   {
 1373              		.loc 1 632 6 discriminator 12 view .LVU426
 1374 0014 002B     		cmp	r3, #0
 1375 0016 5BD1     		bne	.L92
 638:Drivers/STM32F1xx_HAL_Driver/Src/stm32f1xx_hal_tim_ex.c **** 
 1376              		.loc 1 638 3 is_stmt 1 view .LVU427
 1377 0018 0028     		cmp	r0, #0
 1378 001a 3ED1     		bne	.L86
 638:Drivers/STM32F1xx_HAL_Driver/Src/stm32f1xx_hal_tim_ex.c **** 
 1379              		.loc 1 638 3 is_stmt 0 discriminator 1 view .LVU428
 1380 001c 0223     		movs	r3, #2
 1381 001e 84F84230 		strb	r3, [r4, #66]
 1382              	.L87:
 641:Drivers/STM32F1xx_HAL_Driver/Src/stm32f1xx_hal_tim_ex.c **** 
 1383              		.loc 1 641 3 is_stmt 1 view .LVU429
 1384 0022 0422     		movs	r2, #4
 1385 0024 0146     		mov	r1, r0
 1386              	.LVL97:
 641:Drivers/STM32F1xx_HAL_Driver/Src/stm32f1xx_hal_tim_ex.c **** 
 1387              		.loc 1 641 3 is_stmt 0 view .LVU430
 1388 0026 2068     		ldr	r0, [r4]
 1389              	.LVL98:
 641:Drivers/STM32F1xx_HAL_Driver/Src/stm32f1xx_hal_tim_ex.c **** 
 1390              		.loc 1 641 3 view .LVU431
ARM GAS  C:\Users\ride_pig\AppData\Local\Temp\ccPlGaWa.s 			page 73


 1391 0028 FFF7FEFF 		bl	TIM_CCxNChannelCmd
 1392              	.LVL99:
 644:Drivers/STM32F1xx_HAL_Driver/Src/stm32f1xx_hal_tim_ex.c **** 
 1393              		.loc 1 644 3 is_stmt 1 view .LVU432
 1394 002c 2268     		ldr	r2, [r4]
 1395 002e 536C     		ldr	r3, [r2, #68]
 1396 0030 43F40043 		orr	r3, r3, #32768
 1397 0034 5364     		str	r3, [r2, #68]
 647:Drivers/STM32F1xx_HAL_Driver/Src/stm32f1xx_hal_tim_ex.c ****   {
 1398              		.loc 1 647 3 view .LVU433
 647:Drivers/STM32F1xx_HAL_Driver/Src/stm32f1xx_hal_tim_ex.c ****   {
 1399              		.loc 1 647 7 is_stmt 0 view .LVU434
 1400 0036 2368     		ldr	r3, [r4]
 647:Drivers/STM32F1xx_HAL_Driver/Src/stm32f1xx_hal_tim_ex.c ****   {
 1401              		.loc 1 647 6 view .LVU435
 1402 0038 274A     		ldr	r2, .L99
 1403 003a 9342     		cmp	r3, r2
 1404 003c 3DD0     		beq	.L90
 647:Drivers/STM32F1xx_HAL_Driver/Src/stm32f1xx_hal_tim_ex.c ****   {
 1405              		.loc 1 647 7 discriminator 1 view .LVU436
 1406 003e B3F1804F 		cmp	r3, #1073741824
 1407 0042 3AD0     		beq	.L90
 647:Drivers/STM32F1xx_HAL_Driver/Src/stm32f1xx_hal_tim_ex.c ****   {
 1408              		.loc 1 647 7 discriminator 2 view .LVU437
 1409 0044 A2F59432 		sub	r2, r2, #75776
 1410 0048 9342     		cmp	r3, r2
 1411 004a 36D0     		beq	.L90
 647:Drivers/STM32F1xx_HAL_Driver/Src/stm32f1xx_hal_tim_ex.c ****   {
 1412              		.loc 1 647 7 discriminator 3 view .LVU438
 1413 004c 02F58062 		add	r2, r2, #1024
 1414 0050 9342     		cmp	r3, r2
 1415 0052 32D0     		beq	.L90
 647:Drivers/STM32F1xx_HAL_Driver/Src/stm32f1xx_hal_tim_ex.c ****   {
 1416              		.loc 1 647 7 discriminator 4 view .LVU439
 1417 0054 02F58062 		add	r2, r2, #1024
 1418 0058 9342     		cmp	r3, r2
 1419 005a 2ED0     		beq	.L90
 657:Drivers/STM32F1xx_HAL_Driver/Src/stm32f1xx_hal_tim_ex.c ****   }
 1420              		.loc 1 657 5 is_stmt 1 view .LVU440
 1421 005c 1A68     		ldr	r2, [r3]
 1422 005e 42F00102 		orr	r2, r2, #1
 1423 0062 1A60     		str	r2, [r3]
 661:Drivers/STM32F1xx_HAL_Driver/Src/stm32f1xx_hal_tim_ex.c **** }
 1424              		.loc 1 661 10 is_stmt 0 view .LVU441
 1425 0064 0020     		movs	r0, #0
 1426 0066 32E0     		b	.L85
 1427              	.LVL100:
 1428              	.L81:
 632:Drivers/STM32F1xx_HAL_Driver/Src/stm32f1xx_hal_tim_ex.c ****   {
 1429              		.loc 1 632 46 discriminator 2 view .LVU442
 1430 0068 0429     		cmp	r1, #4
 1431 006a 08D0     		beq	.L95
 632:Drivers/STM32F1xx_HAL_Driver/Src/stm32f1xx_hal_tim_ex.c ****   {
 1432              		.loc 1 632 46 discriminator 5 view .LVU443
 1433 006c 0829     		cmp	r1, #8
 1434 006e 0DD0     		beq	.L96
 632:Drivers/STM32F1xx_HAL_Driver/Src/stm32f1xx_hal_tim_ex.c ****   {
ARM GAS  C:\Users\ride_pig\AppData\Local\Temp\ccPlGaWa.s 			page 74


 1435              		.loc 1 632 7 discriminator 8 view .LVU444
 1436 0070 94F84530 		ldrb	r3, [r4, #69]	@ zero_extendqisi2
 1437 0074 DBB2     		uxtb	r3, r3
 632:Drivers/STM32F1xx_HAL_Driver/Src/stm32f1xx_hal_tim_ex.c ****   {
 1438              		.loc 1 632 46 discriminator 8 view .LVU445
 1439 0076 013B     		subs	r3, r3, #1
 1440 0078 18BF     		it	ne
 1441 007a 0123     		movne	r3, #1
 1442 007c CAE7     		b	.L82
 1443              	.L95:
 632:Drivers/STM32F1xx_HAL_Driver/Src/stm32f1xx_hal_tim_ex.c ****   {
 1444              		.loc 1 632 7 discriminator 4 view .LVU446
 1445 007e 94F84330 		ldrb	r3, [r4, #67]	@ zero_extendqisi2
 1446 0082 DBB2     		uxtb	r3, r3
 632:Drivers/STM32F1xx_HAL_Driver/Src/stm32f1xx_hal_tim_ex.c ****   {
 1447              		.loc 1 632 46 discriminator 4 view .LVU447
 1448 0084 013B     		subs	r3, r3, #1
 1449 0086 18BF     		it	ne
 1450 0088 0123     		movne	r3, #1
 1451 008a C3E7     		b	.L82
 1452              	.L96:
 632:Drivers/STM32F1xx_HAL_Driver/Src/stm32f1xx_hal_tim_ex.c ****   {
 1453              		.loc 1 632 7 discriminator 7 view .LVU448
 1454 008c 94F84430 		ldrb	r3, [r4, #68]	@ zero_extendqisi2
 1455 0090 DBB2     		uxtb	r3, r3
 632:Drivers/STM32F1xx_HAL_Driver/Src/stm32f1xx_hal_tim_ex.c ****   {
 1456              		.loc 1 632 46 discriminator 7 view .LVU449
 1457 0092 013B     		subs	r3, r3, #1
 1458 0094 18BF     		it	ne
 1459 0096 0123     		movne	r3, #1
 1460 0098 BCE7     		b	.L82
 1461              	.L86:
 638:Drivers/STM32F1xx_HAL_Driver/Src/stm32f1xx_hal_tim_ex.c **** 
 1462              		.loc 1 638 3 discriminator 2 view .LVU450
 1463 009a 0428     		cmp	r0, #4
 1464 009c 05D0     		beq	.L97
 638:Drivers/STM32F1xx_HAL_Driver/Src/stm32f1xx_hal_tim_ex.c **** 
 1465              		.loc 1 638 3 discriminator 4 view .LVU451
 1466 009e 0828     		cmp	r0, #8
 1467 00a0 07D0     		beq	.L98
 638:Drivers/STM32F1xx_HAL_Driver/Src/stm32f1xx_hal_tim_ex.c **** 
 1468              		.loc 1 638 3 discriminator 7 view .LVU452
 1469 00a2 0223     		movs	r3, #2
 1470 00a4 84F84530 		strb	r3, [r4, #69]
 1471 00a8 BBE7     		b	.L87
 1472              	.L97:
 638:Drivers/STM32F1xx_HAL_Driver/Src/stm32f1xx_hal_tim_ex.c **** 
 1473              		.loc 1 638 3 discriminator 3 view .LVU453
 1474 00aa 0223     		movs	r3, #2
 1475 00ac 84F84330 		strb	r3, [r4, #67]
 1476 00b0 B7E7     		b	.L87
 1477              	.L98:
 638:Drivers/STM32F1xx_HAL_Driver/Src/stm32f1xx_hal_tim_ex.c **** 
 1478              		.loc 1 638 3 discriminator 6 view .LVU454
 1479 00b2 0223     		movs	r3, #2
 1480 00b4 84F84430 		strb	r3, [r4, #68]
 1481 00b8 B3E7     		b	.L87
ARM GAS  C:\Users\ride_pig\AppData\Local\Temp\ccPlGaWa.s 			page 75


 1482              	.LVL101:
 1483              	.L90:
 649:Drivers/STM32F1xx_HAL_Driver/Src/stm32f1xx_hal_tim_ex.c ****     if (!IS_TIM_SLAVEMODE_TRIGGER_ENABLED(tmpsmcr))
 1484              		.loc 1 649 5 is_stmt 1 view .LVU455
 649:Drivers/STM32F1xx_HAL_Driver/Src/stm32f1xx_hal_tim_ex.c ****     if (!IS_TIM_SLAVEMODE_TRIGGER_ENABLED(tmpsmcr))
 1485              		.loc 1 649 29 is_stmt 0 view .LVU456
 1486 00ba 9A68     		ldr	r2, [r3, #8]
 649:Drivers/STM32F1xx_HAL_Driver/Src/stm32f1xx_hal_tim_ex.c ****     if (!IS_TIM_SLAVEMODE_TRIGGER_ENABLED(tmpsmcr))
 1487              		.loc 1 649 13 view .LVU457
 1488 00bc 02F00702 		and	r2, r2, #7
 1489              	.LVL102:
 650:Drivers/STM32F1xx_HAL_Driver/Src/stm32f1xx_hal_tim_ex.c ****     {
 1490              		.loc 1 650 5 is_stmt 1 view .LVU458
 650:Drivers/STM32F1xx_HAL_Driver/Src/stm32f1xx_hal_tim_ex.c ****     {
 1491              		.loc 1 650 8 is_stmt 0 view .LVU459
 1492 00c0 062A     		cmp	r2, #6
 1493 00c2 07D0     		beq	.L93
 652:Drivers/STM32F1xx_HAL_Driver/Src/stm32f1xx_hal_tim_ex.c ****     }
 1494              		.loc 1 652 7 is_stmt 1 view .LVU460
 1495 00c4 1A68     		ldr	r2, [r3]
 1496              	.LVL103:
 652:Drivers/STM32F1xx_HAL_Driver/Src/stm32f1xx_hal_tim_ex.c ****     }
 1497              		.loc 1 652 7 is_stmt 0 view .LVU461
 1498 00c6 42F00102 		orr	r2, r2, #1
 1499 00ca 1A60     		str	r2, [r3]
 661:Drivers/STM32F1xx_HAL_Driver/Src/stm32f1xx_hal_tim_ex.c **** }
 1500              		.loc 1 661 10 view .LVU462
 1501 00cc 0020     		movs	r0, #0
 1502              	.L85:
 662:Drivers/STM32F1xx_HAL_Driver/Src/stm32f1xx_hal_tim_ex.c **** 
 1503              		.loc 1 662 1 view .LVU463
 1504 00ce 10BD     		pop	{r4, pc}
 1505              	.LVL104:
 1506              	.L92:
 634:Drivers/STM32F1xx_HAL_Driver/Src/stm32f1xx_hal_tim_ex.c ****   }
 1507              		.loc 1 634 12 view .LVU464
 1508 00d0 0120     		movs	r0, #1
 1509              	.LVL105:
 634:Drivers/STM32F1xx_HAL_Driver/Src/stm32f1xx_hal_tim_ex.c ****   }
 1510              		.loc 1 634 12 view .LVU465
 1511 00d2 FCE7     		b	.L85
 1512              	.LVL106:
 1513              	.L93:
 661:Drivers/STM32F1xx_HAL_Driver/Src/stm32f1xx_hal_tim_ex.c **** }
 1514              		.loc 1 661 10 view .LVU466
 1515 00d4 0020     		movs	r0, #0
 1516 00d6 FAE7     		b	.L85
 1517              	.L100:
 1518              		.align	2
 1519              	.L99:
 1520 00d8 002C0140 		.word	1073818624
 1521              		.cfi_endproc
 1522              	.LFE75:
 1524              		.section	.text.HAL_TIMEx_OCN_Stop,"ax",%progbits
 1525              		.align	1
 1526              		.global	HAL_TIMEx_OCN_Stop
 1527              		.syntax unified
ARM GAS  C:\Users\ride_pig\AppData\Local\Temp\ccPlGaWa.s 			page 76


 1528              		.thumb
 1529              		.thumb_func
 1531              	HAL_TIMEx_OCN_Stop:
 1532              	.LVL107:
 1533              	.LFB76:
 676:Drivers/STM32F1xx_HAL_Driver/Src/stm32f1xx_hal_tim_ex.c ****   /* Check the parameters */
 1534              		.loc 1 676 1 is_stmt 1 view -0
 1535              		.cfi_startproc
 1536              		@ args = 0, pretend = 0, frame = 0
 1537              		@ frame_needed = 0, uses_anonymous_args = 0
 676:Drivers/STM32F1xx_HAL_Driver/Src/stm32f1xx_hal_tim_ex.c ****   /* Check the parameters */
 1538              		.loc 1 676 1 is_stmt 0 view .LVU468
 1539 0000 38B5     		push	{r3, r4, r5, lr}
 1540              	.LCFI15:
 1541              		.cfi_def_cfa_offset 16
 1542              		.cfi_offset 3, -16
 1543              		.cfi_offset 4, -12
 1544              		.cfi_offset 5, -8
 1545              		.cfi_offset 14, -4
 1546 0002 0446     		mov	r4, r0
 1547 0004 0D46     		mov	r5, r1
 678:Drivers/STM32F1xx_HAL_Driver/Src/stm32f1xx_hal_tim_ex.c **** 
 1548              		.loc 1 678 3 is_stmt 1 view .LVU469
 681:Drivers/STM32F1xx_HAL_Driver/Src/stm32f1xx_hal_tim_ex.c **** 
 1549              		.loc 1 681 3 view .LVU470
 1550 0006 0022     		movs	r2, #0
 1551 0008 0068     		ldr	r0, [r0]
 1552              	.LVL108:
 681:Drivers/STM32F1xx_HAL_Driver/Src/stm32f1xx_hal_tim_ex.c **** 
 1553              		.loc 1 681 3 is_stmt 0 view .LVU471
 1554 000a FFF7FEFF 		bl	TIM_CCxNChannelCmd
 1555              	.LVL109:
 684:Drivers/STM32F1xx_HAL_Driver/Src/stm32f1xx_hal_tim_ex.c **** 
 1556              		.loc 1 684 3 is_stmt 1 view .LVU472
 684:Drivers/STM32F1xx_HAL_Driver/Src/stm32f1xx_hal_tim_ex.c **** 
 1557              		.loc 1 684 3 view .LVU473
 1558 000e 2368     		ldr	r3, [r4]
 1559 0010 196A     		ldr	r1, [r3, #32]
 1560 0012 41F21112 		movw	r2, #4369
 1561 0016 1142     		tst	r1, r2
 1562 0018 08D1     		bne	.L102
 684:Drivers/STM32F1xx_HAL_Driver/Src/stm32f1xx_hal_tim_ex.c **** 
 1563              		.loc 1 684 3 discriminator 1 view .LVU474
 1564 001a 196A     		ldr	r1, [r3, #32]
 1565 001c 40F24442 		movw	r2, #1092
 1566 0020 1142     		tst	r1, r2
 1567 0022 03D1     		bne	.L102
 684:Drivers/STM32F1xx_HAL_Driver/Src/stm32f1xx_hal_tim_ex.c **** 
 1568              		.loc 1 684 3 discriminator 3 view .LVU475
 1569 0024 5A6C     		ldr	r2, [r3, #68]
 1570 0026 22F40042 		bic	r2, r2, #32768
 1571 002a 5A64     		str	r2, [r3, #68]
 1572              	.L102:
 684:Drivers/STM32F1xx_HAL_Driver/Src/stm32f1xx_hal_tim_ex.c **** 
 1573              		.loc 1 684 3 discriminator 5 view .LVU476
 687:Drivers/STM32F1xx_HAL_Driver/Src/stm32f1xx_hal_tim_ex.c **** 
 1574              		.loc 1 687 3 discriminator 5 view .LVU477
ARM GAS  C:\Users\ride_pig\AppData\Local\Temp\ccPlGaWa.s 			page 77


 687:Drivers/STM32F1xx_HAL_Driver/Src/stm32f1xx_hal_tim_ex.c **** 
 1575              		.loc 1 687 3 discriminator 5 view .LVU478
 1576 002c 2368     		ldr	r3, [r4]
 1577 002e 196A     		ldr	r1, [r3, #32]
 1578 0030 41F21112 		movw	r2, #4369
 1579 0034 1142     		tst	r1, r2
 1580 0036 08D1     		bne	.L103
 687:Drivers/STM32F1xx_HAL_Driver/Src/stm32f1xx_hal_tim_ex.c **** 
 1581              		.loc 1 687 3 discriminator 1 view .LVU479
 1582 0038 196A     		ldr	r1, [r3, #32]
 1583 003a 40F24442 		movw	r2, #1092
 1584 003e 1142     		tst	r1, r2
 1585 0040 03D1     		bne	.L103
 687:Drivers/STM32F1xx_HAL_Driver/Src/stm32f1xx_hal_tim_ex.c **** 
 1586              		.loc 1 687 3 discriminator 3 view .LVU480
 1587 0042 1A68     		ldr	r2, [r3]
 1588 0044 22F00102 		bic	r2, r2, #1
 1589 0048 1A60     		str	r2, [r3]
 1590              	.L103:
 687:Drivers/STM32F1xx_HAL_Driver/Src/stm32f1xx_hal_tim_ex.c **** 
 1591              		.loc 1 687 3 discriminator 5 view .LVU481
 690:Drivers/STM32F1xx_HAL_Driver/Src/stm32f1xx_hal_tim_ex.c **** 
 1592              		.loc 1 690 3 discriminator 5 view .LVU482
 1593 004a 25B9     		cbnz	r5, .L104
 690:Drivers/STM32F1xx_HAL_Driver/Src/stm32f1xx_hal_tim_ex.c **** 
 1594              		.loc 1 690 3 is_stmt 0 discriminator 1 view .LVU483
 1595 004c 0123     		movs	r3, #1
 1596 004e 84F84230 		strb	r3, [r4, #66]
 1597              	.L105:
 693:Drivers/STM32F1xx_HAL_Driver/Src/stm32f1xx_hal_tim_ex.c **** }
 1598              		.loc 1 693 3 is_stmt 1 view .LVU484
 694:Drivers/STM32F1xx_HAL_Driver/Src/stm32f1xx_hal_tim_ex.c **** 
 1599              		.loc 1 694 1 is_stmt 0 view .LVU485
 1600 0052 0020     		movs	r0, #0
 1601 0054 38BD     		pop	{r3, r4, r5, pc}
 1602              	.LVL110:
 1603              	.L104:
 690:Drivers/STM32F1xx_HAL_Driver/Src/stm32f1xx_hal_tim_ex.c **** 
 1604              		.loc 1 690 3 discriminator 2 view .LVU486
 1605 0056 042D     		cmp	r5, #4
 1606 0058 05D0     		beq	.L109
 690:Drivers/STM32F1xx_HAL_Driver/Src/stm32f1xx_hal_tim_ex.c **** 
 1607              		.loc 1 690 3 discriminator 4 view .LVU487
 1608 005a 082D     		cmp	r5, #8
 1609 005c 07D0     		beq	.L110
 690:Drivers/STM32F1xx_HAL_Driver/Src/stm32f1xx_hal_tim_ex.c **** 
 1610              		.loc 1 690 3 discriminator 7 view .LVU488
 1611 005e 0123     		movs	r3, #1
 1612 0060 84F84530 		strb	r3, [r4, #69]
 1613 0064 F5E7     		b	.L105
 1614              	.L109:
 690:Drivers/STM32F1xx_HAL_Driver/Src/stm32f1xx_hal_tim_ex.c **** 
 1615              		.loc 1 690 3 discriminator 3 view .LVU489
 1616 0066 0123     		movs	r3, #1
 1617 0068 84F84330 		strb	r3, [r4, #67]
 1618 006c F1E7     		b	.L105
 1619              	.L110:
ARM GAS  C:\Users\ride_pig\AppData\Local\Temp\ccPlGaWa.s 			page 78


 690:Drivers/STM32F1xx_HAL_Driver/Src/stm32f1xx_hal_tim_ex.c **** 
 1620              		.loc 1 690 3 discriminator 6 view .LVU490
 1621 006e 0123     		movs	r3, #1
 1622 0070 84F84430 		strb	r3, [r4, #68]
 1623 0074 EDE7     		b	.L105
 1624              		.cfi_endproc
 1625              	.LFE76:
 1627              		.section	.text.HAL_TIMEx_OCN_Start_IT,"ax",%progbits
 1628              		.align	1
 1629              		.global	HAL_TIMEx_OCN_Start_IT
 1630              		.syntax unified
 1631              		.thumb
 1632              		.thumb_func
 1634              	HAL_TIMEx_OCN_Start_IT:
 1635              	.LVL111:
 1636              	.LFB77:
 708:Drivers/STM32F1xx_HAL_Driver/Src/stm32f1xx_hal_tim_ex.c ****   uint32_t tmpsmcr;
 1637              		.loc 1 708 1 is_stmt 1 view -0
 1638              		.cfi_startproc
 1639              		@ args = 0, pretend = 0, frame = 0
 1640              		@ frame_needed = 0, uses_anonymous_args = 0
 708:Drivers/STM32F1xx_HAL_Driver/Src/stm32f1xx_hal_tim_ex.c ****   uint32_t tmpsmcr;
 1641              		.loc 1 708 1 is_stmt 0 view .LVU492
 1642 0000 10B5     		push	{r4, lr}
 1643              	.LCFI16:
 1644              		.cfi_def_cfa_offset 8
 1645              		.cfi_offset 4, -8
 1646              		.cfi_offset 14, -4
 1647 0002 0446     		mov	r4, r0
 709:Drivers/STM32F1xx_HAL_Driver/Src/stm32f1xx_hal_tim_ex.c **** 
 1648              		.loc 1 709 3 is_stmt 1 view .LVU493
 712:Drivers/STM32F1xx_HAL_Driver/Src/stm32f1xx_hal_tim_ex.c **** 
 1649              		.loc 1 712 3 view .LVU494
 715:Drivers/STM32F1xx_HAL_Driver/Src/stm32f1xx_hal_tim_ex.c ****   {
 1650              		.loc 1 715 3 view .LVU495
 715:Drivers/STM32F1xx_HAL_Driver/Src/stm32f1xx_hal_tim_ex.c ****   {
 1651              		.loc 1 715 46 is_stmt 0 view .LVU496
 1652 0004 0846     		mov	r0, r1
 1653              	.LVL112:
 715:Drivers/STM32F1xx_HAL_Driver/Src/stm32f1xx_hal_tim_ex.c ****   {
 1654              		.loc 1 715 46 view .LVU497
 1655 0006 0029     		cmp	r1, #0
 1656 0008 3AD1     		bne	.L112
 715:Drivers/STM32F1xx_HAL_Driver/Src/stm32f1xx_hal_tim_ex.c ****   {
 1657              		.loc 1 715 7 discriminator 1 view .LVU498
 1658 000a 94F84230 		ldrb	r3, [r4, #66]	@ zero_extendqisi2
 1659 000e DBB2     		uxtb	r3, r3
 715:Drivers/STM32F1xx_HAL_Driver/Src/stm32f1xx_hal_tim_ex.c ****   {
 1660              		.loc 1 715 46 discriminator 1 view .LVU499
 1661 0010 013B     		subs	r3, r3, #1
 1662 0012 18BF     		it	ne
 1663 0014 0123     		movne	r3, #1
 1664              	.L113:
 715:Drivers/STM32F1xx_HAL_Driver/Src/stm32f1xx_hal_tim_ex.c ****   {
 1665              		.loc 1 715 6 discriminator 12 view .LVU500
 1666 0016 002B     		cmp	r3, #0
 1667 0018 78D1     		bne	.L126
ARM GAS  C:\Users\ride_pig\AppData\Local\Temp\ccPlGaWa.s 			page 79


 721:Drivers/STM32F1xx_HAL_Driver/Src/stm32f1xx_hal_tim_ex.c **** 
 1668              		.loc 1 721 3 is_stmt 1 view .LVU501
 1669 001a 0028     		cmp	r0, #0
 1670 001c 49D1     		bne	.L117
 721:Drivers/STM32F1xx_HAL_Driver/Src/stm32f1xx_hal_tim_ex.c **** 
 1671              		.loc 1 721 3 is_stmt 0 discriminator 1 view .LVU502
 1672 001e 0223     		movs	r3, #2
 1673 0020 84F84230 		strb	r3, [r4, #66]
 1674              	.L118:
 723:Drivers/STM32F1xx_HAL_Driver/Src/stm32f1xx_hal_tim_ex.c ****   {
 1675              		.loc 1 723 3 is_stmt 1 view .LVU503
 1676 0024 0428     		cmp	r0, #4
 1677 0026 5AD0     		beq	.L121
 1678 0028 0828     		cmp	r0, #8
 1679 002a 5ED0     		beq	.L122
 1680 002c 0028     		cmp	r0, #0
 1681 002e 50D0     		beq	.L129
 1682              	.L123:
 752:Drivers/STM32F1xx_HAL_Driver/Src/stm32f1xx_hal_tim_ex.c **** 
 1683              		.loc 1 752 3 view .LVU504
 1684 0030 2268     		ldr	r2, [r4]
 1685 0032 D368     		ldr	r3, [r2, #12]
 1686 0034 43F08003 		orr	r3, r3, #128
 1687 0038 D360     		str	r3, [r2, #12]
 755:Drivers/STM32F1xx_HAL_Driver/Src/stm32f1xx_hal_tim_ex.c **** 
 1688              		.loc 1 755 3 view .LVU505
 1689 003a 0422     		movs	r2, #4
 1690 003c 0146     		mov	r1, r0
 1691              	.LVL113:
 755:Drivers/STM32F1xx_HAL_Driver/Src/stm32f1xx_hal_tim_ex.c **** 
 1692              		.loc 1 755 3 is_stmt 0 view .LVU506
 1693 003e 2068     		ldr	r0, [r4]
 1694              	.LVL114:
 755:Drivers/STM32F1xx_HAL_Driver/Src/stm32f1xx_hal_tim_ex.c **** 
 1695              		.loc 1 755 3 view .LVU507
 1696 0040 FFF7FEFF 		bl	TIM_CCxNChannelCmd
 1697              	.LVL115:
 758:Drivers/STM32F1xx_HAL_Driver/Src/stm32f1xx_hal_tim_ex.c **** 
 1698              		.loc 1 758 3 is_stmt 1 view .LVU508
 1699 0044 2268     		ldr	r2, [r4]
 1700 0046 536C     		ldr	r3, [r2, #68]
 1701 0048 43F40043 		orr	r3, r3, #32768
 1702 004c 5364     		str	r3, [r2, #68]
 761:Drivers/STM32F1xx_HAL_Driver/Src/stm32f1xx_hal_tim_ex.c ****   {
 1703              		.loc 1 761 3 view .LVU509
 761:Drivers/STM32F1xx_HAL_Driver/Src/stm32f1xx_hal_tim_ex.c ****   {
 1704              		.loc 1 761 7 is_stmt 0 view .LVU510
 1705 004e 2368     		ldr	r3, [r4]
 761:Drivers/STM32F1xx_HAL_Driver/Src/stm32f1xx_hal_tim_ex.c ****   {
 1706              		.loc 1 761 6 view .LVU511
 1707 0050 304A     		ldr	r2, .L134
 1708 0052 9342     		cmp	r3, r2
 1709 0054 4FD0     		beq	.L124
 761:Drivers/STM32F1xx_HAL_Driver/Src/stm32f1xx_hal_tim_ex.c ****   {
 1710              		.loc 1 761 7 discriminator 1 view .LVU512
 1711 0056 B3F1804F 		cmp	r3, #1073741824
 1712 005a 4CD0     		beq	.L124
ARM GAS  C:\Users\ride_pig\AppData\Local\Temp\ccPlGaWa.s 			page 80


 761:Drivers/STM32F1xx_HAL_Driver/Src/stm32f1xx_hal_tim_ex.c ****   {
 1713              		.loc 1 761 7 discriminator 2 view .LVU513
 1714 005c A2F59432 		sub	r2, r2, #75776
 1715 0060 9342     		cmp	r3, r2
 1716 0062 48D0     		beq	.L124
 761:Drivers/STM32F1xx_HAL_Driver/Src/stm32f1xx_hal_tim_ex.c ****   {
 1717              		.loc 1 761 7 discriminator 3 view .LVU514
 1718 0064 02F58062 		add	r2, r2, #1024
 1719 0068 9342     		cmp	r3, r2
 1720 006a 44D0     		beq	.L124
 761:Drivers/STM32F1xx_HAL_Driver/Src/stm32f1xx_hal_tim_ex.c ****   {
 1721              		.loc 1 761 7 discriminator 4 view .LVU515
 1722 006c 02F58062 		add	r2, r2, #1024
 1723 0070 9342     		cmp	r3, r2
 1724 0072 40D0     		beq	.L124
 771:Drivers/STM32F1xx_HAL_Driver/Src/stm32f1xx_hal_tim_ex.c ****   }
 1725              		.loc 1 771 5 is_stmt 1 view .LVU516
 1726 0074 1A68     		ldr	r2, [r3]
 1727 0076 42F00102 		orr	r2, r2, #1
 1728 007a 1A60     		str	r2, [r3]
 775:Drivers/STM32F1xx_HAL_Driver/Src/stm32f1xx_hal_tim_ex.c **** }
 1729              		.loc 1 775 10 is_stmt 0 view .LVU517
 1730 007c 0020     		movs	r0, #0
 1731 007e 44E0     		b	.L116
 1732              	.LVL116:
 1733              	.L112:
 715:Drivers/STM32F1xx_HAL_Driver/Src/stm32f1xx_hal_tim_ex.c ****   {
 1734              		.loc 1 715 46 discriminator 2 view .LVU518
 1735 0080 0429     		cmp	r1, #4
 1736 0082 08D0     		beq	.L130
 715:Drivers/STM32F1xx_HAL_Driver/Src/stm32f1xx_hal_tim_ex.c ****   {
 1737              		.loc 1 715 46 discriminator 5 view .LVU519
 1738 0084 0829     		cmp	r1, #8
 1739 0086 0DD0     		beq	.L131
 715:Drivers/STM32F1xx_HAL_Driver/Src/stm32f1xx_hal_tim_ex.c ****   {
 1740              		.loc 1 715 7 discriminator 8 view .LVU520
 1741 0088 94F84530 		ldrb	r3, [r4, #69]	@ zero_extendqisi2
 1742 008c DBB2     		uxtb	r3, r3
 715:Drivers/STM32F1xx_HAL_Driver/Src/stm32f1xx_hal_tim_ex.c ****   {
 1743              		.loc 1 715 46 discriminator 8 view .LVU521
 1744 008e 013B     		subs	r3, r3, #1
 1745 0090 18BF     		it	ne
 1746 0092 0123     		movne	r3, #1
 1747 0094 BFE7     		b	.L113
 1748              	.L130:
 715:Drivers/STM32F1xx_HAL_Driver/Src/stm32f1xx_hal_tim_ex.c ****   {
 1749              		.loc 1 715 7 discriminator 4 view .LVU522
 1750 0096 94F84330 		ldrb	r3, [r4, #67]	@ zero_extendqisi2
 1751 009a DBB2     		uxtb	r3, r3
 715:Drivers/STM32F1xx_HAL_Driver/Src/stm32f1xx_hal_tim_ex.c ****   {
 1752              		.loc 1 715 46 discriminator 4 view .LVU523
 1753 009c 013B     		subs	r3, r3, #1
 1754 009e 18BF     		it	ne
 1755 00a0 0123     		movne	r3, #1
 1756 00a2 B8E7     		b	.L113
 1757              	.L131:
 715:Drivers/STM32F1xx_HAL_Driver/Src/stm32f1xx_hal_tim_ex.c ****   {
ARM GAS  C:\Users\ride_pig\AppData\Local\Temp\ccPlGaWa.s 			page 81


 1758              		.loc 1 715 7 discriminator 7 view .LVU524
 1759 00a4 94F84430 		ldrb	r3, [r4, #68]	@ zero_extendqisi2
 1760 00a8 DBB2     		uxtb	r3, r3
 715:Drivers/STM32F1xx_HAL_Driver/Src/stm32f1xx_hal_tim_ex.c ****   {
 1761              		.loc 1 715 46 discriminator 7 view .LVU525
 1762 00aa 013B     		subs	r3, r3, #1
 1763 00ac 18BF     		it	ne
 1764 00ae 0123     		movne	r3, #1
 1765 00b0 B1E7     		b	.L113
 1766              	.L117:
 721:Drivers/STM32F1xx_HAL_Driver/Src/stm32f1xx_hal_tim_ex.c **** 
 1767              		.loc 1 721 3 discriminator 2 view .LVU526
 1768 00b2 0428     		cmp	r0, #4
 1769 00b4 05D0     		beq	.L132
 721:Drivers/STM32F1xx_HAL_Driver/Src/stm32f1xx_hal_tim_ex.c **** 
 1770              		.loc 1 721 3 discriminator 4 view .LVU527
 1771 00b6 0828     		cmp	r0, #8
 1772 00b8 07D0     		beq	.L133
 721:Drivers/STM32F1xx_HAL_Driver/Src/stm32f1xx_hal_tim_ex.c **** 
 1773              		.loc 1 721 3 discriminator 7 view .LVU528
 1774 00ba 0223     		movs	r3, #2
 1775 00bc 84F84530 		strb	r3, [r4, #69]
 1776 00c0 B0E7     		b	.L118
 1777              	.L132:
 721:Drivers/STM32F1xx_HAL_Driver/Src/stm32f1xx_hal_tim_ex.c **** 
 1778              		.loc 1 721 3 discriminator 3 view .LVU529
 1779 00c2 0223     		movs	r3, #2
 1780 00c4 84F84330 		strb	r3, [r4, #67]
 1781 00c8 ACE7     		b	.L118
 1782              	.L133:
 721:Drivers/STM32F1xx_HAL_Driver/Src/stm32f1xx_hal_tim_ex.c **** 
 1783              		.loc 1 721 3 discriminator 6 view .LVU530
 1784 00ca 0223     		movs	r3, #2
 1785 00cc 84F84430 		strb	r3, [r4, #68]
 1786 00d0 A8E7     		b	.L118
 1787              	.L129:
 728:Drivers/STM32F1xx_HAL_Driver/Src/stm32f1xx_hal_tim_ex.c ****       break;
 1788              		.loc 1 728 7 is_stmt 1 view .LVU531
 1789 00d2 2268     		ldr	r2, [r4]
 1790 00d4 D368     		ldr	r3, [r2, #12]
 1791 00d6 43F00203 		orr	r3, r3, #2
 1792 00da D360     		str	r3, [r2, #12]
 729:Drivers/STM32F1xx_HAL_Driver/Src/stm32f1xx_hal_tim_ex.c ****     }
 1793              		.loc 1 729 7 view .LVU532
 1794 00dc A8E7     		b	.L123
 1795              	.L121:
 735:Drivers/STM32F1xx_HAL_Driver/Src/stm32f1xx_hal_tim_ex.c ****       break;
 1796              		.loc 1 735 7 view .LVU533
 1797 00de 2268     		ldr	r2, [r4]
 1798 00e0 D368     		ldr	r3, [r2, #12]
 1799 00e2 43F00403 		orr	r3, r3, #4
 1800 00e6 D360     		str	r3, [r2, #12]
 736:Drivers/STM32F1xx_HAL_Driver/Src/stm32f1xx_hal_tim_ex.c ****     }
 1801              		.loc 1 736 7 view .LVU534
 1802 00e8 A2E7     		b	.L123
 1803              	.L122:
 742:Drivers/STM32F1xx_HAL_Driver/Src/stm32f1xx_hal_tim_ex.c ****       break;
ARM GAS  C:\Users\ride_pig\AppData\Local\Temp\ccPlGaWa.s 			page 82


 1804              		.loc 1 742 7 view .LVU535
 1805 00ea 2268     		ldr	r2, [r4]
 1806 00ec D368     		ldr	r3, [r2, #12]
 1807 00ee 43F00803 		orr	r3, r3, #8
 1808 00f2 D360     		str	r3, [r2, #12]
 743:Drivers/STM32F1xx_HAL_Driver/Src/stm32f1xx_hal_tim_ex.c ****     }
 1809              		.loc 1 743 7 view .LVU536
 1810 00f4 9CE7     		b	.L123
 1811              	.LVL117:
 1812              	.L124:
 763:Drivers/STM32F1xx_HAL_Driver/Src/stm32f1xx_hal_tim_ex.c ****     if (!IS_TIM_SLAVEMODE_TRIGGER_ENABLED(tmpsmcr))
 1813              		.loc 1 763 5 view .LVU537
 763:Drivers/STM32F1xx_HAL_Driver/Src/stm32f1xx_hal_tim_ex.c ****     if (!IS_TIM_SLAVEMODE_TRIGGER_ENABLED(tmpsmcr))
 1814              		.loc 1 763 29 is_stmt 0 view .LVU538
 1815 00f6 9A68     		ldr	r2, [r3, #8]
 763:Drivers/STM32F1xx_HAL_Driver/Src/stm32f1xx_hal_tim_ex.c ****     if (!IS_TIM_SLAVEMODE_TRIGGER_ENABLED(tmpsmcr))
 1816              		.loc 1 763 13 view .LVU539
 1817 00f8 02F00702 		and	r2, r2, #7
 1818              	.LVL118:
 764:Drivers/STM32F1xx_HAL_Driver/Src/stm32f1xx_hal_tim_ex.c ****     {
 1819              		.loc 1 764 5 is_stmt 1 view .LVU540
 764:Drivers/STM32F1xx_HAL_Driver/Src/stm32f1xx_hal_tim_ex.c ****     {
 1820              		.loc 1 764 8 is_stmt 0 view .LVU541
 1821 00fc 062A     		cmp	r2, #6
 1822 00fe 07D0     		beq	.L127
 766:Drivers/STM32F1xx_HAL_Driver/Src/stm32f1xx_hal_tim_ex.c ****     }
 1823              		.loc 1 766 7 is_stmt 1 view .LVU542
 1824 0100 1A68     		ldr	r2, [r3]
 1825              	.LVL119:
 766:Drivers/STM32F1xx_HAL_Driver/Src/stm32f1xx_hal_tim_ex.c ****     }
 1826              		.loc 1 766 7 is_stmt 0 view .LVU543
 1827 0102 42F00102 		orr	r2, r2, #1
 1828 0106 1A60     		str	r2, [r3]
 775:Drivers/STM32F1xx_HAL_Driver/Src/stm32f1xx_hal_tim_ex.c **** }
 1829              		.loc 1 775 10 view .LVU544
 1830 0108 0020     		movs	r0, #0
 1831              	.L116:
 776:Drivers/STM32F1xx_HAL_Driver/Src/stm32f1xx_hal_tim_ex.c **** 
 1832              		.loc 1 776 1 view .LVU545
 1833 010a 10BD     		pop	{r4, pc}
 1834              	.LVL120:
 1835              	.L126:
 717:Drivers/STM32F1xx_HAL_Driver/Src/stm32f1xx_hal_tim_ex.c ****   }
 1836              		.loc 1 717 12 view .LVU546
 1837 010c 0120     		movs	r0, #1
 1838              	.LVL121:
 717:Drivers/STM32F1xx_HAL_Driver/Src/stm32f1xx_hal_tim_ex.c ****   }
 1839              		.loc 1 717 12 view .LVU547
 1840 010e FCE7     		b	.L116
 1841              	.LVL122:
 1842              	.L127:
 775:Drivers/STM32F1xx_HAL_Driver/Src/stm32f1xx_hal_tim_ex.c **** }
 1843              		.loc 1 775 10 view .LVU548
 1844 0110 0020     		movs	r0, #0
 1845 0112 FAE7     		b	.L116
 1846              	.L135:
 1847              		.align	2
ARM GAS  C:\Users\ride_pig\AppData\Local\Temp\ccPlGaWa.s 			page 83


 1848              	.L134:
 1849 0114 002C0140 		.word	1073818624
 1850              		.cfi_endproc
 1851              	.LFE77:
 1853              		.section	.text.HAL_TIMEx_OCN_Stop_IT,"ax",%progbits
 1854              		.align	1
 1855              		.global	HAL_TIMEx_OCN_Stop_IT
 1856              		.syntax unified
 1857              		.thumb
 1858              		.thumb_func
 1860              	HAL_TIMEx_OCN_Stop_IT:
 1861              	.LVL123:
 1862              	.LFB78:
 790:Drivers/STM32F1xx_HAL_Driver/Src/stm32f1xx_hal_tim_ex.c ****   uint32_t tmpccer;
 1863              		.loc 1 790 1 is_stmt 1 view -0
 1864              		.cfi_startproc
 1865              		@ args = 0, pretend = 0, frame = 0
 1866              		@ frame_needed = 0, uses_anonymous_args = 0
 790:Drivers/STM32F1xx_HAL_Driver/Src/stm32f1xx_hal_tim_ex.c ****   uint32_t tmpccer;
 1867              		.loc 1 790 1 is_stmt 0 view .LVU550
 1868 0000 38B5     		push	{r3, r4, r5, lr}
 1869              	.LCFI17:
 1870              		.cfi_def_cfa_offset 16
 1871              		.cfi_offset 3, -16
 1872              		.cfi_offset 4, -12
 1873              		.cfi_offset 5, -8
 1874              		.cfi_offset 14, -4
 1875 0002 0546     		mov	r5, r0
 1876 0004 0C46     		mov	r4, r1
 791:Drivers/STM32F1xx_HAL_Driver/Src/stm32f1xx_hal_tim_ex.c ****   /* Check the parameters */
 1877              		.loc 1 791 3 is_stmt 1 view .LVU551
 793:Drivers/STM32F1xx_HAL_Driver/Src/stm32f1xx_hal_tim_ex.c **** 
 1878              		.loc 1 793 3 view .LVU552
 795:Drivers/STM32F1xx_HAL_Driver/Src/stm32f1xx_hal_tim_ex.c ****   {
 1879              		.loc 1 795 3 view .LVU553
 1880 0006 0429     		cmp	r1, #4
 1881 0008 3CD0     		beq	.L137
 1882 000a 0829     		cmp	r1, #8
 1883 000c 40D0     		beq	.L138
 1884 000e 0029     		cmp	r1, #0
 1885 0010 32D0     		beq	.L148
 1886              	.L139:
 823:Drivers/STM32F1xx_HAL_Driver/Src/stm32f1xx_hal_tim_ex.c **** 
 1887              		.loc 1 823 3 view .LVU554
 1888 0012 0022     		movs	r2, #0
 1889 0014 2146     		mov	r1, r4
 1890              	.LVL124:
 823:Drivers/STM32F1xx_HAL_Driver/Src/stm32f1xx_hal_tim_ex.c **** 
 1891              		.loc 1 823 3 is_stmt 0 view .LVU555
 1892 0016 2868     		ldr	r0, [r5]
 1893              	.LVL125:
 823:Drivers/STM32F1xx_HAL_Driver/Src/stm32f1xx_hal_tim_ex.c **** 
 1894              		.loc 1 823 3 view .LVU556
 1895 0018 FFF7FEFF 		bl	TIM_CCxNChannelCmd
 1896              	.LVL126:
 826:Drivers/STM32F1xx_HAL_Driver/Src/stm32f1xx_hal_tim_ex.c ****   if ((tmpccer & (TIM_CCER_CC1NE | TIM_CCER_CC2NE | TIM_CCER_CC3NE)) == (uint32_t)RESET)
 1897              		.loc 1 826 3 is_stmt 1 view .LVU557
ARM GAS  C:\Users\ride_pig\AppData\Local\Temp\ccPlGaWa.s 			page 84


 826:Drivers/STM32F1xx_HAL_Driver/Src/stm32f1xx_hal_tim_ex.c ****   if ((tmpccer & (TIM_CCER_CC1NE | TIM_CCER_CC2NE | TIM_CCER_CC3NE)) == (uint32_t)RESET)
 1898              		.loc 1 826 17 is_stmt 0 view .LVU558
 1899 001c 2B68     		ldr	r3, [r5]
 826:Drivers/STM32F1xx_HAL_Driver/Src/stm32f1xx_hal_tim_ex.c ****   if ((tmpccer & (TIM_CCER_CC1NE | TIM_CCER_CC2NE | TIM_CCER_CC3NE)) == (uint32_t)RESET)
 1900              		.loc 1 826 11 view .LVU559
 1901 001e 196A     		ldr	r1, [r3, #32]
 1902              	.LVL127:
 827:Drivers/STM32F1xx_HAL_Driver/Src/stm32f1xx_hal_tim_ex.c ****   {
 1903              		.loc 1 827 3 is_stmt 1 view .LVU560
 827:Drivers/STM32F1xx_HAL_Driver/Src/stm32f1xx_hal_tim_ex.c ****   {
 1904              		.loc 1 827 6 is_stmt 0 view .LVU561
 1905 0020 40F24442 		movw	r2, #1092
 1906 0024 1142     		tst	r1, r2
 1907 0026 03D1     		bne	.L140
 829:Drivers/STM32F1xx_HAL_Driver/Src/stm32f1xx_hal_tim_ex.c ****   }
 1908              		.loc 1 829 5 is_stmt 1 view .LVU562
 1909 0028 DA68     		ldr	r2, [r3, #12]
 1910 002a 22F08002 		bic	r2, r2, #128
 1911 002e DA60     		str	r2, [r3, #12]
 1912              	.L140:
 833:Drivers/STM32F1xx_HAL_Driver/Src/stm32f1xx_hal_tim_ex.c **** 
 1913              		.loc 1 833 3 view .LVU563
 833:Drivers/STM32F1xx_HAL_Driver/Src/stm32f1xx_hal_tim_ex.c **** 
 1914              		.loc 1 833 3 view .LVU564
 1915 0030 2B68     		ldr	r3, [r5]
 1916 0032 196A     		ldr	r1, [r3, #32]
 1917              	.LVL128:
 833:Drivers/STM32F1xx_HAL_Driver/Src/stm32f1xx_hal_tim_ex.c **** 
 1918              		.loc 1 833 3 is_stmt 0 view .LVU565
 1919 0034 41F21112 		movw	r2, #4369
 1920 0038 1142     		tst	r1, r2
 1921 003a 08D1     		bne	.L141
 833:Drivers/STM32F1xx_HAL_Driver/Src/stm32f1xx_hal_tim_ex.c **** 
 1922              		.loc 1 833 3 is_stmt 1 discriminator 1 view .LVU566
 1923 003c 196A     		ldr	r1, [r3, #32]
 1924 003e 40F24442 		movw	r2, #1092
 1925 0042 1142     		tst	r1, r2
 1926 0044 03D1     		bne	.L141
 833:Drivers/STM32F1xx_HAL_Driver/Src/stm32f1xx_hal_tim_ex.c **** 
 1927              		.loc 1 833 3 discriminator 3 view .LVU567
 1928 0046 5A6C     		ldr	r2, [r3, #68]
 1929 0048 22F40042 		bic	r2, r2, #32768
 1930 004c 5A64     		str	r2, [r3, #68]
 1931              	.L141:
 833:Drivers/STM32F1xx_HAL_Driver/Src/stm32f1xx_hal_tim_ex.c **** 
 1932              		.loc 1 833 3 discriminator 5 view .LVU568
 836:Drivers/STM32F1xx_HAL_Driver/Src/stm32f1xx_hal_tim_ex.c **** 
 1933              		.loc 1 836 3 discriminator 5 view .LVU569
 836:Drivers/STM32F1xx_HAL_Driver/Src/stm32f1xx_hal_tim_ex.c **** 
 1934              		.loc 1 836 3 discriminator 5 view .LVU570
 1935 004e 2B68     		ldr	r3, [r5]
 1936 0050 196A     		ldr	r1, [r3, #32]
 1937 0052 41F21112 		movw	r2, #4369
 1938 0056 1142     		tst	r1, r2
 1939 0058 08D1     		bne	.L142
 836:Drivers/STM32F1xx_HAL_Driver/Src/stm32f1xx_hal_tim_ex.c **** 
 1940              		.loc 1 836 3 discriminator 1 view .LVU571
ARM GAS  C:\Users\ride_pig\AppData\Local\Temp\ccPlGaWa.s 			page 85


 1941 005a 196A     		ldr	r1, [r3, #32]
 1942 005c 40F24442 		movw	r2, #1092
 1943 0060 1142     		tst	r1, r2
 1944 0062 03D1     		bne	.L142
 836:Drivers/STM32F1xx_HAL_Driver/Src/stm32f1xx_hal_tim_ex.c **** 
 1945              		.loc 1 836 3 discriminator 3 view .LVU572
 1946 0064 1A68     		ldr	r2, [r3]
 1947 0066 22F00102 		bic	r2, r2, #1
 1948 006a 1A60     		str	r2, [r3]
 1949              	.L142:
 836:Drivers/STM32F1xx_HAL_Driver/Src/stm32f1xx_hal_tim_ex.c **** 
 1950              		.loc 1 836 3 discriminator 5 view .LVU573
 839:Drivers/STM32F1xx_HAL_Driver/Src/stm32f1xx_hal_tim_ex.c **** 
 1951              		.loc 1 839 3 discriminator 5 view .LVU574
 1952 006c B4B9     		cbnz	r4, .L143
 839:Drivers/STM32F1xx_HAL_Driver/Src/stm32f1xx_hal_tim_ex.c **** 
 1953              		.loc 1 839 3 is_stmt 0 discriminator 1 view .LVU575
 1954 006e 0123     		movs	r3, #1
 1955 0070 85F84230 		strb	r3, [r5, #66]
 1956              	.L144:
 842:Drivers/STM32F1xx_HAL_Driver/Src/stm32f1xx_hal_tim_ex.c **** }
 1957              		.loc 1 842 3 is_stmt 1 view .LVU576
 843:Drivers/STM32F1xx_HAL_Driver/Src/stm32f1xx_hal_tim_ex.c **** 
 1958              		.loc 1 843 1 is_stmt 0 view .LVU577
 1959 0074 0020     		movs	r0, #0
 1960 0076 38BD     		pop	{r3, r4, r5, pc}
 1961              	.LVL129:
 1962              	.L148:
 800:Drivers/STM32F1xx_HAL_Driver/Src/stm32f1xx_hal_tim_ex.c ****       break;
 1963              		.loc 1 800 7 is_stmt 1 view .LVU578
 1964 0078 0268     		ldr	r2, [r0]
 1965 007a D368     		ldr	r3, [r2, #12]
 1966 007c 23F00203 		bic	r3, r3, #2
 1967 0080 D360     		str	r3, [r2, #12]
 801:Drivers/STM32F1xx_HAL_Driver/Src/stm32f1xx_hal_tim_ex.c ****     }
 1968              		.loc 1 801 7 view .LVU579
 1969 0082 C6E7     		b	.L139
 1970              	.L137:
 807:Drivers/STM32F1xx_HAL_Driver/Src/stm32f1xx_hal_tim_ex.c ****       break;
 1971              		.loc 1 807 7 view .LVU580
 1972 0084 0268     		ldr	r2, [r0]
 1973 0086 D368     		ldr	r3, [r2, #12]
 1974 0088 23F00403 		bic	r3, r3, #4
 1975 008c D360     		str	r3, [r2, #12]
 808:Drivers/STM32F1xx_HAL_Driver/Src/stm32f1xx_hal_tim_ex.c ****     }
 1976              		.loc 1 808 7 view .LVU581
 1977 008e C0E7     		b	.L139
 1978              	.L138:
 814:Drivers/STM32F1xx_HAL_Driver/Src/stm32f1xx_hal_tim_ex.c ****       break;
 1979              		.loc 1 814 7 view .LVU582
 1980 0090 0268     		ldr	r2, [r0]
 1981 0092 D368     		ldr	r3, [r2, #12]
 1982 0094 23F00803 		bic	r3, r3, #8
 1983 0098 D360     		str	r3, [r2, #12]
 815:Drivers/STM32F1xx_HAL_Driver/Src/stm32f1xx_hal_tim_ex.c ****     }
 1984              		.loc 1 815 7 view .LVU583
 1985 009a BAE7     		b	.L139
ARM GAS  C:\Users\ride_pig\AppData\Local\Temp\ccPlGaWa.s 			page 86


 1986              	.LVL130:
 1987              	.L143:
 839:Drivers/STM32F1xx_HAL_Driver/Src/stm32f1xx_hal_tim_ex.c **** 
 1988              		.loc 1 839 3 is_stmt 0 discriminator 2 view .LVU584
 1989 009c 042C     		cmp	r4, #4
 1990 009e 05D0     		beq	.L149
 839:Drivers/STM32F1xx_HAL_Driver/Src/stm32f1xx_hal_tim_ex.c **** 
 1991              		.loc 1 839 3 discriminator 4 view .LVU585
 1992 00a0 082C     		cmp	r4, #8
 1993 00a2 07D0     		beq	.L150
 839:Drivers/STM32F1xx_HAL_Driver/Src/stm32f1xx_hal_tim_ex.c **** 
 1994              		.loc 1 839 3 discriminator 7 view .LVU586
 1995 00a4 0123     		movs	r3, #1
 1996 00a6 85F84530 		strb	r3, [r5, #69]
 1997 00aa E3E7     		b	.L144
 1998              	.L149:
 839:Drivers/STM32F1xx_HAL_Driver/Src/stm32f1xx_hal_tim_ex.c **** 
 1999              		.loc 1 839 3 discriminator 3 view .LVU587
 2000 00ac 0123     		movs	r3, #1
 2001 00ae 85F84330 		strb	r3, [r5, #67]
 2002 00b2 DFE7     		b	.L144
 2003              	.L150:
 839:Drivers/STM32F1xx_HAL_Driver/Src/stm32f1xx_hal_tim_ex.c **** 
 2004              		.loc 1 839 3 discriminator 6 view .LVU588
 2005 00b4 0123     		movs	r3, #1
 2006 00b6 85F84430 		strb	r3, [r5, #68]
 2007 00ba DBE7     		b	.L144
 2008              		.cfi_endproc
 2009              	.LFE78:
 2011              		.section	.text.HAL_TIMEx_OCN_Start_DMA,"ax",%progbits
 2012              		.align	1
 2013              		.global	HAL_TIMEx_OCN_Start_DMA
 2014              		.syntax unified
 2015              		.thumb
 2016              		.thumb_func
 2018              	HAL_TIMEx_OCN_Start_DMA:
 2019              	.LVL131:
 2020              	.LFB79:
 859:Drivers/STM32F1xx_HAL_Driver/Src/stm32f1xx_hal_tim_ex.c ****   uint32_t tmpsmcr;
 2021              		.loc 1 859 1 is_stmt 1 view -0
 2022              		.cfi_startproc
 2023              		@ args = 0, pretend = 0, frame = 0
 2024              		@ frame_needed = 0, uses_anonymous_args = 0
 859:Drivers/STM32F1xx_HAL_Driver/Src/stm32f1xx_hal_tim_ex.c ****   uint32_t tmpsmcr;
 2025              		.loc 1 859 1 is_stmt 0 view .LVU590
 2026 0000 70B5     		push	{r4, r5, r6, lr}
 2027              	.LCFI18:
 2028              		.cfi_def_cfa_offset 16
 2029              		.cfi_offset 4, -16
 2030              		.cfi_offset 5, -12
 2031              		.cfi_offset 6, -8
 2032              		.cfi_offset 14, -4
 2033 0002 0446     		mov	r4, r0
 2034 0004 1646     		mov	r6, r2
 860:Drivers/STM32F1xx_HAL_Driver/Src/stm32f1xx_hal_tim_ex.c **** 
 2035              		.loc 1 860 3 is_stmt 1 view .LVU591
 863:Drivers/STM32F1xx_HAL_Driver/Src/stm32f1xx_hal_tim_ex.c **** 
ARM GAS  C:\Users\ride_pig\AppData\Local\Temp\ccPlGaWa.s 			page 87


 2036              		.loc 1 863 3 view .LVU592
 866:Drivers/STM32F1xx_HAL_Driver/Src/stm32f1xx_hal_tim_ex.c ****   {
 2037              		.loc 1 866 3 view .LVU593
 866:Drivers/STM32F1xx_HAL_Driver/Src/stm32f1xx_hal_tim_ex.c ****   {
 2038              		.loc 1 866 46 is_stmt 0 view .LVU594
 2039 0006 0D46     		mov	r5, r1
 2040 0008 0029     		cmp	r1, #0
 2041 000a 4CD1     		bne	.L152
 866:Drivers/STM32F1xx_HAL_Driver/Src/stm32f1xx_hal_tim_ex.c ****   {
 2042              		.loc 1 866 7 discriminator 1 view .LVU595
 2043 000c 90F84200 		ldrb	r0, [r0, #66]	@ zero_extendqisi2
 2044              	.LVL132:
 866:Drivers/STM32F1xx_HAL_Driver/Src/stm32f1xx_hal_tim_ex.c ****   {
 2045              		.loc 1 866 7 discriminator 1 view .LVU596
 2046 0010 C0B2     		uxtb	r0, r0
 866:Drivers/STM32F1xx_HAL_Driver/Src/stm32f1xx_hal_tim_ex.c ****   {
 2047              		.loc 1 866 46 discriminator 1 view .LVU597
 2048 0012 0228     		cmp	r0, #2
 2049 0014 14BF     		ite	ne
 2050 0016 0020     		movne	r0, #0
 2051 0018 0120     		moveq	r0, #1
 2052              	.L153:
 866:Drivers/STM32F1xx_HAL_Driver/Src/stm32f1xx_hal_tim_ex.c ****   {
 2053              		.loc 1 866 6 discriminator 12 view .LVU598
 2054 001a 0028     		cmp	r0, #0
 2055 001c 40F0DE80 		bne	.L171
 870:Drivers/STM32F1xx_HAL_Driver/Src/stm32f1xx_hal_tim_ex.c ****   {
 2056              		.loc 1 870 8 is_stmt 1 view .LVU599
 870:Drivers/STM32F1xx_HAL_Driver/Src/stm32f1xx_hal_tim_ex.c ****   {
 2057              		.loc 1 870 51 is_stmt 0 view .LVU600
 2058 0020 002D     		cmp	r5, #0
 2059 0022 5CD1     		bne	.L157
 870:Drivers/STM32F1xx_HAL_Driver/Src/stm32f1xx_hal_tim_ex.c ****   {
 2060              		.loc 1 870 12 discriminator 1 view .LVU601
 2061 0024 94F84220 		ldrb	r2, [r4, #66]	@ zero_extendqisi2
 2062              	.LVL133:
 870:Drivers/STM32F1xx_HAL_Driver/Src/stm32f1xx_hal_tim_ex.c ****   {
 2063              		.loc 1 870 12 discriminator 1 view .LVU602
 2064 0028 D2B2     		uxtb	r2, r2
 870:Drivers/STM32F1xx_HAL_Driver/Src/stm32f1xx_hal_tim_ex.c ****   {
 2065              		.loc 1 870 51 discriminator 1 view .LVU603
 2066 002a 012A     		cmp	r2, #1
 2067 002c 14BF     		ite	ne
 2068 002e 0022     		movne	r2, #0
 2069 0030 0122     		moveq	r2, #1
 2070              	.L158:
 870:Drivers/STM32F1xx_HAL_Driver/Src/stm32f1xx_hal_tim_ex.c ****   {
 2071              		.loc 1 870 11 discriminator 12 view .LVU604
 2072 0032 002A     		cmp	r2, #0
 2073 0034 00F0D480 		beq	.L172
 872:Drivers/STM32F1xx_HAL_Driver/Src/stm32f1xx_hal_tim_ex.c ****     {
 2074              		.loc 1 872 5 is_stmt 1 view .LVU605
 872:Drivers/STM32F1xx_HAL_Driver/Src/stm32f1xx_hal_tim_ex.c ****     {
 2075              		.loc 1 872 8 is_stmt 0 view .LVU606
 2076 0038 002E     		cmp	r6, #0
 2077 003a 6CD0     		beq	.L179
 2078              	.L161:
ARM GAS  C:\Users\ride_pig\AppData\Local\Temp\ccPlGaWa.s 			page 88


 878:Drivers/STM32F1xx_HAL_Driver/Src/stm32f1xx_hal_tim_ex.c ****     }
 2079              		.loc 1 878 7 is_stmt 1 view .LVU607
 2080 003c 002D     		cmp	r5, #0
 2081 003e 6ED1     		bne	.L162
 878:Drivers/STM32F1xx_HAL_Driver/Src/stm32f1xx_hal_tim_ex.c ****     }
 2082              		.loc 1 878 7 is_stmt 0 discriminator 1 view .LVU608
 2083 0040 0222     		movs	r2, #2
 2084 0042 84F84220 		strb	r2, [r4, #66]
 2085              	.L163:
 886:Drivers/STM32F1xx_HAL_Driver/Src/stm32f1xx_hal_tim_ex.c ****   {
 2086              		.loc 1 886 3 is_stmt 1 view .LVU609
 2087 0046 042D     		cmp	r5, #4
 2088 0048 00F09080 		beq	.L166
 2089 004c 082D     		cmp	r5, #8
 2090 004e 00F0A480 		beq	.L167
 2091 0052 002D     		cmp	r5, #0
 2092 0054 73D0     		beq	.L180
 2093              	.LVL134:
 2094              	.L168:
 956:Drivers/STM32F1xx_HAL_Driver/Src/stm32f1xx_hal_tim_ex.c **** 
 2095              		.loc 1 956 3 view .LVU610
 2096 0056 0422     		movs	r2, #4
 2097 0058 2946     		mov	r1, r5
 2098 005a 2068     		ldr	r0, [r4]
 2099 005c FFF7FEFF 		bl	TIM_CCxNChannelCmd
 2100              	.LVL135:
 959:Drivers/STM32F1xx_HAL_Driver/Src/stm32f1xx_hal_tim_ex.c **** 
 2101              		.loc 1 959 3 view .LVU611
 2102 0060 2268     		ldr	r2, [r4]
 2103 0062 536C     		ldr	r3, [r2, #68]
 2104 0064 43F40043 		orr	r3, r3, #32768
 2105 0068 5364     		str	r3, [r2, #68]
 962:Drivers/STM32F1xx_HAL_Driver/Src/stm32f1xx_hal_tim_ex.c ****   {
 2106              		.loc 1 962 3 view .LVU612
 962:Drivers/STM32F1xx_HAL_Driver/Src/stm32f1xx_hal_tim_ex.c ****   {
 2107              		.loc 1 962 7 is_stmt 0 view .LVU613
 2108 006a 2368     		ldr	r3, [r4]
 962:Drivers/STM32F1xx_HAL_Driver/Src/stm32f1xx_hal_tim_ex.c ****   {
 2109              		.loc 1 962 6 view .LVU614
 2110 006c 614A     		ldr	r2, .L187
 2111 006e 9342     		cmp	r3, r2
 2112 0070 00F0A980 		beq	.L169
 962:Drivers/STM32F1xx_HAL_Driver/Src/stm32f1xx_hal_tim_ex.c ****   {
 2113              		.loc 1 962 7 discriminator 1 view .LVU615
 2114 0074 B3F1804F 		cmp	r3, #1073741824
 2115 0078 00F0A580 		beq	.L169
 962:Drivers/STM32F1xx_HAL_Driver/Src/stm32f1xx_hal_tim_ex.c ****   {
 2116              		.loc 1 962 7 discriminator 2 view .LVU616
 2117 007c A2F59432 		sub	r2, r2, #75776
 2118 0080 9342     		cmp	r3, r2
 2119 0082 00F0A080 		beq	.L169
 962:Drivers/STM32F1xx_HAL_Driver/Src/stm32f1xx_hal_tim_ex.c ****   {
 2120              		.loc 1 962 7 discriminator 3 view .LVU617
 2121 0086 02F58062 		add	r2, r2, #1024
 2122 008a 9342     		cmp	r3, r2
 2123 008c 00F09B80 		beq	.L169
 962:Drivers/STM32F1xx_HAL_Driver/Src/stm32f1xx_hal_tim_ex.c ****   {
ARM GAS  C:\Users\ride_pig\AppData\Local\Temp\ccPlGaWa.s 			page 89


 2124              		.loc 1 962 7 discriminator 4 view .LVU618
 2125 0090 02F58062 		add	r2, r2, #1024
 2126 0094 9342     		cmp	r3, r2
 2127 0096 00F09680 		beq	.L169
 972:Drivers/STM32F1xx_HAL_Driver/Src/stm32f1xx_hal_tim_ex.c ****   }
 2128              		.loc 1 972 5 is_stmt 1 view .LVU619
 2129 009a 1A68     		ldr	r2, [r3]
 2130 009c 42F00102 		orr	r2, r2, #1
 2131 00a0 1A60     		str	r2, [r3]
 976:Drivers/STM32F1xx_HAL_Driver/Src/stm32f1xx_hal_tim_ex.c **** }
 2132              		.loc 1 976 10 is_stmt 0 view .LVU620
 2133 00a2 0020     		movs	r0, #0
 2134 00a4 9DE0     		b	.L156
 2135              	.LVL136:
 2136              	.L152:
 866:Drivers/STM32F1xx_HAL_Driver/Src/stm32f1xx_hal_tim_ex.c ****   {
 2137              		.loc 1 866 46 discriminator 2 view .LVU621
 2138 00a6 0429     		cmp	r1, #4
 2139 00a8 09D0     		beq	.L181
 866:Drivers/STM32F1xx_HAL_Driver/Src/stm32f1xx_hal_tim_ex.c ****   {
 2140              		.loc 1 866 46 discriminator 5 view .LVU622
 2141 00aa 0829     		cmp	r1, #8
 2142 00ac 0FD0     		beq	.L182
 866:Drivers/STM32F1xx_HAL_Driver/Src/stm32f1xx_hal_tim_ex.c ****   {
 2143              		.loc 1 866 7 discriminator 8 view .LVU623
 2144 00ae 90F84500 		ldrb	r0, [r0, #69]	@ zero_extendqisi2
 2145              	.LVL137:
 866:Drivers/STM32F1xx_HAL_Driver/Src/stm32f1xx_hal_tim_ex.c ****   {
 2146              		.loc 1 866 7 discriminator 8 view .LVU624
 2147 00b2 C0B2     		uxtb	r0, r0
 866:Drivers/STM32F1xx_HAL_Driver/Src/stm32f1xx_hal_tim_ex.c ****   {
 2148              		.loc 1 866 46 discriminator 8 view .LVU625
 2149 00b4 0228     		cmp	r0, #2
 2150 00b6 14BF     		ite	ne
 2151 00b8 0020     		movne	r0, #0
 2152 00ba 0120     		moveq	r0, #1
 2153 00bc ADE7     		b	.L153
 2154              	.LVL138:
 2155              	.L181:
 866:Drivers/STM32F1xx_HAL_Driver/Src/stm32f1xx_hal_tim_ex.c ****   {
 2156              		.loc 1 866 7 discriminator 4 view .LVU626
 2157 00be 90F84300 		ldrb	r0, [r0, #67]	@ zero_extendqisi2
 2158              	.LVL139:
 866:Drivers/STM32F1xx_HAL_Driver/Src/stm32f1xx_hal_tim_ex.c ****   {
 2159              		.loc 1 866 7 discriminator 4 view .LVU627
 2160 00c2 C0B2     		uxtb	r0, r0
 866:Drivers/STM32F1xx_HAL_Driver/Src/stm32f1xx_hal_tim_ex.c ****   {
 2161              		.loc 1 866 46 discriminator 4 view .LVU628
 2162 00c4 0228     		cmp	r0, #2
 2163 00c6 14BF     		ite	ne
 2164 00c8 0020     		movne	r0, #0
 2165 00ca 0120     		moveq	r0, #1
 2166 00cc A5E7     		b	.L153
 2167              	.LVL140:
 2168              	.L182:
 866:Drivers/STM32F1xx_HAL_Driver/Src/stm32f1xx_hal_tim_ex.c ****   {
 2169              		.loc 1 866 7 discriminator 7 view .LVU629
ARM GAS  C:\Users\ride_pig\AppData\Local\Temp\ccPlGaWa.s 			page 90


 2170 00ce 90F84400 		ldrb	r0, [r0, #68]	@ zero_extendqisi2
 2171              	.LVL141:
 866:Drivers/STM32F1xx_HAL_Driver/Src/stm32f1xx_hal_tim_ex.c ****   {
 2172              		.loc 1 866 7 discriminator 7 view .LVU630
 2173 00d2 C0B2     		uxtb	r0, r0
 866:Drivers/STM32F1xx_HAL_Driver/Src/stm32f1xx_hal_tim_ex.c ****   {
 2174              		.loc 1 866 46 discriminator 7 view .LVU631
 2175 00d4 0228     		cmp	r0, #2
 2176 00d6 14BF     		ite	ne
 2177 00d8 0020     		movne	r0, #0
 2178 00da 0120     		moveq	r0, #1
 2179 00dc 9DE7     		b	.L153
 2180              	.L157:
 870:Drivers/STM32F1xx_HAL_Driver/Src/stm32f1xx_hal_tim_ex.c ****   {
 2181              		.loc 1 870 51 discriminator 2 view .LVU632
 2182 00de 042D     		cmp	r5, #4
 2183 00e0 09D0     		beq	.L183
 870:Drivers/STM32F1xx_HAL_Driver/Src/stm32f1xx_hal_tim_ex.c ****   {
 2184              		.loc 1 870 51 discriminator 5 view .LVU633
 2185 00e2 082D     		cmp	r5, #8
 2186 00e4 0FD0     		beq	.L184
 870:Drivers/STM32F1xx_HAL_Driver/Src/stm32f1xx_hal_tim_ex.c ****   {
 2187              		.loc 1 870 12 discriminator 8 view .LVU634
 2188 00e6 94F84520 		ldrb	r2, [r4, #69]	@ zero_extendqisi2
 2189              	.LVL142:
 870:Drivers/STM32F1xx_HAL_Driver/Src/stm32f1xx_hal_tim_ex.c ****   {
 2190              		.loc 1 870 12 discriminator 8 view .LVU635
 2191 00ea D2B2     		uxtb	r2, r2
 870:Drivers/STM32F1xx_HAL_Driver/Src/stm32f1xx_hal_tim_ex.c ****   {
 2192              		.loc 1 870 51 discriminator 8 view .LVU636
 2193 00ec 012A     		cmp	r2, #1
 2194 00ee 14BF     		ite	ne
 2195 00f0 0022     		movne	r2, #0
 2196 00f2 0122     		moveq	r2, #1
 2197 00f4 9DE7     		b	.L158
 2198              	.LVL143:
 2199              	.L183:
 870:Drivers/STM32F1xx_HAL_Driver/Src/stm32f1xx_hal_tim_ex.c ****   {
 2200              		.loc 1 870 12 discriminator 4 view .LVU637
 2201 00f6 94F84320 		ldrb	r2, [r4, #67]	@ zero_extendqisi2
 2202              	.LVL144:
 870:Drivers/STM32F1xx_HAL_Driver/Src/stm32f1xx_hal_tim_ex.c ****   {
 2203              		.loc 1 870 12 discriminator 4 view .LVU638
 2204 00fa D2B2     		uxtb	r2, r2
 870:Drivers/STM32F1xx_HAL_Driver/Src/stm32f1xx_hal_tim_ex.c ****   {
 2205              		.loc 1 870 51 discriminator 4 view .LVU639
 2206 00fc 012A     		cmp	r2, #1
 2207 00fe 14BF     		ite	ne
 2208 0100 0022     		movne	r2, #0
 2209 0102 0122     		moveq	r2, #1
 2210 0104 95E7     		b	.L158
 2211              	.LVL145:
 2212              	.L184:
 870:Drivers/STM32F1xx_HAL_Driver/Src/stm32f1xx_hal_tim_ex.c ****   {
 2213              		.loc 1 870 12 discriminator 7 view .LVU640
 2214 0106 94F84420 		ldrb	r2, [r4, #68]	@ zero_extendqisi2
 2215              	.LVL146:
ARM GAS  C:\Users\ride_pig\AppData\Local\Temp\ccPlGaWa.s 			page 91


 870:Drivers/STM32F1xx_HAL_Driver/Src/stm32f1xx_hal_tim_ex.c ****   {
 2216              		.loc 1 870 12 discriminator 7 view .LVU641
 2217 010a D2B2     		uxtb	r2, r2
 870:Drivers/STM32F1xx_HAL_Driver/Src/stm32f1xx_hal_tim_ex.c ****   {
 2218              		.loc 1 870 51 discriminator 7 view .LVU642
 2219 010c 012A     		cmp	r2, #1
 2220 010e 14BF     		ite	ne
 2221 0110 0022     		movne	r2, #0
 2222 0112 0122     		moveq	r2, #1
 2223 0114 8DE7     		b	.L158
 2224              	.L179:
 872:Drivers/STM32F1xx_HAL_Driver/Src/stm32f1xx_hal_tim_ex.c ****     {
 2225              		.loc 1 872 25 discriminator 1 view .LVU643
 2226 0116 002B     		cmp	r3, #0
 2227 0118 90D0     		beq	.L161
 874:Drivers/STM32F1xx_HAL_Driver/Src/stm32f1xx_hal_tim_ex.c ****     }
 2228              		.loc 1 874 14 view .LVU644
 2229 011a 0120     		movs	r0, #1
 2230 011c 61E0     		b	.L156
 2231              	.L162:
 878:Drivers/STM32F1xx_HAL_Driver/Src/stm32f1xx_hal_tim_ex.c ****     }
 2232              		.loc 1 878 7 discriminator 2 view .LVU645
 2233 011e 042D     		cmp	r5, #4
 2234 0120 05D0     		beq	.L185
 878:Drivers/STM32F1xx_HAL_Driver/Src/stm32f1xx_hal_tim_ex.c ****     }
 2235              		.loc 1 878 7 discriminator 4 view .LVU646
 2236 0122 082D     		cmp	r5, #8
 2237 0124 07D0     		beq	.L186
 878:Drivers/STM32F1xx_HAL_Driver/Src/stm32f1xx_hal_tim_ex.c ****     }
 2238              		.loc 1 878 7 discriminator 7 view .LVU647
 2239 0126 0222     		movs	r2, #2
 2240 0128 84F84520 		strb	r2, [r4, #69]
 2241 012c 8BE7     		b	.L163
 2242              	.L185:
 878:Drivers/STM32F1xx_HAL_Driver/Src/stm32f1xx_hal_tim_ex.c ****     }
 2243              		.loc 1 878 7 discriminator 3 view .LVU648
 2244 012e 0222     		movs	r2, #2
 2245 0130 84F84320 		strb	r2, [r4, #67]
 2246 0134 87E7     		b	.L163
 2247              	.L186:
 878:Drivers/STM32F1xx_HAL_Driver/Src/stm32f1xx_hal_tim_ex.c ****     }
 2248              		.loc 1 878 7 discriminator 6 view .LVU649
 2249 0136 0222     		movs	r2, #2
 2250 0138 84F84420 		strb	r2, [r4, #68]
 2251 013c 83E7     		b	.L163
 2252              	.L180:
 891:Drivers/STM32F1xx_HAL_Driver/Src/stm32f1xx_hal_tim_ex.c ****       htim->hdma[TIM_DMA_ID_CC1]->XferHalfCpltCallback = TIM_DMADelayPulseHalfCplt;
 2253              		.loc 1 891 7 is_stmt 1 view .LVU650
 891:Drivers/STM32F1xx_HAL_Driver/Src/stm32f1xx_hal_tim_ex.c ****       htim->hdma[TIM_DMA_ID_CC1]->XferHalfCpltCallback = TIM_DMADelayPulseHalfCplt;
 2254              		.loc 1 891 17 is_stmt 0 view .LVU651
 2255 013e 626A     		ldr	r2, [r4, #36]
 891:Drivers/STM32F1xx_HAL_Driver/Src/stm32f1xx_hal_tim_ex.c ****       htim->hdma[TIM_DMA_ID_CC1]->XferHalfCpltCallback = TIM_DMADelayPulseHalfCplt;
 2256              		.loc 1 891 52 view .LVU652
 2257 0140 2D49     		ldr	r1, .L187+4
 2258              	.LVL147:
 891:Drivers/STM32F1xx_HAL_Driver/Src/stm32f1xx_hal_tim_ex.c ****       htim->hdma[TIM_DMA_ID_CC1]->XferHalfCpltCallback = TIM_DMADelayPulseHalfCplt;
 2259              		.loc 1 891 52 view .LVU653
ARM GAS  C:\Users\ride_pig\AppData\Local\Temp\ccPlGaWa.s 			page 92


 2260 0142 9162     		str	r1, [r2, #40]
 892:Drivers/STM32F1xx_HAL_Driver/Src/stm32f1xx_hal_tim_ex.c **** 
 2261              		.loc 1 892 7 is_stmt 1 view .LVU654
 892:Drivers/STM32F1xx_HAL_Driver/Src/stm32f1xx_hal_tim_ex.c **** 
 2262              		.loc 1 892 17 is_stmt 0 view .LVU655
 2263 0144 626A     		ldr	r2, [r4, #36]
 892:Drivers/STM32F1xx_HAL_Driver/Src/stm32f1xx_hal_tim_ex.c **** 
 2264              		.loc 1 892 56 view .LVU656
 2265 0146 2D49     		ldr	r1, .L187+8
 2266 0148 D162     		str	r1, [r2, #44]
 895:Drivers/STM32F1xx_HAL_Driver/Src/stm32f1xx_hal_tim_ex.c **** 
 2267              		.loc 1 895 7 is_stmt 1 view .LVU657
 895:Drivers/STM32F1xx_HAL_Driver/Src/stm32f1xx_hal_tim_ex.c **** 
 2268              		.loc 1 895 17 is_stmt 0 view .LVU658
 2269 014a 626A     		ldr	r2, [r4, #36]
 895:Drivers/STM32F1xx_HAL_Driver/Src/stm32f1xx_hal_tim_ex.c **** 
 2270              		.loc 1 895 53 view .LVU659
 2271 014c 2C49     		ldr	r1, .L187+12
 2272 014e 1163     		str	r1, [r2, #48]
 898:Drivers/STM32F1xx_HAL_Driver/Src/stm32f1xx_hal_tim_ex.c ****                          Length) != HAL_OK)
 2273              		.loc 1 898 7 is_stmt 1 view .LVU660
 898:Drivers/STM32F1xx_HAL_Driver/Src/stm32f1xx_hal_tim_ex.c ****                          Length) != HAL_OK)
 2274              		.loc 1 898 88 is_stmt 0 view .LVU661
 2275 0150 2268     		ldr	r2, [r4]
 898:Drivers/STM32F1xx_HAL_Driver/Src/stm32f1xx_hal_tim_ex.c ****                          Length) != HAL_OK)
 2276              		.loc 1 898 11 view .LVU662
 2277 0152 3432     		adds	r2, r2, #52
 2278 0154 3146     		mov	r1, r6
 2279 0156 606A     		ldr	r0, [r4, #36]
 2280 0158 FFF7FEFF 		bl	HAL_DMA_Start_IT
 2281              	.LVL148:
 898:Drivers/STM32F1xx_HAL_Driver/Src/stm32f1xx_hal_tim_ex.c ****                          Length) != HAL_OK)
 2282              		.loc 1 898 10 view .LVU663
 2283 015c 0028     		cmp	r0, #0
 2284 015e 41D1     		bne	.L174
 905:Drivers/STM32F1xx_HAL_Driver/Src/stm32f1xx_hal_tim_ex.c ****       break;
 2285              		.loc 1 905 7 is_stmt 1 view .LVU664
 2286 0160 2268     		ldr	r2, [r4]
 2287 0162 D368     		ldr	r3, [r2, #12]
 2288 0164 43F40073 		orr	r3, r3, #512
 2289 0168 D360     		str	r3, [r2, #12]
 906:Drivers/STM32F1xx_HAL_Driver/Src/stm32f1xx_hal_tim_ex.c ****     }
 2290              		.loc 1 906 7 view .LVU665
 2291 016a 74E7     		b	.L168
 2292              	.LVL149:
 2293              	.L166:
 912:Drivers/STM32F1xx_HAL_Driver/Src/stm32f1xx_hal_tim_ex.c ****       htim->hdma[TIM_DMA_ID_CC2]->XferHalfCpltCallback = TIM_DMADelayPulseHalfCplt;
 2294              		.loc 1 912 7 view .LVU666
 912:Drivers/STM32F1xx_HAL_Driver/Src/stm32f1xx_hal_tim_ex.c ****       htim->hdma[TIM_DMA_ID_CC2]->XferHalfCpltCallback = TIM_DMADelayPulseHalfCplt;
 2295              		.loc 1 912 17 is_stmt 0 view .LVU667
 2296 016c A26A     		ldr	r2, [r4, #40]
 912:Drivers/STM32F1xx_HAL_Driver/Src/stm32f1xx_hal_tim_ex.c ****       htim->hdma[TIM_DMA_ID_CC2]->XferHalfCpltCallback = TIM_DMADelayPulseHalfCplt;
 2297              		.loc 1 912 52 view .LVU668
 2298 016e 2249     		ldr	r1, .L187+4
 2299              	.LVL150:
 912:Drivers/STM32F1xx_HAL_Driver/Src/stm32f1xx_hal_tim_ex.c ****       htim->hdma[TIM_DMA_ID_CC2]->XferHalfCpltCallback = TIM_DMADelayPulseHalfCplt;
 2300              		.loc 1 912 52 view .LVU669
ARM GAS  C:\Users\ride_pig\AppData\Local\Temp\ccPlGaWa.s 			page 93


 2301 0170 9162     		str	r1, [r2, #40]
 913:Drivers/STM32F1xx_HAL_Driver/Src/stm32f1xx_hal_tim_ex.c **** 
 2302              		.loc 1 913 7 is_stmt 1 view .LVU670
 913:Drivers/STM32F1xx_HAL_Driver/Src/stm32f1xx_hal_tim_ex.c **** 
 2303              		.loc 1 913 17 is_stmt 0 view .LVU671
 2304 0172 A26A     		ldr	r2, [r4, #40]
 913:Drivers/STM32F1xx_HAL_Driver/Src/stm32f1xx_hal_tim_ex.c **** 
 2305              		.loc 1 913 56 view .LVU672
 2306 0174 2149     		ldr	r1, .L187+8
 2307 0176 D162     		str	r1, [r2, #44]
 916:Drivers/STM32F1xx_HAL_Driver/Src/stm32f1xx_hal_tim_ex.c **** 
 2308              		.loc 1 916 7 is_stmt 1 view .LVU673
 916:Drivers/STM32F1xx_HAL_Driver/Src/stm32f1xx_hal_tim_ex.c **** 
 2309              		.loc 1 916 17 is_stmt 0 view .LVU674
 2310 0178 A26A     		ldr	r2, [r4, #40]
 916:Drivers/STM32F1xx_HAL_Driver/Src/stm32f1xx_hal_tim_ex.c **** 
 2311              		.loc 1 916 53 view .LVU675
 2312 017a 2149     		ldr	r1, .L187+12
 2313 017c 1163     		str	r1, [r2, #48]
 919:Drivers/STM32F1xx_HAL_Driver/Src/stm32f1xx_hal_tim_ex.c ****                          Length) != HAL_OK)
 2314              		.loc 1 919 7 is_stmt 1 view .LVU676
 919:Drivers/STM32F1xx_HAL_Driver/Src/stm32f1xx_hal_tim_ex.c ****                          Length) != HAL_OK)
 2315              		.loc 1 919 88 is_stmt 0 view .LVU677
 2316 017e 2268     		ldr	r2, [r4]
 919:Drivers/STM32F1xx_HAL_Driver/Src/stm32f1xx_hal_tim_ex.c ****                          Length) != HAL_OK)
 2317              		.loc 1 919 11 view .LVU678
 2318 0180 3832     		adds	r2, r2, #56
 2319 0182 3146     		mov	r1, r6
 2320 0184 A06A     		ldr	r0, [r4, #40]
 2321 0186 FFF7FEFF 		bl	HAL_DMA_Start_IT
 2322              	.LVL151:
 919:Drivers/STM32F1xx_HAL_Driver/Src/stm32f1xx_hal_tim_ex.c ****                          Length) != HAL_OK)
 2323              		.loc 1 919 10 view .LVU679
 2324 018a 0028     		cmp	r0, #0
 2325 018c 2CD1     		bne	.L175
 926:Drivers/STM32F1xx_HAL_Driver/Src/stm32f1xx_hal_tim_ex.c ****       break;
 2326              		.loc 1 926 7 is_stmt 1 view .LVU680
 2327 018e 2268     		ldr	r2, [r4]
 2328 0190 D368     		ldr	r3, [r2, #12]
 2329 0192 43F48063 		orr	r3, r3, #1024
 2330 0196 D360     		str	r3, [r2, #12]
 927:Drivers/STM32F1xx_HAL_Driver/Src/stm32f1xx_hal_tim_ex.c ****     }
 2331              		.loc 1 927 7 view .LVU681
 2332 0198 5DE7     		b	.L168
 2333              	.LVL152:
 2334              	.L167:
 933:Drivers/STM32F1xx_HAL_Driver/Src/stm32f1xx_hal_tim_ex.c ****       htim->hdma[TIM_DMA_ID_CC3]->XferHalfCpltCallback = TIM_DMADelayPulseHalfCplt;
 2335              		.loc 1 933 7 view .LVU682
 933:Drivers/STM32F1xx_HAL_Driver/Src/stm32f1xx_hal_tim_ex.c ****       htim->hdma[TIM_DMA_ID_CC3]->XferHalfCpltCallback = TIM_DMADelayPulseHalfCplt;
 2336              		.loc 1 933 17 is_stmt 0 view .LVU683
 2337 019a E26A     		ldr	r2, [r4, #44]
 933:Drivers/STM32F1xx_HAL_Driver/Src/stm32f1xx_hal_tim_ex.c ****       htim->hdma[TIM_DMA_ID_CC3]->XferHalfCpltCallback = TIM_DMADelayPulseHalfCplt;
 2338              		.loc 1 933 52 view .LVU684
 2339 019c 1649     		ldr	r1, .L187+4
 2340              	.LVL153:
 933:Drivers/STM32F1xx_HAL_Driver/Src/stm32f1xx_hal_tim_ex.c ****       htim->hdma[TIM_DMA_ID_CC3]->XferHalfCpltCallback = TIM_DMADelayPulseHalfCplt;
 2341              		.loc 1 933 52 view .LVU685
ARM GAS  C:\Users\ride_pig\AppData\Local\Temp\ccPlGaWa.s 			page 94


 2342 019e 9162     		str	r1, [r2, #40]
 934:Drivers/STM32F1xx_HAL_Driver/Src/stm32f1xx_hal_tim_ex.c **** 
 2343              		.loc 1 934 7 is_stmt 1 view .LVU686
 934:Drivers/STM32F1xx_HAL_Driver/Src/stm32f1xx_hal_tim_ex.c **** 
 2344              		.loc 1 934 17 is_stmt 0 view .LVU687
 2345 01a0 E26A     		ldr	r2, [r4, #44]
 934:Drivers/STM32F1xx_HAL_Driver/Src/stm32f1xx_hal_tim_ex.c **** 
 2346              		.loc 1 934 56 view .LVU688
 2347 01a2 1649     		ldr	r1, .L187+8
 2348 01a4 D162     		str	r1, [r2, #44]
 937:Drivers/STM32F1xx_HAL_Driver/Src/stm32f1xx_hal_tim_ex.c **** 
 2349              		.loc 1 937 7 is_stmt 1 view .LVU689
 937:Drivers/STM32F1xx_HAL_Driver/Src/stm32f1xx_hal_tim_ex.c **** 
 2350              		.loc 1 937 17 is_stmt 0 view .LVU690
 2351 01a6 E26A     		ldr	r2, [r4, #44]
 937:Drivers/STM32F1xx_HAL_Driver/Src/stm32f1xx_hal_tim_ex.c **** 
 2352              		.loc 1 937 53 view .LVU691
 2353 01a8 1549     		ldr	r1, .L187+12
 2354 01aa 1163     		str	r1, [r2, #48]
 940:Drivers/STM32F1xx_HAL_Driver/Src/stm32f1xx_hal_tim_ex.c ****                          Length) != HAL_OK)
 2355              		.loc 1 940 7 is_stmt 1 view .LVU692
 940:Drivers/STM32F1xx_HAL_Driver/Src/stm32f1xx_hal_tim_ex.c ****                          Length) != HAL_OK)
 2356              		.loc 1 940 88 is_stmt 0 view .LVU693
 2357 01ac 2268     		ldr	r2, [r4]
 940:Drivers/STM32F1xx_HAL_Driver/Src/stm32f1xx_hal_tim_ex.c ****                          Length) != HAL_OK)
 2358              		.loc 1 940 11 view .LVU694
 2359 01ae 3C32     		adds	r2, r2, #60
 2360 01b0 3146     		mov	r1, r6
 2361 01b2 E06A     		ldr	r0, [r4, #44]
 2362 01b4 FFF7FEFF 		bl	HAL_DMA_Start_IT
 2363              	.LVL154:
 940:Drivers/STM32F1xx_HAL_Driver/Src/stm32f1xx_hal_tim_ex.c ****                          Length) != HAL_OK)
 2364              		.loc 1 940 10 view .LVU695
 2365 01b8 C0B9     		cbnz	r0, .L176
 947:Drivers/STM32F1xx_HAL_Driver/Src/stm32f1xx_hal_tim_ex.c ****       break;
 2366              		.loc 1 947 7 is_stmt 1 view .LVU696
 2367 01ba 2268     		ldr	r2, [r4]
 2368 01bc D368     		ldr	r3, [r2, #12]
 2369 01be 43F40063 		orr	r3, r3, #2048
 2370 01c2 D360     		str	r3, [r2, #12]
 948:Drivers/STM32F1xx_HAL_Driver/Src/stm32f1xx_hal_tim_ex.c ****     }
 2371              		.loc 1 948 7 view .LVU697
 2372 01c4 47E7     		b	.L168
 2373              	.L169:
 964:Drivers/STM32F1xx_HAL_Driver/Src/stm32f1xx_hal_tim_ex.c ****     if (!IS_TIM_SLAVEMODE_TRIGGER_ENABLED(tmpsmcr))
 2374              		.loc 1 964 5 view .LVU698
 964:Drivers/STM32F1xx_HAL_Driver/Src/stm32f1xx_hal_tim_ex.c ****     if (!IS_TIM_SLAVEMODE_TRIGGER_ENABLED(tmpsmcr))
 2375              		.loc 1 964 29 is_stmt 0 view .LVU699
 2376 01c6 9A68     		ldr	r2, [r3, #8]
 964:Drivers/STM32F1xx_HAL_Driver/Src/stm32f1xx_hal_tim_ex.c ****     if (!IS_TIM_SLAVEMODE_TRIGGER_ENABLED(tmpsmcr))
 2377              		.loc 1 964 13 view .LVU700
 2378 01c8 02F00702 		and	r2, r2, #7
 2379              	.LVL155:
 965:Drivers/STM32F1xx_HAL_Driver/Src/stm32f1xx_hal_tim_ex.c ****     {
 2380              		.loc 1 965 5 is_stmt 1 view .LVU701
 965:Drivers/STM32F1xx_HAL_Driver/Src/stm32f1xx_hal_tim_ex.c ****     {
 2381              		.loc 1 965 8 is_stmt 0 view .LVU702
ARM GAS  C:\Users\ride_pig\AppData\Local\Temp\ccPlGaWa.s 			page 95


 2382 01cc 062A     		cmp	r2, #6
 2383 01ce 0FD0     		beq	.L177
 967:Drivers/STM32F1xx_HAL_Driver/Src/stm32f1xx_hal_tim_ex.c ****     }
 2384              		.loc 1 967 7 is_stmt 1 view .LVU703
 2385 01d0 1A68     		ldr	r2, [r3]
 2386              	.LVL156:
 967:Drivers/STM32F1xx_HAL_Driver/Src/stm32f1xx_hal_tim_ex.c ****     }
 2387              		.loc 1 967 7 is_stmt 0 view .LVU704
 2388 01d2 42F00102 		orr	r2, r2, #1
 2389 01d6 1A60     		str	r2, [r3]
 976:Drivers/STM32F1xx_HAL_Driver/Src/stm32f1xx_hal_tim_ex.c **** }
 2390              		.loc 1 976 10 view .LVU705
 2391 01d8 0020     		movs	r0, #0
 2392 01da 02E0     		b	.L156
 2393              	.LVL157:
 2394              	.L171:
 868:Drivers/STM32F1xx_HAL_Driver/Src/stm32f1xx_hal_tim_ex.c ****   }
 2395              		.loc 1 868 12 view .LVU706
 2396 01dc 0220     		movs	r0, #2
 2397 01de 00E0     		b	.L156
 2398              	.LVL158:
 2399              	.L172:
 883:Drivers/STM32F1xx_HAL_Driver/Src/stm32f1xx_hal_tim_ex.c ****   }
 2400              		.loc 1 883 12 view .LVU707
 2401 01e0 0120     		movs	r0, #1
 2402              	.LVL159:
 2403              	.L156:
 977:Drivers/STM32F1xx_HAL_Driver/Src/stm32f1xx_hal_tim_ex.c **** 
 2404              		.loc 1 977 1 view .LVU708
 2405 01e2 70BD     		pop	{r4, r5, r6, pc}
 2406              	.LVL160:
 2407              	.L174:
 902:Drivers/STM32F1xx_HAL_Driver/Src/stm32f1xx_hal_tim_ex.c ****       }
 2408              		.loc 1 902 16 view .LVU709
 2409 01e4 0120     		movs	r0, #1
 2410 01e6 FCE7     		b	.L156
 2411              	.L175:
 923:Drivers/STM32F1xx_HAL_Driver/Src/stm32f1xx_hal_tim_ex.c ****       }
 2412              		.loc 1 923 16 view .LVU710
 2413 01e8 0120     		movs	r0, #1
 2414 01ea FAE7     		b	.L156
 2415              	.L176:
 944:Drivers/STM32F1xx_HAL_Driver/Src/stm32f1xx_hal_tim_ex.c ****       }
 2416              		.loc 1 944 16 view .LVU711
 2417 01ec 0120     		movs	r0, #1
 2418 01ee F8E7     		b	.L156
 2419              	.LVL161:
 2420              	.L177:
 976:Drivers/STM32F1xx_HAL_Driver/Src/stm32f1xx_hal_tim_ex.c **** }
 2421              		.loc 1 976 10 view .LVU712
 2422 01f0 0020     		movs	r0, #0
 2423 01f2 F6E7     		b	.L156
 2424              	.L188:
 2425              		.align	2
 2426              	.L187:
 2427 01f4 002C0140 		.word	1073818624
 2428 01f8 00000000 		.word	TIM_DMADelayPulseNCplt
ARM GAS  C:\Users\ride_pig\AppData\Local\Temp\ccPlGaWa.s 			page 96


 2429 01fc 00000000 		.word	TIM_DMADelayPulseHalfCplt
 2430 0200 00000000 		.word	TIM_DMAErrorCCxN
 2431              		.cfi_endproc
 2432              	.LFE79:
 2434              		.section	.text.HAL_TIMEx_OCN_Stop_DMA,"ax",%progbits
 2435              		.align	1
 2436              		.global	HAL_TIMEx_OCN_Stop_DMA
 2437              		.syntax unified
 2438              		.thumb
 2439              		.thumb_func
 2441              	HAL_TIMEx_OCN_Stop_DMA:
 2442              	.LVL162:
 2443              	.LFB80:
 991:Drivers/STM32F1xx_HAL_Driver/Src/stm32f1xx_hal_tim_ex.c ****   /* Check the parameters */
 2444              		.loc 1 991 1 is_stmt 1 view -0
 2445              		.cfi_startproc
 2446              		@ args = 0, pretend = 0, frame = 0
 2447              		@ frame_needed = 0, uses_anonymous_args = 0
 991:Drivers/STM32F1xx_HAL_Driver/Src/stm32f1xx_hal_tim_ex.c ****   /* Check the parameters */
 2448              		.loc 1 991 1 is_stmt 0 view .LVU714
 2449 0000 38B5     		push	{r3, r4, r5, lr}
 2450              	.LCFI19:
 2451              		.cfi_def_cfa_offset 16
 2452              		.cfi_offset 3, -16
 2453              		.cfi_offset 4, -12
 2454              		.cfi_offset 5, -8
 2455              		.cfi_offset 14, -4
 2456 0002 0546     		mov	r5, r0
 2457 0004 0C46     		mov	r4, r1
 993:Drivers/STM32F1xx_HAL_Driver/Src/stm32f1xx_hal_tim_ex.c **** 
 2458              		.loc 1 993 3 is_stmt 1 view .LVU715
 995:Drivers/STM32F1xx_HAL_Driver/Src/stm32f1xx_hal_tim_ex.c ****   {
 2459              		.loc 1 995 3 view .LVU716
 2460 0006 0429     		cmp	r1, #4
 2461 0008 34D0     		beq	.L190
 2462 000a 0829     		cmp	r1, #8
 2463 000c 3BD0     		beq	.L191
 2464 000e 41B3     		cbz	r1, .L200
 2465              	.LVL163:
 2466              	.L192:
1026:Drivers/STM32F1xx_HAL_Driver/Src/stm32f1xx_hal_tim_ex.c **** 
 2467              		.loc 1 1026 3 view .LVU717
 2468 0010 0022     		movs	r2, #0
 2469 0012 2146     		mov	r1, r4
 2470 0014 2868     		ldr	r0, [r5]
 2471 0016 FFF7FEFF 		bl	TIM_CCxNChannelCmd
 2472              	.LVL164:
1029:Drivers/STM32F1xx_HAL_Driver/Src/stm32f1xx_hal_tim_ex.c **** 
 2473              		.loc 1 1029 3 view .LVU718
1029:Drivers/STM32F1xx_HAL_Driver/Src/stm32f1xx_hal_tim_ex.c **** 
 2474              		.loc 1 1029 3 view .LVU719
 2475 001a 2B68     		ldr	r3, [r5]
 2476 001c 196A     		ldr	r1, [r3, #32]
 2477 001e 41F21112 		movw	r2, #4369
 2478 0022 1142     		tst	r1, r2
 2479 0024 08D1     		bne	.L193
1029:Drivers/STM32F1xx_HAL_Driver/Src/stm32f1xx_hal_tim_ex.c **** 
ARM GAS  C:\Users\ride_pig\AppData\Local\Temp\ccPlGaWa.s 			page 97


 2480              		.loc 1 1029 3 discriminator 1 view .LVU720
 2481 0026 196A     		ldr	r1, [r3, #32]
 2482 0028 40F24442 		movw	r2, #1092
 2483 002c 1142     		tst	r1, r2
 2484 002e 03D1     		bne	.L193
1029:Drivers/STM32F1xx_HAL_Driver/Src/stm32f1xx_hal_tim_ex.c **** 
 2485              		.loc 1 1029 3 discriminator 3 view .LVU721
 2486 0030 5A6C     		ldr	r2, [r3, #68]
 2487 0032 22F40042 		bic	r2, r2, #32768
 2488 0036 5A64     		str	r2, [r3, #68]
 2489              	.L193:
1029:Drivers/STM32F1xx_HAL_Driver/Src/stm32f1xx_hal_tim_ex.c **** 
 2490              		.loc 1 1029 3 discriminator 5 view .LVU722
1032:Drivers/STM32F1xx_HAL_Driver/Src/stm32f1xx_hal_tim_ex.c **** 
 2491              		.loc 1 1032 3 discriminator 5 view .LVU723
1032:Drivers/STM32F1xx_HAL_Driver/Src/stm32f1xx_hal_tim_ex.c **** 
 2492              		.loc 1 1032 3 discriminator 5 view .LVU724
 2493 0038 2B68     		ldr	r3, [r5]
 2494 003a 196A     		ldr	r1, [r3, #32]
 2495 003c 41F21112 		movw	r2, #4369
 2496 0040 1142     		tst	r1, r2
 2497 0042 08D1     		bne	.L194
1032:Drivers/STM32F1xx_HAL_Driver/Src/stm32f1xx_hal_tim_ex.c **** 
 2498              		.loc 1 1032 3 discriminator 1 view .LVU725
 2499 0044 196A     		ldr	r1, [r3, #32]
 2500 0046 40F24442 		movw	r2, #1092
 2501 004a 1142     		tst	r1, r2
 2502 004c 03D1     		bne	.L194
1032:Drivers/STM32F1xx_HAL_Driver/Src/stm32f1xx_hal_tim_ex.c **** 
 2503              		.loc 1 1032 3 discriminator 3 view .LVU726
 2504 004e 1A68     		ldr	r2, [r3]
 2505 0050 22F00102 		bic	r2, r2, #1
 2506 0054 1A60     		str	r2, [r3]
 2507              	.L194:
1032:Drivers/STM32F1xx_HAL_Driver/Src/stm32f1xx_hal_tim_ex.c **** 
 2508              		.loc 1 1032 3 discriminator 5 view .LVU727
1035:Drivers/STM32F1xx_HAL_Driver/Src/stm32f1xx_hal_tim_ex.c **** 
 2509              		.loc 1 1035 3 discriminator 5 view .LVU728
 2510 0056 FCB9     		cbnz	r4, .L195
1035:Drivers/STM32F1xx_HAL_Driver/Src/stm32f1xx_hal_tim_ex.c **** 
 2511              		.loc 1 1035 3 is_stmt 0 discriminator 1 view .LVU729
 2512 0058 0123     		movs	r3, #1
 2513 005a 85F84230 		strb	r3, [r5, #66]
 2514              	.L196:
1038:Drivers/STM32F1xx_HAL_Driver/Src/stm32f1xx_hal_tim_ex.c **** }
 2515              		.loc 1 1038 3 is_stmt 1 view .LVU730
1039:Drivers/STM32F1xx_HAL_Driver/Src/stm32f1xx_hal_tim_ex.c **** 
 2516              		.loc 1 1039 1 is_stmt 0 view .LVU731
 2517 005e 0020     		movs	r0, #0
 2518 0060 38BD     		pop	{r3, r4, r5, pc}
 2519              	.LVL165:
 2520              	.L200:
1000:Drivers/STM32F1xx_HAL_Driver/Src/stm32f1xx_hal_tim_ex.c ****       (void)HAL_DMA_Abort_IT(htim->hdma[TIM_DMA_ID_CC1]);
 2521              		.loc 1 1000 7 is_stmt 1 view .LVU732
 2522 0062 0268     		ldr	r2, [r0]
 2523 0064 D368     		ldr	r3, [r2, #12]
 2524 0066 23F40073 		bic	r3, r3, #512
ARM GAS  C:\Users\ride_pig\AppData\Local\Temp\ccPlGaWa.s 			page 98


 2525 006a D360     		str	r3, [r2, #12]
1001:Drivers/STM32F1xx_HAL_Driver/Src/stm32f1xx_hal_tim_ex.c ****       break;
 2526              		.loc 1 1001 7 view .LVU733
1001:Drivers/STM32F1xx_HAL_Driver/Src/stm32f1xx_hal_tim_ex.c ****       break;
 2527              		.loc 1 1001 13 is_stmt 0 view .LVU734
 2528 006c 406A     		ldr	r0, [r0, #36]
 2529              	.LVL166:
1001:Drivers/STM32F1xx_HAL_Driver/Src/stm32f1xx_hal_tim_ex.c ****       break;
 2530              		.loc 1 1001 13 view .LVU735
 2531 006e FFF7FEFF 		bl	HAL_DMA_Abort_IT
 2532              	.LVL167:
1002:Drivers/STM32F1xx_HAL_Driver/Src/stm32f1xx_hal_tim_ex.c ****     }
 2533              		.loc 1 1002 7 is_stmt 1 view .LVU736
 2534 0072 CDE7     		b	.L192
 2535              	.LVL168:
 2536              	.L190:
1008:Drivers/STM32F1xx_HAL_Driver/Src/stm32f1xx_hal_tim_ex.c ****       (void)HAL_DMA_Abort_IT(htim->hdma[TIM_DMA_ID_CC2]);
 2537              		.loc 1 1008 7 view .LVU737
 2538 0074 0268     		ldr	r2, [r0]
 2539 0076 D368     		ldr	r3, [r2, #12]
 2540 0078 23F48063 		bic	r3, r3, #1024
 2541 007c D360     		str	r3, [r2, #12]
1009:Drivers/STM32F1xx_HAL_Driver/Src/stm32f1xx_hal_tim_ex.c ****       break;
 2542              		.loc 1 1009 7 view .LVU738
1009:Drivers/STM32F1xx_HAL_Driver/Src/stm32f1xx_hal_tim_ex.c ****       break;
 2543              		.loc 1 1009 13 is_stmt 0 view .LVU739
 2544 007e 806A     		ldr	r0, [r0, #40]
 2545              	.LVL169:
1009:Drivers/STM32F1xx_HAL_Driver/Src/stm32f1xx_hal_tim_ex.c ****       break;
 2546              		.loc 1 1009 13 view .LVU740
 2547 0080 FFF7FEFF 		bl	HAL_DMA_Abort_IT
 2548              	.LVL170:
1010:Drivers/STM32F1xx_HAL_Driver/Src/stm32f1xx_hal_tim_ex.c ****     }
 2549              		.loc 1 1010 7 is_stmt 1 view .LVU741
 2550 0084 C4E7     		b	.L192
 2551              	.LVL171:
 2552              	.L191:
1016:Drivers/STM32F1xx_HAL_Driver/Src/stm32f1xx_hal_tim_ex.c ****       (void)HAL_DMA_Abort_IT(htim->hdma[TIM_DMA_ID_CC3]);
 2553              		.loc 1 1016 7 view .LVU742
 2554 0086 0268     		ldr	r2, [r0]
 2555 0088 D368     		ldr	r3, [r2, #12]
 2556 008a 23F40063 		bic	r3, r3, #2048
 2557 008e D360     		str	r3, [r2, #12]
1017:Drivers/STM32F1xx_HAL_Driver/Src/stm32f1xx_hal_tim_ex.c ****       break;
 2558              		.loc 1 1017 7 view .LVU743
1017:Drivers/STM32F1xx_HAL_Driver/Src/stm32f1xx_hal_tim_ex.c ****       break;
 2559              		.loc 1 1017 13 is_stmt 0 view .LVU744
 2560 0090 C06A     		ldr	r0, [r0, #44]
 2561              	.LVL172:
1017:Drivers/STM32F1xx_HAL_Driver/Src/stm32f1xx_hal_tim_ex.c ****       break;
 2562              		.loc 1 1017 13 view .LVU745
 2563 0092 FFF7FEFF 		bl	HAL_DMA_Abort_IT
 2564              	.LVL173:
1018:Drivers/STM32F1xx_HAL_Driver/Src/stm32f1xx_hal_tim_ex.c ****     }
 2565              		.loc 1 1018 7 is_stmt 1 view .LVU746
 2566 0096 BBE7     		b	.L192
 2567              	.L195:
ARM GAS  C:\Users\ride_pig\AppData\Local\Temp\ccPlGaWa.s 			page 99


1035:Drivers/STM32F1xx_HAL_Driver/Src/stm32f1xx_hal_tim_ex.c **** 
 2568              		.loc 1 1035 3 is_stmt 0 discriminator 2 view .LVU747
 2569 0098 042C     		cmp	r4, #4
 2570 009a 05D0     		beq	.L201
1035:Drivers/STM32F1xx_HAL_Driver/Src/stm32f1xx_hal_tim_ex.c **** 
 2571              		.loc 1 1035 3 discriminator 4 view .LVU748
 2572 009c 082C     		cmp	r4, #8
 2573 009e 07D0     		beq	.L202
1035:Drivers/STM32F1xx_HAL_Driver/Src/stm32f1xx_hal_tim_ex.c **** 
 2574              		.loc 1 1035 3 discriminator 7 view .LVU749
 2575 00a0 0123     		movs	r3, #1
 2576 00a2 85F84530 		strb	r3, [r5, #69]
 2577 00a6 DAE7     		b	.L196
 2578              	.L201:
1035:Drivers/STM32F1xx_HAL_Driver/Src/stm32f1xx_hal_tim_ex.c **** 
 2579              		.loc 1 1035 3 discriminator 3 view .LVU750
 2580 00a8 0123     		movs	r3, #1
 2581 00aa 85F84330 		strb	r3, [r5, #67]
 2582 00ae D6E7     		b	.L196
 2583              	.L202:
1035:Drivers/STM32F1xx_HAL_Driver/Src/stm32f1xx_hal_tim_ex.c **** 
 2584              		.loc 1 1035 3 discriminator 6 view .LVU751
 2585 00b0 0123     		movs	r3, #1
 2586 00b2 85F84430 		strb	r3, [r5, #68]
 2587 00b6 D2E7     		b	.L196
 2588              		.cfi_endproc
 2589              	.LFE80:
 2591              		.section	.text.HAL_TIMEx_PWMN_Start,"ax",%progbits
 2592              		.align	1
 2593              		.global	HAL_TIMEx_PWMN_Start
 2594              		.syntax unified
 2595              		.thumb
 2596              		.thumb_func
 2598              	HAL_TIMEx_PWMN_Start:
 2599              	.LVL174:
 2600              	.LFB81:
1086:Drivers/STM32F1xx_HAL_Driver/Src/stm32f1xx_hal_tim_ex.c ****   uint32_t tmpsmcr;
 2601              		.loc 1 1086 1 is_stmt 1 view -0
 2602              		.cfi_startproc
 2603              		@ args = 0, pretend = 0, frame = 0
 2604              		@ frame_needed = 0, uses_anonymous_args = 0
1086:Drivers/STM32F1xx_HAL_Driver/Src/stm32f1xx_hal_tim_ex.c ****   uint32_t tmpsmcr;
 2605              		.loc 1 1086 1 is_stmt 0 view .LVU753
 2606 0000 10B5     		push	{r4, lr}
 2607              	.LCFI20:
 2608              		.cfi_def_cfa_offset 8
 2609              		.cfi_offset 4, -8
 2610              		.cfi_offset 14, -4
 2611 0002 0446     		mov	r4, r0
1087:Drivers/STM32F1xx_HAL_Driver/Src/stm32f1xx_hal_tim_ex.c **** 
 2612              		.loc 1 1087 3 is_stmt 1 view .LVU754
1090:Drivers/STM32F1xx_HAL_Driver/Src/stm32f1xx_hal_tim_ex.c **** 
 2613              		.loc 1 1090 3 view .LVU755
1093:Drivers/STM32F1xx_HAL_Driver/Src/stm32f1xx_hal_tim_ex.c ****   {
 2614              		.loc 1 1093 3 view .LVU756
1093:Drivers/STM32F1xx_HAL_Driver/Src/stm32f1xx_hal_tim_ex.c ****   {
 2615              		.loc 1 1093 46 is_stmt 0 view .LVU757
ARM GAS  C:\Users\ride_pig\AppData\Local\Temp\ccPlGaWa.s 			page 100


 2616 0004 0846     		mov	r0, r1
 2617              	.LVL175:
1093:Drivers/STM32F1xx_HAL_Driver/Src/stm32f1xx_hal_tim_ex.c ****   {
 2618              		.loc 1 1093 46 view .LVU758
 2619 0006 79BB     		cbnz	r1, .L204
1093:Drivers/STM32F1xx_HAL_Driver/Src/stm32f1xx_hal_tim_ex.c ****   {
 2620              		.loc 1 1093 7 discriminator 1 view .LVU759
 2621 0008 94F84230 		ldrb	r3, [r4, #66]	@ zero_extendqisi2
 2622 000c DBB2     		uxtb	r3, r3
1093:Drivers/STM32F1xx_HAL_Driver/Src/stm32f1xx_hal_tim_ex.c ****   {
 2623              		.loc 1 1093 46 discriminator 1 view .LVU760
 2624 000e 013B     		subs	r3, r3, #1
 2625 0010 18BF     		it	ne
 2626 0012 0123     		movne	r3, #1
 2627              	.L205:
1093:Drivers/STM32F1xx_HAL_Driver/Src/stm32f1xx_hal_tim_ex.c ****   {
 2628              		.loc 1 1093 6 discriminator 12 view .LVU761
 2629 0014 002B     		cmp	r3, #0
 2630 0016 5BD1     		bne	.L215
1099:Drivers/STM32F1xx_HAL_Driver/Src/stm32f1xx_hal_tim_ex.c **** 
 2631              		.loc 1 1099 3 is_stmt 1 view .LVU762
 2632 0018 0028     		cmp	r0, #0
 2633 001a 3ED1     		bne	.L209
1099:Drivers/STM32F1xx_HAL_Driver/Src/stm32f1xx_hal_tim_ex.c **** 
 2634              		.loc 1 1099 3 is_stmt 0 discriminator 1 view .LVU763
 2635 001c 0223     		movs	r3, #2
 2636 001e 84F84230 		strb	r3, [r4, #66]
 2637              	.L210:
1102:Drivers/STM32F1xx_HAL_Driver/Src/stm32f1xx_hal_tim_ex.c **** 
 2638              		.loc 1 1102 3 is_stmt 1 view .LVU764
 2639 0022 0422     		movs	r2, #4
 2640 0024 0146     		mov	r1, r0
 2641              	.LVL176:
1102:Drivers/STM32F1xx_HAL_Driver/Src/stm32f1xx_hal_tim_ex.c **** 
 2642              		.loc 1 1102 3 is_stmt 0 view .LVU765
 2643 0026 2068     		ldr	r0, [r4]
 2644              	.LVL177:
1102:Drivers/STM32F1xx_HAL_Driver/Src/stm32f1xx_hal_tim_ex.c **** 
 2645              		.loc 1 1102 3 view .LVU766
 2646 0028 FFF7FEFF 		bl	TIM_CCxNChannelCmd
 2647              	.LVL178:
1105:Drivers/STM32F1xx_HAL_Driver/Src/stm32f1xx_hal_tim_ex.c **** 
 2648              		.loc 1 1105 3 is_stmt 1 view .LVU767
 2649 002c 2268     		ldr	r2, [r4]
 2650 002e 536C     		ldr	r3, [r2, #68]
 2651 0030 43F40043 		orr	r3, r3, #32768
 2652 0034 5364     		str	r3, [r2, #68]
1108:Drivers/STM32F1xx_HAL_Driver/Src/stm32f1xx_hal_tim_ex.c ****   {
 2653              		.loc 1 1108 3 view .LVU768
1108:Drivers/STM32F1xx_HAL_Driver/Src/stm32f1xx_hal_tim_ex.c ****   {
 2654              		.loc 1 1108 7 is_stmt 0 view .LVU769
 2655 0036 2368     		ldr	r3, [r4]
1108:Drivers/STM32F1xx_HAL_Driver/Src/stm32f1xx_hal_tim_ex.c ****   {
 2656              		.loc 1 1108 6 view .LVU770
 2657 0038 274A     		ldr	r2, .L222
 2658 003a 9342     		cmp	r3, r2
 2659 003c 3DD0     		beq	.L213
ARM GAS  C:\Users\ride_pig\AppData\Local\Temp\ccPlGaWa.s 			page 101


1108:Drivers/STM32F1xx_HAL_Driver/Src/stm32f1xx_hal_tim_ex.c ****   {
 2660              		.loc 1 1108 7 discriminator 1 view .LVU771
 2661 003e B3F1804F 		cmp	r3, #1073741824
 2662 0042 3AD0     		beq	.L213
1108:Drivers/STM32F1xx_HAL_Driver/Src/stm32f1xx_hal_tim_ex.c ****   {
 2663              		.loc 1 1108 7 discriminator 2 view .LVU772
 2664 0044 A2F59432 		sub	r2, r2, #75776
 2665 0048 9342     		cmp	r3, r2
 2666 004a 36D0     		beq	.L213
1108:Drivers/STM32F1xx_HAL_Driver/Src/stm32f1xx_hal_tim_ex.c ****   {
 2667              		.loc 1 1108 7 discriminator 3 view .LVU773
 2668 004c 02F58062 		add	r2, r2, #1024
 2669 0050 9342     		cmp	r3, r2
 2670 0052 32D0     		beq	.L213
1108:Drivers/STM32F1xx_HAL_Driver/Src/stm32f1xx_hal_tim_ex.c ****   {
 2671              		.loc 1 1108 7 discriminator 4 view .LVU774
 2672 0054 02F58062 		add	r2, r2, #1024
 2673 0058 9342     		cmp	r3, r2
 2674 005a 2ED0     		beq	.L213
1118:Drivers/STM32F1xx_HAL_Driver/Src/stm32f1xx_hal_tim_ex.c ****   }
 2675              		.loc 1 1118 5 is_stmt 1 view .LVU775
 2676 005c 1A68     		ldr	r2, [r3]
 2677 005e 42F00102 		orr	r2, r2, #1
 2678 0062 1A60     		str	r2, [r3]
1122:Drivers/STM32F1xx_HAL_Driver/Src/stm32f1xx_hal_tim_ex.c **** }
 2679              		.loc 1 1122 10 is_stmt 0 view .LVU776
 2680 0064 0020     		movs	r0, #0
 2681 0066 32E0     		b	.L208
 2682              	.LVL179:
 2683              	.L204:
1093:Drivers/STM32F1xx_HAL_Driver/Src/stm32f1xx_hal_tim_ex.c ****   {
 2684              		.loc 1 1093 46 discriminator 2 view .LVU777
 2685 0068 0429     		cmp	r1, #4
 2686 006a 08D0     		beq	.L218
1093:Drivers/STM32F1xx_HAL_Driver/Src/stm32f1xx_hal_tim_ex.c ****   {
 2687              		.loc 1 1093 46 discriminator 5 view .LVU778
 2688 006c 0829     		cmp	r1, #8
 2689 006e 0DD0     		beq	.L219
1093:Drivers/STM32F1xx_HAL_Driver/Src/stm32f1xx_hal_tim_ex.c ****   {
 2690              		.loc 1 1093 7 discriminator 8 view .LVU779
 2691 0070 94F84530 		ldrb	r3, [r4, #69]	@ zero_extendqisi2
 2692 0074 DBB2     		uxtb	r3, r3
1093:Drivers/STM32F1xx_HAL_Driver/Src/stm32f1xx_hal_tim_ex.c ****   {
 2693              		.loc 1 1093 46 discriminator 8 view .LVU780
 2694 0076 013B     		subs	r3, r3, #1
 2695 0078 18BF     		it	ne
 2696 007a 0123     		movne	r3, #1
 2697 007c CAE7     		b	.L205
 2698              	.L218:
1093:Drivers/STM32F1xx_HAL_Driver/Src/stm32f1xx_hal_tim_ex.c ****   {
 2699              		.loc 1 1093 7 discriminator 4 view .LVU781
 2700 007e 94F84330 		ldrb	r3, [r4, #67]	@ zero_extendqisi2
 2701 0082 DBB2     		uxtb	r3, r3
1093:Drivers/STM32F1xx_HAL_Driver/Src/stm32f1xx_hal_tim_ex.c ****   {
 2702              		.loc 1 1093 46 discriminator 4 view .LVU782
 2703 0084 013B     		subs	r3, r3, #1
 2704 0086 18BF     		it	ne
ARM GAS  C:\Users\ride_pig\AppData\Local\Temp\ccPlGaWa.s 			page 102


 2705 0088 0123     		movne	r3, #1
 2706 008a C3E7     		b	.L205
 2707              	.L219:
1093:Drivers/STM32F1xx_HAL_Driver/Src/stm32f1xx_hal_tim_ex.c ****   {
 2708              		.loc 1 1093 7 discriminator 7 view .LVU783
 2709 008c 94F84430 		ldrb	r3, [r4, #68]	@ zero_extendqisi2
 2710 0090 DBB2     		uxtb	r3, r3
1093:Drivers/STM32F1xx_HAL_Driver/Src/stm32f1xx_hal_tim_ex.c ****   {
 2711              		.loc 1 1093 46 discriminator 7 view .LVU784
 2712 0092 013B     		subs	r3, r3, #1
 2713 0094 18BF     		it	ne
 2714 0096 0123     		movne	r3, #1
 2715 0098 BCE7     		b	.L205
 2716              	.L209:
1099:Drivers/STM32F1xx_HAL_Driver/Src/stm32f1xx_hal_tim_ex.c **** 
 2717              		.loc 1 1099 3 discriminator 2 view .LVU785
 2718 009a 0428     		cmp	r0, #4
 2719 009c 05D0     		beq	.L220
1099:Drivers/STM32F1xx_HAL_Driver/Src/stm32f1xx_hal_tim_ex.c **** 
 2720              		.loc 1 1099 3 discriminator 4 view .LVU786
 2721 009e 0828     		cmp	r0, #8
 2722 00a0 07D0     		beq	.L221
1099:Drivers/STM32F1xx_HAL_Driver/Src/stm32f1xx_hal_tim_ex.c **** 
 2723              		.loc 1 1099 3 discriminator 7 view .LVU787
 2724 00a2 0223     		movs	r3, #2
 2725 00a4 84F84530 		strb	r3, [r4, #69]
 2726 00a8 BBE7     		b	.L210
 2727              	.L220:
1099:Drivers/STM32F1xx_HAL_Driver/Src/stm32f1xx_hal_tim_ex.c **** 
 2728              		.loc 1 1099 3 discriminator 3 view .LVU788
 2729 00aa 0223     		movs	r3, #2
 2730 00ac 84F84330 		strb	r3, [r4, #67]
 2731 00b0 B7E7     		b	.L210
 2732              	.L221:
1099:Drivers/STM32F1xx_HAL_Driver/Src/stm32f1xx_hal_tim_ex.c **** 
 2733              		.loc 1 1099 3 discriminator 6 view .LVU789
 2734 00b2 0223     		movs	r3, #2
 2735 00b4 84F84430 		strb	r3, [r4, #68]
 2736 00b8 B3E7     		b	.L210
 2737              	.LVL180:
 2738              	.L213:
1110:Drivers/STM32F1xx_HAL_Driver/Src/stm32f1xx_hal_tim_ex.c ****     if (!IS_TIM_SLAVEMODE_TRIGGER_ENABLED(tmpsmcr))
 2739              		.loc 1 1110 5 is_stmt 1 view .LVU790
1110:Drivers/STM32F1xx_HAL_Driver/Src/stm32f1xx_hal_tim_ex.c ****     if (!IS_TIM_SLAVEMODE_TRIGGER_ENABLED(tmpsmcr))
 2740              		.loc 1 1110 29 is_stmt 0 view .LVU791
 2741 00ba 9A68     		ldr	r2, [r3, #8]
1110:Drivers/STM32F1xx_HAL_Driver/Src/stm32f1xx_hal_tim_ex.c ****     if (!IS_TIM_SLAVEMODE_TRIGGER_ENABLED(tmpsmcr))
 2742              		.loc 1 1110 13 view .LVU792
 2743 00bc 02F00702 		and	r2, r2, #7
 2744              	.LVL181:
1111:Drivers/STM32F1xx_HAL_Driver/Src/stm32f1xx_hal_tim_ex.c ****     {
 2745              		.loc 1 1111 5 is_stmt 1 view .LVU793
1111:Drivers/STM32F1xx_HAL_Driver/Src/stm32f1xx_hal_tim_ex.c ****     {
 2746              		.loc 1 1111 8 is_stmt 0 view .LVU794
 2747 00c0 062A     		cmp	r2, #6
 2748 00c2 07D0     		beq	.L216
1113:Drivers/STM32F1xx_HAL_Driver/Src/stm32f1xx_hal_tim_ex.c ****     }
ARM GAS  C:\Users\ride_pig\AppData\Local\Temp\ccPlGaWa.s 			page 103


 2749              		.loc 1 1113 7 is_stmt 1 view .LVU795
 2750 00c4 1A68     		ldr	r2, [r3]
 2751              	.LVL182:
1113:Drivers/STM32F1xx_HAL_Driver/Src/stm32f1xx_hal_tim_ex.c ****     }
 2752              		.loc 1 1113 7 is_stmt 0 view .LVU796
 2753 00c6 42F00102 		orr	r2, r2, #1
 2754 00ca 1A60     		str	r2, [r3]
1122:Drivers/STM32F1xx_HAL_Driver/Src/stm32f1xx_hal_tim_ex.c **** }
 2755              		.loc 1 1122 10 view .LVU797
 2756 00cc 0020     		movs	r0, #0
 2757              	.L208:
1123:Drivers/STM32F1xx_HAL_Driver/Src/stm32f1xx_hal_tim_ex.c **** 
 2758              		.loc 1 1123 1 view .LVU798
 2759 00ce 10BD     		pop	{r4, pc}
 2760              	.LVL183:
 2761              	.L215:
1095:Drivers/STM32F1xx_HAL_Driver/Src/stm32f1xx_hal_tim_ex.c ****   }
 2762              		.loc 1 1095 12 view .LVU799
 2763 00d0 0120     		movs	r0, #1
 2764              	.LVL184:
1095:Drivers/STM32F1xx_HAL_Driver/Src/stm32f1xx_hal_tim_ex.c ****   }
 2765              		.loc 1 1095 12 view .LVU800
 2766 00d2 FCE7     		b	.L208
 2767              	.LVL185:
 2768              	.L216:
1122:Drivers/STM32F1xx_HAL_Driver/Src/stm32f1xx_hal_tim_ex.c **** }
 2769              		.loc 1 1122 10 view .LVU801
 2770 00d4 0020     		movs	r0, #0
 2771 00d6 FAE7     		b	.L208
 2772              	.L223:
 2773              		.align	2
 2774              	.L222:
 2775 00d8 002C0140 		.word	1073818624
 2776              		.cfi_endproc
 2777              	.LFE81:
 2779              		.section	.text.HAL_TIMEx_PWMN_Stop,"ax",%progbits
 2780              		.align	1
 2781              		.global	HAL_TIMEx_PWMN_Stop
 2782              		.syntax unified
 2783              		.thumb
 2784              		.thumb_func
 2786              	HAL_TIMEx_PWMN_Stop:
 2787              	.LVL186:
 2788              	.LFB82:
1136:Drivers/STM32F1xx_HAL_Driver/Src/stm32f1xx_hal_tim_ex.c ****   /* Check the parameters */
 2789              		.loc 1 1136 1 is_stmt 1 view -0
 2790              		.cfi_startproc
 2791              		@ args = 0, pretend = 0, frame = 0
 2792              		@ frame_needed = 0, uses_anonymous_args = 0
1136:Drivers/STM32F1xx_HAL_Driver/Src/stm32f1xx_hal_tim_ex.c ****   /* Check the parameters */
 2793              		.loc 1 1136 1 is_stmt 0 view .LVU803
 2794 0000 38B5     		push	{r3, r4, r5, lr}
 2795              	.LCFI21:
 2796              		.cfi_def_cfa_offset 16
 2797              		.cfi_offset 3, -16
 2798              		.cfi_offset 4, -12
 2799              		.cfi_offset 5, -8
ARM GAS  C:\Users\ride_pig\AppData\Local\Temp\ccPlGaWa.s 			page 104


 2800              		.cfi_offset 14, -4
 2801 0002 0446     		mov	r4, r0
 2802 0004 0D46     		mov	r5, r1
1138:Drivers/STM32F1xx_HAL_Driver/Src/stm32f1xx_hal_tim_ex.c **** 
 2803              		.loc 1 1138 3 is_stmt 1 view .LVU804
1141:Drivers/STM32F1xx_HAL_Driver/Src/stm32f1xx_hal_tim_ex.c **** 
 2804              		.loc 1 1141 3 view .LVU805
 2805 0006 0022     		movs	r2, #0
 2806 0008 0068     		ldr	r0, [r0]
 2807              	.LVL187:
1141:Drivers/STM32F1xx_HAL_Driver/Src/stm32f1xx_hal_tim_ex.c **** 
 2808              		.loc 1 1141 3 is_stmt 0 view .LVU806
 2809 000a FFF7FEFF 		bl	TIM_CCxNChannelCmd
 2810              	.LVL188:
1144:Drivers/STM32F1xx_HAL_Driver/Src/stm32f1xx_hal_tim_ex.c **** 
 2811              		.loc 1 1144 3 is_stmt 1 view .LVU807
1144:Drivers/STM32F1xx_HAL_Driver/Src/stm32f1xx_hal_tim_ex.c **** 
 2812              		.loc 1 1144 3 view .LVU808
 2813 000e 2368     		ldr	r3, [r4]
 2814 0010 196A     		ldr	r1, [r3, #32]
 2815 0012 41F21112 		movw	r2, #4369
 2816 0016 1142     		tst	r1, r2
 2817 0018 08D1     		bne	.L225
1144:Drivers/STM32F1xx_HAL_Driver/Src/stm32f1xx_hal_tim_ex.c **** 
 2818              		.loc 1 1144 3 discriminator 1 view .LVU809
 2819 001a 196A     		ldr	r1, [r3, #32]
 2820 001c 40F24442 		movw	r2, #1092
 2821 0020 1142     		tst	r1, r2
 2822 0022 03D1     		bne	.L225
1144:Drivers/STM32F1xx_HAL_Driver/Src/stm32f1xx_hal_tim_ex.c **** 
 2823              		.loc 1 1144 3 discriminator 3 view .LVU810
 2824 0024 5A6C     		ldr	r2, [r3, #68]
 2825 0026 22F40042 		bic	r2, r2, #32768
 2826 002a 5A64     		str	r2, [r3, #68]
 2827              	.L225:
1144:Drivers/STM32F1xx_HAL_Driver/Src/stm32f1xx_hal_tim_ex.c **** 
 2828              		.loc 1 1144 3 discriminator 5 view .LVU811
1147:Drivers/STM32F1xx_HAL_Driver/Src/stm32f1xx_hal_tim_ex.c **** 
 2829              		.loc 1 1147 3 discriminator 5 view .LVU812
1147:Drivers/STM32F1xx_HAL_Driver/Src/stm32f1xx_hal_tim_ex.c **** 
 2830              		.loc 1 1147 3 discriminator 5 view .LVU813
 2831 002c 2368     		ldr	r3, [r4]
 2832 002e 196A     		ldr	r1, [r3, #32]
 2833 0030 41F21112 		movw	r2, #4369
 2834 0034 1142     		tst	r1, r2
 2835 0036 08D1     		bne	.L226
1147:Drivers/STM32F1xx_HAL_Driver/Src/stm32f1xx_hal_tim_ex.c **** 
 2836              		.loc 1 1147 3 discriminator 1 view .LVU814
 2837 0038 196A     		ldr	r1, [r3, #32]
 2838 003a 40F24442 		movw	r2, #1092
 2839 003e 1142     		tst	r1, r2
 2840 0040 03D1     		bne	.L226
1147:Drivers/STM32F1xx_HAL_Driver/Src/stm32f1xx_hal_tim_ex.c **** 
 2841              		.loc 1 1147 3 discriminator 3 view .LVU815
 2842 0042 1A68     		ldr	r2, [r3]
 2843 0044 22F00102 		bic	r2, r2, #1
 2844 0048 1A60     		str	r2, [r3]
ARM GAS  C:\Users\ride_pig\AppData\Local\Temp\ccPlGaWa.s 			page 105


 2845              	.L226:
1147:Drivers/STM32F1xx_HAL_Driver/Src/stm32f1xx_hal_tim_ex.c **** 
 2846              		.loc 1 1147 3 discriminator 5 view .LVU816
1150:Drivers/STM32F1xx_HAL_Driver/Src/stm32f1xx_hal_tim_ex.c **** 
 2847              		.loc 1 1150 3 discriminator 5 view .LVU817
 2848 004a 25B9     		cbnz	r5, .L227
1150:Drivers/STM32F1xx_HAL_Driver/Src/stm32f1xx_hal_tim_ex.c **** 
 2849              		.loc 1 1150 3 is_stmt 0 discriminator 1 view .LVU818
 2850 004c 0123     		movs	r3, #1
 2851 004e 84F84230 		strb	r3, [r4, #66]
 2852              	.L228:
1153:Drivers/STM32F1xx_HAL_Driver/Src/stm32f1xx_hal_tim_ex.c **** }
 2853              		.loc 1 1153 3 is_stmt 1 view .LVU819
1154:Drivers/STM32F1xx_HAL_Driver/Src/stm32f1xx_hal_tim_ex.c **** 
 2854              		.loc 1 1154 1 is_stmt 0 view .LVU820
 2855 0052 0020     		movs	r0, #0
 2856 0054 38BD     		pop	{r3, r4, r5, pc}
 2857              	.LVL189:
 2858              	.L227:
1150:Drivers/STM32F1xx_HAL_Driver/Src/stm32f1xx_hal_tim_ex.c **** 
 2859              		.loc 1 1150 3 discriminator 2 view .LVU821
 2860 0056 042D     		cmp	r5, #4
 2861 0058 05D0     		beq	.L232
1150:Drivers/STM32F1xx_HAL_Driver/Src/stm32f1xx_hal_tim_ex.c **** 
 2862              		.loc 1 1150 3 discriminator 4 view .LVU822
 2863 005a 082D     		cmp	r5, #8
 2864 005c 07D0     		beq	.L233
1150:Drivers/STM32F1xx_HAL_Driver/Src/stm32f1xx_hal_tim_ex.c **** 
 2865              		.loc 1 1150 3 discriminator 7 view .LVU823
 2866 005e 0123     		movs	r3, #1
 2867 0060 84F84530 		strb	r3, [r4, #69]
 2868 0064 F5E7     		b	.L228
 2869              	.L232:
1150:Drivers/STM32F1xx_HAL_Driver/Src/stm32f1xx_hal_tim_ex.c **** 
 2870              		.loc 1 1150 3 discriminator 3 view .LVU824
 2871 0066 0123     		movs	r3, #1
 2872 0068 84F84330 		strb	r3, [r4, #67]
 2873 006c F1E7     		b	.L228
 2874              	.L233:
1150:Drivers/STM32F1xx_HAL_Driver/Src/stm32f1xx_hal_tim_ex.c **** 
 2875              		.loc 1 1150 3 discriminator 6 view .LVU825
 2876 006e 0123     		movs	r3, #1
 2877 0070 84F84430 		strb	r3, [r4, #68]
 2878 0074 EDE7     		b	.L228
 2879              		.cfi_endproc
 2880              	.LFE82:
 2882              		.section	.text.HAL_TIMEx_PWMN_Start_IT,"ax",%progbits
 2883              		.align	1
 2884              		.global	HAL_TIMEx_PWMN_Start_IT
 2885              		.syntax unified
 2886              		.thumb
 2887              		.thumb_func
 2889              	HAL_TIMEx_PWMN_Start_IT:
 2890              	.LVL190:
 2891              	.LFB83:
1168:Drivers/STM32F1xx_HAL_Driver/Src/stm32f1xx_hal_tim_ex.c ****   uint32_t tmpsmcr;
 2892              		.loc 1 1168 1 is_stmt 1 view -0
ARM GAS  C:\Users\ride_pig\AppData\Local\Temp\ccPlGaWa.s 			page 106


 2893              		.cfi_startproc
 2894              		@ args = 0, pretend = 0, frame = 0
 2895              		@ frame_needed = 0, uses_anonymous_args = 0
1168:Drivers/STM32F1xx_HAL_Driver/Src/stm32f1xx_hal_tim_ex.c ****   uint32_t tmpsmcr;
 2896              		.loc 1 1168 1 is_stmt 0 view .LVU827
 2897 0000 10B5     		push	{r4, lr}
 2898              	.LCFI22:
 2899              		.cfi_def_cfa_offset 8
 2900              		.cfi_offset 4, -8
 2901              		.cfi_offset 14, -4
 2902 0002 0446     		mov	r4, r0
1169:Drivers/STM32F1xx_HAL_Driver/Src/stm32f1xx_hal_tim_ex.c **** 
 2903              		.loc 1 1169 3 is_stmt 1 view .LVU828
1172:Drivers/STM32F1xx_HAL_Driver/Src/stm32f1xx_hal_tim_ex.c **** 
 2904              		.loc 1 1172 3 view .LVU829
1175:Drivers/STM32F1xx_HAL_Driver/Src/stm32f1xx_hal_tim_ex.c ****   {
 2905              		.loc 1 1175 3 view .LVU830
1175:Drivers/STM32F1xx_HAL_Driver/Src/stm32f1xx_hal_tim_ex.c ****   {
 2906              		.loc 1 1175 46 is_stmt 0 view .LVU831
 2907 0004 0846     		mov	r0, r1
 2908              	.LVL191:
1175:Drivers/STM32F1xx_HAL_Driver/Src/stm32f1xx_hal_tim_ex.c ****   {
 2909              		.loc 1 1175 46 view .LVU832
 2910 0006 0029     		cmp	r1, #0
 2911 0008 3AD1     		bne	.L235
1175:Drivers/STM32F1xx_HAL_Driver/Src/stm32f1xx_hal_tim_ex.c ****   {
 2912              		.loc 1 1175 7 discriminator 1 view .LVU833
 2913 000a 94F84230 		ldrb	r3, [r4, #66]	@ zero_extendqisi2
 2914 000e DBB2     		uxtb	r3, r3
1175:Drivers/STM32F1xx_HAL_Driver/Src/stm32f1xx_hal_tim_ex.c ****   {
 2915              		.loc 1 1175 46 discriminator 1 view .LVU834
 2916 0010 013B     		subs	r3, r3, #1
 2917 0012 18BF     		it	ne
 2918 0014 0123     		movne	r3, #1
 2919              	.L236:
1175:Drivers/STM32F1xx_HAL_Driver/Src/stm32f1xx_hal_tim_ex.c ****   {
 2920              		.loc 1 1175 6 discriminator 12 view .LVU835
 2921 0016 002B     		cmp	r3, #0
 2922 0018 78D1     		bne	.L249
1181:Drivers/STM32F1xx_HAL_Driver/Src/stm32f1xx_hal_tim_ex.c **** 
 2923              		.loc 1 1181 3 is_stmt 1 view .LVU836
 2924 001a 0028     		cmp	r0, #0
 2925 001c 49D1     		bne	.L240
1181:Drivers/STM32F1xx_HAL_Driver/Src/stm32f1xx_hal_tim_ex.c **** 
 2926              		.loc 1 1181 3 is_stmt 0 discriminator 1 view .LVU837
 2927 001e 0223     		movs	r3, #2
 2928 0020 84F84230 		strb	r3, [r4, #66]
 2929              	.L241:
1183:Drivers/STM32F1xx_HAL_Driver/Src/stm32f1xx_hal_tim_ex.c ****   {
 2930              		.loc 1 1183 3 is_stmt 1 view .LVU838
 2931 0024 0428     		cmp	r0, #4
 2932 0026 5AD0     		beq	.L244
 2933 0028 0828     		cmp	r0, #8
 2934 002a 5ED0     		beq	.L245
 2935 002c 0028     		cmp	r0, #0
 2936 002e 50D0     		beq	.L252
 2937              	.L246:
ARM GAS  C:\Users\ride_pig\AppData\Local\Temp\ccPlGaWa.s 			page 107


1211:Drivers/STM32F1xx_HAL_Driver/Src/stm32f1xx_hal_tim_ex.c **** 
 2938              		.loc 1 1211 3 view .LVU839
 2939 0030 2268     		ldr	r2, [r4]
 2940 0032 D368     		ldr	r3, [r2, #12]
 2941 0034 43F08003 		orr	r3, r3, #128
 2942 0038 D360     		str	r3, [r2, #12]
1214:Drivers/STM32F1xx_HAL_Driver/Src/stm32f1xx_hal_tim_ex.c **** 
 2943              		.loc 1 1214 3 view .LVU840
 2944 003a 0422     		movs	r2, #4
 2945 003c 0146     		mov	r1, r0
 2946              	.LVL192:
1214:Drivers/STM32F1xx_HAL_Driver/Src/stm32f1xx_hal_tim_ex.c **** 
 2947              		.loc 1 1214 3 is_stmt 0 view .LVU841
 2948 003e 2068     		ldr	r0, [r4]
 2949              	.LVL193:
1214:Drivers/STM32F1xx_HAL_Driver/Src/stm32f1xx_hal_tim_ex.c **** 
 2950              		.loc 1 1214 3 view .LVU842
 2951 0040 FFF7FEFF 		bl	TIM_CCxNChannelCmd
 2952              	.LVL194:
1217:Drivers/STM32F1xx_HAL_Driver/Src/stm32f1xx_hal_tim_ex.c **** 
 2953              		.loc 1 1217 3 is_stmt 1 view .LVU843
 2954 0044 2268     		ldr	r2, [r4]
 2955 0046 536C     		ldr	r3, [r2, #68]
 2956 0048 43F40043 		orr	r3, r3, #32768
 2957 004c 5364     		str	r3, [r2, #68]
1220:Drivers/STM32F1xx_HAL_Driver/Src/stm32f1xx_hal_tim_ex.c ****   {
 2958              		.loc 1 1220 3 view .LVU844
1220:Drivers/STM32F1xx_HAL_Driver/Src/stm32f1xx_hal_tim_ex.c ****   {
 2959              		.loc 1 1220 7 is_stmt 0 view .LVU845
 2960 004e 2368     		ldr	r3, [r4]
1220:Drivers/STM32F1xx_HAL_Driver/Src/stm32f1xx_hal_tim_ex.c ****   {
 2961              		.loc 1 1220 6 view .LVU846
 2962 0050 304A     		ldr	r2, .L257
 2963 0052 9342     		cmp	r3, r2
 2964 0054 4FD0     		beq	.L247
1220:Drivers/STM32F1xx_HAL_Driver/Src/stm32f1xx_hal_tim_ex.c ****   {
 2965              		.loc 1 1220 7 discriminator 1 view .LVU847
 2966 0056 B3F1804F 		cmp	r3, #1073741824
 2967 005a 4CD0     		beq	.L247
1220:Drivers/STM32F1xx_HAL_Driver/Src/stm32f1xx_hal_tim_ex.c ****   {
 2968              		.loc 1 1220 7 discriminator 2 view .LVU848
 2969 005c A2F59432 		sub	r2, r2, #75776
 2970 0060 9342     		cmp	r3, r2
 2971 0062 48D0     		beq	.L247
1220:Drivers/STM32F1xx_HAL_Driver/Src/stm32f1xx_hal_tim_ex.c ****   {
 2972              		.loc 1 1220 7 discriminator 3 view .LVU849
 2973 0064 02F58062 		add	r2, r2, #1024
 2974 0068 9342     		cmp	r3, r2
 2975 006a 44D0     		beq	.L247
1220:Drivers/STM32F1xx_HAL_Driver/Src/stm32f1xx_hal_tim_ex.c ****   {
 2976              		.loc 1 1220 7 discriminator 4 view .LVU850
 2977 006c 02F58062 		add	r2, r2, #1024
 2978 0070 9342     		cmp	r3, r2
 2979 0072 40D0     		beq	.L247
1230:Drivers/STM32F1xx_HAL_Driver/Src/stm32f1xx_hal_tim_ex.c ****   }
 2980              		.loc 1 1230 5 is_stmt 1 view .LVU851
 2981 0074 1A68     		ldr	r2, [r3]
ARM GAS  C:\Users\ride_pig\AppData\Local\Temp\ccPlGaWa.s 			page 108


 2982 0076 42F00102 		orr	r2, r2, #1
 2983 007a 1A60     		str	r2, [r3]
1234:Drivers/STM32F1xx_HAL_Driver/Src/stm32f1xx_hal_tim_ex.c **** }
 2984              		.loc 1 1234 10 is_stmt 0 view .LVU852
 2985 007c 0020     		movs	r0, #0
 2986 007e 44E0     		b	.L239
 2987              	.LVL195:
 2988              	.L235:
1175:Drivers/STM32F1xx_HAL_Driver/Src/stm32f1xx_hal_tim_ex.c ****   {
 2989              		.loc 1 1175 46 discriminator 2 view .LVU853
 2990 0080 0429     		cmp	r1, #4
 2991 0082 08D0     		beq	.L253
1175:Drivers/STM32F1xx_HAL_Driver/Src/stm32f1xx_hal_tim_ex.c ****   {
 2992              		.loc 1 1175 46 discriminator 5 view .LVU854
 2993 0084 0829     		cmp	r1, #8
 2994 0086 0DD0     		beq	.L254
1175:Drivers/STM32F1xx_HAL_Driver/Src/stm32f1xx_hal_tim_ex.c ****   {
 2995              		.loc 1 1175 7 discriminator 8 view .LVU855
 2996 0088 94F84530 		ldrb	r3, [r4, #69]	@ zero_extendqisi2
 2997 008c DBB2     		uxtb	r3, r3
1175:Drivers/STM32F1xx_HAL_Driver/Src/stm32f1xx_hal_tim_ex.c ****   {
 2998              		.loc 1 1175 46 discriminator 8 view .LVU856
 2999 008e 013B     		subs	r3, r3, #1
 3000 0090 18BF     		it	ne
 3001 0092 0123     		movne	r3, #1
 3002 0094 BFE7     		b	.L236
 3003              	.L253:
1175:Drivers/STM32F1xx_HAL_Driver/Src/stm32f1xx_hal_tim_ex.c ****   {
 3004              		.loc 1 1175 7 discriminator 4 view .LVU857
 3005 0096 94F84330 		ldrb	r3, [r4, #67]	@ zero_extendqisi2
 3006 009a DBB2     		uxtb	r3, r3
1175:Drivers/STM32F1xx_HAL_Driver/Src/stm32f1xx_hal_tim_ex.c ****   {
 3007              		.loc 1 1175 46 discriminator 4 view .LVU858
 3008 009c 013B     		subs	r3, r3, #1
 3009 009e 18BF     		it	ne
 3010 00a0 0123     		movne	r3, #1
 3011 00a2 B8E7     		b	.L236
 3012              	.L254:
1175:Drivers/STM32F1xx_HAL_Driver/Src/stm32f1xx_hal_tim_ex.c ****   {
 3013              		.loc 1 1175 7 discriminator 7 view .LVU859
 3014 00a4 94F84430 		ldrb	r3, [r4, #68]	@ zero_extendqisi2
 3015 00a8 DBB2     		uxtb	r3, r3
1175:Drivers/STM32F1xx_HAL_Driver/Src/stm32f1xx_hal_tim_ex.c ****   {
 3016              		.loc 1 1175 46 discriminator 7 view .LVU860
 3017 00aa 013B     		subs	r3, r3, #1
 3018 00ac 18BF     		it	ne
 3019 00ae 0123     		movne	r3, #1
 3020 00b0 B1E7     		b	.L236
 3021              	.L240:
1181:Drivers/STM32F1xx_HAL_Driver/Src/stm32f1xx_hal_tim_ex.c **** 
 3022              		.loc 1 1181 3 discriminator 2 view .LVU861
 3023 00b2 0428     		cmp	r0, #4
 3024 00b4 05D0     		beq	.L255
1181:Drivers/STM32F1xx_HAL_Driver/Src/stm32f1xx_hal_tim_ex.c **** 
 3025              		.loc 1 1181 3 discriminator 4 view .LVU862
 3026 00b6 0828     		cmp	r0, #8
 3027 00b8 07D0     		beq	.L256
ARM GAS  C:\Users\ride_pig\AppData\Local\Temp\ccPlGaWa.s 			page 109


1181:Drivers/STM32F1xx_HAL_Driver/Src/stm32f1xx_hal_tim_ex.c **** 
 3028              		.loc 1 1181 3 discriminator 7 view .LVU863
 3029 00ba 0223     		movs	r3, #2
 3030 00bc 84F84530 		strb	r3, [r4, #69]
 3031 00c0 B0E7     		b	.L241
 3032              	.L255:
1181:Drivers/STM32F1xx_HAL_Driver/Src/stm32f1xx_hal_tim_ex.c **** 
 3033              		.loc 1 1181 3 discriminator 3 view .LVU864
 3034 00c2 0223     		movs	r3, #2
 3035 00c4 84F84330 		strb	r3, [r4, #67]
 3036 00c8 ACE7     		b	.L241
 3037              	.L256:
1181:Drivers/STM32F1xx_HAL_Driver/Src/stm32f1xx_hal_tim_ex.c **** 
 3038              		.loc 1 1181 3 discriminator 6 view .LVU865
 3039 00ca 0223     		movs	r3, #2
 3040 00cc 84F84430 		strb	r3, [r4, #68]
 3041 00d0 A8E7     		b	.L241
 3042              	.L252:
1188:Drivers/STM32F1xx_HAL_Driver/Src/stm32f1xx_hal_tim_ex.c ****       break;
 3043              		.loc 1 1188 7 is_stmt 1 view .LVU866
 3044 00d2 2268     		ldr	r2, [r4]
 3045 00d4 D368     		ldr	r3, [r2, #12]
 3046 00d6 43F00203 		orr	r3, r3, #2
 3047 00da D360     		str	r3, [r2, #12]
1189:Drivers/STM32F1xx_HAL_Driver/Src/stm32f1xx_hal_tim_ex.c ****     }
 3048              		.loc 1 1189 7 view .LVU867
 3049 00dc A8E7     		b	.L246
 3050              	.L244:
1195:Drivers/STM32F1xx_HAL_Driver/Src/stm32f1xx_hal_tim_ex.c ****       break;
 3051              		.loc 1 1195 7 view .LVU868
 3052 00de 2268     		ldr	r2, [r4]
 3053 00e0 D368     		ldr	r3, [r2, #12]
 3054 00e2 43F00403 		orr	r3, r3, #4
 3055 00e6 D360     		str	r3, [r2, #12]
1196:Drivers/STM32F1xx_HAL_Driver/Src/stm32f1xx_hal_tim_ex.c ****     }
 3056              		.loc 1 1196 7 view .LVU869
 3057 00e8 A2E7     		b	.L246
 3058              	.L245:
1202:Drivers/STM32F1xx_HAL_Driver/Src/stm32f1xx_hal_tim_ex.c ****       break;
 3059              		.loc 1 1202 7 view .LVU870
 3060 00ea 2268     		ldr	r2, [r4]
 3061 00ec D368     		ldr	r3, [r2, #12]
 3062 00ee 43F00803 		orr	r3, r3, #8
 3063 00f2 D360     		str	r3, [r2, #12]
1203:Drivers/STM32F1xx_HAL_Driver/Src/stm32f1xx_hal_tim_ex.c ****     }
 3064              		.loc 1 1203 7 view .LVU871
 3065 00f4 9CE7     		b	.L246
 3066              	.LVL196:
 3067              	.L247:
1222:Drivers/STM32F1xx_HAL_Driver/Src/stm32f1xx_hal_tim_ex.c ****     if (!IS_TIM_SLAVEMODE_TRIGGER_ENABLED(tmpsmcr))
 3068              		.loc 1 1222 5 view .LVU872
1222:Drivers/STM32F1xx_HAL_Driver/Src/stm32f1xx_hal_tim_ex.c ****     if (!IS_TIM_SLAVEMODE_TRIGGER_ENABLED(tmpsmcr))
 3069              		.loc 1 1222 29 is_stmt 0 view .LVU873
 3070 00f6 9A68     		ldr	r2, [r3, #8]
1222:Drivers/STM32F1xx_HAL_Driver/Src/stm32f1xx_hal_tim_ex.c ****     if (!IS_TIM_SLAVEMODE_TRIGGER_ENABLED(tmpsmcr))
 3071              		.loc 1 1222 13 view .LVU874
 3072 00f8 02F00702 		and	r2, r2, #7
ARM GAS  C:\Users\ride_pig\AppData\Local\Temp\ccPlGaWa.s 			page 110


 3073              	.LVL197:
1223:Drivers/STM32F1xx_HAL_Driver/Src/stm32f1xx_hal_tim_ex.c ****     {
 3074              		.loc 1 1223 5 is_stmt 1 view .LVU875
1223:Drivers/STM32F1xx_HAL_Driver/Src/stm32f1xx_hal_tim_ex.c ****     {
 3075              		.loc 1 1223 8 is_stmt 0 view .LVU876
 3076 00fc 062A     		cmp	r2, #6
 3077 00fe 07D0     		beq	.L250
1225:Drivers/STM32F1xx_HAL_Driver/Src/stm32f1xx_hal_tim_ex.c ****     }
 3078              		.loc 1 1225 7 is_stmt 1 view .LVU877
 3079 0100 1A68     		ldr	r2, [r3]
 3080              	.LVL198:
1225:Drivers/STM32F1xx_HAL_Driver/Src/stm32f1xx_hal_tim_ex.c ****     }
 3081              		.loc 1 1225 7 is_stmt 0 view .LVU878
 3082 0102 42F00102 		orr	r2, r2, #1
 3083 0106 1A60     		str	r2, [r3]
1234:Drivers/STM32F1xx_HAL_Driver/Src/stm32f1xx_hal_tim_ex.c **** }
 3084              		.loc 1 1234 10 view .LVU879
 3085 0108 0020     		movs	r0, #0
 3086              	.L239:
1235:Drivers/STM32F1xx_HAL_Driver/Src/stm32f1xx_hal_tim_ex.c **** 
 3087              		.loc 1 1235 1 view .LVU880
 3088 010a 10BD     		pop	{r4, pc}
 3089              	.LVL199:
 3090              	.L249:
1177:Drivers/STM32F1xx_HAL_Driver/Src/stm32f1xx_hal_tim_ex.c ****   }
 3091              		.loc 1 1177 12 view .LVU881
 3092 010c 0120     		movs	r0, #1
 3093              	.LVL200:
1177:Drivers/STM32F1xx_HAL_Driver/Src/stm32f1xx_hal_tim_ex.c ****   }
 3094              		.loc 1 1177 12 view .LVU882
 3095 010e FCE7     		b	.L239
 3096              	.LVL201:
 3097              	.L250:
1234:Drivers/STM32F1xx_HAL_Driver/Src/stm32f1xx_hal_tim_ex.c **** }
 3098              		.loc 1 1234 10 view .LVU883
 3099 0110 0020     		movs	r0, #0
 3100 0112 FAE7     		b	.L239
 3101              	.L258:
 3102              		.align	2
 3103              	.L257:
 3104 0114 002C0140 		.word	1073818624
 3105              		.cfi_endproc
 3106              	.LFE83:
 3108              		.section	.text.HAL_TIMEx_PWMN_Stop_IT,"ax",%progbits
 3109              		.align	1
 3110              		.global	HAL_TIMEx_PWMN_Stop_IT
 3111              		.syntax unified
 3112              		.thumb
 3113              		.thumb_func
 3115              	HAL_TIMEx_PWMN_Stop_IT:
 3116              	.LVL202:
 3117              	.LFB84:
1249:Drivers/STM32F1xx_HAL_Driver/Src/stm32f1xx_hal_tim_ex.c ****   uint32_t tmpccer;
 3118              		.loc 1 1249 1 is_stmt 1 view -0
 3119              		.cfi_startproc
 3120              		@ args = 0, pretend = 0, frame = 0
 3121              		@ frame_needed = 0, uses_anonymous_args = 0
ARM GAS  C:\Users\ride_pig\AppData\Local\Temp\ccPlGaWa.s 			page 111


1249:Drivers/STM32F1xx_HAL_Driver/Src/stm32f1xx_hal_tim_ex.c ****   uint32_t tmpccer;
 3122              		.loc 1 1249 1 is_stmt 0 view .LVU885
 3123 0000 38B5     		push	{r3, r4, r5, lr}
 3124              	.LCFI23:
 3125              		.cfi_def_cfa_offset 16
 3126              		.cfi_offset 3, -16
 3127              		.cfi_offset 4, -12
 3128              		.cfi_offset 5, -8
 3129              		.cfi_offset 14, -4
 3130 0002 0546     		mov	r5, r0
 3131 0004 0C46     		mov	r4, r1
1250:Drivers/STM32F1xx_HAL_Driver/Src/stm32f1xx_hal_tim_ex.c **** 
 3132              		.loc 1 1250 3 is_stmt 1 view .LVU886
1253:Drivers/STM32F1xx_HAL_Driver/Src/stm32f1xx_hal_tim_ex.c **** 
 3133              		.loc 1 1253 3 view .LVU887
1255:Drivers/STM32F1xx_HAL_Driver/Src/stm32f1xx_hal_tim_ex.c ****   {
 3134              		.loc 1 1255 3 view .LVU888
 3135 0006 0429     		cmp	r1, #4
 3136 0008 3CD0     		beq	.L260
 3137 000a 0829     		cmp	r1, #8
 3138 000c 40D0     		beq	.L261
 3139 000e 0029     		cmp	r1, #0
 3140 0010 32D0     		beq	.L271
 3141              	.L262:
1283:Drivers/STM32F1xx_HAL_Driver/Src/stm32f1xx_hal_tim_ex.c **** 
 3142              		.loc 1 1283 3 view .LVU889
 3143 0012 0022     		movs	r2, #0
 3144 0014 2146     		mov	r1, r4
 3145              	.LVL203:
1283:Drivers/STM32F1xx_HAL_Driver/Src/stm32f1xx_hal_tim_ex.c **** 
 3146              		.loc 1 1283 3 is_stmt 0 view .LVU890
 3147 0016 2868     		ldr	r0, [r5]
 3148              	.LVL204:
1283:Drivers/STM32F1xx_HAL_Driver/Src/stm32f1xx_hal_tim_ex.c **** 
 3149              		.loc 1 1283 3 view .LVU891
 3150 0018 FFF7FEFF 		bl	TIM_CCxNChannelCmd
 3151              	.LVL205:
1286:Drivers/STM32F1xx_HAL_Driver/Src/stm32f1xx_hal_tim_ex.c ****   if ((tmpccer & (TIM_CCER_CC1NE | TIM_CCER_CC2NE | TIM_CCER_CC3NE)) == (uint32_t)RESET)
 3152              		.loc 1 1286 3 is_stmt 1 view .LVU892
1286:Drivers/STM32F1xx_HAL_Driver/Src/stm32f1xx_hal_tim_ex.c ****   if ((tmpccer & (TIM_CCER_CC1NE | TIM_CCER_CC2NE | TIM_CCER_CC3NE)) == (uint32_t)RESET)
 3153              		.loc 1 1286 17 is_stmt 0 view .LVU893
 3154 001c 2B68     		ldr	r3, [r5]
1286:Drivers/STM32F1xx_HAL_Driver/Src/stm32f1xx_hal_tim_ex.c ****   if ((tmpccer & (TIM_CCER_CC1NE | TIM_CCER_CC2NE | TIM_CCER_CC3NE)) == (uint32_t)RESET)
 3155              		.loc 1 1286 11 view .LVU894
 3156 001e 196A     		ldr	r1, [r3, #32]
 3157              	.LVL206:
1287:Drivers/STM32F1xx_HAL_Driver/Src/stm32f1xx_hal_tim_ex.c ****   {
 3158              		.loc 1 1287 3 is_stmt 1 view .LVU895
1287:Drivers/STM32F1xx_HAL_Driver/Src/stm32f1xx_hal_tim_ex.c ****   {
 3159              		.loc 1 1287 6 is_stmt 0 view .LVU896
 3160 0020 40F24442 		movw	r2, #1092
 3161 0024 1142     		tst	r1, r2
 3162 0026 03D1     		bne	.L263
1289:Drivers/STM32F1xx_HAL_Driver/Src/stm32f1xx_hal_tim_ex.c ****   }
 3163              		.loc 1 1289 5 is_stmt 1 view .LVU897
 3164 0028 DA68     		ldr	r2, [r3, #12]
 3165 002a 22F08002 		bic	r2, r2, #128
ARM GAS  C:\Users\ride_pig\AppData\Local\Temp\ccPlGaWa.s 			page 112


 3166 002e DA60     		str	r2, [r3, #12]
 3167              	.L263:
1293:Drivers/STM32F1xx_HAL_Driver/Src/stm32f1xx_hal_tim_ex.c **** 
 3168              		.loc 1 1293 3 view .LVU898
1293:Drivers/STM32F1xx_HAL_Driver/Src/stm32f1xx_hal_tim_ex.c **** 
 3169              		.loc 1 1293 3 view .LVU899
 3170 0030 2B68     		ldr	r3, [r5]
 3171 0032 196A     		ldr	r1, [r3, #32]
 3172              	.LVL207:
1293:Drivers/STM32F1xx_HAL_Driver/Src/stm32f1xx_hal_tim_ex.c **** 
 3173              		.loc 1 1293 3 is_stmt 0 view .LVU900
 3174 0034 41F21112 		movw	r2, #4369
 3175 0038 1142     		tst	r1, r2
 3176 003a 08D1     		bne	.L264
1293:Drivers/STM32F1xx_HAL_Driver/Src/stm32f1xx_hal_tim_ex.c **** 
 3177              		.loc 1 1293 3 is_stmt 1 discriminator 1 view .LVU901
 3178 003c 196A     		ldr	r1, [r3, #32]
 3179 003e 40F24442 		movw	r2, #1092
 3180 0042 1142     		tst	r1, r2
 3181 0044 03D1     		bne	.L264
1293:Drivers/STM32F1xx_HAL_Driver/Src/stm32f1xx_hal_tim_ex.c **** 
 3182              		.loc 1 1293 3 discriminator 3 view .LVU902
 3183 0046 5A6C     		ldr	r2, [r3, #68]
 3184 0048 22F40042 		bic	r2, r2, #32768
 3185 004c 5A64     		str	r2, [r3, #68]
 3186              	.L264:
1293:Drivers/STM32F1xx_HAL_Driver/Src/stm32f1xx_hal_tim_ex.c **** 
 3187              		.loc 1 1293 3 discriminator 5 view .LVU903
1296:Drivers/STM32F1xx_HAL_Driver/Src/stm32f1xx_hal_tim_ex.c **** 
 3188              		.loc 1 1296 3 discriminator 5 view .LVU904
1296:Drivers/STM32F1xx_HAL_Driver/Src/stm32f1xx_hal_tim_ex.c **** 
 3189              		.loc 1 1296 3 discriminator 5 view .LVU905
 3190 004e 2B68     		ldr	r3, [r5]
 3191 0050 196A     		ldr	r1, [r3, #32]
 3192 0052 41F21112 		movw	r2, #4369
 3193 0056 1142     		tst	r1, r2
 3194 0058 08D1     		bne	.L265
1296:Drivers/STM32F1xx_HAL_Driver/Src/stm32f1xx_hal_tim_ex.c **** 
 3195              		.loc 1 1296 3 discriminator 1 view .LVU906
 3196 005a 196A     		ldr	r1, [r3, #32]
 3197 005c 40F24442 		movw	r2, #1092
 3198 0060 1142     		tst	r1, r2
 3199 0062 03D1     		bne	.L265
1296:Drivers/STM32F1xx_HAL_Driver/Src/stm32f1xx_hal_tim_ex.c **** 
 3200              		.loc 1 1296 3 discriminator 3 view .LVU907
 3201 0064 1A68     		ldr	r2, [r3]
 3202 0066 22F00102 		bic	r2, r2, #1
 3203 006a 1A60     		str	r2, [r3]
 3204              	.L265:
1296:Drivers/STM32F1xx_HAL_Driver/Src/stm32f1xx_hal_tim_ex.c **** 
 3205              		.loc 1 1296 3 discriminator 5 view .LVU908
1299:Drivers/STM32F1xx_HAL_Driver/Src/stm32f1xx_hal_tim_ex.c **** 
 3206              		.loc 1 1299 3 discriminator 5 view .LVU909
 3207 006c B4B9     		cbnz	r4, .L266
1299:Drivers/STM32F1xx_HAL_Driver/Src/stm32f1xx_hal_tim_ex.c **** 
 3208              		.loc 1 1299 3 is_stmt 0 discriminator 1 view .LVU910
 3209 006e 0123     		movs	r3, #1
ARM GAS  C:\Users\ride_pig\AppData\Local\Temp\ccPlGaWa.s 			page 113


 3210 0070 85F84230 		strb	r3, [r5, #66]
 3211              	.L267:
1302:Drivers/STM32F1xx_HAL_Driver/Src/stm32f1xx_hal_tim_ex.c **** }
 3212              		.loc 1 1302 3 is_stmt 1 view .LVU911
1303:Drivers/STM32F1xx_HAL_Driver/Src/stm32f1xx_hal_tim_ex.c **** 
 3213              		.loc 1 1303 1 is_stmt 0 view .LVU912
 3214 0074 0020     		movs	r0, #0
 3215 0076 38BD     		pop	{r3, r4, r5, pc}
 3216              	.LVL208:
 3217              	.L271:
1260:Drivers/STM32F1xx_HAL_Driver/Src/stm32f1xx_hal_tim_ex.c ****       break;
 3218              		.loc 1 1260 7 is_stmt 1 view .LVU913
 3219 0078 0268     		ldr	r2, [r0]
 3220 007a D368     		ldr	r3, [r2, #12]
 3221 007c 23F00203 		bic	r3, r3, #2
 3222 0080 D360     		str	r3, [r2, #12]
1261:Drivers/STM32F1xx_HAL_Driver/Src/stm32f1xx_hal_tim_ex.c ****     }
 3223              		.loc 1 1261 7 view .LVU914
 3224 0082 C6E7     		b	.L262
 3225              	.L260:
1267:Drivers/STM32F1xx_HAL_Driver/Src/stm32f1xx_hal_tim_ex.c ****       break;
 3226              		.loc 1 1267 7 view .LVU915
 3227 0084 0268     		ldr	r2, [r0]
 3228 0086 D368     		ldr	r3, [r2, #12]
 3229 0088 23F00403 		bic	r3, r3, #4
 3230 008c D360     		str	r3, [r2, #12]
1268:Drivers/STM32F1xx_HAL_Driver/Src/stm32f1xx_hal_tim_ex.c ****     }
 3231              		.loc 1 1268 7 view .LVU916
 3232 008e C0E7     		b	.L262
 3233              	.L261:
1274:Drivers/STM32F1xx_HAL_Driver/Src/stm32f1xx_hal_tim_ex.c ****       break;
 3234              		.loc 1 1274 7 view .LVU917
 3235 0090 0268     		ldr	r2, [r0]
 3236 0092 D368     		ldr	r3, [r2, #12]
 3237 0094 23F00803 		bic	r3, r3, #8
 3238 0098 D360     		str	r3, [r2, #12]
1275:Drivers/STM32F1xx_HAL_Driver/Src/stm32f1xx_hal_tim_ex.c ****     }
 3239              		.loc 1 1275 7 view .LVU918
 3240 009a BAE7     		b	.L262
 3241              	.LVL209:
 3242              	.L266:
1299:Drivers/STM32F1xx_HAL_Driver/Src/stm32f1xx_hal_tim_ex.c **** 
 3243              		.loc 1 1299 3 is_stmt 0 discriminator 2 view .LVU919
 3244 009c 042C     		cmp	r4, #4
 3245 009e 05D0     		beq	.L272
1299:Drivers/STM32F1xx_HAL_Driver/Src/stm32f1xx_hal_tim_ex.c **** 
 3246              		.loc 1 1299 3 discriminator 4 view .LVU920
 3247 00a0 082C     		cmp	r4, #8
 3248 00a2 07D0     		beq	.L273
1299:Drivers/STM32F1xx_HAL_Driver/Src/stm32f1xx_hal_tim_ex.c **** 
 3249              		.loc 1 1299 3 discriminator 7 view .LVU921
 3250 00a4 0123     		movs	r3, #1
 3251 00a6 85F84530 		strb	r3, [r5, #69]
 3252 00aa E3E7     		b	.L267
 3253              	.L272:
1299:Drivers/STM32F1xx_HAL_Driver/Src/stm32f1xx_hal_tim_ex.c **** 
 3254              		.loc 1 1299 3 discriminator 3 view .LVU922
ARM GAS  C:\Users\ride_pig\AppData\Local\Temp\ccPlGaWa.s 			page 114


 3255 00ac 0123     		movs	r3, #1
 3256 00ae 85F84330 		strb	r3, [r5, #67]
 3257 00b2 DFE7     		b	.L267
 3258              	.L273:
1299:Drivers/STM32F1xx_HAL_Driver/Src/stm32f1xx_hal_tim_ex.c **** 
 3259              		.loc 1 1299 3 discriminator 6 view .LVU923
 3260 00b4 0123     		movs	r3, #1
 3261 00b6 85F84430 		strb	r3, [r5, #68]
 3262 00ba DBE7     		b	.L267
 3263              		.cfi_endproc
 3264              	.LFE84:
 3266              		.section	.text.HAL_TIMEx_PWMN_Start_DMA,"ax",%progbits
 3267              		.align	1
 3268              		.global	HAL_TIMEx_PWMN_Start_DMA
 3269              		.syntax unified
 3270              		.thumb
 3271              		.thumb_func
 3273              	HAL_TIMEx_PWMN_Start_DMA:
 3274              	.LVL210:
 3275              	.LFB85:
1319:Drivers/STM32F1xx_HAL_Driver/Src/stm32f1xx_hal_tim_ex.c ****   uint32_t tmpsmcr;
 3276              		.loc 1 1319 1 is_stmt 1 view -0
 3277              		.cfi_startproc
 3278              		@ args = 0, pretend = 0, frame = 0
 3279              		@ frame_needed = 0, uses_anonymous_args = 0
1319:Drivers/STM32F1xx_HAL_Driver/Src/stm32f1xx_hal_tim_ex.c ****   uint32_t tmpsmcr;
 3280              		.loc 1 1319 1 is_stmt 0 view .LVU925
 3281 0000 70B5     		push	{r4, r5, r6, lr}
 3282              	.LCFI24:
 3283              		.cfi_def_cfa_offset 16
 3284              		.cfi_offset 4, -16
 3285              		.cfi_offset 5, -12
 3286              		.cfi_offset 6, -8
 3287              		.cfi_offset 14, -4
 3288 0002 0446     		mov	r4, r0
 3289 0004 1646     		mov	r6, r2
1320:Drivers/STM32F1xx_HAL_Driver/Src/stm32f1xx_hal_tim_ex.c **** 
 3290              		.loc 1 1320 3 is_stmt 1 view .LVU926
1323:Drivers/STM32F1xx_HAL_Driver/Src/stm32f1xx_hal_tim_ex.c **** 
 3291              		.loc 1 1323 3 view .LVU927
1326:Drivers/STM32F1xx_HAL_Driver/Src/stm32f1xx_hal_tim_ex.c ****   {
 3292              		.loc 1 1326 3 view .LVU928
1326:Drivers/STM32F1xx_HAL_Driver/Src/stm32f1xx_hal_tim_ex.c ****   {
 3293              		.loc 1 1326 46 is_stmt 0 view .LVU929
 3294 0006 0D46     		mov	r5, r1
 3295 0008 0029     		cmp	r1, #0
 3296 000a 4CD1     		bne	.L275
1326:Drivers/STM32F1xx_HAL_Driver/Src/stm32f1xx_hal_tim_ex.c ****   {
 3297              		.loc 1 1326 7 discriminator 1 view .LVU930
 3298 000c 90F84200 		ldrb	r0, [r0, #66]	@ zero_extendqisi2
 3299              	.LVL211:
1326:Drivers/STM32F1xx_HAL_Driver/Src/stm32f1xx_hal_tim_ex.c ****   {
 3300              		.loc 1 1326 7 discriminator 1 view .LVU931
 3301 0010 C0B2     		uxtb	r0, r0
1326:Drivers/STM32F1xx_HAL_Driver/Src/stm32f1xx_hal_tim_ex.c ****   {
 3302              		.loc 1 1326 46 discriminator 1 view .LVU932
 3303 0012 0228     		cmp	r0, #2
ARM GAS  C:\Users\ride_pig\AppData\Local\Temp\ccPlGaWa.s 			page 115


 3304 0014 14BF     		ite	ne
 3305 0016 0020     		movne	r0, #0
 3306 0018 0120     		moveq	r0, #1
 3307              	.L276:
1326:Drivers/STM32F1xx_HAL_Driver/Src/stm32f1xx_hal_tim_ex.c ****   {
 3308              		.loc 1 1326 6 discriminator 12 view .LVU933
 3309 001a 0028     		cmp	r0, #0
 3310 001c 40F0DE80 		bne	.L294
1330:Drivers/STM32F1xx_HAL_Driver/Src/stm32f1xx_hal_tim_ex.c ****   {
 3311              		.loc 1 1330 8 is_stmt 1 view .LVU934
1330:Drivers/STM32F1xx_HAL_Driver/Src/stm32f1xx_hal_tim_ex.c ****   {
 3312              		.loc 1 1330 51 is_stmt 0 view .LVU935
 3313 0020 002D     		cmp	r5, #0
 3314 0022 5CD1     		bne	.L280
1330:Drivers/STM32F1xx_HAL_Driver/Src/stm32f1xx_hal_tim_ex.c ****   {
 3315              		.loc 1 1330 12 discriminator 1 view .LVU936
 3316 0024 94F84220 		ldrb	r2, [r4, #66]	@ zero_extendqisi2
 3317              	.LVL212:
1330:Drivers/STM32F1xx_HAL_Driver/Src/stm32f1xx_hal_tim_ex.c ****   {
 3318              		.loc 1 1330 12 discriminator 1 view .LVU937
 3319 0028 D2B2     		uxtb	r2, r2
1330:Drivers/STM32F1xx_HAL_Driver/Src/stm32f1xx_hal_tim_ex.c ****   {
 3320              		.loc 1 1330 51 discriminator 1 view .LVU938
 3321 002a 012A     		cmp	r2, #1
 3322 002c 14BF     		ite	ne
 3323 002e 0022     		movne	r2, #0
 3324 0030 0122     		moveq	r2, #1
 3325              	.L281:
1330:Drivers/STM32F1xx_HAL_Driver/Src/stm32f1xx_hal_tim_ex.c ****   {
 3326              		.loc 1 1330 11 discriminator 12 view .LVU939
 3327 0032 002A     		cmp	r2, #0
 3328 0034 00F0D480 		beq	.L295
1332:Drivers/STM32F1xx_HAL_Driver/Src/stm32f1xx_hal_tim_ex.c ****     {
 3329              		.loc 1 1332 5 is_stmt 1 view .LVU940
1332:Drivers/STM32F1xx_HAL_Driver/Src/stm32f1xx_hal_tim_ex.c ****     {
 3330              		.loc 1 1332 8 is_stmt 0 view .LVU941
 3331 0038 002E     		cmp	r6, #0
 3332 003a 6CD0     		beq	.L302
 3333              	.L284:
1338:Drivers/STM32F1xx_HAL_Driver/Src/stm32f1xx_hal_tim_ex.c ****     }
 3334              		.loc 1 1338 7 is_stmt 1 view .LVU942
 3335 003c 002D     		cmp	r5, #0
 3336 003e 6ED1     		bne	.L285
1338:Drivers/STM32F1xx_HAL_Driver/Src/stm32f1xx_hal_tim_ex.c ****     }
 3337              		.loc 1 1338 7 is_stmt 0 discriminator 1 view .LVU943
 3338 0040 0222     		movs	r2, #2
 3339 0042 84F84220 		strb	r2, [r4, #66]
 3340              	.L286:
1346:Drivers/STM32F1xx_HAL_Driver/Src/stm32f1xx_hal_tim_ex.c ****   {
 3341              		.loc 1 1346 3 is_stmt 1 view .LVU944
 3342 0046 042D     		cmp	r5, #4
 3343 0048 00F09080 		beq	.L289
 3344 004c 082D     		cmp	r5, #8
 3345 004e 00F0A480 		beq	.L290
 3346 0052 002D     		cmp	r5, #0
 3347 0054 73D0     		beq	.L303
 3348              	.LVL213:
ARM GAS  C:\Users\ride_pig\AppData\Local\Temp\ccPlGaWa.s 			page 116


 3349              	.L291:
1416:Drivers/STM32F1xx_HAL_Driver/Src/stm32f1xx_hal_tim_ex.c **** 
 3350              		.loc 1 1416 3 view .LVU945
 3351 0056 0422     		movs	r2, #4
 3352 0058 2946     		mov	r1, r5
 3353 005a 2068     		ldr	r0, [r4]
 3354 005c FFF7FEFF 		bl	TIM_CCxNChannelCmd
 3355              	.LVL214:
1419:Drivers/STM32F1xx_HAL_Driver/Src/stm32f1xx_hal_tim_ex.c **** 
 3356              		.loc 1 1419 3 view .LVU946
 3357 0060 2268     		ldr	r2, [r4]
 3358 0062 536C     		ldr	r3, [r2, #68]
 3359 0064 43F40043 		orr	r3, r3, #32768
 3360 0068 5364     		str	r3, [r2, #68]
1422:Drivers/STM32F1xx_HAL_Driver/Src/stm32f1xx_hal_tim_ex.c ****   {
 3361              		.loc 1 1422 3 view .LVU947
1422:Drivers/STM32F1xx_HAL_Driver/Src/stm32f1xx_hal_tim_ex.c ****   {
 3362              		.loc 1 1422 7 is_stmt 0 view .LVU948
 3363 006a 2368     		ldr	r3, [r4]
1422:Drivers/STM32F1xx_HAL_Driver/Src/stm32f1xx_hal_tim_ex.c ****   {
 3364              		.loc 1 1422 6 view .LVU949
 3365 006c 614A     		ldr	r2, .L310
 3366 006e 9342     		cmp	r3, r2
 3367 0070 00F0A980 		beq	.L292
1422:Drivers/STM32F1xx_HAL_Driver/Src/stm32f1xx_hal_tim_ex.c ****   {
 3368              		.loc 1 1422 7 discriminator 1 view .LVU950
 3369 0074 B3F1804F 		cmp	r3, #1073741824
 3370 0078 00F0A580 		beq	.L292
1422:Drivers/STM32F1xx_HAL_Driver/Src/stm32f1xx_hal_tim_ex.c ****   {
 3371              		.loc 1 1422 7 discriminator 2 view .LVU951
 3372 007c A2F59432 		sub	r2, r2, #75776
 3373 0080 9342     		cmp	r3, r2
 3374 0082 00F0A080 		beq	.L292
1422:Drivers/STM32F1xx_HAL_Driver/Src/stm32f1xx_hal_tim_ex.c ****   {
 3375              		.loc 1 1422 7 discriminator 3 view .LVU952
 3376 0086 02F58062 		add	r2, r2, #1024
 3377 008a 9342     		cmp	r3, r2
 3378 008c 00F09B80 		beq	.L292
1422:Drivers/STM32F1xx_HAL_Driver/Src/stm32f1xx_hal_tim_ex.c ****   {
 3379              		.loc 1 1422 7 discriminator 4 view .LVU953
 3380 0090 02F58062 		add	r2, r2, #1024
 3381 0094 9342     		cmp	r3, r2
 3382 0096 00F09680 		beq	.L292
1432:Drivers/STM32F1xx_HAL_Driver/Src/stm32f1xx_hal_tim_ex.c ****   }
 3383              		.loc 1 1432 5 is_stmt 1 view .LVU954
 3384 009a 1A68     		ldr	r2, [r3]
 3385 009c 42F00102 		orr	r2, r2, #1
 3386 00a0 1A60     		str	r2, [r3]
1436:Drivers/STM32F1xx_HAL_Driver/Src/stm32f1xx_hal_tim_ex.c **** }
 3387              		.loc 1 1436 10 is_stmt 0 view .LVU955
 3388 00a2 0020     		movs	r0, #0
 3389 00a4 9DE0     		b	.L279
 3390              	.LVL215:
 3391              	.L275:
1326:Drivers/STM32F1xx_HAL_Driver/Src/stm32f1xx_hal_tim_ex.c ****   {
 3392              		.loc 1 1326 46 discriminator 2 view .LVU956
 3393 00a6 0429     		cmp	r1, #4
ARM GAS  C:\Users\ride_pig\AppData\Local\Temp\ccPlGaWa.s 			page 117


 3394 00a8 09D0     		beq	.L304
1326:Drivers/STM32F1xx_HAL_Driver/Src/stm32f1xx_hal_tim_ex.c ****   {
 3395              		.loc 1 1326 46 discriminator 5 view .LVU957
 3396 00aa 0829     		cmp	r1, #8
 3397 00ac 0FD0     		beq	.L305
1326:Drivers/STM32F1xx_HAL_Driver/Src/stm32f1xx_hal_tim_ex.c ****   {
 3398              		.loc 1 1326 7 discriminator 8 view .LVU958
 3399 00ae 90F84500 		ldrb	r0, [r0, #69]	@ zero_extendqisi2
 3400              	.LVL216:
1326:Drivers/STM32F1xx_HAL_Driver/Src/stm32f1xx_hal_tim_ex.c ****   {
 3401              		.loc 1 1326 7 discriminator 8 view .LVU959
 3402 00b2 C0B2     		uxtb	r0, r0
1326:Drivers/STM32F1xx_HAL_Driver/Src/stm32f1xx_hal_tim_ex.c ****   {
 3403              		.loc 1 1326 46 discriminator 8 view .LVU960
 3404 00b4 0228     		cmp	r0, #2
 3405 00b6 14BF     		ite	ne
 3406 00b8 0020     		movne	r0, #0
 3407 00ba 0120     		moveq	r0, #1
 3408 00bc ADE7     		b	.L276
 3409              	.LVL217:
 3410              	.L304:
1326:Drivers/STM32F1xx_HAL_Driver/Src/stm32f1xx_hal_tim_ex.c ****   {
 3411              		.loc 1 1326 7 discriminator 4 view .LVU961
 3412 00be 90F84300 		ldrb	r0, [r0, #67]	@ zero_extendqisi2
 3413              	.LVL218:
1326:Drivers/STM32F1xx_HAL_Driver/Src/stm32f1xx_hal_tim_ex.c ****   {
 3414              		.loc 1 1326 7 discriminator 4 view .LVU962
 3415 00c2 C0B2     		uxtb	r0, r0
1326:Drivers/STM32F1xx_HAL_Driver/Src/stm32f1xx_hal_tim_ex.c ****   {
 3416              		.loc 1 1326 46 discriminator 4 view .LVU963
 3417 00c4 0228     		cmp	r0, #2
 3418 00c6 14BF     		ite	ne
 3419 00c8 0020     		movne	r0, #0
 3420 00ca 0120     		moveq	r0, #1
 3421 00cc A5E7     		b	.L276
 3422              	.LVL219:
 3423              	.L305:
1326:Drivers/STM32F1xx_HAL_Driver/Src/stm32f1xx_hal_tim_ex.c ****   {
 3424              		.loc 1 1326 7 discriminator 7 view .LVU964
 3425 00ce 90F84400 		ldrb	r0, [r0, #68]	@ zero_extendqisi2
 3426              	.LVL220:
1326:Drivers/STM32F1xx_HAL_Driver/Src/stm32f1xx_hal_tim_ex.c ****   {
 3427              		.loc 1 1326 7 discriminator 7 view .LVU965
 3428 00d2 C0B2     		uxtb	r0, r0
1326:Drivers/STM32F1xx_HAL_Driver/Src/stm32f1xx_hal_tim_ex.c ****   {
 3429              		.loc 1 1326 46 discriminator 7 view .LVU966
 3430 00d4 0228     		cmp	r0, #2
 3431 00d6 14BF     		ite	ne
 3432 00d8 0020     		movne	r0, #0
 3433 00da 0120     		moveq	r0, #1
 3434 00dc 9DE7     		b	.L276
 3435              	.L280:
1330:Drivers/STM32F1xx_HAL_Driver/Src/stm32f1xx_hal_tim_ex.c ****   {
 3436              		.loc 1 1330 51 discriminator 2 view .LVU967
 3437 00de 042D     		cmp	r5, #4
 3438 00e0 09D0     		beq	.L306
1330:Drivers/STM32F1xx_HAL_Driver/Src/stm32f1xx_hal_tim_ex.c ****   {
ARM GAS  C:\Users\ride_pig\AppData\Local\Temp\ccPlGaWa.s 			page 118


 3439              		.loc 1 1330 51 discriminator 5 view .LVU968
 3440 00e2 082D     		cmp	r5, #8
 3441 00e4 0FD0     		beq	.L307
1330:Drivers/STM32F1xx_HAL_Driver/Src/stm32f1xx_hal_tim_ex.c ****   {
 3442              		.loc 1 1330 12 discriminator 8 view .LVU969
 3443 00e6 94F84520 		ldrb	r2, [r4, #69]	@ zero_extendqisi2
 3444              	.LVL221:
1330:Drivers/STM32F1xx_HAL_Driver/Src/stm32f1xx_hal_tim_ex.c ****   {
 3445              		.loc 1 1330 12 discriminator 8 view .LVU970
 3446 00ea D2B2     		uxtb	r2, r2
1330:Drivers/STM32F1xx_HAL_Driver/Src/stm32f1xx_hal_tim_ex.c ****   {
 3447              		.loc 1 1330 51 discriminator 8 view .LVU971
 3448 00ec 012A     		cmp	r2, #1
 3449 00ee 14BF     		ite	ne
 3450 00f0 0022     		movne	r2, #0
 3451 00f2 0122     		moveq	r2, #1
 3452 00f4 9DE7     		b	.L281
 3453              	.LVL222:
 3454              	.L306:
1330:Drivers/STM32F1xx_HAL_Driver/Src/stm32f1xx_hal_tim_ex.c ****   {
 3455              		.loc 1 1330 12 discriminator 4 view .LVU972
 3456 00f6 94F84320 		ldrb	r2, [r4, #67]	@ zero_extendqisi2
 3457              	.LVL223:
1330:Drivers/STM32F1xx_HAL_Driver/Src/stm32f1xx_hal_tim_ex.c ****   {
 3458              		.loc 1 1330 12 discriminator 4 view .LVU973
 3459 00fa D2B2     		uxtb	r2, r2
1330:Drivers/STM32F1xx_HAL_Driver/Src/stm32f1xx_hal_tim_ex.c ****   {
 3460              		.loc 1 1330 51 discriminator 4 view .LVU974
 3461 00fc 012A     		cmp	r2, #1
 3462 00fe 14BF     		ite	ne
 3463 0100 0022     		movne	r2, #0
 3464 0102 0122     		moveq	r2, #1
 3465 0104 95E7     		b	.L281
 3466              	.LVL224:
 3467              	.L307:
1330:Drivers/STM32F1xx_HAL_Driver/Src/stm32f1xx_hal_tim_ex.c ****   {
 3468              		.loc 1 1330 12 discriminator 7 view .LVU975
 3469 0106 94F84420 		ldrb	r2, [r4, #68]	@ zero_extendqisi2
 3470              	.LVL225:
1330:Drivers/STM32F1xx_HAL_Driver/Src/stm32f1xx_hal_tim_ex.c ****   {
 3471              		.loc 1 1330 12 discriminator 7 view .LVU976
 3472 010a D2B2     		uxtb	r2, r2
1330:Drivers/STM32F1xx_HAL_Driver/Src/stm32f1xx_hal_tim_ex.c ****   {
 3473              		.loc 1 1330 51 discriminator 7 view .LVU977
 3474 010c 012A     		cmp	r2, #1
 3475 010e 14BF     		ite	ne
 3476 0110 0022     		movne	r2, #0
 3477 0112 0122     		moveq	r2, #1
 3478 0114 8DE7     		b	.L281
 3479              	.L302:
1332:Drivers/STM32F1xx_HAL_Driver/Src/stm32f1xx_hal_tim_ex.c ****     {
 3480              		.loc 1 1332 25 discriminator 1 view .LVU978
 3481 0116 002B     		cmp	r3, #0
 3482 0118 90D0     		beq	.L284
1334:Drivers/STM32F1xx_HAL_Driver/Src/stm32f1xx_hal_tim_ex.c ****     }
 3483              		.loc 1 1334 14 view .LVU979
 3484 011a 0120     		movs	r0, #1
ARM GAS  C:\Users\ride_pig\AppData\Local\Temp\ccPlGaWa.s 			page 119


 3485 011c 61E0     		b	.L279
 3486              	.L285:
1338:Drivers/STM32F1xx_HAL_Driver/Src/stm32f1xx_hal_tim_ex.c ****     }
 3487              		.loc 1 1338 7 discriminator 2 view .LVU980
 3488 011e 042D     		cmp	r5, #4
 3489 0120 05D0     		beq	.L308
1338:Drivers/STM32F1xx_HAL_Driver/Src/stm32f1xx_hal_tim_ex.c ****     }
 3490              		.loc 1 1338 7 discriminator 4 view .LVU981
 3491 0122 082D     		cmp	r5, #8
 3492 0124 07D0     		beq	.L309
1338:Drivers/STM32F1xx_HAL_Driver/Src/stm32f1xx_hal_tim_ex.c ****     }
 3493              		.loc 1 1338 7 discriminator 7 view .LVU982
 3494 0126 0222     		movs	r2, #2
 3495 0128 84F84520 		strb	r2, [r4, #69]
 3496 012c 8BE7     		b	.L286
 3497              	.L308:
1338:Drivers/STM32F1xx_HAL_Driver/Src/stm32f1xx_hal_tim_ex.c ****     }
 3498              		.loc 1 1338 7 discriminator 3 view .LVU983
 3499 012e 0222     		movs	r2, #2
 3500 0130 84F84320 		strb	r2, [r4, #67]
 3501 0134 87E7     		b	.L286
 3502              	.L309:
1338:Drivers/STM32F1xx_HAL_Driver/Src/stm32f1xx_hal_tim_ex.c ****     }
 3503              		.loc 1 1338 7 discriminator 6 view .LVU984
 3504 0136 0222     		movs	r2, #2
 3505 0138 84F84420 		strb	r2, [r4, #68]
 3506 013c 83E7     		b	.L286
 3507              	.L303:
1351:Drivers/STM32F1xx_HAL_Driver/Src/stm32f1xx_hal_tim_ex.c ****       htim->hdma[TIM_DMA_ID_CC1]->XferHalfCpltCallback = TIM_DMADelayPulseHalfCplt;
 3508              		.loc 1 1351 7 is_stmt 1 view .LVU985
1351:Drivers/STM32F1xx_HAL_Driver/Src/stm32f1xx_hal_tim_ex.c ****       htim->hdma[TIM_DMA_ID_CC1]->XferHalfCpltCallback = TIM_DMADelayPulseHalfCplt;
 3509              		.loc 1 1351 17 is_stmt 0 view .LVU986
 3510 013e 626A     		ldr	r2, [r4, #36]
1351:Drivers/STM32F1xx_HAL_Driver/Src/stm32f1xx_hal_tim_ex.c ****       htim->hdma[TIM_DMA_ID_CC1]->XferHalfCpltCallback = TIM_DMADelayPulseHalfCplt;
 3511              		.loc 1 1351 52 view .LVU987
 3512 0140 2D49     		ldr	r1, .L310+4
 3513              	.LVL226:
1351:Drivers/STM32F1xx_HAL_Driver/Src/stm32f1xx_hal_tim_ex.c ****       htim->hdma[TIM_DMA_ID_CC1]->XferHalfCpltCallback = TIM_DMADelayPulseHalfCplt;
 3514              		.loc 1 1351 52 view .LVU988
 3515 0142 9162     		str	r1, [r2, #40]
1352:Drivers/STM32F1xx_HAL_Driver/Src/stm32f1xx_hal_tim_ex.c **** 
 3516              		.loc 1 1352 7 is_stmt 1 view .LVU989
1352:Drivers/STM32F1xx_HAL_Driver/Src/stm32f1xx_hal_tim_ex.c **** 
 3517              		.loc 1 1352 17 is_stmt 0 view .LVU990
 3518 0144 626A     		ldr	r2, [r4, #36]
1352:Drivers/STM32F1xx_HAL_Driver/Src/stm32f1xx_hal_tim_ex.c **** 
 3519              		.loc 1 1352 56 view .LVU991
 3520 0146 2D49     		ldr	r1, .L310+8
 3521 0148 D162     		str	r1, [r2, #44]
1355:Drivers/STM32F1xx_HAL_Driver/Src/stm32f1xx_hal_tim_ex.c **** 
 3522              		.loc 1 1355 7 is_stmt 1 view .LVU992
1355:Drivers/STM32F1xx_HAL_Driver/Src/stm32f1xx_hal_tim_ex.c **** 
 3523              		.loc 1 1355 17 is_stmt 0 view .LVU993
 3524 014a 626A     		ldr	r2, [r4, #36]
1355:Drivers/STM32F1xx_HAL_Driver/Src/stm32f1xx_hal_tim_ex.c **** 
 3525              		.loc 1 1355 53 view .LVU994
 3526 014c 2C49     		ldr	r1, .L310+12
ARM GAS  C:\Users\ride_pig\AppData\Local\Temp\ccPlGaWa.s 			page 120


 3527 014e 1163     		str	r1, [r2, #48]
1358:Drivers/STM32F1xx_HAL_Driver/Src/stm32f1xx_hal_tim_ex.c ****                          Length) != HAL_OK)
 3528              		.loc 1 1358 7 is_stmt 1 view .LVU995
1358:Drivers/STM32F1xx_HAL_Driver/Src/stm32f1xx_hal_tim_ex.c ****                          Length) != HAL_OK)
 3529              		.loc 1 1358 88 is_stmt 0 view .LVU996
 3530 0150 2268     		ldr	r2, [r4]
1358:Drivers/STM32F1xx_HAL_Driver/Src/stm32f1xx_hal_tim_ex.c ****                          Length) != HAL_OK)
 3531              		.loc 1 1358 11 view .LVU997
 3532 0152 3432     		adds	r2, r2, #52
 3533 0154 3146     		mov	r1, r6
 3534 0156 606A     		ldr	r0, [r4, #36]
 3535 0158 FFF7FEFF 		bl	HAL_DMA_Start_IT
 3536              	.LVL227:
1358:Drivers/STM32F1xx_HAL_Driver/Src/stm32f1xx_hal_tim_ex.c ****                          Length) != HAL_OK)
 3537              		.loc 1 1358 10 view .LVU998
 3538 015c 0028     		cmp	r0, #0
 3539 015e 41D1     		bne	.L297
1365:Drivers/STM32F1xx_HAL_Driver/Src/stm32f1xx_hal_tim_ex.c ****       break;
 3540              		.loc 1 1365 7 is_stmt 1 view .LVU999
 3541 0160 2268     		ldr	r2, [r4]
 3542 0162 D368     		ldr	r3, [r2, #12]
 3543 0164 43F40073 		orr	r3, r3, #512
 3544 0168 D360     		str	r3, [r2, #12]
1366:Drivers/STM32F1xx_HAL_Driver/Src/stm32f1xx_hal_tim_ex.c ****     }
 3545              		.loc 1 1366 7 view .LVU1000
 3546 016a 74E7     		b	.L291
 3547              	.LVL228:
 3548              	.L289:
1372:Drivers/STM32F1xx_HAL_Driver/Src/stm32f1xx_hal_tim_ex.c ****       htim->hdma[TIM_DMA_ID_CC2]->XferHalfCpltCallback = TIM_DMADelayPulseHalfCplt;
 3549              		.loc 1 1372 7 view .LVU1001
1372:Drivers/STM32F1xx_HAL_Driver/Src/stm32f1xx_hal_tim_ex.c ****       htim->hdma[TIM_DMA_ID_CC2]->XferHalfCpltCallback = TIM_DMADelayPulseHalfCplt;
 3550              		.loc 1 1372 17 is_stmt 0 view .LVU1002
 3551 016c A26A     		ldr	r2, [r4, #40]
1372:Drivers/STM32F1xx_HAL_Driver/Src/stm32f1xx_hal_tim_ex.c ****       htim->hdma[TIM_DMA_ID_CC2]->XferHalfCpltCallback = TIM_DMADelayPulseHalfCplt;
 3552              		.loc 1 1372 52 view .LVU1003
 3553 016e 2249     		ldr	r1, .L310+4
 3554              	.LVL229:
1372:Drivers/STM32F1xx_HAL_Driver/Src/stm32f1xx_hal_tim_ex.c ****       htim->hdma[TIM_DMA_ID_CC2]->XferHalfCpltCallback = TIM_DMADelayPulseHalfCplt;
 3555              		.loc 1 1372 52 view .LVU1004
 3556 0170 9162     		str	r1, [r2, #40]
1373:Drivers/STM32F1xx_HAL_Driver/Src/stm32f1xx_hal_tim_ex.c **** 
 3557              		.loc 1 1373 7 is_stmt 1 view .LVU1005
1373:Drivers/STM32F1xx_HAL_Driver/Src/stm32f1xx_hal_tim_ex.c **** 
 3558              		.loc 1 1373 17 is_stmt 0 view .LVU1006
 3559 0172 A26A     		ldr	r2, [r4, #40]
1373:Drivers/STM32F1xx_HAL_Driver/Src/stm32f1xx_hal_tim_ex.c **** 
 3560              		.loc 1 1373 56 view .LVU1007
 3561 0174 2149     		ldr	r1, .L310+8
 3562 0176 D162     		str	r1, [r2, #44]
1376:Drivers/STM32F1xx_HAL_Driver/Src/stm32f1xx_hal_tim_ex.c **** 
 3563              		.loc 1 1376 7 is_stmt 1 view .LVU1008
1376:Drivers/STM32F1xx_HAL_Driver/Src/stm32f1xx_hal_tim_ex.c **** 
 3564              		.loc 1 1376 17 is_stmt 0 view .LVU1009
 3565 0178 A26A     		ldr	r2, [r4, #40]
1376:Drivers/STM32F1xx_HAL_Driver/Src/stm32f1xx_hal_tim_ex.c **** 
 3566              		.loc 1 1376 53 view .LVU1010
 3567 017a 2149     		ldr	r1, .L310+12
ARM GAS  C:\Users\ride_pig\AppData\Local\Temp\ccPlGaWa.s 			page 121


 3568 017c 1163     		str	r1, [r2, #48]
1379:Drivers/STM32F1xx_HAL_Driver/Src/stm32f1xx_hal_tim_ex.c ****                          Length) != HAL_OK)
 3569              		.loc 1 1379 7 is_stmt 1 view .LVU1011
1379:Drivers/STM32F1xx_HAL_Driver/Src/stm32f1xx_hal_tim_ex.c ****                          Length) != HAL_OK)
 3570              		.loc 1 1379 88 is_stmt 0 view .LVU1012
 3571 017e 2268     		ldr	r2, [r4]
1379:Drivers/STM32F1xx_HAL_Driver/Src/stm32f1xx_hal_tim_ex.c ****                          Length) != HAL_OK)
 3572              		.loc 1 1379 11 view .LVU1013
 3573 0180 3832     		adds	r2, r2, #56
 3574 0182 3146     		mov	r1, r6
 3575 0184 A06A     		ldr	r0, [r4, #40]
 3576 0186 FFF7FEFF 		bl	HAL_DMA_Start_IT
 3577              	.LVL230:
1379:Drivers/STM32F1xx_HAL_Driver/Src/stm32f1xx_hal_tim_ex.c ****                          Length) != HAL_OK)
 3578              		.loc 1 1379 10 view .LVU1014
 3579 018a 0028     		cmp	r0, #0
 3580 018c 2CD1     		bne	.L298
1386:Drivers/STM32F1xx_HAL_Driver/Src/stm32f1xx_hal_tim_ex.c ****       break;
 3581              		.loc 1 1386 7 is_stmt 1 view .LVU1015
 3582 018e 2268     		ldr	r2, [r4]
 3583 0190 D368     		ldr	r3, [r2, #12]
 3584 0192 43F48063 		orr	r3, r3, #1024
 3585 0196 D360     		str	r3, [r2, #12]
1387:Drivers/STM32F1xx_HAL_Driver/Src/stm32f1xx_hal_tim_ex.c ****     }
 3586              		.loc 1 1387 7 view .LVU1016
 3587 0198 5DE7     		b	.L291
 3588              	.LVL231:
 3589              	.L290:
1393:Drivers/STM32F1xx_HAL_Driver/Src/stm32f1xx_hal_tim_ex.c ****       htim->hdma[TIM_DMA_ID_CC3]->XferHalfCpltCallback = TIM_DMADelayPulseHalfCplt;
 3590              		.loc 1 1393 7 view .LVU1017
1393:Drivers/STM32F1xx_HAL_Driver/Src/stm32f1xx_hal_tim_ex.c ****       htim->hdma[TIM_DMA_ID_CC3]->XferHalfCpltCallback = TIM_DMADelayPulseHalfCplt;
 3591              		.loc 1 1393 17 is_stmt 0 view .LVU1018
 3592 019a E26A     		ldr	r2, [r4, #44]
1393:Drivers/STM32F1xx_HAL_Driver/Src/stm32f1xx_hal_tim_ex.c ****       htim->hdma[TIM_DMA_ID_CC3]->XferHalfCpltCallback = TIM_DMADelayPulseHalfCplt;
 3593              		.loc 1 1393 52 view .LVU1019
 3594 019c 1649     		ldr	r1, .L310+4
 3595              	.LVL232:
1393:Drivers/STM32F1xx_HAL_Driver/Src/stm32f1xx_hal_tim_ex.c ****       htim->hdma[TIM_DMA_ID_CC3]->XferHalfCpltCallback = TIM_DMADelayPulseHalfCplt;
 3596              		.loc 1 1393 52 view .LVU1020
 3597 019e 9162     		str	r1, [r2, #40]
1394:Drivers/STM32F1xx_HAL_Driver/Src/stm32f1xx_hal_tim_ex.c **** 
 3598              		.loc 1 1394 7 is_stmt 1 view .LVU1021
1394:Drivers/STM32F1xx_HAL_Driver/Src/stm32f1xx_hal_tim_ex.c **** 
 3599              		.loc 1 1394 17 is_stmt 0 view .LVU1022
 3600 01a0 E26A     		ldr	r2, [r4, #44]
1394:Drivers/STM32F1xx_HAL_Driver/Src/stm32f1xx_hal_tim_ex.c **** 
 3601              		.loc 1 1394 56 view .LVU1023
 3602 01a2 1649     		ldr	r1, .L310+8
 3603 01a4 D162     		str	r1, [r2, #44]
1397:Drivers/STM32F1xx_HAL_Driver/Src/stm32f1xx_hal_tim_ex.c **** 
 3604              		.loc 1 1397 7 is_stmt 1 view .LVU1024
1397:Drivers/STM32F1xx_HAL_Driver/Src/stm32f1xx_hal_tim_ex.c **** 
 3605              		.loc 1 1397 17 is_stmt 0 view .LVU1025
 3606 01a6 E26A     		ldr	r2, [r4, #44]
1397:Drivers/STM32F1xx_HAL_Driver/Src/stm32f1xx_hal_tim_ex.c **** 
 3607              		.loc 1 1397 53 view .LVU1026
 3608 01a8 1549     		ldr	r1, .L310+12
ARM GAS  C:\Users\ride_pig\AppData\Local\Temp\ccPlGaWa.s 			page 122


 3609 01aa 1163     		str	r1, [r2, #48]
1400:Drivers/STM32F1xx_HAL_Driver/Src/stm32f1xx_hal_tim_ex.c ****                          Length) != HAL_OK)
 3610              		.loc 1 1400 7 is_stmt 1 view .LVU1027
1400:Drivers/STM32F1xx_HAL_Driver/Src/stm32f1xx_hal_tim_ex.c ****                          Length) != HAL_OK)
 3611              		.loc 1 1400 88 is_stmt 0 view .LVU1028
 3612 01ac 2268     		ldr	r2, [r4]
1400:Drivers/STM32F1xx_HAL_Driver/Src/stm32f1xx_hal_tim_ex.c ****                          Length) != HAL_OK)
 3613              		.loc 1 1400 11 view .LVU1029
 3614 01ae 3C32     		adds	r2, r2, #60
 3615 01b0 3146     		mov	r1, r6
 3616 01b2 E06A     		ldr	r0, [r4, #44]
 3617 01b4 FFF7FEFF 		bl	HAL_DMA_Start_IT
 3618              	.LVL233:
1400:Drivers/STM32F1xx_HAL_Driver/Src/stm32f1xx_hal_tim_ex.c ****                          Length) != HAL_OK)
 3619              		.loc 1 1400 10 view .LVU1030
 3620 01b8 C0B9     		cbnz	r0, .L299
1407:Drivers/STM32F1xx_HAL_Driver/Src/stm32f1xx_hal_tim_ex.c ****       break;
 3621              		.loc 1 1407 7 is_stmt 1 view .LVU1031
 3622 01ba 2268     		ldr	r2, [r4]
 3623 01bc D368     		ldr	r3, [r2, #12]
 3624 01be 43F40063 		orr	r3, r3, #2048
 3625 01c2 D360     		str	r3, [r2, #12]
1408:Drivers/STM32F1xx_HAL_Driver/Src/stm32f1xx_hal_tim_ex.c ****     }
 3626              		.loc 1 1408 7 view .LVU1032
 3627 01c4 47E7     		b	.L291
 3628              	.L292:
1424:Drivers/STM32F1xx_HAL_Driver/Src/stm32f1xx_hal_tim_ex.c ****     if (!IS_TIM_SLAVEMODE_TRIGGER_ENABLED(tmpsmcr))
 3629              		.loc 1 1424 5 view .LVU1033
1424:Drivers/STM32F1xx_HAL_Driver/Src/stm32f1xx_hal_tim_ex.c ****     if (!IS_TIM_SLAVEMODE_TRIGGER_ENABLED(tmpsmcr))
 3630              		.loc 1 1424 29 is_stmt 0 view .LVU1034
 3631 01c6 9A68     		ldr	r2, [r3, #8]
1424:Drivers/STM32F1xx_HAL_Driver/Src/stm32f1xx_hal_tim_ex.c ****     if (!IS_TIM_SLAVEMODE_TRIGGER_ENABLED(tmpsmcr))
 3632              		.loc 1 1424 13 view .LVU1035
 3633 01c8 02F00702 		and	r2, r2, #7
 3634              	.LVL234:
1425:Drivers/STM32F1xx_HAL_Driver/Src/stm32f1xx_hal_tim_ex.c ****     {
 3635              		.loc 1 1425 5 is_stmt 1 view .LVU1036
1425:Drivers/STM32F1xx_HAL_Driver/Src/stm32f1xx_hal_tim_ex.c ****     {
 3636              		.loc 1 1425 8 is_stmt 0 view .LVU1037
 3637 01cc 062A     		cmp	r2, #6
 3638 01ce 0FD0     		beq	.L300
1427:Drivers/STM32F1xx_HAL_Driver/Src/stm32f1xx_hal_tim_ex.c ****     }
 3639              		.loc 1 1427 7 is_stmt 1 view .LVU1038
 3640 01d0 1A68     		ldr	r2, [r3]
 3641              	.LVL235:
1427:Drivers/STM32F1xx_HAL_Driver/Src/stm32f1xx_hal_tim_ex.c ****     }
 3642              		.loc 1 1427 7 is_stmt 0 view .LVU1039
 3643 01d2 42F00102 		orr	r2, r2, #1
 3644 01d6 1A60     		str	r2, [r3]
1436:Drivers/STM32F1xx_HAL_Driver/Src/stm32f1xx_hal_tim_ex.c **** }
 3645              		.loc 1 1436 10 view .LVU1040
 3646 01d8 0020     		movs	r0, #0
 3647 01da 02E0     		b	.L279
 3648              	.LVL236:
 3649              	.L294:
1328:Drivers/STM32F1xx_HAL_Driver/Src/stm32f1xx_hal_tim_ex.c ****   }
 3650              		.loc 1 1328 12 view .LVU1041
ARM GAS  C:\Users\ride_pig\AppData\Local\Temp\ccPlGaWa.s 			page 123


 3651 01dc 0220     		movs	r0, #2
 3652 01de 00E0     		b	.L279
 3653              	.LVL237:
 3654              	.L295:
1343:Drivers/STM32F1xx_HAL_Driver/Src/stm32f1xx_hal_tim_ex.c ****   }
 3655              		.loc 1 1343 12 view .LVU1042
 3656 01e0 0120     		movs	r0, #1
 3657              	.LVL238:
 3658              	.L279:
1437:Drivers/STM32F1xx_HAL_Driver/Src/stm32f1xx_hal_tim_ex.c **** 
 3659              		.loc 1 1437 1 view .LVU1043
 3660 01e2 70BD     		pop	{r4, r5, r6, pc}
 3661              	.LVL239:
 3662              	.L297:
1362:Drivers/STM32F1xx_HAL_Driver/Src/stm32f1xx_hal_tim_ex.c ****       }
 3663              		.loc 1 1362 16 view .LVU1044
 3664 01e4 0120     		movs	r0, #1
 3665 01e6 FCE7     		b	.L279
 3666              	.L298:
1383:Drivers/STM32F1xx_HAL_Driver/Src/stm32f1xx_hal_tim_ex.c ****       }
 3667              		.loc 1 1383 16 view .LVU1045
 3668 01e8 0120     		movs	r0, #1
 3669 01ea FAE7     		b	.L279
 3670              	.L299:
1404:Drivers/STM32F1xx_HAL_Driver/Src/stm32f1xx_hal_tim_ex.c ****       }
 3671              		.loc 1 1404 16 view .LVU1046
 3672 01ec 0120     		movs	r0, #1
 3673 01ee F8E7     		b	.L279
 3674              	.LVL240:
 3675              	.L300:
1436:Drivers/STM32F1xx_HAL_Driver/Src/stm32f1xx_hal_tim_ex.c **** }
 3676              		.loc 1 1436 10 view .LVU1047
 3677 01f0 0020     		movs	r0, #0
 3678 01f2 F6E7     		b	.L279
 3679              	.L311:
 3680              		.align	2
 3681              	.L310:
 3682 01f4 002C0140 		.word	1073818624
 3683 01f8 00000000 		.word	TIM_DMADelayPulseNCplt
 3684 01fc 00000000 		.word	TIM_DMADelayPulseHalfCplt
 3685 0200 00000000 		.word	TIM_DMAErrorCCxN
 3686              		.cfi_endproc
 3687              	.LFE85:
 3689              		.section	.text.HAL_TIMEx_PWMN_Stop_DMA,"ax",%progbits
 3690              		.align	1
 3691              		.global	HAL_TIMEx_PWMN_Stop_DMA
 3692              		.syntax unified
 3693              		.thumb
 3694              		.thumb_func
 3696              	HAL_TIMEx_PWMN_Stop_DMA:
 3697              	.LVL241:
 3698              	.LFB86:
1451:Drivers/STM32F1xx_HAL_Driver/Src/stm32f1xx_hal_tim_ex.c ****   /* Check the parameters */
 3699              		.loc 1 1451 1 is_stmt 1 view -0
 3700              		.cfi_startproc
 3701              		@ args = 0, pretend = 0, frame = 0
 3702              		@ frame_needed = 0, uses_anonymous_args = 0
ARM GAS  C:\Users\ride_pig\AppData\Local\Temp\ccPlGaWa.s 			page 124


1451:Drivers/STM32F1xx_HAL_Driver/Src/stm32f1xx_hal_tim_ex.c ****   /* Check the parameters */
 3703              		.loc 1 1451 1 is_stmt 0 view .LVU1049
 3704 0000 38B5     		push	{r3, r4, r5, lr}
 3705              	.LCFI25:
 3706              		.cfi_def_cfa_offset 16
 3707              		.cfi_offset 3, -16
 3708              		.cfi_offset 4, -12
 3709              		.cfi_offset 5, -8
 3710              		.cfi_offset 14, -4
 3711 0002 0546     		mov	r5, r0
 3712 0004 0C46     		mov	r4, r1
1453:Drivers/STM32F1xx_HAL_Driver/Src/stm32f1xx_hal_tim_ex.c **** 
 3713              		.loc 1 1453 3 is_stmt 1 view .LVU1050
1455:Drivers/STM32F1xx_HAL_Driver/Src/stm32f1xx_hal_tim_ex.c ****   {
 3714              		.loc 1 1455 3 view .LVU1051
 3715 0006 0429     		cmp	r1, #4
 3716 0008 34D0     		beq	.L313
 3717 000a 0829     		cmp	r1, #8
 3718 000c 3BD0     		beq	.L314
 3719 000e 41B3     		cbz	r1, .L323
 3720              	.LVL242:
 3721              	.L315:
1486:Drivers/STM32F1xx_HAL_Driver/Src/stm32f1xx_hal_tim_ex.c **** 
 3722              		.loc 1 1486 3 view .LVU1052
 3723 0010 0022     		movs	r2, #0
 3724 0012 2146     		mov	r1, r4
 3725 0014 2868     		ldr	r0, [r5]
 3726 0016 FFF7FEFF 		bl	TIM_CCxNChannelCmd
 3727              	.LVL243:
1489:Drivers/STM32F1xx_HAL_Driver/Src/stm32f1xx_hal_tim_ex.c **** 
 3728              		.loc 1 1489 3 view .LVU1053
1489:Drivers/STM32F1xx_HAL_Driver/Src/stm32f1xx_hal_tim_ex.c **** 
 3729              		.loc 1 1489 3 view .LVU1054
 3730 001a 2B68     		ldr	r3, [r5]
 3731 001c 196A     		ldr	r1, [r3, #32]
 3732 001e 41F21112 		movw	r2, #4369
 3733 0022 1142     		tst	r1, r2
 3734 0024 08D1     		bne	.L316
1489:Drivers/STM32F1xx_HAL_Driver/Src/stm32f1xx_hal_tim_ex.c **** 
 3735              		.loc 1 1489 3 discriminator 1 view .LVU1055
 3736 0026 196A     		ldr	r1, [r3, #32]
 3737 0028 40F24442 		movw	r2, #1092
 3738 002c 1142     		tst	r1, r2
 3739 002e 03D1     		bne	.L316
1489:Drivers/STM32F1xx_HAL_Driver/Src/stm32f1xx_hal_tim_ex.c **** 
 3740              		.loc 1 1489 3 discriminator 3 view .LVU1056
 3741 0030 5A6C     		ldr	r2, [r3, #68]
 3742 0032 22F40042 		bic	r2, r2, #32768
 3743 0036 5A64     		str	r2, [r3, #68]
 3744              	.L316:
1489:Drivers/STM32F1xx_HAL_Driver/Src/stm32f1xx_hal_tim_ex.c **** 
 3745              		.loc 1 1489 3 discriminator 5 view .LVU1057
1492:Drivers/STM32F1xx_HAL_Driver/Src/stm32f1xx_hal_tim_ex.c **** 
 3746              		.loc 1 1492 3 discriminator 5 view .LVU1058
1492:Drivers/STM32F1xx_HAL_Driver/Src/stm32f1xx_hal_tim_ex.c **** 
 3747              		.loc 1 1492 3 discriminator 5 view .LVU1059
 3748 0038 2B68     		ldr	r3, [r5]
ARM GAS  C:\Users\ride_pig\AppData\Local\Temp\ccPlGaWa.s 			page 125


 3749 003a 196A     		ldr	r1, [r3, #32]
 3750 003c 41F21112 		movw	r2, #4369
 3751 0040 1142     		tst	r1, r2
 3752 0042 08D1     		bne	.L317
1492:Drivers/STM32F1xx_HAL_Driver/Src/stm32f1xx_hal_tim_ex.c **** 
 3753              		.loc 1 1492 3 discriminator 1 view .LVU1060
 3754 0044 196A     		ldr	r1, [r3, #32]
 3755 0046 40F24442 		movw	r2, #1092
 3756 004a 1142     		tst	r1, r2
 3757 004c 03D1     		bne	.L317
1492:Drivers/STM32F1xx_HAL_Driver/Src/stm32f1xx_hal_tim_ex.c **** 
 3758              		.loc 1 1492 3 discriminator 3 view .LVU1061
 3759 004e 1A68     		ldr	r2, [r3]
 3760 0050 22F00102 		bic	r2, r2, #1
 3761 0054 1A60     		str	r2, [r3]
 3762              	.L317:
1492:Drivers/STM32F1xx_HAL_Driver/Src/stm32f1xx_hal_tim_ex.c **** 
 3763              		.loc 1 1492 3 discriminator 5 view .LVU1062
1495:Drivers/STM32F1xx_HAL_Driver/Src/stm32f1xx_hal_tim_ex.c **** 
 3764              		.loc 1 1495 3 discriminator 5 view .LVU1063
 3765 0056 FCB9     		cbnz	r4, .L318
1495:Drivers/STM32F1xx_HAL_Driver/Src/stm32f1xx_hal_tim_ex.c **** 
 3766              		.loc 1 1495 3 is_stmt 0 discriminator 1 view .LVU1064
 3767 0058 0123     		movs	r3, #1
 3768 005a 85F84230 		strb	r3, [r5, #66]
 3769              	.L319:
1498:Drivers/STM32F1xx_HAL_Driver/Src/stm32f1xx_hal_tim_ex.c **** }
 3770              		.loc 1 1498 3 is_stmt 1 view .LVU1065
1499:Drivers/STM32F1xx_HAL_Driver/Src/stm32f1xx_hal_tim_ex.c **** 
 3771              		.loc 1 1499 1 is_stmt 0 view .LVU1066
 3772 005e 0020     		movs	r0, #0
 3773 0060 38BD     		pop	{r3, r4, r5, pc}
 3774              	.LVL244:
 3775              	.L323:
1460:Drivers/STM32F1xx_HAL_Driver/Src/stm32f1xx_hal_tim_ex.c ****       (void)HAL_DMA_Abort_IT(htim->hdma[TIM_DMA_ID_CC1]);
 3776              		.loc 1 1460 7 is_stmt 1 view .LVU1067
 3777 0062 0268     		ldr	r2, [r0]
 3778 0064 D368     		ldr	r3, [r2, #12]
 3779 0066 23F40073 		bic	r3, r3, #512
 3780 006a D360     		str	r3, [r2, #12]
1461:Drivers/STM32F1xx_HAL_Driver/Src/stm32f1xx_hal_tim_ex.c ****       break;
 3781              		.loc 1 1461 7 view .LVU1068
1461:Drivers/STM32F1xx_HAL_Driver/Src/stm32f1xx_hal_tim_ex.c ****       break;
 3782              		.loc 1 1461 13 is_stmt 0 view .LVU1069
 3783 006c 406A     		ldr	r0, [r0, #36]
 3784              	.LVL245:
1461:Drivers/STM32F1xx_HAL_Driver/Src/stm32f1xx_hal_tim_ex.c ****       break;
 3785              		.loc 1 1461 13 view .LVU1070
 3786 006e FFF7FEFF 		bl	HAL_DMA_Abort_IT
 3787              	.LVL246:
1462:Drivers/STM32F1xx_HAL_Driver/Src/stm32f1xx_hal_tim_ex.c ****     }
 3788              		.loc 1 1462 7 is_stmt 1 view .LVU1071
 3789 0072 CDE7     		b	.L315
 3790              	.LVL247:
 3791              	.L313:
1468:Drivers/STM32F1xx_HAL_Driver/Src/stm32f1xx_hal_tim_ex.c ****       (void)HAL_DMA_Abort_IT(htim->hdma[TIM_DMA_ID_CC2]);
 3792              		.loc 1 1468 7 view .LVU1072
ARM GAS  C:\Users\ride_pig\AppData\Local\Temp\ccPlGaWa.s 			page 126


 3793 0074 0268     		ldr	r2, [r0]
 3794 0076 D368     		ldr	r3, [r2, #12]
 3795 0078 23F48063 		bic	r3, r3, #1024
 3796 007c D360     		str	r3, [r2, #12]
1469:Drivers/STM32F1xx_HAL_Driver/Src/stm32f1xx_hal_tim_ex.c ****       break;
 3797              		.loc 1 1469 7 view .LVU1073
1469:Drivers/STM32F1xx_HAL_Driver/Src/stm32f1xx_hal_tim_ex.c ****       break;
 3798              		.loc 1 1469 13 is_stmt 0 view .LVU1074
 3799 007e 806A     		ldr	r0, [r0, #40]
 3800              	.LVL248:
1469:Drivers/STM32F1xx_HAL_Driver/Src/stm32f1xx_hal_tim_ex.c ****       break;
 3801              		.loc 1 1469 13 view .LVU1075
 3802 0080 FFF7FEFF 		bl	HAL_DMA_Abort_IT
 3803              	.LVL249:
1470:Drivers/STM32F1xx_HAL_Driver/Src/stm32f1xx_hal_tim_ex.c ****     }
 3804              		.loc 1 1470 7 is_stmt 1 view .LVU1076
 3805 0084 C4E7     		b	.L315
 3806              	.LVL250:
 3807              	.L314:
1476:Drivers/STM32F1xx_HAL_Driver/Src/stm32f1xx_hal_tim_ex.c ****       (void)HAL_DMA_Abort_IT(htim->hdma[TIM_DMA_ID_CC3]);
 3808              		.loc 1 1476 7 view .LVU1077
 3809 0086 0268     		ldr	r2, [r0]
 3810 0088 D368     		ldr	r3, [r2, #12]
 3811 008a 23F40063 		bic	r3, r3, #2048
 3812 008e D360     		str	r3, [r2, #12]
1477:Drivers/STM32F1xx_HAL_Driver/Src/stm32f1xx_hal_tim_ex.c ****       break;
 3813              		.loc 1 1477 7 view .LVU1078
1477:Drivers/STM32F1xx_HAL_Driver/Src/stm32f1xx_hal_tim_ex.c ****       break;
 3814              		.loc 1 1477 13 is_stmt 0 view .LVU1079
 3815 0090 C06A     		ldr	r0, [r0, #44]
 3816              	.LVL251:
1477:Drivers/STM32F1xx_HAL_Driver/Src/stm32f1xx_hal_tim_ex.c ****       break;
 3817              		.loc 1 1477 13 view .LVU1080
 3818 0092 FFF7FEFF 		bl	HAL_DMA_Abort_IT
 3819              	.LVL252:
1478:Drivers/STM32F1xx_HAL_Driver/Src/stm32f1xx_hal_tim_ex.c ****     }
 3820              		.loc 1 1478 7 is_stmt 1 view .LVU1081
 3821 0096 BBE7     		b	.L315
 3822              	.L318:
1495:Drivers/STM32F1xx_HAL_Driver/Src/stm32f1xx_hal_tim_ex.c **** 
 3823              		.loc 1 1495 3 is_stmt 0 discriminator 2 view .LVU1082
 3824 0098 042C     		cmp	r4, #4
 3825 009a 05D0     		beq	.L324
1495:Drivers/STM32F1xx_HAL_Driver/Src/stm32f1xx_hal_tim_ex.c **** 
 3826              		.loc 1 1495 3 discriminator 4 view .LVU1083
 3827 009c 082C     		cmp	r4, #8
 3828 009e 07D0     		beq	.L325
1495:Drivers/STM32F1xx_HAL_Driver/Src/stm32f1xx_hal_tim_ex.c **** 
 3829              		.loc 1 1495 3 discriminator 7 view .LVU1084
 3830 00a0 0123     		movs	r3, #1
 3831 00a2 85F84530 		strb	r3, [r5, #69]
 3832 00a6 DAE7     		b	.L319
 3833              	.L324:
1495:Drivers/STM32F1xx_HAL_Driver/Src/stm32f1xx_hal_tim_ex.c **** 
 3834              		.loc 1 1495 3 discriminator 3 view .LVU1085
 3835 00a8 0123     		movs	r3, #1
 3836 00aa 85F84330 		strb	r3, [r5, #67]
ARM GAS  C:\Users\ride_pig\AppData\Local\Temp\ccPlGaWa.s 			page 127


 3837 00ae D6E7     		b	.L319
 3838              	.L325:
1495:Drivers/STM32F1xx_HAL_Driver/Src/stm32f1xx_hal_tim_ex.c **** 
 3839              		.loc 1 1495 3 discriminator 6 view .LVU1086
 3840 00b0 0123     		movs	r3, #1
 3841 00b2 85F84430 		strb	r3, [r5, #68]
 3842 00b6 D2E7     		b	.L319
 3843              		.cfi_endproc
 3844              	.LFE86:
 3846              		.section	.text.HAL_TIMEx_OnePulseN_Start,"ax",%progbits
 3847              		.align	1
 3848              		.global	HAL_TIMEx_OnePulseN_Start
 3849              		.syntax unified
 3850              		.thumb
 3851              		.thumb_func
 3853              	HAL_TIMEx_OnePulseN_Start:
 3854              	.LVL253:
 3855              	.LFB87:
1536:Drivers/STM32F1xx_HAL_Driver/Src/stm32f1xx_hal_tim_ex.c ****   uint32_t input_channel = (OutputChannel == TIM_CHANNEL_1) ? TIM_CHANNEL_2 : TIM_CHANNEL_1;
 3856              		.loc 1 1536 1 is_stmt 1 view -0
 3857              		.cfi_startproc
 3858              		@ args = 0, pretend = 0, frame = 0
 3859              		@ frame_needed = 0, uses_anonymous_args = 0
1536:Drivers/STM32F1xx_HAL_Driver/Src/stm32f1xx_hal_tim_ex.c ****   uint32_t input_channel = (OutputChannel == TIM_CHANNEL_1) ? TIM_CHANNEL_2 : TIM_CHANNEL_1;
 3860              		.loc 1 1536 1 is_stmt 0 view .LVU1088
 3861 0000 38B5     		push	{r3, r4, r5, lr}
 3862              	.LCFI26:
 3863              		.cfi_def_cfa_offset 16
 3864              		.cfi_offset 3, -16
 3865              		.cfi_offset 4, -12
 3866              		.cfi_offset 5, -8
 3867              		.cfi_offset 14, -4
 3868 0002 0446     		mov	r4, r0
1537:Drivers/STM32F1xx_HAL_Driver/Src/stm32f1xx_hal_tim_ex.c ****   HAL_TIM_ChannelStateTypeDef channel_1_state = TIM_CHANNEL_STATE_GET(htim, TIM_CHANNEL_1);
 3869              		.loc 1 1537 3 is_stmt 1 view .LVU1089
1537:Drivers/STM32F1xx_HAL_Driver/Src/stm32f1xx_hal_tim_ex.c ****   HAL_TIM_ChannelStateTypeDef channel_1_state = TIM_CHANNEL_STATE_GET(htim, TIM_CHANNEL_1);
 3870              		.loc 1 1537 77 is_stmt 0 view .LVU1090
 3871 0004 8E46     		mov	lr, r1
 3872 0006 C1B9     		cbnz	r1, .L329
 3873 0008 0425     		movs	r5, #4
 3874              	.L327:
 3875              	.LVL254:
1538:Drivers/STM32F1xx_HAL_Driver/Src/stm32f1xx_hal_tim_ex.c ****   HAL_TIM_ChannelStateTypeDef channel_2_state = TIM_CHANNEL_STATE_GET(htim, TIM_CHANNEL_2);
 3876              		.loc 1 1538 3 is_stmt 1 discriminator 4 view .LVU1091
1538:Drivers/STM32F1xx_HAL_Driver/Src/stm32f1xx_hal_tim_ex.c ****   HAL_TIM_ChannelStateTypeDef channel_2_state = TIM_CHANNEL_STATE_GET(htim, TIM_CHANNEL_2);
 3877              		.loc 1 1538 31 is_stmt 0 discriminator 4 view .LVU1092
 3878 000a 94F83E00 		ldrb	r0, [r4, #62]	@ zero_extendqisi2
 3879              	.LVL255:
1538:Drivers/STM32F1xx_HAL_Driver/Src/stm32f1xx_hal_tim_ex.c ****   HAL_TIM_ChannelStateTypeDef channel_2_state = TIM_CHANNEL_STATE_GET(htim, TIM_CHANNEL_2);
 3880              		.loc 1 1538 31 discriminator 4 view .LVU1093
 3881 000e C0B2     		uxtb	r0, r0
 3882              	.LVL256:
1539:Drivers/STM32F1xx_HAL_Driver/Src/stm32f1xx_hal_tim_ex.c ****   HAL_TIM_ChannelStateTypeDef complementary_channel_1_state = TIM_CHANNEL_N_STATE_GET(htim, TIM_CHA
 3883              		.loc 1 1539 3 is_stmt 1 discriminator 4 view .LVU1094
1539:Drivers/STM32F1xx_HAL_Driver/Src/stm32f1xx_hal_tim_ex.c ****   HAL_TIM_ChannelStateTypeDef complementary_channel_1_state = TIM_CHANNEL_N_STATE_GET(htim, TIM_CHA
 3884              		.loc 1 1539 31 is_stmt 0 discriminator 4 view .LVU1095
 3885 0010 94F83F30 		ldrb	r3, [r4, #63]	@ zero_extendqisi2
ARM GAS  C:\Users\ride_pig\AppData\Local\Temp\ccPlGaWa.s 			page 128


 3886 0014 DBB2     		uxtb	r3, r3
 3887              	.LVL257:
1540:Drivers/STM32F1xx_HAL_Driver/Src/stm32f1xx_hal_tim_ex.c ****   HAL_TIM_ChannelStateTypeDef complementary_channel_2_state = TIM_CHANNEL_N_STATE_GET(htim, TIM_CHA
 3888              		.loc 1 1540 3 is_stmt 1 discriminator 4 view .LVU1096
1540:Drivers/STM32F1xx_HAL_Driver/Src/stm32f1xx_hal_tim_ex.c ****   HAL_TIM_ChannelStateTypeDef complementary_channel_2_state = TIM_CHANNEL_N_STATE_GET(htim, TIM_CHA
 3889              		.loc 1 1540 31 is_stmt 0 discriminator 4 view .LVU1097
 3890 0016 94F84220 		ldrb	r2, [r4, #66]	@ zero_extendqisi2
 3891 001a D2B2     		uxtb	r2, r2
 3892              	.LVL258:
1541:Drivers/STM32F1xx_HAL_Driver/Src/stm32f1xx_hal_tim_ex.c **** 
 3893              		.loc 1 1541 3 is_stmt 1 discriminator 4 view .LVU1098
1541:Drivers/STM32F1xx_HAL_Driver/Src/stm32f1xx_hal_tim_ex.c **** 
 3894              		.loc 1 1541 31 is_stmt 0 discriminator 4 view .LVU1099
 3895 001c 94F843C0 		ldrb	ip, [r4, #67]	@ zero_extendqisi2
 3896 0020 5FFA8CFC 		uxtb	ip, ip
 3897              	.LVL259:
1544:Drivers/STM32F1xx_HAL_Driver/Src/stm32f1xx_hal_tim_ex.c **** 
 3898              		.loc 1 1544 3 is_stmt 1 discriminator 4 view .LVU1100
1547:Drivers/STM32F1xx_HAL_Driver/Src/stm32f1xx_hal_tim_ex.c ****       || (channel_2_state != HAL_TIM_CHANNEL_STATE_READY)
 3899              		.loc 1 1547 3 discriminator 4 view .LVU1101
1547:Drivers/STM32F1xx_HAL_Driver/Src/stm32f1xx_hal_tim_ex.c ****       || (channel_2_state != HAL_TIM_CHANNEL_STATE_READY)
 3900              		.loc 1 1547 6 is_stmt 0 discriminator 4 view .LVU1102
 3901 0024 0128     		cmp	r0, #1
 3902 0026 24D1     		bne	.L330
1548:Drivers/STM32F1xx_HAL_Driver/Src/stm32f1xx_hal_tim_ex.c ****       || (complementary_channel_1_state != HAL_TIM_CHANNEL_STATE_READY)
 3903              		.loc 1 1548 7 view .LVU1103
 3904 0028 012B     		cmp	r3, #1
 3905 002a 23D1     		bne	.L328
1549:Drivers/STM32F1xx_HAL_Driver/Src/stm32f1xx_hal_tim_ex.c ****       || (complementary_channel_2_state != HAL_TIM_CHANNEL_STATE_READY))
 3906              		.loc 1 1549 7 view .LVU1104
 3907 002c 012A     		cmp	r2, #1
 3908 002e 22D1     		bne	.L331
1550:Drivers/STM32F1xx_HAL_Driver/Src/stm32f1xx_hal_tim_ex.c ****   {
 3909              		.loc 1 1550 7 view .LVU1105
 3910 0030 BCF1010F 		cmp	ip, #1
 3911 0034 03D0     		beq	.L334
1552:Drivers/STM32F1xx_HAL_Driver/Src/stm32f1xx_hal_tim_ex.c ****   }
 3912              		.loc 1 1552 12 view .LVU1106
 3913 0036 1046     		mov	r0, r2
 3914              	.LVL260:
1552:Drivers/STM32F1xx_HAL_Driver/Src/stm32f1xx_hal_tim_ex.c ****   }
 3915              		.loc 1 1552 12 view .LVU1107
 3916 0038 1CE0     		b	.L328
 3917              	.LVL261:
 3918              	.L329:
1537:Drivers/STM32F1xx_HAL_Driver/Src/stm32f1xx_hal_tim_ex.c ****   HAL_TIM_ChannelStateTypeDef channel_1_state = TIM_CHANNEL_STATE_GET(htim, TIM_CHANNEL_1);
 3919              		.loc 1 1537 77 view .LVU1108
 3920 003a 0025     		movs	r5, #0
 3921 003c E5E7     		b	.L327
 3922              	.LVL262:
 3923              	.L334:
1556:Drivers/STM32F1xx_HAL_Driver/Src/stm32f1xx_hal_tim_ex.c ****   TIM_CHANNEL_STATE_SET(htim, TIM_CHANNEL_2, HAL_TIM_CHANNEL_STATE_BUSY);
 3924              		.loc 1 1556 3 is_stmt 1 view .LVU1109
 3925 003e 0223     		movs	r3, #2
 3926              	.LVL263:
1556:Drivers/STM32F1xx_HAL_Driver/Src/stm32f1xx_hal_tim_ex.c ****   TIM_CHANNEL_STATE_SET(htim, TIM_CHANNEL_2, HAL_TIM_CHANNEL_STATE_BUSY);
 3927              		.loc 1 1556 3 is_stmt 0 view .LVU1110
ARM GAS  C:\Users\ride_pig\AppData\Local\Temp\ccPlGaWa.s 			page 129


 3928 0040 84F83E30 		strb	r3, [r4, #62]
1557:Drivers/STM32F1xx_HAL_Driver/Src/stm32f1xx_hal_tim_ex.c ****   TIM_CHANNEL_N_STATE_SET(htim, TIM_CHANNEL_1, HAL_TIM_CHANNEL_STATE_BUSY);
 3929              		.loc 1 1557 3 is_stmt 1 view .LVU1111
 3930 0044 84F83F30 		strb	r3, [r4, #63]
1558:Drivers/STM32F1xx_HAL_Driver/Src/stm32f1xx_hal_tim_ex.c ****   TIM_CHANNEL_N_STATE_SET(htim, TIM_CHANNEL_2, HAL_TIM_CHANNEL_STATE_BUSY);
 3931              		.loc 1 1558 3 view .LVU1112
 3932 0048 84F84230 		strb	r3, [r4, #66]
1559:Drivers/STM32F1xx_HAL_Driver/Src/stm32f1xx_hal_tim_ex.c **** 
 3933              		.loc 1 1559 3 view .LVU1113
 3934 004c 84F84330 		strb	r3, [r4, #67]
1562:Drivers/STM32F1xx_HAL_Driver/Src/stm32f1xx_hal_tim_ex.c ****   TIM_CCxChannelCmd(htim->Instance, input_channel, TIM_CCx_ENABLE);
 3935              		.loc 1 1562 3 view .LVU1114
 3936 0050 0422     		movs	r2, #4
 3937              	.LVL264:
1562:Drivers/STM32F1xx_HAL_Driver/Src/stm32f1xx_hal_tim_ex.c ****   TIM_CCxChannelCmd(htim->Instance, input_channel, TIM_CCx_ENABLE);
 3938              		.loc 1 1562 3 is_stmt 0 view .LVU1115
 3939 0052 7146     		mov	r1, lr
 3940              	.LVL265:
1562:Drivers/STM32F1xx_HAL_Driver/Src/stm32f1xx_hal_tim_ex.c ****   TIM_CCxChannelCmd(htim->Instance, input_channel, TIM_CCx_ENABLE);
 3941              		.loc 1 1562 3 view .LVU1116
 3942 0054 2068     		ldr	r0, [r4]
 3943              	.LVL266:
1562:Drivers/STM32F1xx_HAL_Driver/Src/stm32f1xx_hal_tim_ex.c ****   TIM_CCxChannelCmd(htim->Instance, input_channel, TIM_CCx_ENABLE);
 3944              		.loc 1 1562 3 view .LVU1117
 3945 0056 FFF7FEFF 		bl	TIM_CCxNChannelCmd
 3946              	.LVL267:
1563:Drivers/STM32F1xx_HAL_Driver/Src/stm32f1xx_hal_tim_ex.c **** 
 3947              		.loc 1 1563 3 is_stmt 1 view .LVU1118
 3948 005a 0122     		movs	r2, #1
 3949 005c 2946     		mov	r1, r5
 3950 005e 2068     		ldr	r0, [r4]
 3951 0060 FFF7FEFF 		bl	TIM_CCxChannelCmd
 3952              	.LVL268:
1566:Drivers/STM32F1xx_HAL_Driver/Src/stm32f1xx_hal_tim_ex.c **** 
 3953              		.loc 1 1566 3 view .LVU1119
 3954 0064 2268     		ldr	r2, [r4]
 3955 0066 536C     		ldr	r3, [r2, #68]
 3956 0068 43F40043 		orr	r3, r3, #32768
 3957 006c 5364     		str	r3, [r2, #68]
1569:Drivers/STM32F1xx_HAL_Driver/Src/stm32f1xx_hal_tim_ex.c **** }
 3958              		.loc 1 1569 3 view .LVU1120
1569:Drivers/STM32F1xx_HAL_Driver/Src/stm32f1xx_hal_tim_ex.c **** }
 3959              		.loc 1 1569 10 is_stmt 0 view .LVU1121
 3960 006e 0020     		movs	r0, #0
 3961 0070 00E0     		b	.L328
 3962              	.LVL269:
 3963              	.L330:
1552:Drivers/STM32F1xx_HAL_Driver/Src/stm32f1xx_hal_tim_ex.c ****   }
 3964              		.loc 1 1552 12 view .LVU1122
 3965 0072 0120     		movs	r0, #1
 3966              	.LVL270:
 3967              	.L328:
1570:Drivers/STM32F1xx_HAL_Driver/Src/stm32f1xx_hal_tim_ex.c **** 
 3968              		.loc 1 1570 1 view .LVU1123
 3969 0074 38BD     		pop	{r3, r4, r5, pc}
 3970              	.LVL271:
 3971              	.L331:
ARM GAS  C:\Users\ride_pig\AppData\Local\Temp\ccPlGaWa.s 			page 130


1552:Drivers/STM32F1xx_HAL_Driver/Src/stm32f1xx_hal_tim_ex.c ****   }
 3972              		.loc 1 1552 12 view .LVU1124
 3973 0076 1846     		mov	r0, r3
 3974              	.LVL272:
1552:Drivers/STM32F1xx_HAL_Driver/Src/stm32f1xx_hal_tim_ex.c ****   }
 3975              		.loc 1 1552 12 view .LVU1125
 3976 0078 FCE7     		b	.L328
 3977              		.cfi_endproc
 3978              	.LFE87:
 3980              		.section	.text.HAL_TIMEx_OnePulseN_Stop,"ax",%progbits
 3981              		.align	1
 3982              		.global	HAL_TIMEx_OnePulseN_Stop
 3983              		.syntax unified
 3984              		.thumb
 3985              		.thumb_func
 3987              	HAL_TIMEx_OnePulseN_Stop:
 3988              	.LVL273:
 3989              	.LFB88:
1585:Drivers/STM32F1xx_HAL_Driver/Src/stm32f1xx_hal_tim_ex.c ****   uint32_t input_channel = (OutputChannel == TIM_CHANNEL_1) ? TIM_CHANNEL_2 : TIM_CHANNEL_1;
 3990              		.loc 1 1585 1 is_stmt 1 view -0
 3991              		.cfi_startproc
 3992              		@ args = 0, pretend = 0, frame = 0
 3993              		@ frame_needed = 0, uses_anonymous_args = 0
1585:Drivers/STM32F1xx_HAL_Driver/Src/stm32f1xx_hal_tim_ex.c ****   uint32_t input_channel = (OutputChannel == TIM_CHANNEL_1) ? TIM_CHANNEL_2 : TIM_CHANNEL_1;
 3994              		.loc 1 1585 1 is_stmt 0 view .LVU1127
 3995 0000 38B5     		push	{r3, r4, r5, lr}
 3996              	.LCFI27:
 3997              		.cfi_def_cfa_offset 16
 3998              		.cfi_offset 3, -16
 3999              		.cfi_offset 4, -12
 4000              		.cfi_offset 5, -8
 4001              		.cfi_offset 14, -4
 4002 0002 0446     		mov	r4, r0
1586:Drivers/STM32F1xx_HAL_Driver/Src/stm32f1xx_hal_tim_ex.c **** 
 4003              		.loc 1 1586 3 is_stmt 1 view .LVU1128
1586:Drivers/STM32F1xx_HAL_Driver/Src/stm32f1xx_hal_tim_ex.c **** 
 4004              		.loc 1 1586 77 is_stmt 0 view .LVU1129
 4005 0004 0029     		cmp	r1, #0
 4006 0006 32D1     		bne	.L339
 4007 0008 0425     		movs	r5, #4
 4008              	.L336:
 4009              	.LVL274:
1589:Drivers/STM32F1xx_HAL_Driver/Src/stm32f1xx_hal_tim_ex.c **** 
 4010              		.loc 1 1589 3 is_stmt 1 discriminator 4 view .LVU1130
1592:Drivers/STM32F1xx_HAL_Driver/Src/stm32f1xx_hal_tim_ex.c ****   TIM_CCxChannelCmd(htim->Instance, input_channel, TIM_CCx_DISABLE);
 4011              		.loc 1 1592 3 discriminator 4 view .LVU1131
 4012 000a 0022     		movs	r2, #0
 4013 000c 2068     		ldr	r0, [r4]
 4014              	.LVL275:
1592:Drivers/STM32F1xx_HAL_Driver/Src/stm32f1xx_hal_tim_ex.c ****   TIM_CCxChannelCmd(htim->Instance, input_channel, TIM_CCx_DISABLE);
 4015              		.loc 1 1592 3 is_stmt 0 discriminator 4 view .LVU1132
 4016 000e FFF7FEFF 		bl	TIM_CCxNChannelCmd
 4017              	.LVL276:
1593:Drivers/STM32F1xx_HAL_Driver/Src/stm32f1xx_hal_tim_ex.c **** 
 4018              		.loc 1 1593 3 is_stmt 1 discriminator 4 view .LVU1133
 4019 0012 0022     		movs	r2, #0
 4020 0014 2946     		mov	r1, r5
ARM GAS  C:\Users\ride_pig\AppData\Local\Temp\ccPlGaWa.s 			page 131


 4021 0016 2068     		ldr	r0, [r4]
 4022 0018 FFF7FEFF 		bl	TIM_CCxChannelCmd
 4023              	.LVL277:
1596:Drivers/STM32F1xx_HAL_Driver/Src/stm32f1xx_hal_tim_ex.c **** 
 4024              		.loc 1 1596 3 discriminator 4 view .LVU1134
1596:Drivers/STM32F1xx_HAL_Driver/Src/stm32f1xx_hal_tim_ex.c **** 
 4025              		.loc 1 1596 3 discriminator 4 view .LVU1135
 4026 001c 2368     		ldr	r3, [r4]
 4027 001e 196A     		ldr	r1, [r3, #32]
 4028 0020 41F21112 		movw	r2, #4369
 4029 0024 1142     		tst	r1, r2
 4030 0026 08D1     		bne	.L337
1596:Drivers/STM32F1xx_HAL_Driver/Src/stm32f1xx_hal_tim_ex.c **** 
 4031              		.loc 1 1596 3 discriminator 1 view .LVU1136
 4032 0028 196A     		ldr	r1, [r3, #32]
 4033 002a 40F24442 		movw	r2, #1092
 4034 002e 1142     		tst	r1, r2
 4035 0030 03D1     		bne	.L337
1596:Drivers/STM32F1xx_HAL_Driver/Src/stm32f1xx_hal_tim_ex.c **** 
 4036              		.loc 1 1596 3 discriminator 3 view .LVU1137
 4037 0032 5A6C     		ldr	r2, [r3, #68]
 4038 0034 22F40042 		bic	r2, r2, #32768
 4039 0038 5A64     		str	r2, [r3, #68]
 4040              	.L337:
1596:Drivers/STM32F1xx_HAL_Driver/Src/stm32f1xx_hal_tim_ex.c **** 
 4041              		.loc 1 1596 3 discriminator 5 view .LVU1138
1599:Drivers/STM32F1xx_HAL_Driver/Src/stm32f1xx_hal_tim_ex.c **** 
 4042              		.loc 1 1599 3 discriminator 5 view .LVU1139
1599:Drivers/STM32F1xx_HAL_Driver/Src/stm32f1xx_hal_tim_ex.c **** 
 4043              		.loc 1 1599 3 discriminator 5 view .LVU1140
 4044 003a 2368     		ldr	r3, [r4]
 4045 003c 196A     		ldr	r1, [r3, #32]
 4046 003e 41F21112 		movw	r2, #4369
 4047 0042 1142     		tst	r1, r2
 4048 0044 08D1     		bne	.L338
1599:Drivers/STM32F1xx_HAL_Driver/Src/stm32f1xx_hal_tim_ex.c **** 
 4049              		.loc 1 1599 3 discriminator 1 view .LVU1141
 4050 0046 196A     		ldr	r1, [r3, #32]
 4051 0048 40F24442 		movw	r2, #1092
 4052 004c 1142     		tst	r1, r2
 4053 004e 03D1     		bne	.L338
1599:Drivers/STM32F1xx_HAL_Driver/Src/stm32f1xx_hal_tim_ex.c **** 
 4054              		.loc 1 1599 3 discriminator 3 view .LVU1142
 4055 0050 1A68     		ldr	r2, [r3]
 4056 0052 22F00102 		bic	r2, r2, #1
 4057 0056 1A60     		str	r2, [r3]
 4058              	.L338:
1599:Drivers/STM32F1xx_HAL_Driver/Src/stm32f1xx_hal_tim_ex.c **** 
 4059              		.loc 1 1599 3 discriminator 5 view .LVU1143
1602:Drivers/STM32F1xx_HAL_Driver/Src/stm32f1xx_hal_tim_ex.c ****   TIM_CHANNEL_STATE_SET(htim, TIM_CHANNEL_2, HAL_TIM_CHANNEL_STATE_READY);
 4060              		.loc 1 1602 3 discriminator 5 view .LVU1144
 4061 0058 0123     		movs	r3, #1
 4062 005a 84F83E30 		strb	r3, [r4, #62]
1603:Drivers/STM32F1xx_HAL_Driver/Src/stm32f1xx_hal_tim_ex.c ****   TIM_CHANNEL_N_STATE_SET(htim, TIM_CHANNEL_1, HAL_TIM_CHANNEL_STATE_READY);
 4063              		.loc 1 1603 3 discriminator 5 view .LVU1145
 4064 005e 84F83F30 		strb	r3, [r4, #63]
1604:Drivers/STM32F1xx_HAL_Driver/Src/stm32f1xx_hal_tim_ex.c ****   TIM_CHANNEL_N_STATE_SET(htim, TIM_CHANNEL_2, HAL_TIM_CHANNEL_STATE_READY);
ARM GAS  C:\Users\ride_pig\AppData\Local\Temp\ccPlGaWa.s 			page 132


 4065              		.loc 1 1604 3 discriminator 5 view .LVU1146
 4066 0062 84F84230 		strb	r3, [r4, #66]
1605:Drivers/STM32F1xx_HAL_Driver/Src/stm32f1xx_hal_tim_ex.c **** 
 4067              		.loc 1 1605 3 discriminator 5 view .LVU1147
 4068 0066 84F84330 		strb	r3, [r4, #67]
1608:Drivers/STM32F1xx_HAL_Driver/Src/stm32f1xx_hal_tim_ex.c **** }
 4069              		.loc 1 1608 3 discriminator 5 view .LVU1148
1609:Drivers/STM32F1xx_HAL_Driver/Src/stm32f1xx_hal_tim_ex.c **** 
 4070              		.loc 1 1609 1 is_stmt 0 discriminator 5 view .LVU1149
 4071 006a 0020     		movs	r0, #0
 4072 006c 38BD     		pop	{r3, r4, r5, pc}
 4073              	.LVL278:
 4074              	.L339:
1586:Drivers/STM32F1xx_HAL_Driver/Src/stm32f1xx_hal_tim_ex.c **** 
 4075              		.loc 1 1586 77 view .LVU1150
 4076 006e 0025     		movs	r5, #0
 4077 0070 CBE7     		b	.L336
 4078              		.cfi_endproc
 4079              	.LFE88:
 4081              		.section	.text.HAL_TIMEx_OnePulseN_Start_IT,"ax",%progbits
 4082              		.align	1
 4083              		.global	HAL_TIMEx_OnePulseN_Start_IT
 4084              		.syntax unified
 4085              		.thumb
 4086              		.thumb_func
 4088              	HAL_TIMEx_OnePulseN_Start_IT:
 4089              	.LVL279:
 4090              	.LFB89:
1624:Drivers/STM32F1xx_HAL_Driver/Src/stm32f1xx_hal_tim_ex.c ****   uint32_t input_channel = (OutputChannel == TIM_CHANNEL_1) ? TIM_CHANNEL_2 : TIM_CHANNEL_1;
 4091              		.loc 1 1624 1 is_stmt 1 view -0
 4092              		.cfi_startproc
 4093              		@ args = 0, pretend = 0, frame = 0
 4094              		@ frame_needed = 0, uses_anonymous_args = 0
1624:Drivers/STM32F1xx_HAL_Driver/Src/stm32f1xx_hal_tim_ex.c ****   uint32_t input_channel = (OutputChannel == TIM_CHANNEL_1) ? TIM_CHANNEL_2 : TIM_CHANNEL_1;
 4095              		.loc 1 1624 1 is_stmt 0 view .LVU1152
 4096 0000 38B5     		push	{r3, r4, r5, lr}
 4097              	.LCFI28:
 4098              		.cfi_def_cfa_offset 16
 4099              		.cfi_offset 3, -16
 4100              		.cfi_offset 4, -12
 4101              		.cfi_offset 5, -8
 4102              		.cfi_offset 14, -4
 4103 0002 0446     		mov	r4, r0
1625:Drivers/STM32F1xx_HAL_Driver/Src/stm32f1xx_hal_tim_ex.c ****   HAL_TIM_ChannelStateTypeDef channel_1_state = TIM_CHANNEL_STATE_GET(htim, TIM_CHANNEL_1);
 4104              		.loc 1 1625 3 is_stmt 1 view .LVU1153
1625:Drivers/STM32F1xx_HAL_Driver/Src/stm32f1xx_hal_tim_ex.c ****   HAL_TIM_ChannelStateTypeDef channel_1_state = TIM_CHANNEL_STATE_GET(htim, TIM_CHANNEL_1);
 4105              		.loc 1 1625 77 is_stmt 0 view .LVU1154
 4106 0004 8E46     		mov	lr, r1
 4107 0006 C1B9     		cbnz	r1, .L344
 4108 0008 0425     		movs	r5, #4
 4109              	.L342:
 4110              	.LVL280:
1626:Drivers/STM32F1xx_HAL_Driver/Src/stm32f1xx_hal_tim_ex.c ****   HAL_TIM_ChannelStateTypeDef channel_2_state = TIM_CHANNEL_STATE_GET(htim, TIM_CHANNEL_2);
 4111              		.loc 1 1626 3 is_stmt 1 discriminator 4 view .LVU1155
1626:Drivers/STM32F1xx_HAL_Driver/Src/stm32f1xx_hal_tim_ex.c ****   HAL_TIM_ChannelStateTypeDef channel_2_state = TIM_CHANNEL_STATE_GET(htim, TIM_CHANNEL_2);
 4112              		.loc 1 1626 31 is_stmt 0 discriminator 4 view .LVU1156
 4113 000a 94F83E00 		ldrb	r0, [r4, #62]	@ zero_extendqisi2
ARM GAS  C:\Users\ride_pig\AppData\Local\Temp\ccPlGaWa.s 			page 133


 4114              	.LVL281:
1626:Drivers/STM32F1xx_HAL_Driver/Src/stm32f1xx_hal_tim_ex.c ****   HAL_TIM_ChannelStateTypeDef channel_2_state = TIM_CHANNEL_STATE_GET(htim, TIM_CHANNEL_2);
 4115              		.loc 1 1626 31 discriminator 4 view .LVU1157
 4116 000e C0B2     		uxtb	r0, r0
 4117              	.LVL282:
1627:Drivers/STM32F1xx_HAL_Driver/Src/stm32f1xx_hal_tim_ex.c ****   HAL_TIM_ChannelStateTypeDef complementary_channel_1_state = TIM_CHANNEL_N_STATE_GET(htim, TIM_CHA
 4118              		.loc 1 1627 3 is_stmt 1 discriminator 4 view .LVU1158
1627:Drivers/STM32F1xx_HAL_Driver/Src/stm32f1xx_hal_tim_ex.c ****   HAL_TIM_ChannelStateTypeDef complementary_channel_1_state = TIM_CHANNEL_N_STATE_GET(htim, TIM_CHA
 4119              		.loc 1 1627 31 is_stmt 0 discriminator 4 view .LVU1159
 4120 0010 94F83F30 		ldrb	r3, [r4, #63]	@ zero_extendqisi2
 4121 0014 DBB2     		uxtb	r3, r3
 4122              	.LVL283:
1628:Drivers/STM32F1xx_HAL_Driver/Src/stm32f1xx_hal_tim_ex.c ****   HAL_TIM_ChannelStateTypeDef complementary_channel_2_state = TIM_CHANNEL_N_STATE_GET(htim, TIM_CHA
 4123              		.loc 1 1628 3 is_stmt 1 discriminator 4 view .LVU1160
1628:Drivers/STM32F1xx_HAL_Driver/Src/stm32f1xx_hal_tim_ex.c ****   HAL_TIM_ChannelStateTypeDef complementary_channel_2_state = TIM_CHANNEL_N_STATE_GET(htim, TIM_CHA
 4124              		.loc 1 1628 31 is_stmt 0 discriminator 4 view .LVU1161
 4125 0016 94F84220 		ldrb	r2, [r4, #66]	@ zero_extendqisi2
 4126 001a D2B2     		uxtb	r2, r2
 4127              	.LVL284:
1629:Drivers/STM32F1xx_HAL_Driver/Src/stm32f1xx_hal_tim_ex.c **** 
 4128              		.loc 1 1629 3 is_stmt 1 discriminator 4 view .LVU1162
1629:Drivers/STM32F1xx_HAL_Driver/Src/stm32f1xx_hal_tim_ex.c **** 
 4129              		.loc 1 1629 31 is_stmt 0 discriminator 4 view .LVU1163
 4130 001c 94F843C0 		ldrb	ip, [r4, #67]	@ zero_extendqisi2
 4131 0020 5FFA8CFC 		uxtb	ip, ip
 4132              	.LVL285:
1632:Drivers/STM32F1xx_HAL_Driver/Src/stm32f1xx_hal_tim_ex.c **** 
 4133              		.loc 1 1632 3 is_stmt 1 discriminator 4 view .LVU1164
1635:Drivers/STM32F1xx_HAL_Driver/Src/stm32f1xx_hal_tim_ex.c ****       || (channel_2_state != HAL_TIM_CHANNEL_STATE_READY)
 4134              		.loc 1 1635 3 discriminator 4 view .LVU1165
1635:Drivers/STM32F1xx_HAL_Driver/Src/stm32f1xx_hal_tim_ex.c ****       || (channel_2_state != HAL_TIM_CHANNEL_STATE_READY)
 4135              		.loc 1 1635 6 is_stmt 0 discriminator 4 view .LVU1166
 4136 0024 0128     		cmp	r0, #1
 4137 0026 2ED1     		bne	.L345
1636:Drivers/STM32F1xx_HAL_Driver/Src/stm32f1xx_hal_tim_ex.c ****       || (complementary_channel_1_state != HAL_TIM_CHANNEL_STATE_READY)
 4138              		.loc 1 1636 7 view .LVU1167
 4139 0028 012B     		cmp	r3, #1
 4140 002a 2DD1     		bne	.L343
1637:Drivers/STM32F1xx_HAL_Driver/Src/stm32f1xx_hal_tim_ex.c ****       || (complementary_channel_2_state != HAL_TIM_CHANNEL_STATE_READY))
 4141              		.loc 1 1637 7 view .LVU1168
 4142 002c 012A     		cmp	r2, #1
 4143 002e 2CD1     		bne	.L346
1638:Drivers/STM32F1xx_HAL_Driver/Src/stm32f1xx_hal_tim_ex.c ****   {
 4144              		.loc 1 1638 7 view .LVU1169
 4145 0030 BCF1010F 		cmp	ip, #1
 4146 0034 03D0     		beq	.L349
1640:Drivers/STM32F1xx_HAL_Driver/Src/stm32f1xx_hal_tim_ex.c ****   }
 4147              		.loc 1 1640 12 view .LVU1170
 4148 0036 1046     		mov	r0, r2
 4149              	.LVL286:
1640:Drivers/STM32F1xx_HAL_Driver/Src/stm32f1xx_hal_tim_ex.c ****   }
 4150              		.loc 1 1640 12 view .LVU1171
 4151 0038 26E0     		b	.L343
 4152              	.LVL287:
 4153              	.L344:
1625:Drivers/STM32F1xx_HAL_Driver/Src/stm32f1xx_hal_tim_ex.c ****   HAL_TIM_ChannelStateTypeDef channel_1_state = TIM_CHANNEL_STATE_GET(htim, TIM_CHANNEL_1);
 4154              		.loc 1 1625 77 view .LVU1172
ARM GAS  C:\Users\ride_pig\AppData\Local\Temp\ccPlGaWa.s 			page 134


 4155 003a 0025     		movs	r5, #0
 4156 003c E5E7     		b	.L342
 4157              	.LVL288:
 4158              	.L349:
1644:Drivers/STM32F1xx_HAL_Driver/Src/stm32f1xx_hal_tim_ex.c ****   TIM_CHANNEL_STATE_SET(htim, TIM_CHANNEL_2, HAL_TIM_CHANNEL_STATE_BUSY);
 4159              		.loc 1 1644 3 is_stmt 1 view .LVU1173
 4160 003e 0223     		movs	r3, #2
 4161              	.LVL289:
1644:Drivers/STM32F1xx_HAL_Driver/Src/stm32f1xx_hal_tim_ex.c ****   TIM_CHANNEL_STATE_SET(htim, TIM_CHANNEL_2, HAL_TIM_CHANNEL_STATE_BUSY);
 4162              		.loc 1 1644 3 is_stmt 0 view .LVU1174
 4163 0040 84F83E30 		strb	r3, [r4, #62]
1645:Drivers/STM32F1xx_HAL_Driver/Src/stm32f1xx_hal_tim_ex.c ****   TIM_CHANNEL_N_STATE_SET(htim, TIM_CHANNEL_1, HAL_TIM_CHANNEL_STATE_BUSY);
 4164              		.loc 1 1645 3 is_stmt 1 view .LVU1175
 4165 0044 84F83F30 		strb	r3, [r4, #63]
1646:Drivers/STM32F1xx_HAL_Driver/Src/stm32f1xx_hal_tim_ex.c ****   TIM_CHANNEL_N_STATE_SET(htim, TIM_CHANNEL_2, HAL_TIM_CHANNEL_STATE_BUSY);
 4166              		.loc 1 1646 3 view .LVU1176
 4167 0048 84F84230 		strb	r3, [r4, #66]
1647:Drivers/STM32F1xx_HAL_Driver/Src/stm32f1xx_hal_tim_ex.c **** 
 4168              		.loc 1 1647 3 view .LVU1177
 4169 004c 84F84330 		strb	r3, [r4, #67]
1650:Drivers/STM32F1xx_HAL_Driver/Src/stm32f1xx_hal_tim_ex.c **** 
 4170              		.loc 1 1650 3 view .LVU1178
 4171 0050 2268     		ldr	r2, [r4]
 4172              	.LVL290:
1650:Drivers/STM32F1xx_HAL_Driver/Src/stm32f1xx_hal_tim_ex.c **** 
 4173              		.loc 1 1650 3 is_stmt 0 view .LVU1179
 4174 0052 D368     		ldr	r3, [r2, #12]
 4175 0054 43F00203 		orr	r3, r3, #2
 4176 0058 D360     		str	r3, [r2, #12]
1653:Drivers/STM32F1xx_HAL_Driver/Src/stm32f1xx_hal_tim_ex.c **** 
 4177              		.loc 1 1653 3 is_stmt 1 view .LVU1180
 4178 005a 2268     		ldr	r2, [r4]
 4179 005c D368     		ldr	r3, [r2, #12]
 4180 005e 43F00403 		orr	r3, r3, #4
 4181 0062 D360     		str	r3, [r2, #12]
1656:Drivers/STM32F1xx_HAL_Driver/Src/stm32f1xx_hal_tim_ex.c ****   TIM_CCxChannelCmd(htim->Instance, input_channel, TIM_CCx_ENABLE);
 4182              		.loc 1 1656 3 view .LVU1181
 4183 0064 0422     		movs	r2, #4
 4184 0066 7146     		mov	r1, lr
 4185              	.LVL291:
1656:Drivers/STM32F1xx_HAL_Driver/Src/stm32f1xx_hal_tim_ex.c ****   TIM_CCxChannelCmd(htim->Instance, input_channel, TIM_CCx_ENABLE);
 4186              		.loc 1 1656 3 is_stmt 0 view .LVU1182
 4187 0068 2068     		ldr	r0, [r4]
 4188              	.LVL292:
1656:Drivers/STM32F1xx_HAL_Driver/Src/stm32f1xx_hal_tim_ex.c ****   TIM_CCxChannelCmd(htim->Instance, input_channel, TIM_CCx_ENABLE);
 4189              		.loc 1 1656 3 view .LVU1183
 4190 006a FFF7FEFF 		bl	TIM_CCxNChannelCmd
 4191              	.LVL293:
1657:Drivers/STM32F1xx_HAL_Driver/Src/stm32f1xx_hal_tim_ex.c **** 
 4192              		.loc 1 1657 3 is_stmt 1 view .LVU1184
 4193 006e 0122     		movs	r2, #1
 4194 0070 2946     		mov	r1, r5
 4195 0072 2068     		ldr	r0, [r4]
 4196 0074 FFF7FEFF 		bl	TIM_CCxChannelCmd
 4197              	.LVL294:
1660:Drivers/STM32F1xx_HAL_Driver/Src/stm32f1xx_hal_tim_ex.c **** 
 4198              		.loc 1 1660 3 view .LVU1185
ARM GAS  C:\Users\ride_pig\AppData\Local\Temp\ccPlGaWa.s 			page 135


 4199 0078 2268     		ldr	r2, [r4]
 4200 007a 536C     		ldr	r3, [r2, #68]
 4201 007c 43F40043 		orr	r3, r3, #32768
 4202 0080 5364     		str	r3, [r2, #68]
1663:Drivers/STM32F1xx_HAL_Driver/Src/stm32f1xx_hal_tim_ex.c **** }
 4203              		.loc 1 1663 3 view .LVU1186
1663:Drivers/STM32F1xx_HAL_Driver/Src/stm32f1xx_hal_tim_ex.c **** }
 4204              		.loc 1 1663 10 is_stmt 0 view .LVU1187
 4205 0082 0020     		movs	r0, #0
 4206 0084 00E0     		b	.L343
 4207              	.LVL295:
 4208              	.L345:
1640:Drivers/STM32F1xx_HAL_Driver/Src/stm32f1xx_hal_tim_ex.c ****   }
 4209              		.loc 1 1640 12 view .LVU1188
 4210 0086 0120     		movs	r0, #1
 4211              	.LVL296:
 4212              	.L343:
1664:Drivers/STM32F1xx_HAL_Driver/Src/stm32f1xx_hal_tim_ex.c **** 
 4213              		.loc 1 1664 1 view .LVU1189
 4214 0088 38BD     		pop	{r3, r4, r5, pc}
 4215              	.LVL297:
 4216              	.L346:
1640:Drivers/STM32F1xx_HAL_Driver/Src/stm32f1xx_hal_tim_ex.c ****   }
 4217              		.loc 1 1640 12 view .LVU1190
 4218 008a 1846     		mov	r0, r3
 4219              	.LVL298:
1640:Drivers/STM32F1xx_HAL_Driver/Src/stm32f1xx_hal_tim_ex.c ****   }
 4220              		.loc 1 1640 12 view .LVU1191
 4221 008c FCE7     		b	.L343
 4222              		.cfi_endproc
 4223              	.LFE89:
 4225              		.section	.text.HAL_TIMEx_OnePulseN_Stop_IT,"ax",%progbits
 4226              		.align	1
 4227              		.global	HAL_TIMEx_OnePulseN_Stop_IT
 4228              		.syntax unified
 4229              		.thumb
 4230              		.thumb_func
 4232              	HAL_TIMEx_OnePulseN_Stop_IT:
 4233              	.LVL299:
 4234              	.LFB90:
1679:Drivers/STM32F1xx_HAL_Driver/Src/stm32f1xx_hal_tim_ex.c ****   uint32_t input_channel = (OutputChannel == TIM_CHANNEL_1) ? TIM_CHANNEL_2 : TIM_CHANNEL_1;
 4235              		.loc 1 1679 1 is_stmt 1 view -0
 4236              		.cfi_startproc
 4237              		@ args = 0, pretend = 0, frame = 0
 4238              		@ frame_needed = 0, uses_anonymous_args = 0
1679:Drivers/STM32F1xx_HAL_Driver/Src/stm32f1xx_hal_tim_ex.c ****   uint32_t input_channel = (OutputChannel == TIM_CHANNEL_1) ? TIM_CHANNEL_2 : TIM_CHANNEL_1;
 4239              		.loc 1 1679 1 is_stmt 0 view .LVU1193
 4240 0000 38B5     		push	{r3, r4, r5, lr}
 4241              	.LCFI29:
 4242              		.cfi_def_cfa_offset 16
 4243              		.cfi_offset 3, -16
 4244              		.cfi_offset 4, -12
 4245              		.cfi_offset 5, -8
 4246              		.cfi_offset 14, -4
 4247 0002 0446     		mov	r4, r0
1680:Drivers/STM32F1xx_HAL_Driver/Src/stm32f1xx_hal_tim_ex.c **** 
 4248              		.loc 1 1680 3 is_stmt 1 view .LVU1194
ARM GAS  C:\Users\ride_pig\AppData\Local\Temp\ccPlGaWa.s 			page 136


1680:Drivers/STM32F1xx_HAL_Driver/Src/stm32f1xx_hal_tim_ex.c **** 
 4249              		.loc 1 1680 77 is_stmt 0 view .LVU1195
 4250 0004 0029     		cmp	r1, #0
 4251 0006 3CD1     		bne	.L354
 4252 0008 0425     		movs	r5, #4
 4253              	.L351:
 4254              	.LVL300:
1683:Drivers/STM32F1xx_HAL_Driver/Src/stm32f1xx_hal_tim_ex.c **** 
 4255              		.loc 1 1683 3 is_stmt 1 discriminator 4 view .LVU1196
1686:Drivers/STM32F1xx_HAL_Driver/Src/stm32f1xx_hal_tim_ex.c **** 
 4256              		.loc 1 1686 3 discriminator 4 view .LVU1197
 4257 000a 2268     		ldr	r2, [r4]
 4258 000c D368     		ldr	r3, [r2, #12]
 4259 000e 23F00203 		bic	r3, r3, #2
 4260 0012 D360     		str	r3, [r2, #12]
1689:Drivers/STM32F1xx_HAL_Driver/Src/stm32f1xx_hal_tim_ex.c **** 
 4261              		.loc 1 1689 3 discriminator 4 view .LVU1198
 4262 0014 2268     		ldr	r2, [r4]
 4263 0016 D368     		ldr	r3, [r2, #12]
 4264 0018 23F00403 		bic	r3, r3, #4
 4265 001c D360     		str	r3, [r2, #12]
1692:Drivers/STM32F1xx_HAL_Driver/Src/stm32f1xx_hal_tim_ex.c ****   TIM_CCxChannelCmd(htim->Instance, input_channel, TIM_CCx_DISABLE);
 4266              		.loc 1 1692 3 discriminator 4 view .LVU1199
 4267 001e 0022     		movs	r2, #0
 4268 0020 2068     		ldr	r0, [r4]
 4269              	.LVL301:
1692:Drivers/STM32F1xx_HAL_Driver/Src/stm32f1xx_hal_tim_ex.c ****   TIM_CCxChannelCmd(htim->Instance, input_channel, TIM_CCx_DISABLE);
 4270              		.loc 1 1692 3 is_stmt 0 discriminator 4 view .LVU1200
 4271 0022 FFF7FEFF 		bl	TIM_CCxNChannelCmd
 4272              	.LVL302:
1693:Drivers/STM32F1xx_HAL_Driver/Src/stm32f1xx_hal_tim_ex.c **** 
 4273              		.loc 1 1693 3 is_stmt 1 discriminator 4 view .LVU1201
 4274 0026 0022     		movs	r2, #0
 4275 0028 2946     		mov	r1, r5
 4276 002a 2068     		ldr	r0, [r4]
 4277 002c FFF7FEFF 		bl	TIM_CCxChannelCmd
 4278              	.LVL303:
1696:Drivers/STM32F1xx_HAL_Driver/Src/stm32f1xx_hal_tim_ex.c **** 
 4279              		.loc 1 1696 3 discriminator 4 view .LVU1202
1696:Drivers/STM32F1xx_HAL_Driver/Src/stm32f1xx_hal_tim_ex.c **** 
 4280              		.loc 1 1696 3 discriminator 4 view .LVU1203
 4281 0030 2368     		ldr	r3, [r4]
 4282 0032 196A     		ldr	r1, [r3, #32]
 4283 0034 41F21112 		movw	r2, #4369
 4284 0038 1142     		tst	r1, r2
 4285 003a 08D1     		bne	.L352
1696:Drivers/STM32F1xx_HAL_Driver/Src/stm32f1xx_hal_tim_ex.c **** 
 4286              		.loc 1 1696 3 discriminator 1 view .LVU1204
 4287 003c 196A     		ldr	r1, [r3, #32]
 4288 003e 40F24442 		movw	r2, #1092
 4289 0042 1142     		tst	r1, r2
 4290 0044 03D1     		bne	.L352
1696:Drivers/STM32F1xx_HAL_Driver/Src/stm32f1xx_hal_tim_ex.c **** 
 4291              		.loc 1 1696 3 discriminator 3 view .LVU1205
 4292 0046 5A6C     		ldr	r2, [r3, #68]
 4293 0048 22F40042 		bic	r2, r2, #32768
 4294 004c 5A64     		str	r2, [r3, #68]
ARM GAS  C:\Users\ride_pig\AppData\Local\Temp\ccPlGaWa.s 			page 137


 4295              	.L352:
1696:Drivers/STM32F1xx_HAL_Driver/Src/stm32f1xx_hal_tim_ex.c **** 
 4296              		.loc 1 1696 3 discriminator 5 view .LVU1206
1699:Drivers/STM32F1xx_HAL_Driver/Src/stm32f1xx_hal_tim_ex.c **** 
 4297              		.loc 1 1699 3 discriminator 5 view .LVU1207
1699:Drivers/STM32F1xx_HAL_Driver/Src/stm32f1xx_hal_tim_ex.c **** 
 4298              		.loc 1 1699 3 discriminator 5 view .LVU1208
 4299 004e 2368     		ldr	r3, [r4]
 4300 0050 196A     		ldr	r1, [r3, #32]
 4301 0052 41F21112 		movw	r2, #4369
 4302 0056 1142     		tst	r1, r2
 4303 0058 08D1     		bne	.L353
1699:Drivers/STM32F1xx_HAL_Driver/Src/stm32f1xx_hal_tim_ex.c **** 
 4304              		.loc 1 1699 3 discriminator 1 view .LVU1209
 4305 005a 196A     		ldr	r1, [r3, #32]
 4306 005c 40F24442 		movw	r2, #1092
 4307 0060 1142     		tst	r1, r2
 4308 0062 03D1     		bne	.L353
1699:Drivers/STM32F1xx_HAL_Driver/Src/stm32f1xx_hal_tim_ex.c **** 
 4309              		.loc 1 1699 3 discriminator 3 view .LVU1210
 4310 0064 1A68     		ldr	r2, [r3]
 4311 0066 22F00102 		bic	r2, r2, #1
 4312 006a 1A60     		str	r2, [r3]
 4313              	.L353:
1699:Drivers/STM32F1xx_HAL_Driver/Src/stm32f1xx_hal_tim_ex.c **** 
 4314              		.loc 1 1699 3 discriminator 5 view .LVU1211
1702:Drivers/STM32F1xx_HAL_Driver/Src/stm32f1xx_hal_tim_ex.c ****   TIM_CHANNEL_STATE_SET(htim, TIM_CHANNEL_2, HAL_TIM_CHANNEL_STATE_READY);
 4315              		.loc 1 1702 3 discriminator 5 view .LVU1212
 4316 006c 0123     		movs	r3, #1
 4317 006e 84F83E30 		strb	r3, [r4, #62]
1703:Drivers/STM32F1xx_HAL_Driver/Src/stm32f1xx_hal_tim_ex.c ****   TIM_CHANNEL_N_STATE_SET(htim, TIM_CHANNEL_1, HAL_TIM_CHANNEL_STATE_READY);
 4318              		.loc 1 1703 3 discriminator 5 view .LVU1213
 4319 0072 84F83F30 		strb	r3, [r4, #63]
1704:Drivers/STM32F1xx_HAL_Driver/Src/stm32f1xx_hal_tim_ex.c ****   TIM_CHANNEL_N_STATE_SET(htim, TIM_CHANNEL_2, HAL_TIM_CHANNEL_STATE_READY);
 4320              		.loc 1 1704 3 discriminator 5 view .LVU1214
 4321 0076 84F84230 		strb	r3, [r4, #66]
1705:Drivers/STM32F1xx_HAL_Driver/Src/stm32f1xx_hal_tim_ex.c **** 
 4322              		.loc 1 1705 3 discriminator 5 view .LVU1215
 4323 007a 84F84330 		strb	r3, [r4, #67]
1708:Drivers/STM32F1xx_HAL_Driver/Src/stm32f1xx_hal_tim_ex.c **** }
 4324              		.loc 1 1708 3 discriminator 5 view .LVU1216
1709:Drivers/STM32F1xx_HAL_Driver/Src/stm32f1xx_hal_tim_ex.c **** 
 4325              		.loc 1 1709 1 is_stmt 0 discriminator 5 view .LVU1217
 4326 007e 0020     		movs	r0, #0
 4327 0080 38BD     		pop	{r3, r4, r5, pc}
 4328              	.LVL304:
 4329              	.L354:
1680:Drivers/STM32F1xx_HAL_Driver/Src/stm32f1xx_hal_tim_ex.c **** 
 4330              		.loc 1 1680 77 view .LVU1218
 4331 0082 0025     		movs	r5, #0
 4332 0084 C1E7     		b	.L351
 4333              		.cfi_endproc
 4334              	.LFE90:
 4336              		.section	.text.HAL_TIMEx_ConfigCommutEvent,"ax",%progbits
 4337              		.align	1
 4338              		.global	HAL_TIMEx_ConfigCommutEvent
 4339              		.syntax unified
ARM GAS  C:\Users\ride_pig\AppData\Local\Temp\ccPlGaWa.s 			page 138


 4340              		.thumb
 4341              		.thumb_func
 4343              	HAL_TIMEx_ConfigCommutEvent:
 4344              	.LVL305:
 4345              	.LFB91:
1759:Drivers/STM32F1xx_HAL_Driver/Src/stm32f1xx_hal_tim_ex.c ****   /* Check the parameters */
 4346              		.loc 1 1759 1 is_stmt 1 view -0
 4347              		.cfi_startproc
 4348              		@ args = 0, pretend = 0, frame = 0
 4349              		@ frame_needed = 0, uses_anonymous_args = 0
 4350              		@ link register save eliminated.
1759:Drivers/STM32F1xx_HAL_Driver/Src/stm32f1xx_hal_tim_ex.c ****   /* Check the parameters */
 4351              		.loc 1 1759 1 is_stmt 0 view .LVU1220
 4352 0000 0346     		mov	r3, r0
1761:Drivers/STM32F1xx_HAL_Driver/Src/stm32f1xx_hal_tim_ex.c ****   assert_param(IS_TIM_INTERNAL_TRIGGEREVENT_SELECTION(InputTrigger));
 4353              		.loc 1 1761 3 is_stmt 1 view .LVU1221
1762:Drivers/STM32F1xx_HAL_Driver/Src/stm32f1xx_hal_tim_ex.c **** 
 4354              		.loc 1 1762 3 view .LVU1222
1764:Drivers/STM32F1xx_HAL_Driver/Src/stm32f1xx_hal_tim_ex.c **** 
 4355              		.loc 1 1764 3 view .LVU1223
1764:Drivers/STM32F1xx_HAL_Driver/Src/stm32f1xx_hal_tim_ex.c **** 
 4356              		.loc 1 1764 3 view .LVU1224
 4357 0002 90F83C00 		ldrb	r0, [r0, #60]	@ zero_extendqisi2
 4358              	.LVL306:
1764:Drivers/STM32F1xx_HAL_Driver/Src/stm32f1xx_hal_tim_ex.c **** 
 4359              		.loc 1 1764 3 is_stmt 0 view .LVU1225
 4360 0006 0128     		cmp	r0, #1
 4361 0008 30D0     		beq	.L360
1759:Drivers/STM32F1xx_HAL_Driver/Src/stm32f1xx_hal_tim_ex.c ****   /* Check the parameters */
 4362              		.loc 1 1759 1 discriminator 2 view .LVU1226
 4363 000a 10B4     		push	{r4}
 4364              	.LCFI30:
 4365              		.cfi_def_cfa_offset 4
 4366              		.cfi_offset 4, -4
1764:Drivers/STM32F1xx_HAL_Driver/Src/stm32f1xx_hal_tim_ex.c **** 
 4367              		.loc 1 1764 3 is_stmt 1 discriminator 2 view .LVU1227
 4368 000c 0120     		movs	r0, #1
 4369 000e 83F83C00 		strb	r0, [r3, #60]
1764:Drivers/STM32F1xx_HAL_Driver/Src/stm32f1xx_hal_tim_ex.c **** 
 4370              		.loc 1 1764 3 discriminator 2 view .LVU1228
1766:Drivers/STM32F1xx_HAL_Driver/Src/stm32f1xx_hal_tim_ex.c ****       (InputTrigger == TIM_TS_ITR2) || (InputTrigger == TIM_TS_ITR3))
 4371              		.loc 1 1766 3 discriminator 2 view .LVU1229
1766:Drivers/STM32F1xx_HAL_Driver/Src/stm32f1xx_hal_tim_ex.c ****       (InputTrigger == TIM_TS_ITR2) || (InputTrigger == TIM_TS_ITR3))
 4372              		.loc 1 1766 6 is_stmt 0 discriminator 2 view .LVU1230
 4373 0012 29B1     		cbz	r1, .L358
1766:Drivers/STM32F1xx_HAL_Driver/Src/stm32f1xx_hal_tim_ex.c ****       (InputTrigger == TIM_TS_ITR2) || (InputTrigger == TIM_TS_ITR3))
 4374              		.loc 1 1766 37 discriminator 1 view .LVU1231
 4375 0014 1029     		cmp	r1, #16
 4376 0016 03D0     		beq	.L358
1766:Drivers/STM32F1xx_HAL_Driver/Src/stm32f1xx_hal_tim_ex.c ****       (InputTrigger == TIM_TS_ITR2) || (InputTrigger == TIM_TS_ITR3))
 4377              		.loc 1 1766 70 discriminator 2 view .LVU1232
 4378 0018 2029     		cmp	r1, #32
 4379 001a 01D0     		beq	.L358
1767:Drivers/STM32F1xx_HAL_Driver/Src/stm32f1xx_hal_tim_ex.c ****   {
 4380              		.loc 1 1767 37 view .LVU1233
 4381 001c 3029     		cmp	r1, #48
 4382 001e 08D1     		bne	.L359
ARM GAS  C:\Users\ride_pig\AppData\Local\Temp\ccPlGaWa.s 			page 139


 4383              	.L358:
1770:Drivers/STM32F1xx_HAL_Driver/Src/stm32f1xx_hal_tim_ex.c ****     htim->Instance->SMCR |= InputTrigger;
 4384              		.loc 1 1770 5 is_stmt 1 view .LVU1234
1770:Drivers/STM32F1xx_HAL_Driver/Src/stm32f1xx_hal_tim_ex.c ****     htim->Instance->SMCR |= InputTrigger;
 4385              		.loc 1 1770 9 is_stmt 0 view .LVU1235
 4386 0020 1C68     		ldr	r4, [r3]
1770:Drivers/STM32F1xx_HAL_Driver/Src/stm32f1xx_hal_tim_ex.c ****     htim->Instance->SMCR |= InputTrigger;
 4387              		.loc 1 1770 26 view .LVU1236
 4388 0022 A068     		ldr	r0, [r4, #8]
 4389 0024 20F07000 		bic	r0, r0, #112
 4390 0028 A060     		str	r0, [r4, #8]
1771:Drivers/STM32F1xx_HAL_Driver/Src/stm32f1xx_hal_tim_ex.c ****   }
 4391              		.loc 1 1771 5 is_stmt 1 view .LVU1237
1771:Drivers/STM32F1xx_HAL_Driver/Src/stm32f1xx_hal_tim_ex.c ****   }
 4392              		.loc 1 1771 9 is_stmt 0 view .LVU1238
 4393 002a 1C68     		ldr	r4, [r3]
1771:Drivers/STM32F1xx_HAL_Driver/Src/stm32f1xx_hal_tim_ex.c ****   }
 4394              		.loc 1 1771 26 view .LVU1239
 4395 002c A068     		ldr	r0, [r4, #8]
 4396 002e 0143     		orrs	r1, r1, r0
 4397              	.LVL307:
1771:Drivers/STM32F1xx_HAL_Driver/Src/stm32f1xx_hal_tim_ex.c ****   }
 4398              		.loc 1 1771 26 view .LVU1240
 4399 0030 A160     		str	r1, [r4, #8]
 4400              	.L359:
1775:Drivers/STM32F1xx_HAL_Driver/Src/stm32f1xx_hal_tim_ex.c ****   /* Select the Commutation event source */
 4401              		.loc 1 1775 3 is_stmt 1 view .LVU1241
1775:Drivers/STM32F1xx_HAL_Driver/Src/stm32f1xx_hal_tim_ex.c ****   /* Select the Commutation event source */
 4402              		.loc 1 1775 7 is_stmt 0 view .LVU1242
 4403 0032 1868     		ldr	r0, [r3]
1775:Drivers/STM32F1xx_HAL_Driver/Src/stm32f1xx_hal_tim_ex.c ****   /* Select the Commutation event source */
 4404              		.loc 1 1775 23 view .LVU1243
 4405 0034 4168     		ldr	r1, [r0, #4]
 4406 0036 41F00101 		orr	r1, r1, #1
 4407 003a 4160     		str	r1, [r0, #4]
1777:Drivers/STM32F1xx_HAL_Driver/Src/stm32f1xx_hal_tim_ex.c ****   htim->Instance->CR2 |= CommutationSource;
 4408              		.loc 1 1777 3 is_stmt 1 view .LVU1244
1777:Drivers/STM32F1xx_HAL_Driver/Src/stm32f1xx_hal_tim_ex.c ****   htim->Instance->CR2 |= CommutationSource;
 4409              		.loc 1 1777 7 is_stmt 0 view .LVU1245
 4410 003c 1868     		ldr	r0, [r3]
1777:Drivers/STM32F1xx_HAL_Driver/Src/stm32f1xx_hal_tim_ex.c ****   htim->Instance->CR2 |= CommutationSource;
 4411              		.loc 1 1777 23 view .LVU1246
 4412 003e 4168     		ldr	r1, [r0, #4]
 4413 0040 21F00401 		bic	r1, r1, #4
 4414 0044 4160     		str	r1, [r0, #4]
1778:Drivers/STM32F1xx_HAL_Driver/Src/stm32f1xx_hal_tim_ex.c **** 
 4415              		.loc 1 1778 3 is_stmt 1 view .LVU1247
1778:Drivers/STM32F1xx_HAL_Driver/Src/stm32f1xx_hal_tim_ex.c **** 
 4416              		.loc 1 1778 7 is_stmt 0 view .LVU1248
 4417 0046 1868     		ldr	r0, [r3]
1778:Drivers/STM32F1xx_HAL_Driver/Src/stm32f1xx_hal_tim_ex.c **** 
 4418              		.loc 1 1778 23 view .LVU1249
 4419 0048 4168     		ldr	r1, [r0, #4]
 4420 004a 0A43     		orrs	r2, r2, r1
 4421              	.LVL308:
1778:Drivers/STM32F1xx_HAL_Driver/Src/stm32f1xx_hal_tim_ex.c **** 
 4422              		.loc 1 1778 23 view .LVU1250
ARM GAS  C:\Users\ride_pig\AppData\Local\Temp\ccPlGaWa.s 			page 140


 4423 004c 4260     		str	r2, [r0, #4]
1781:Drivers/STM32F1xx_HAL_Driver/Src/stm32f1xx_hal_tim_ex.c **** 
 4424              		.loc 1 1781 3 is_stmt 1 view .LVU1251
 4425 004e 1968     		ldr	r1, [r3]
 4426 0050 CA68     		ldr	r2, [r1, #12]
 4427 0052 22F02002 		bic	r2, r2, #32
 4428 0056 CA60     		str	r2, [r1, #12]
1784:Drivers/STM32F1xx_HAL_Driver/Src/stm32f1xx_hal_tim_ex.c **** 
 4429              		.loc 1 1784 3 view .LVU1252
 4430 0058 1968     		ldr	r1, [r3]
 4431 005a CA68     		ldr	r2, [r1, #12]
 4432 005c 22F40052 		bic	r2, r2, #8192
 4433 0060 CA60     		str	r2, [r1, #12]
1786:Drivers/STM32F1xx_HAL_Driver/Src/stm32f1xx_hal_tim_ex.c **** 
 4434              		.loc 1 1786 3 view .LVU1253
1786:Drivers/STM32F1xx_HAL_Driver/Src/stm32f1xx_hal_tim_ex.c **** 
 4435              		.loc 1 1786 3 view .LVU1254
 4436 0062 0020     		movs	r0, #0
 4437 0064 83F83C00 		strb	r0, [r3, #60]
1786:Drivers/STM32F1xx_HAL_Driver/Src/stm32f1xx_hal_tim_ex.c **** 
 4438              		.loc 1 1786 3 view .LVU1255
1788:Drivers/STM32F1xx_HAL_Driver/Src/stm32f1xx_hal_tim_ex.c **** }
 4439              		.loc 1 1788 3 view .LVU1256
1789:Drivers/STM32F1xx_HAL_Driver/Src/stm32f1xx_hal_tim_ex.c **** 
 4440              		.loc 1 1789 1 is_stmt 0 view .LVU1257
 4441 0068 10BC     		pop	{r4}
 4442              	.LCFI31:
 4443              		.cfi_restore 4
 4444              		.cfi_def_cfa_offset 0
 4445 006a 7047     		bx	lr
 4446              	.LVL309:
 4447              	.L360:
1764:Drivers/STM32F1xx_HAL_Driver/Src/stm32f1xx_hal_tim_ex.c **** 
 4448              		.loc 1 1764 3 view .LVU1258
 4449 006c 0220     		movs	r0, #2
1789:Drivers/STM32F1xx_HAL_Driver/Src/stm32f1xx_hal_tim_ex.c **** 
 4450              		.loc 1 1789 1 view .LVU1259
 4451 006e 7047     		bx	lr
 4452              		.cfi_endproc
 4453              	.LFE91:
 4455              		.section	.text.HAL_TIMEx_ConfigCommutEvent_IT,"ax",%progbits
 4456              		.align	1
 4457              		.global	HAL_TIMEx_ConfigCommutEvent_IT
 4458              		.syntax unified
 4459              		.thumb
 4460              		.thumb_func
 4462              	HAL_TIMEx_ConfigCommutEvent_IT:
 4463              	.LVL310:
 4464              	.LFB92:
1815:Drivers/STM32F1xx_HAL_Driver/Src/stm32f1xx_hal_tim_ex.c ****   /* Check the parameters */
 4465              		.loc 1 1815 1 is_stmt 1 view -0
 4466              		.cfi_startproc
 4467              		@ args = 0, pretend = 0, frame = 0
 4468              		@ frame_needed = 0, uses_anonymous_args = 0
 4469              		@ link register save eliminated.
1815:Drivers/STM32F1xx_HAL_Driver/Src/stm32f1xx_hal_tim_ex.c ****   /* Check the parameters */
 4470              		.loc 1 1815 1 is_stmt 0 view .LVU1261
ARM GAS  C:\Users\ride_pig\AppData\Local\Temp\ccPlGaWa.s 			page 141


 4471 0000 0346     		mov	r3, r0
1817:Drivers/STM32F1xx_HAL_Driver/Src/stm32f1xx_hal_tim_ex.c ****   assert_param(IS_TIM_INTERNAL_TRIGGEREVENT_SELECTION(InputTrigger));
 4472              		.loc 1 1817 3 is_stmt 1 view .LVU1262
1818:Drivers/STM32F1xx_HAL_Driver/Src/stm32f1xx_hal_tim_ex.c **** 
 4473              		.loc 1 1818 3 view .LVU1263
1820:Drivers/STM32F1xx_HAL_Driver/Src/stm32f1xx_hal_tim_ex.c **** 
 4474              		.loc 1 1820 3 view .LVU1264
1820:Drivers/STM32F1xx_HAL_Driver/Src/stm32f1xx_hal_tim_ex.c **** 
 4475              		.loc 1 1820 3 view .LVU1265
 4476 0002 90F83C00 		ldrb	r0, [r0, #60]	@ zero_extendqisi2
 4477              	.LVL311:
1820:Drivers/STM32F1xx_HAL_Driver/Src/stm32f1xx_hal_tim_ex.c **** 
 4478              		.loc 1 1820 3 is_stmt 0 view .LVU1266
 4479 0006 0128     		cmp	r0, #1
 4480 0008 30D0     		beq	.L369
1815:Drivers/STM32F1xx_HAL_Driver/Src/stm32f1xx_hal_tim_ex.c ****   /* Check the parameters */
 4481              		.loc 1 1815 1 discriminator 2 view .LVU1267
 4482 000a 10B4     		push	{r4}
 4483              	.LCFI32:
 4484              		.cfi_def_cfa_offset 4
 4485              		.cfi_offset 4, -4
1820:Drivers/STM32F1xx_HAL_Driver/Src/stm32f1xx_hal_tim_ex.c **** 
 4486              		.loc 1 1820 3 is_stmt 1 discriminator 2 view .LVU1268
 4487 000c 0120     		movs	r0, #1
 4488 000e 83F83C00 		strb	r0, [r3, #60]
1820:Drivers/STM32F1xx_HAL_Driver/Src/stm32f1xx_hal_tim_ex.c **** 
 4489              		.loc 1 1820 3 discriminator 2 view .LVU1269
1822:Drivers/STM32F1xx_HAL_Driver/Src/stm32f1xx_hal_tim_ex.c ****       (InputTrigger == TIM_TS_ITR2) || (InputTrigger == TIM_TS_ITR3))
 4490              		.loc 1 1822 3 discriminator 2 view .LVU1270
1822:Drivers/STM32F1xx_HAL_Driver/Src/stm32f1xx_hal_tim_ex.c ****       (InputTrigger == TIM_TS_ITR2) || (InputTrigger == TIM_TS_ITR3))
 4491              		.loc 1 1822 6 is_stmt 0 discriminator 2 view .LVU1271
 4492 0012 29B1     		cbz	r1, .L367
1822:Drivers/STM32F1xx_HAL_Driver/Src/stm32f1xx_hal_tim_ex.c ****       (InputTrigger == TIM_TS_ITR2) || (InputTrigger == TIM_TS_ITR3))
 4493              		.loc 1 1822 37 discriminator 1 view .LVU1272
 4494 0014 1029     		cmp	r1, #16
 4495 0016 03D0     		beq	.L367
1822:Drivers/STM32F1xx_HAL_Driver/Src/stm32f1xx_hal_tim_ex.c ****       (InputTrigger == TIM_TS_ITR2) || (InputTrigger == TIM_TS_ITR3))
 4496              		.loc 1 1822 70 discriminator 2 view .LVU1273
 4497 0018 2029     		cmp	r1, #32
 4498 001a 01D0     		beq	.L367
1823:Drivers/STM32F1xx_HAL_Driver/Src/stm32f1xx_hal_tim_ex.c ****   {
 4499              		.loc 1 1823 37 view .LVU1274
 4500 001c 3029     		cmp	r1, #48
 4501 001e 08D1     		bne	.L368
 4502              	.L367:
1826:Drivers/STM32F1xx_HAL_Driver/Src/stm32f1xx_hal_tim_ex.c ****     htim->Instance->SMCR |= InputTrigger;
 4503              		.loc 1 1826 5 is_stmt 1 view .LVU1275
1826:Drivers/STM32F1xx_HAL_Driver/Src/stm32f1xx_hal_tim_ex.c ****     htim->Instance->SMCR |= InputTrigger;
 4504              		.loc 1 1826 9 is_stmt 0 view .LVU1276
 4505 0020 1C68     		ldr	r4, [r3]
1826:Drivers/STM32F1xx_HAL_Driver/Src/stm32f1xx_hal_tim_ex.c ****     htim->Instance->SMCR |= InputTrigger;
 4506              		.loc 1 1826 26 view .LVU1277
 4507 0022 A068     		ldr	r0, [r4, #8]
 4508 0024 20F07000 		bic	r0, r0, #112
 4509 0028 A060     		str	r0, [r4, #8]
1827:Drivers/STM32F1xx_HAL_Driver/Src/stm32f1xx_hal_tim_ex.c ****   }
 4510              		.loc 1 1827 5 is_stmt 1 view .LVU1278
ARM GAS  C:\Users\ride_pig\AppData\Local\Temp\ccPlGaWa.s 			page 142


1827:Drivers/STM32F1xx_HAL_Driver/Src/stm32f1xx_hal_tim_ex.c ****   }
 4511              		.loc 1 1827 9 is_stmt 0 view .LVU1279
 4512 002a 1C68     		ldr	r4, [r3]
1827:Drivers/STM32F1xx_HAL_Driver/Src/stm32f1xx_hal_tim_ex.c ****   }
 4513              		.loc 1 1827 26 view .LVU1280
 4514 002c A068     		ldr	r0, [r4, #8]
 4515 002e 0143     		orrs	r1, r1, r0
 4516              	.LVL312:
1827:Drivers/STM32F1xx_HAL_Driver/Src/stm32f1xx_hal_tim_ex.c ****   }
 4517              		.loc 1 1827 26 view .LVU1281
 4518 0030 A160     		str	r1, [r4, #8]
 4519              	.L368:
1831:Drivers/STM32F1xx_HAL_Driver/Src/stm32f1xx_hal_tim_ex.c ****   /* Select the Commutation event source */
 4520              		.loc 1 1831 3 is_stmt 1 view .LVU1282
1831:Drivers/STM32F1xx_HAL_Driver/Src/stm32f1xx_hal_tim_ex.c ****   /* Select the Commutation event source */
 4521              		.loc 1 1831 7 is_stmt 0 view .LVU1283
 4522 0032 1868     		ldr	r0, [r3]
1831:Drivers/STM32F1xx_HAL_Driver/Src/stm32f1xx_hal_tim_ex.c ****   /* Select the Commutation event source */
 4523              		.loc 1 1831 23 view .LVU1284
 4524 0034 4168     		ldr	r1, [r0, #4]
 4525 0036 41F00101 		orr	r1, r1, #1
 4526 003a 4160     		str	r1, [r0, #4]
1833:Drivers/STM32F1xx_HAL_Driver/Src/stm32f1xx_hal_tim_ex.c ****   htim->Instance->CR2 |= CommutationSource;
 4527              		.loc 1 1833 3 is_stmt 1 view .LVU1285
1833:Drivers/STM32F1xx_HAL_Driver/Src/stm32f1xx_hal_tim_ex.c ****   htim->Instance->CR2 |= CommutationSource;
 4528              		.loc 1 1833 7 is_stmt 0 view .LVU1286
 4529 003c 1868     		ldr	r0, [r3]
1833:Drivers/STM32F1xx_HAL_Driver/Src/stm32f1xx_hal_tim_ex.c ****   htim->Instance->CR2 |= CommutationSource;
 4530              		.loc 1 1833 23 view .LVU1287
 4531 003e 4168     		ldr	r1, [r0, #4]
 4532 0040 21F00401 		bic	r1, r1, #4
 4533 0044 4160     		str	r1, [r0, #4]
1834:Drivers/STM32F1xx_HAL_Driver/Src/stm32f1xx_hal_tim_ex.c **** 
 4534              		.loc 1 1834 3 is_stmt 1 view .LVU1288
1834:Drivers/STM32F1xx_HAL_Driver/Src/stm32f1xx_hal_tim_ex.c **** 
 4535              		.loc 1 1834 7 is_stmt 0 view .LVU1289
 4536 0046 1868     		ldr	r0, [r3]
1834:Drivers/STM32F1xx_HAL_Driver/Src/stm32f1xx_hal_tim_ex.c **** 
 4537              		.loc 1 1834 23 view .LVU1290
 4538 0048 4168     		ldr	r1, [r0, #4]
 4539 004a 0A43     		orrs	r2, r2, r1
 4540              	.LVL313:
1834:Drivers/STM32F1xx_HAL_Driver/Src/stm32f1xx_hal_tim_ex.c **** 
 4541              		.loc 1 1834 23 view .LVU1291
 4542 004c 4260     		str	r2, [r0, #4]
1837:Drivers/STM32F1xx_HAL_Driver/Src/stm32f1xx_hal_tim_ex.c **** 
 4543              		.loc 1 1837 3 is_stmt 1 view .LVU1292
 4544 004e 1968     		ldr	r1, [r3]
 4545 0050 CA68     		ldr	r2, [r1, #12]
 4546 0052 22F40052 		bic	r2, r2, #8192
 4547 0056 CA60     		str	r2, [r1, #12]
1840:Drivers/STM32F1xx_HAL_Driver/Src/stm32f1xx_hal_tim_ex.c **** 
 4548              		.loc 1 1840 3 view .LVU1293
 4549 0058 1968     		ldr	r1, [r3]
 4550 005a CA68     		ldr	r2, [r1, #12]
 4551 005c 42F02002 		orr	r2, r2, #32
 4552 0060 CA60     		str	r2, [r1, #12]
ARM GAS  C:\Users\ride_pig\AppData\Local\Temp\ccPlGaWa.s 			page 143


1842:Drivers/STM32F1xx_HAL_Driver/Src/stm32f1xx_hal_tim_ex.c **** 
 4553              		.loc 1 1842 3 view .LVU1294
1842:Drivers/STM32F1xx_HAL_Driver/Src/stm32f1xx_hal_tim_ex.c **** 
 4554              		.loc 1 1842 3 view .LVU1295
 4555 0062 0020     		movs	r0, #0
 4556 0064 83F83C00 		strb	r0, [r3, #60]
1842:Drivers/STM32F1xx_HAL_Driver/Src/stm32f1xx_hal_tim_ex.c **** 
 4557              		.loc 1 1842 3 view .LVU1296
1844:Drivers/STM32F1xx_HAL_Driver/Src/stm32f1xx_hal_tim_ex.c **** }
 4558              		.loc 1 1844 3 view .LVU1297
1845:Drivers/STM32F1xx_HAL_Driver/Src/stm32f1xx_hal_tim_ex.c **** 
 4559              		.loc 1 1845 1 is_stmt 0 view .LVU1298
 4560 0068 10BC     		pop	{r4}
 4561              	.LCFI33:
 4562              		.cfi_restore 4
 4563              		.cfi_def_cfa_offset 0
 4564 006a 7047     		bx	lr
 4565              	.LVL314:
 4566              	.L369:
1820:Drivers/STM32F1xx_HAL_Driver/Src/stm32f1xx_hal_tim_ex.c **** 
 4567              		.loc 1 1820 3 view .LVU1299
 4568 006c 0220     		movs	r0, #2
1845:Drivers/STM32F1xx_HAL_Driver/Src/stm32f1xx_hal_tim_ex.c **** 
 4569              		.loc 1 1845 1 view .LVU1300
 4570 006e 7047     		bx	lr
 4571              		.cfi_endproc
 4572              	.LFE92:
 4574              		.section	.text.HAL_TIMEx_ConfigCommutEvent_DMA,"ax",%progbits
 4575              		.align	1
 4576              		.global	HAL_TIMEx_ConfigCommutEvent_DMA
 4577              		.syntax unified
 4578              		.thumb
 4579              		.thumb_func
 4581              	HAL_TIMEx_ConfigCommutEvent_DMA:
 4582              	.LVL315:
 4583              	.LFB93:
1872:Drivers/STM32F1xx_HAL_Driver/Src/stm32f1xx_hal_tim_ex.c ****   /* Check the parameters */
 4584              		.loc 1 1872 1 is_stmt 1 view -0
 4585              		.cfi_startproc
 4586              		@ args = 0, pretend = 0, frame = 0
 4587              		@ frame_needed = 0, uses_anonymous_args = 0
 4588              		@ link register save eliminated.
1872:Drivers/STM32F1xx_HAL_Driver/Src/stm32f1xx_hal_tim_ex.c ****   /* Check the parameters */
 4589              		.loc 1 1872 1 is_stmt 0 view .LVU1302
 4590 0000 0346     		mov	r3, r0
1874:Drivers/STM32F1xx_HAL_Driver/Src/stm32f1xx_hal_tim_ex.c ****   assert_param(IS_TIM_INTERNAL_TRIGGEREVENT_SELECTION(InputTrigger));
 4591              		.loc 1 1874 3 is_stmt 1 view .LVU1303
1875:Drivers/STM32F1xx_HAL_Driver/Src/stm32f1xx_hal_tim_ex.c **** 
 4592              		.loc 1 1875 3 view .LVU1304
1877:Drivers/STM32F1xx_HAL_Driver/Src/stm32f1xx_hal_tim_ex.c **** 
 4593              		.loc 1 1877 3 view .LVU1305
1877:Drivers/STM32F1xx_HAL_Driver/Src/stm32f1xx_hal_tim_ex.c **** 
 4594              		.loc 1 1877 3 view .LVU1306
 4595 0002 90F83C00 		ldrb	r0, [r0, #60]	@ zero_extendqisi2
 4596              	.LVL316:
1877:Drivers/STM32F1xx_HAL_Driver/Src/stm32f1xx_hal_tim_ex.c **** 
 4597              		.loc 1 1877 3 is_stmt 0 view .LVU1307
ARM GAS  C:\Users\ride_pig\AppData\Local\Temp\ccPlGaWa.s 			page 144


 4598 0006 0128     		cmp	r0, #1
 4599 0008 39D0     		beq	.L378
1872:Drivers/STM32F1xx_HAL_Driver/Src/stm32f1xx_hal_tim_ex.c ****   /* Check the parameters */
 4600              		.loc 1 1872 1 discriminator 2 view .LVU1308
 4601 000a 10B4     		push	{r4}
 4602              	.LCFI34:
 4603              		.cfi_def_cfa_offset 4
 4604              		.cfi_offset 4, -4
1877:Drivers/STM32F1xx_HAL_Driver/Src/stm32f1xx_hal_tim_ex.c **** 
 4605              		.loc 1 1877 3 is_stmt 1 discriminator 2 view .LVU1309
 4606 000c 0120     		movs	r0, #1
 4607 000e 83F83C00 		strb	r0, [r3, #60]
1877:Drivers/STM32F1xx_HAL_Driver/Src/stm32f1xx_hal_tim_ex.c **** 
 4608              		.loc 1 1877 3 discriminator 2 view .LVU1310
1879:Drivers/STM32F1xx_HAL_Driver/Src/stm32f1xx_hal_tim_ex.c ****       (InputTrigger == TIM_TS_ITR2) || (InputTrigger == TIM_TS_ITR3))
 4609              		.loc 1 1879 3 discriminator 2 view .LVU1311
1879:Drivers/STM32F1xx_HAL_Driver/Src/stm32f1xx_hal_tim_ex.c ****       (InputTrigger == TIM_TS_ITR2) || (InputTrigger == TIM_TS_ITR3))
 4610              		.loc 1 1879 6 is_stmt 0 discriminator 2 view .LVU1312
 4611 0012 29B1     		cbz	r1, .L376
1879:Drivers/STM32F1xx_HAL_Driver/Src/stm32f1xx_hal_tim_ex.c ****       (InputTrigger == TIM_TS_ITR2) || (InputTrigger == TIM_TS_ITR3))
 4612              		.loc 1 1879 37 discriminator 1 view .LVU1313
 4613 0014 1029     		cmp	r1, #16
 4614 0016 03D0     		beq	.L376
1879:Drivers/STM32F1xx_HAL_Driver/Src/stm32f1xx_hal_tim_ex.c ****       (InputTrigger == TIM_TS_ITR2) || (InputTrigger == TIM_TS_ITR3))
 4615              		.loc 1 1879 70 discriminator 2 view .LVU1314
 4616 0018 2029     		cmp	r1, #32
 4617 001a 01D0     		beq	.L376
1880:Drivers/STM32F1xx_HAL_Driver/Src/stm32f1xx_hal_tim_ex.c ****   {
 4618              		.loc 1 1880 37 view .LVU1315
 4619 001c 3029     		cmp	r1, #48
 4620 001e 08D1     		bne	.L377
 4621              	.L376:
1883:Drivers/STM32F1xx_HAL_Driver/Src/stm32f1xx_hal_tim_ex.c ****     htim->Instance->SMCR |= InputTrigger;
 4622              		.loc 1 1883 5 is_stmt 1 view .LVU1316
1883:Drivers/STM32F1xx_HAL_Driver/Src/stm32f1xx_hal_tim_ex.c ****     htim->Instance->SMCR |= InputTrigger;
 4623              		.loc 1 1883 9 is_stmt 0 view .LVU1317
 4624 0020 1C68     		ldr	r4, [r3]
1883:Drivers/STM32F1xx_HAL_Driver/Src/stm32f1xx_hal_tim_ex.c ****     htim->Instance->SMCR |= InputTrigger;
 4625              		.loc 1 1883 26 view .LVU1318
 4626 0022 A068     		ldr	r0, [r4, #8]
 4627 0024 20F07000 		bic	r0, r0, #112
 4628 0028 A060     		str	r0, [r4, #8]
1884:Drivers/STM32F1xx_HAL_Driver/Src/stm32f1xx_hal_tim_ex.c ****   }
 4629              		.loc 1 1884 5 is_stmt 1 view .LVU1319
1884:Drivers/STM32F1xx_HAL_Driver/Src/stm32f1xx_hal_tim_ex.c ****   }
 4630              		.loc 1 1884 9 is_stmt 0 view .LVU1320
 4631 002a 1C68     		ldr	r4, [r3]
1884:Drivers/STM32F1xx_HAL_Driver/Src/stm32f1xx_hal_tim_ex.c ****   }
 4632              		.loc 1 1884 26 view .LVU1321
 4633 002c A068     		ldr	r0, [r4, #8]
 4634 002e 0143     		orrs	r1, r1, r0
 4635              	.LVL317:
1884:Drivers/STM32F1xx_HAL_Driver/Src/stm32f1xx_hal_tim_ex.c ****   }
 4636              		.loc 1 1884 26 view .LVU1322
 4637 0030 A160     		str	r1, [r4, #8]
 4638              	.L377:
1888:Drivers/STM32F1xx_HAL_Driver/Src/stm32f1xx_hal_tim_ex.c ****   /* Select the Commutation event source */
ARM GAS  C:\Users\ride_pig\AppData\Local\Temp\ccPlGaWa.s 			page 145


 4639              		.loc 1 1888 3 is_stmt 1 view .LVU1323
1888:Drivers/STM32F1xx_HAL_Driver/Src/stm32f1xx_hal_tim_ex.c ****   /* Select the Commutation event source */
 4640              		.loc 1 1888 7 is_stmt 0 view .LVU1324
 4641 0032 1868     		ldr	r0, [r3]
1888:Drivers/STM32F1xx_HAL_Driver/Src/stm32f1xx_hal_tim_ex.c ****   /* Select the Commutation event source */
 4642              		.loc 1 1888 23 view .LVU1325
 4643 0034 4168     		ldr	r1, [r0, #4]
 4644 0036 41F00101 		orr	r1, r1, #1
 4645 003a 4160     		str	r1, [r0, #4]
1890:Drivers/STM32F1xx_HAL_Driver/Src/stm32f1xx_hal_tim_ex.c ****   htim->Instance->CR2 |= CommutationSource;
 4646              		.loc 1 1890 3 is_stmt 1 view .LVU1326
1890:Drivers/STM32F1xx_HAL_Driver/Src/stm32f1xx_hal_tim_ex.c ****   htim->Instance->CR2 |= CommutationSource;
 4647              		.loc 1 1890 7 is_stmt 0 view .LVU1327
 4648 003c 1868     		ldr	r0, [r3]
1890:Drivers/STM32F1xx_HAL_Driver/Src/stm32f1xx_hal_tim_ex.c ****   htim->Instance->CR2 |= CommutationSource;
 4649              		.loc 1 1890 23 view .LVU1328
 4650 003e 4168     		ldr	r1, [r0, #4]
 4651 0040 21F00401 		bic	r1, r1, #4
 4652 0044 4160     		str	r1, [r0, #4]
1891:Drivers/STM32F1xx_HAL_Driver/Src/stm32f1xx_hal_tim_ex.c **** 
 4653              		.loc 1 1891 3 is_stmt 1 view .LVU1329
1891:Drivers/STM32F1xx_HAL_Driver/Src/stm32f1xx_hal_tim_ex.c **** 
 4654              		.loc 1 1891 7 is_stmt 0 view .LVU1330
 4655 0046 1868     		ldr	r0, [r3]
1891:Drivers/STM32F1xx_HAL_Driver/Src/stm32f1xx_hal_tim_ex.c **** 
 4656              		.loc 1 1891 23 view .LVU1331
 4657 0048 4168     		ldr	r1, [r0, #4]
 4658 004a 0A43     		orrs	r2, r2, r1
 4659              	.LVL318:
1891:Drivers/STM32F1xx_HAL_Driver/Src/stm32f1xx_hal_tim_ex.c **** 
 4660              		.loc 1 1891 23 view .LVU1332
 4661 004c 4260     		str	r2, [r0, #4]
1895:Drivers/STM32F1xx_HAL_Driver/Src/stm32f1xx_hal_tim_ex.c ****   htim->hdma[TIM_DMA_ID_COMMUTATION]->XferHalfCpltCallback = TIMEx_DMACommutationHalfCplt;
 4662              		.loc 1 1895 3 is_stmt 1 view .LVU1333
1895:Drivers/STM32F1xx_HAL_Driver/Src/stm32f1xx_hal_tim_ex.c ****   htim->hdma[TIM_DMA_ID_COMMUTATION]->XferHalfCpltCallback = TIMEx_DMACommutationHalfCplt;
 4663              		.loc 1 1895 13 is_stmt 0 view .LVU1334
 4664 004e 5A6B     		ldr	r2, [r3, #52]
1895:Drivers/STM32F1xx_HAL_Driver/Src/stm32f1xx_hal_tim_ex.c ****   htim->hdma[TIM_DMA_ID_COMMUTATION]->XferHalfCpltCallback = TIMEx_DMACommutationHalfCplt;
 4665              		.loc 1 1895 56 view .LVU1335
 4666 0050 0C49     		ldr	r1, .L383
 4667 0052 9162     		str	r1, [r2, #40]
1896:Drivers/STM32F1xx_HAL_Driver/Src/stm32f1xx_hal_tim_ex.c ****   /* Set the DMA error callback */
 4668              		.loc 1 1896 3 is_stmt 1 view .LVU1336
1896:Drivers/STM32F1xx_HAL_Driver/Src/stm32f1xx_hal_tim_ex.c ****   /* Set the DMA error callback */
 4669              		.loc 1 1896 13 is_stmt 0 view .LVU1337
 4670 0054 5A6B     		ldr	r2, [r3, #52]
1896:Drivers/STM32F1xx_HAL_Driver/Src/stm32f1xx_hal_tim_ex.c ****   /* Set the DMA error callback */
 4671              		.loc 1 1896 60 view .LVU1338
 4672 0056 0C49     		ldr	r1, .L383+4
 4673 0058 D162     		str	r1, [r2, #44]
1898:Drivers/STM32F1xx_HAL_Driver/Src/stm32f1xx_hal_tim_ex.c **** 
 4674              		.loc 1 1898 3 is_stmt 1 view .LVU1339
1898:Drivers/STM32F1xx_HAL_Driver/Src/stm32f1xx_hal_tim_ex.c **** 
 4675              		.loc 1 1898 13 is_stmt 0 view .LVU1340
 4676 005a 5A6B     		ldr	r2, [r3, #52]
1898:Drivers/STM32F1xx_HAL_Driver/Src/stm32f1xx_hal_tim_ex.c **** 
 4677              		.loc 1 1898 57 view .LVU1341
ARM GAS  C:\Users\ride_pig\AppData\Local\Temp\ccPlGaWa.s 			page 146


 4678 005c 0B49     		ldr	r1, .L383+8
 4679 005e 1163     		str	r1, [r2, #48]
1901:Drivers/STM32F1xx_HAL_Driver/Src/stm32f1xx_hal_tim_ex.c **** 
 4680              		.loc 1 1901 3 is_stmt 1 view .LVU1342
 4681 0060 1968     		ldr	r1, [r3]
 4682 0062 CA68     		ldr	r2, [r1, #12]
 4683 0064 22F02002 		bic	r2, r2, #32
 4684 0068 CA60     		str	r2, [r1, #12]
1904:Drivers/STM32F1xx_HAL_Driver/Src/stm32f1xx_hal_tim_ex.c **** 
 4685              		.loc 1 1904 3 view .LVU1343
 4686 006a 1968     		ldr	r1, [r3]
 4687 006c CA68     		ldr	r2, [r1, #12]
 4688 006e 42F40052 		orr	r2, r2, #8192
 4689 0072 CA60     		str	r2, [r1, #12]
1906:Drivers/STM32F1xx_HAL_Driver/Src/stm32f1xx_hal_tim_ex.c **** 
 4690              		.loc 1 1906 3 view .LVU1344
1906:Drivers/STM32F1xx_HAL_Driver/Src/stm32f1xx_hal_tim_ex.c **** 
 4691              		.loc 1 1906 3 view .LVU1345
 4692 0074 0020     		movs	r0, #0
 4693 0076 83F83C00 		strb	r0, [r3, #60]
1906:Drivers/STM32F1xx_HAL_Driver/Src/stm32f1xx_hal_tim_ex.c **** 
 4694              		.loc 1 1906 3 view .LVU1346
1908:Drivers/STM32F1xx_HAL_Driver/Src/stm32f1xx_hal_tim_ex.c **** }
 4695              		.loc 1 1908 3 view .LVU1347
1909:Drivers/STM32F1xx_HAL_Driver/Src/stm32f1xx_hal_tim_ex.c **** 
 4696              		.loc 1 1909 1 is_stmt 0 view .LVU1348
 4697 007a 10BC     		pop	{r4}
 4698              	.LCFI35:
 4699              		.cfi_restore 4
 4700              		.cfi_def_cfa_offset 0
 4701 007c 7047     		bx	lr
 4702              	.LVL319:
 4703              	.L378:
1877:Drivers/STM32F1xx_HAL_Driver/Src/stm32f1xx_hal_tim_ex.c **** 
 4704              		.loc 1 1877 3 view .LVU1349
 4705 007e 0220     		movs	r0, #2
1909:Drivers/STM32F1xx_HAL_Driver/Src/stm32f1xx_hal_tim_ex.c **** 
 4706              		.loc 1 1909 1 view .LVU1350
 4707 0080 7047     		bx	lr
 4708              	.L384:
 4709 0082 00BF     		.align	2
 4710              	.L383:
 4711 0084 00000000 		.word	TIMEx_DMACommutationCplt
 4712 0088 00000000 		.word	TIMEx_DMACommutationHalfCplt
 4713 008c 00000000 		.word	TIM_DMAError
 4714              		.cfi_endproc
 4715              	.LFE93:
 4717              		.section	.text.HAL_TIMEx_MasterConfigSynchronization,"ax",%progbits
 4718              		.align	1
 4719              		.global	HAL_TIMEx_MasterConfigSynchronization
 4720              		.syntax unified
 4721              		.thumb
 4722              		.thumb_func
 4724              	HAL_TIMEx_MasterConfigSynchronization:
 4725              	.LVL320:
 4726              	.LFB94:
1921:Drivers/STM32F1xx_HAL_Driver/Src/stm32f1xx_hal_tim_ex.c ****   uint32_t tmpcr2;
ARM GAS  C:\Users\ride_pig\AppData\Local\Temp\ccPlGaWa.s 			page 147


 4727              		.loc 1 1921 1 is_stmt 1 view -0
 4728              		.cfi_startproc
 4729              		@ args = 0, pretend = 0, frame = 0
 4730              		@ frame_needed = 0, uses_anonymous_args = 0
 4731              		@ link register save eliminated.
1922:Drivers/STM32F1xx_HAL_Driver/Src/stm32f1xx_hal_tim_ex.c ****   uint32_t tmpsmcr;
 4732              		.loc 1 1922 3 view .LVU1352
1923:Drivers/STM32F1xx_HAL_Driver/Src/stm32f1xx_hal_tim_ex.c **** 
 4733              		.loc 1 1923 3 view .LVU1353
1926:Drivers/STM32F1xx_HAL_Driver/Src/stm32f1xx_hal_tim_ex.c ****   assert_param(IS_TIM_TRGO_SOURCE(sMasterConfig->MasterOutputTrigger));
 4734              		.loc 1 1926 3 view .LVU1354
1927:Drivers/STM32F1xx_HAL_Driver/Src/stm32f1xx_hal_tim_ex.c ****   assert_param(IS_TIM_MSM_STATE(sMasterConfig->MasterSlaveMode));
 4735              		.loc 1 1927 3 view .LVU1355
1928:Drivers/STM32F1xx_HAL_Driver/Src/stm32f1xx_hal_tim_ex.c **** 
 4736              		.loc 1 1928 3 view .LVU1356
1931:Drivers/STM32F1xx_HAL_Driver/Src/stm32f1xx_hal_tim_ex.c **** 
 4737              		.loc 1 1931 3 view .LVU1357
1931:Drivers/STM32F1xx_HAL_Driver/Src/stm32f1xx_hal_tim_ex.c **** 
 4738              		.loc 1 1931 3 view .LVU1358
 4739 0000 90F83C20 		ldrb	r2, [r0, #60]	@ zero_extendqisi2
 4740 0004 012A     		cmp	r2, #1
 4741 0006 30D0     		beq	.L389
1921:Drivers/STM32F1xx_HAL_Driver/Src/stm32f1xx_hal_tim_ex.c ****   uint32_t tmpcr2;
 4742              		.loc 1 1921 1 is_stmt 0 discriminator 2 view .LVU1359
 4743 0008 10B4     		push	{r4}
 4744              	.LCFI36:
 4745              		.cfi_def_cfa_offset 4
 4746              		.cfi_offset 4, -4
 4747 000a 0346     		mov	r3, r0
1931:Drivers/STM32F1xx_HAL_Driver/Src/stm32f1xx_hal_tim_ex.c **** 
 4748              		.loc 1 1931 3 is_stmt 1 discriminator 2 view .LVU1360
 4749 000c 0122     		movs	r2, #1
 4750 000e 80F83C20 		strb	r2, [r0, #60]
1931:Drivers/STM32F1xx_HAL_Driver/Src/stm32f1xx_hal_tim_ex.c **** 
 4751              		.loc 1 1931 3 discriminator 2 view .LVU1361
1934:Drivers/STM32F1xx_HAL_Driver/Src/stm32f1xx_hal_tim_ex.c **** 
 4752              		.loc 1 1934 3 discriminator 2 view .LVU1362
1934:Drivers/STM32F1xx_HAL_Driver/Src/stm32f1xx_hal_tim_ex.c **** 
 4753              		.loc 1 1934 15 is_stmt 0 discriminator 2 view .LVU1363
 4754 0012 0222     		movs	r2, #2
 4755 0014 80F83D20 		strb	r2, [r0, #61]
1937:Drivers/STM32F1xx_HAL_Driver/Src/stm32f1xx_hal_tim_ex.c **** 
 4756              		.loc 1 1937 3 is_stmt 1 discriminator 2 view .LVU1364
1937:Drivers/STM32F1xx_HAL_Driver/Src/stm32f1xx_hal_tim_ex.c **** 
 4757              		.loc 1 1937 16 is_stmt 0 discriminator 2 view .LVU1365
 4758 0018 0268     		ldr	r2, [r0]
1937:Drivers/STM32F1xx_HAL_Driver/Src/stm32f1xx_hal_tim_ex.c **** 
 4759              		.loc 1 1937 10 discriminator 2 view .LVU1366
 4760 001a 5068     		ldr	r0, [r2, #4]
 4761              	.LVL321:
1940:Drivers/STM32F1xx_HAL_Driver/Src/stm32f1xx_hal_tim_ex.c **** 
 4762              		.loc 1 1940 3 is_stmt 1 discriminator 2 view .LVU1367
1940:Drivers/STM32F1xx_HAL_Driver/Src/stm32f1xx_hal_tim_ex.c **** 
 4763              		.loc 1 1940 11 is_stmt 0 discriminator 2 view .LVU1368
 4764 001c 9468     		ldr	r4, [r2, #8]
 4765              	.LVL322:
1943:Drivers/STM32F1xx_HAL_Driver/Src/stm32f1xx_hal_tim_ex.c ****   /* Select the TRGO source */
ARM GAS  C:\Users\ride_pig\AppData\Local\Temp\ccPlGaWa.s 			page 148


 4766              		.loc 1 1943 3 is_stmt 1 discriminator 2 view .LVU1369
1943:Drivers/STM32F1xx_HAL_Driver/Src/stm32f1xx_hal_tim_ex.c ****   /* Select the TRGO source */
 4767              		.loc 1 1943 10 is_stmt 0 discriminator 2 view .LVU1370
 4768 001e 20F0700C 		bic	ip, r0, #112
 4769              	.LVL323:
1945:Drivers/STM32F1xx_HAL_Driver/Src/stm32f1xx_hal_tim_ex.c **** 
 4770              		.loc 1 1945 3 is_stmt 1 discriminator 2 view .LVU1371
1945:Drivers/STM32F1xx_HAL_Driver/Src/stm32f1xx_hal_tim_ex.c **** 
 4771              		.loc 1 1945 27 is_stmt 0 discriminator 2 view .LVU1372
 4772 0022 0868     		ldr	r0, [r1]
1945:Drivers/STM32F1xx_HAL_Driver/Src/stm32f1xx_hal_tim_ex.c **** 
 4773              		.loc 1 1945 10 discriminator 2 view .LVU1373
 4774 0024 40EA0C00 		orr	r0, r0, ip
 4775              	.LVL324:
1948:Drivers/STM32F1xx_HAL_Driver/Src/stm32f1xx_hal_tim_ex.c **** 
 4776              		.loc 1 1948 3 is_stmt 1 discriminator 2 view .LVU1374
1948:Drivers/STM32F1xx_HAL_Driver/Src/stm32f1xx_hal_tim_ex.c **** 
 4777              		.loc 1 1948 23 is_stmt 0 discriminator 2 view .LVU1375
 4778 0028 5060     		str	r0, [r2, #4]
1950:Drivers/STM32F1xx_HAL_Driver/Src/stm32f1xx_hal_tim_ex.c ****   {
 4779              		.loc 1 1950 3 is_stmt 1 discriminator 2 view .LVU1376
1950:Drivers/STM32F1xx_HAL_Driver/Src/stm32f1xx_hal_tim_ex.c ****   {
 4780              		.loc 1 1950 7 is_stmt 0 discriminator 2 view .LVU1377
 4781 002a 1A68     		ldr	r2, [r3]
1950:Drivers/STM32F1xx_HAL_Driver/Src/stm32f1xx_hal_tim_ex.c ****   {
 4782              		.loc 1 1950 6 discriminator 2 view .LVU1378
 4783 002c 1048     		ldr	r0, .L394
 4784              	.LVL325:
1950:Drivers/STM32F1xx_HAL_Driver/Src/stm32f1xx_hal_tim_ex.c ****   {
 4785              		.loc 1 1950 6 discriminator 2 view .LVU1379
 4786 002e 8242     		cmp	r2, r0
 4787 0030 0ED0     		beq	.L387
1950:Drivers/STM32F1xx_HAL_Driver/Src/stm32f1xx_hal_tim_ex.c ****   {
 4788              		.loc 1 1950 7 discriminator 1 view .LVU1380
 4789 0032 B2F1804F 		cmp	r2, #1073741824
 4790 0036 0BD0     		beq	.L387
1950:Drivers/STM32F1xx_HAL_Driver/Src/stm32f1xx_hal_tim_ex.c ****   {
 4791              		.loc 1 1950 7 discriminator 2 view .LVU1381
 4792 0038 A0F59430 		sub	r0, r0, #75776
 4793 003c 8242     		cmp	r2, r0
 4794 003e 07D0     		beq	.L387
1950:Drivers/STM32F1xx_HAL_Driver/Src/stm32f1xx_hal_tim_ex.c ****   {
 4795              		.loc 1 1950 7 discriminator 3 view .LVU1382
 4796 0040 00F58060 		add	r0, r0, #1024
 4797 0044 8242     		cmp	r2, r0
 4798 0046 03D0     		beq	.L387
1950:Drivers/STM32F1xx_HAL_Driver/Src/stm32f1xx_hal_tim_ex.c ****   {
 4799              		.loc 1 1950 7 discriminator 4 view .LVU1383
 4800 0048 00F58060 		add	r0, r0, #1024
 4801 004c 8242     		cmp	r2, r0
 4802 004e 04D1     		bne	.L388
 4803              	.L387:
1953:Drivers/STM32F1xx_HAL_Driver/Src/stm32f1xx_hal_tim_ex.c ****     /* Set master mode */
 4804              		.loc 1 1953 5 is_stmt 1 view .LVU1384
1953:Drivers/STM32F1xx_HAL_Driver/Src/stm32f1xx_hal_tim_ex.c ****     /* Set master mode */
 4805              		.loc 1 1953 13 is_stmt 0 view .LVU1385
 4806 0050 24F08004 		bic	r4, r4, #128
ARM GAS  C:\Users\ride_pig\AppData\Local\Temp\ccPlGaWa.s 			page 149


 4807              	.LVL326:
1955:Drivers/STM32F1xx_HAL_Driver/Src/stm32f1xx_hal_tim_ex.c **** 
 4808              		.loc 1 1955 5 is_stmt 1 view .LVU1386
1955:Drivers/STM32F1xx_HAL_Driver/Src/stm32f1xx_hal_tim_ex.c **** 
 4809              		.loc 1 1955 29 is_stmt 0 view .LVU1387
 4810 0054 4968     		ldr	r1, [r1, #4]
 4811              	.LVL327:
1955:Drivers/STM32F1xx_HAL_Driver/Src/stm32f1xx_hal_tim_ex.c **** 
 4812              		.loc 1 1955 13 view .LVU1388
 4813 0056 2143     		orrs	r1, r1, r4
 4814              	.LVL328:
1958:Drivers/STM32F1xx_HAL_Driver/Src/stm32f1xx_hal_tim_ex.c ****   }
 4815              		.loc 1 1958 5 is_stmt 1 view .LVU1389
1958:Drivers/STM32F1xx_HAL_Driver/Src/stm32f1xx_hal_tim_ex.c ****   }
 4816              		.loc 1 1958 26 is_stmt 0 view .LVU1390
 4817 0058 9160     		str	r1, [r2, #8]
 4818              	.LVL329:
 4819              	.L388:
1962:Drivers/STM32F1xx_HAL_Driver/Src/stm32f1xx_hal_tim_ex.c **** 
 4820              		.loc 1 1962 3 is_stmt 1 view .LVU1391
1962:Drivers/STM32F1xx_HAL_Driver/Src/stm32f1xx_hal_tim_ex.c **** 
 4821              		.loc 1 1962 15 is_stmt 0 view .LVU1392
 4822 005a 0122     		movs	r2, #1
 4823 005c 83F83D20 		strb	r2, [r3, #61]
1964:Drivers/STM32F1xx_HAL_Driver/Src/stm32f1xx_hal_tim_ex.c **** 
 4824              		.loc 1 1964 3 is_stmt 1 view .LVU1393
1964:Drivers/STM32F1xx_HAL_Driver/Src/stm32f1xx_hal_tim_ex.c **** 
 4825              		.loc 1 1964 3 view .LVU1394
 4826 0060 0020     		movs	r0, #0
 4827 0062 83F83C00 		strb	r0, [r3, #60]
1964:Drivers/STM32F1xx_HAL_Driver/Src/stm32f1xx_hal_tim_ex.c **** 
 4828              		.loc 1 1964 3 view .LVU1395
1966:Drivers/STM32F1xx_HAL_Driver/Src/stm32f1xx_hal_tim_ex.c **** }
 4829              		.loc 1 1966 3 view .LVU1396
1967:Drivers/STM32F1xx_HAL_Driver/Src/stm32f1xx_hal_tim_ex.c **** 
 4830              		.loc 1 1967 1 is_stmt 0 view .LVU1397
 4831 0066 10BC     		pop	{r4}
 4832              	.LCFI37:
 4833              		.cfi_restore 4
 4834              		.cfi_def_cfa_offset 0
 4835 0068 7047     		bx	lr
 4836              	.LVL330:
 4837              	.L389:
1931:Drivers/STM32F1xx_HAL_Driver/Src/stm32f1xx_hal_tim_ex.c **** 
 4838              		.loc 1 1931 3 view .LVU1398
 4839 006a 0220     		movs	r0, #2
 4840              	.LVL331:
1967:Drivers/STM32F1xx_HAL_Driver/Src/stm32f1xx_hal_tim_ex.c **** 
 4841              		.loc 1 1967 1 view .LVU1399
 4842 006c 7047     		bx	lr
 4843              	.L395:
 4844 006e 00BF     		.align	2
 4845              	.L394:
 4846 0070 002C0140 		.word	1073818624
 4847              		.cfi_endproc
 4848              	.LFE94:
 4850              		.section	.text.HAL_TIMEx_ConfigBreakDeadTime,"ax",%progbits
ARM GAS  C:\Users\ride_pig\AppData\Local\Temp\ccPlGaWa.s 			page 150


 4851              		.align	1
 4852              		.global	HAL_TIMEx_ConfigBreakDeadTime
 4853              		.syntax unified
 4854              		.thumb
 4855              		.thumb_func
 4857              	HAL_TIMEx_ConfigBreakDeadTime:
 4858              	.LVL332:
 4859              	.LFB95:
1982:Drivers/STM32F1xx_HAL_Driver/Src/stm32f1xx_hal_tim_ex.c ****   /* Keep this variable initialized to 0 as it is used to configure BDTR register */
 4860              		.loc 1 1982 1 is_stmt 1 view -0
 4861              		.cfi_startproc
 4862              		@ args = 0, pretend = 0, frame = 0
 4863              		@ frame_needed = 0, uses_anonymous_args = 0
 4864              		@ link register save eliminated.
1982:Drivers/STM32F1xx_HAL_Driver/Src/stm32f1xx_hal_tim_ex.c ****   /* Keep this variable initialized to 0 as it is used to configure BDTR register */
 4865              		.loc 1 1982 1 is_stmt 0 view .LVU1401
 4866 0000 0246     		mov	r2, r0
1984:Drivers/STM32F1xx_HAL_Driver/Src/stm32f1xx_hal_tim_ex.c **** 
 4867              		.loc 1 1984 3 is_stmt 1 view .LVU1402
 4868              	.LVL333:
1987:Drivers/STM32F1xx_HAL_Driver/Src/stm32f1xx_hal_tim_ex.c ****   assert_param(IS_TIM_OSSR_STATE(sBreakDeadTimeConfig->OffStateRunMode));
 4869              		.loc 1 1987 3 view .LVU1403
1988:Drivers/STM32F1xx_HAL_Driver/Src/stm32f1xx_hal_tim_ex.c ****   assert_param(IS_TIM_OSSI_STATE(sBreakDeadTimeConfig->OffStateIDLEMode));
 4870              		.loc 1 1988 3 view .LVU1404
1989:Drivers/STM32F1xx_HAL_Driver/Src/stm32f1xx_hal_tim_ex.c ****   assert_param(IS_TIM_LOCK_LEVEL(sBreakDeadTimeConfig->LockLevel));
 4871              		.loc 1 1989 3 view .LVU1405
1990:Drivers/STM32F1xx_HAL_Driver/Src/stm32f1xx_hal_tim_ex.c ****   assert_param(IS_TIM_DEADTIME(sBreakDeadTimeConfig->DeadTime));
 4872              		.loc 1 1990 3 view .LVU1406
1991:Drivers/STM32F1xx_HAL_Driver/Src/stm32f1xx_hal_tim_ex.c ****   assert_param(IS_TIM_BREAK_STATE(sBreakDeadTimeConfig->BreakState));
 4873              		.loc 1 1991 3 view .LVU1407
1992:Drivers/STM32F1xx_HAL_Driver/Src/stm32f1xx_hal_tim_ex.c ****   assert_param(IS_TIM_BREAK_POLARITY(sBreakDeadTimeConfig->BreakPolarity));
 4874              		.loc 1 1992 3 view .LVU1408
1993:Drivers/STM32F1xx_HAL_Driver/Src/stm32f1xx_hal_tim_ex.c ****   assert_param(IS_TIM_AUTOMATIC_OUTPUT_STATE(sBreakDeadTimeConfig->AutomaticOutput));
 4875              		.loc 1 1993 3 view .LVU1409
1994:Drivers/STM32F1xx_HAL_Driver/Src/stm32f1xx_hal_tim_ex.c **** 
 4876              		.loc 1 1994 3 view .LVU1410
1997:Drivers/STM32F1xx_HAL_Driver/Src/stm32f1xx_hal_tim_ex.c **** 
 4877              		.loc 1 1997 3 view .LVU1411
1997:Drivers/STM32F1xx_HAL_Driver/Src/stm32f1xx_hal_tim_ex.c **** 
 4878              		.loc 1 1997 3 view .LVU1412
 4879 0002 90F83C30 		ldrb	r3, [r0, #60]	@ zero_extendqisi2
 4880 0006 012B     		cmp	r3, #1
 4881 0008 21D0     		beq	.L398
1997:Drivers/STM32F1xx_HAL_Driver/Src/stm32f1xx_hal_tim_ex.c **** 
 4882              		.loc 1 1997 3 discriminator 2 view .LVU1413
 4883 000a 0123     		movs	r3, #1
 4884 000c 80F83C30 		strb	r3, [r0, #60]
1997:Drivers/STM32F1xx_HAL_Driver/Src/stm32f1xx_hal_tim_ex.c **** 
 4885              		.loc 1 1997 3 discriminator 2 view .LVU1414
2003:Drivers/STM32F1xx_HAL_Driver/Src/stm32f1xx_hal_tim_ex.c ****   MODIFY_REG(tmpbdtr, TIM_BDTR_LOCK, sBreakDeadTimeConfig->LockLevel);
 4886              		.loc 1 2003 3 discriminator 2 view .LVU1415
 4887 0010 CB68     		ldr	r3, [r1, #12]
 4888              	.LVL334:
2004:Drivers/STM32F1xx_HAL_Driver/Src/stm32f1xx_hal_tim_ex.c ****   MODIFY_REG(tmpbdtr, TIM_BDTR_OSSI, sBreakDeadTimeConfig->OffStateIDLEMode);
 4889              		.loc 1 2004 3 discriminator 2 view .LVU1416
 4890 0012 23F44073 		bic	r3, r3, #768
 4891              	.LVL335:
ARM GAS  C:\Users\ride_pig\AppData\Local\Temp\ccPlGaWa.s 			page 151


2004:Drivers/STM32F1xx_HAL_Driver/Src/stm32f1xx_hal_tim_ex.c ****   MODIFY_REG(tmpbdtr, TIM_BDTR_OSSI, sBreakDeadTimeConfig->OffStateIDLEMode);
 4892              		.loc 1 2004 3 is_stmt 0 discriminator 2 view .LVU1417
 4893 0016 8868     		ldr	r0, [r1, #8]
 4894              	.LVL336:
2004:Drivers/STM32F1xx_HAL_Driver/Src/stm32f1xx_hal_tim_ex.c ****   MODIFY_REG(tmpbdtr, TIM_BDTR_OSSI, sBreakDeadTimeConfig->OffStateIDLEMode);
 4895              		.loc 1 2004 3 discriminator 2 view .LVU1418
 4896 0018 0343     		orrs	r3, r3, r0
 4897              	.LVL337:
2005:Drivers/STM32F1xx_HAL_Driver/Src/stm32f1xx_hal_tim_ex.c ****   MODIFY_REG(tmpbdtr, TIM_BDTR_OSSR, sBreakDeadTimeConfig->OffStateRunMode);
 4898              		.loc 1 2005 3 is_stmt 1 discriminator 2 view .LVU1419
 4899 001a 23F48063 		bic	r3, r3, #1024
 4900              	.LVL338:
2005:Drivers/STM32F1xx_HAL_Driver/Src/stm32f1xx_hal_tim_ex.c ****   MODIFY_REG(tmpbdtr, TIM_BDTR_OSSR, sBreakDeadTimeConfig->OffStateRunMode);
 4901              		.loc 1 2005 3 is_stmt 0 discriminator 2 view .LVU1420
 4902 001e 4868     		ldr	r0, [r1, #4]
 4903              	.LVL339:
2005:Drivers/STM32F1xx_HAL_Driver/Src/stm32f1xx_hal_tim_ex.c ****   MODIFY_REG(tmpbdtr, TIM_BDTR_OSSR, sBreakDeadTimeConfig->OffStateRunMode);
 4904              		.loc 1 2005 3 discriminator 2 view .LVU1421
 4905 0020 0343     		orrs	r3, r3, r0
 4906              	.LVL340:
2006:Drivers/STM32F1xx_HAL_Driver/Src/stm32f1xx_hal_tim_ex.c ****   MODIFY_REG(tmpbdtr, TIM_BDTR_BKE, sBreakDeadTimeConfig->BreakState);
 4907              		.loc 1 2006 3 is_stmt 1 discriminator 2 view .LVU1422
 4908 0022 23F40063 		bic	r3, r3, #2048
 4909              	.LVL341:
2006:Drivers/STM32F1xx_HAL_Driver/Src/stm32f1xx_hal_tim_ex.c ****   MODIFY_REG(tmpbdtr, TIM_BDTR_BKE, sBreakDeadTimeConfig->BreakState);
 4910              		.loc 1 2006 3 is_stmt 0 discriminator 2 view .LVU1423
 4911 0026 0868     		ldr	r0, [r1]
 4912              	.LVL342:
2006:Drivers/STM32F1xx_HAL_Driver/Src/stm32f1xx_hal_tim_ex.c ****   MODIFY_REG(tmpbdtr, TIM_BDTR_BKE, sBreakDeadTimeConfig->BreakState);
 4913              		.loc 1 2006 3 discriminator 2 view .LVU1424
 4914 0028 0343     		orrs	r3, r3, r0
 4915              	.LVL343:
2007:Drivers/STM32F1xx_HAL_Driver/Src/stm32f1xx_hal_tim_ex.c ****   MODIFY_REG(tmpbdtr, TIM_BDTR_BKP, sBreakDeadTimeConfig->BreakPolarity);
 4916              		.loc 1 2007 3 is_stmt 1 discriminator 2 view .LVU1425
 4917 002a 23F48053 		bic	r3, r3, #4096
 4918              	.LVL344:
2007:Drivers/STM32F1xx_HAL_Driver/Src/stm32f1xx_hal_tim_ex.c ****   MODIFY_REG(tmpbdtr, TIM_BDTR_BKP, sBreakDeadTimeConfig->BreakPolarity);
 4919              		.loc 1 2007 3 is_stmt 0 discriminator 2 view .LVU1426
 4920 002e 0869     		ldr	r0, [r1, #16]
 4921              	.LVL345:
2007:Drivers/STM32F1xx_HAL_Driver/Src/stm32f1xx_hal_tim_ex.c ****   MODIFY_REG(tmpbdtr, TIM_BDTR_BKP, sBreakDeadTimeConfig->BreakPolarity);
 4922              		.loc 1 2007 3 discriminator 2 view .LVU1427
 4923 0030 0343     		orrs	r3, r3, r0
 4924              	.LVL346:
2008:Drivers/STM32F1xx_HAL_Driver/Src/stm32f1xx_hal_tim_ex.c ****   MODIFY_REG(tmpbdtr, TIM_BDTR_AOE, sBreakDeadTimeConfig->AutomaticOutput);
 4925              		.loc 1 2008 3 is_stmt 1 discriminator 2 view .LVU1428
 4926 0032 23F40053 		bic	r3, r3, #8192
 4927              	.LVL347:
2008:Drivers/STM32F1xx_HAL_Driver/Src/stm32f1xx_hal_tim_ex.c ****   MODIFY_REG(tmpbdtr, TIM_BDTR_AOE, sBreakDeadTimeConfig->AutomaticOutput);
 4928              		.loc 1 2008 3 is_stmt 0 discriminator 2 view .LVU1429
 4929 0036 4869     		ldr	r0, [r1, #20]
 4930              	.LVL348:
2008:Drivers/STM32F1xx_HAL_Driver/Src/stm32f1xx_hal_tim_ex.c ****   MODIFY_REG(tmpbdtr, TIM_BDTR_AOE, sBreakDeadTimeConfig->AutomaticOutput);
 4931              		.loc 1 2008 3 discriminator 2 view .LVU1430
 4932 0038 0343     		orrs	r3, r3, r0
 4933              	.LVL349:
2009:Drivers/STM32F1xx_HAL_Driver/Src/stm32f1xx_hal_tim_ex.c **** 
ARM GAS  C:\Users\ride_pig\AppData\Local\Temp\ccPlGaWa.s 			page 152


 4934              		.loc 1 2009 3 is_stmt 1 discriminator 2 view .LVU1431
 4935 003a 23F48043 		bic	r3, r3, #16384
 4936              	.LVL350:
2009:Drivers/STM32F1xx_HAL_Driver/Src/stm32f1xx_hal_tim_ex.c **** 
 4937              		.loc 1 2009 3 is_stmt 0 discriminator 2 view .LVU1432
 4938 003e C969     		ldr	r1, [r1, #28]
 4939              	.LVL351:
2009:Drivers/STM32F1xx_HAL_Driver/Src/stm32f1xx_hal_tim_ex.c **** 
 4940              		.loc 1 2009 3 discriminator 2 view .LVU1433
 4941 0040 0B43     		orrs	r3, r3, r1
 4942              	.LVL352:
2013:Drivers/STM32F1xx_HAL_Driver/Src/stm32f1xx_hal_tim_ex.c **** 
 4943              		.loc 1 2013 3 is_stmt 1 discriminator 2 view .LVU1434
2013:Drivers/STM32F1xx_HAL_Driver/Src/stm32f1xx_hal_tim_ex.c **** 
 4944              		.loc 1 2013 7 is_stmt 0 discriminator 2 view .LVU1435
 4945 0042 1168     		ldr	r1, [r2]
2013:Drivers/STM32F1xx_HAL_Driver/Src/stm32f1xx_hal_tim_ex.c **** 
 4946              		.loc 1 2013 24 discriminator 2 view .LVU1436
 4947 0044 4B64     		str	r3, [r1, #68]
2015:Drivers/STM32F1xx_HAL_Driver/Src/stm32f1xx_hal_tim_ex.c **** 
 4948              		.loc 1 2015 3 is_stmt 1 discriminator 2 view .LVU1437
2015:Drivers/STM32F1xx_HAL_Driver/Src/stm32f1xx_hal_tim_ex.c **** 
 4949              		.loc 1 2015 3 discriminator 2 view .LVU1438
 4950 0046 0020     		movs	r0, #0
 4951 0048 82F83C00 		strb	r0, [r2, #60]
2015:Drivers/STM32F1xx_HAL_Driver/Src/stm32f1xx_hal_tim_ex.c **** 
 4952              		.loc 1 2015 3 discriminator 2 view .LVU1439
2017:Drivers/STM32F1xx_HAL_Driver/Src/stm32f1xx_hal_tim_ex.c **** }
 4953              		.loc 1 2017 3 discriminator 2 view .LVU1440
2017:Drivers/STM32F1xx_HAL_Driver/Src/stm32f1xx_hal_tim_ex.c **** }
 4954              		.loc 1 2017 10 is_stmt 0 discriminator 2 view .LVU1441
 4955 004c 7047     		bx	lr
 4956              	.LVL353:
 4957              	.L398:
1997:Drivers/STM32F1xx_HAL_Driver/Src/stm32f1xx_hal_tim_ex.c **** 
 4958              		.loc 1 1997 3 view .LVU1442
 4959 004e 0220     		movs	r0, #2
 4960              	.LVL354:
2018:Drivers/STM32F1xx_HAL_Driver/Src/stm32f1xx_hal_tim_ex.c **** 
 4961              		.loc 1 2018 1 view .LVU1443
 4962 0050 7047     		bx	lr
 4963              		.cfi_endproc
 4964              	.LFE95:
 4966              		.section	.text.HAL_TIMEx_RemapConfig,"ax",%progbits
 4967              		.align	1
 4968              		.global	HAL_TIMEx_RemapConfig
 4969              		.syntax unified
 4970              		.thumb
 4971              		.thumb_func
 4973              	HAL_TIMEx_RemapConfig:
 4974              	.LVL355:
 4975              	.LFB96:
2028:Drivers/STM32F1xx_HAL_Driver/Src/stm32f1xx_hal_tim_ex.c ****   /* Prevent unused argument(s) compilation warning */
 4976              		.loc 1 2028 1 is_stmt 1 view -0
 4977              		.cfi_startproc
 4978              		@ args = 0, pretend = 0, frame = 0
 4979              		@ frame_needed = 0, uses_anonymous_args = 0
ARM GAS  C:\Users\ride_pig\AppData\Local\Temp\ccPlGaWa.s 			page 153


 4980              		@ link register save eliminated.
2030:Drivers/STM32F1xx_HAL_Driver/Src/stm32f1xx_hal_tim_ex.c ****   UNUSED(Remap);
 4981              		.loc 1 2030 3 view .LVU1445
2031:Drivers/STM32F1xx_HAL_Driver/Src/stm32f1xx_hal_tim_ex.c **** 
 4982              		.loc 1 2031 3 view .LVU1446
2033:Drivers/STM32F1xx_HAL_Driver/Src/stm32f1xx_hal_tim_ex.c **** }
 4983              		.loc 1 2033 3 view .LVU1447
2034:Drivers/STM32F1xx_HAL_Driver/Src/stm32f1xx_hal_tim_ex.c **** 
 4984              		.loc 1 2034 1 is_stmt 0 view .LVU1448
 4985 0000 0020     		movs	r0, #0
 4986              	.LVL356:
2034:Drivers/STM32F1xx_HAL_Driver/Src/stm32f1xx_hal_tim_ex.c **** 
 4987              		.loc 1 2034 1 view .LVU1449
 4988 0002 7047     		bx	lr
 4989              		.cfi_endproc
 4990              	.LFE96:
 4992              		.section	.text.HAL_TIMEx_CommutCallback,"ax",%progbits
 4993              		.align	1
 4994              		.weak	HAL_TIMEx_CommutCallback
 4995              		.syntax unified
 4996              		.thumb
 4997              		.thumb_func
 4999              	HAL_TIMEx_CommutCallback:
 5000              	.LVL357:
 5001              	.LFB97:
2062:Drivers/STM32F1xx_HAL_Driver/Src/stm32f1xx_hal_tim_ex.c ****   /* Prevent unused argument(s) compilation warning */
 5002              		.loc 1 2062 1 is_stmt 1 view -0
 5003              		.cfi_startproc
 5004              		@ args = 0, pretend = 0, frame = 0
 5005              		@ frame_needed = 0, uses_anonymous_args = 0
 5006              		@ link register save eliminated.
2064:Drivers/STM32F1xx_HAL_Driver/Src/stm32f1xx_hal_tim_ex.c **** 
 5007              		.loc 1 2064 3 view .LVU1451
2069:Drivers/STM32F1xx_HAL_Driver/Src/stm32f1xx_hal_tim_ex.c **** /**
 5008              		.loc 1 2069 1 is_stmt 0 view .LVU1452
 5009 0000 7047     		bx	lr
 5010              		.cfi_endproc
 5011              	.LFE97:
 5013              		.section	.text.TIMEx_DMACommutationCplt,"ax",%progbits
 5014              		.align	1
 5015              		.global	TIMEx_DMACommutationCplt
 5016              		.syntax unified
 5017              		.thumb
 5018              		.thumb_func
 5020              	TIMEx_DMACommutationCplt:
 5021              	.LVL358:
 5022              	.LFB102:
2168:Drivers/STM32F1xx_HAL_Driver/Src/stm32f1xx_hal_tim_ex.c ****   TIM_HandleTypeDef *htim = (TIM_HandleTypeDef *)((DMA_HandleTypeDef *)hdma)->Parent;
 5023              		.loc 1 2168 1 is_stmt 1 view -0
 5024              		.cfi_startproc
 5025              		@ args = 0, pretend = 0, frame = 0
 5026              		@ frame_needed = 0, uses_anonymous_args = 0
2168:Drivers/STM32F1xx_HAL_Driver/Src/stm32f1xx_hal_tim_ex.c ****   TIM_HandleTypeDef *htim = (TIM_HandleTypeDef *)((DMA_HandleTypeDef *)hdma)->Parent;
 5027              		.loc 1 2168 1 is_stmt 0 view .LVU1454
 5028 0000 08B5     		push	{r3, lr}
 5029              	.LCFI38:
 5030              		.cfi_def_cfa_offset 8
ARM GAS  C:\Users\ride_pig\AppData\Local\Temp\ccPlGaWa.s 			page 154


 5031              		.cfi_offset 3, -8
 5032              		.cfi_offset 14, -4
2169:Drivers/STM32F1xx_HAL_Driver/Src/stm32f1xx_hal_tim_ex.c **** 
 5033              		.loc 1 2169 3 is_stmt 1 view .LVU1455
2169:Drivers/STM32F1xx_HAL_Driver/Src/stm32f1xx_hal_tim_ex.c **** 
 5034              		.loc 1 2169 22 is_stmt 0 view .LVU1456
 5035 0002 406A     		ldr	r0, [r0, #36]
 5036              	.LVL359:
2172:Drivers/STM32F1xx_HAL_Driver/Src/stm32f1xx_hal_tim_ex.c **** 
 5037              		.loc 1 2172 3 is_stmt 1 view .LVU1457
2172:Drivers/STM32F1xx_HAL_Driver/Src/stm32f1xx_hal_tim_ex.c **** 
 5038              		.loc 1 2172 15 is_stmt 0 view .LVU1458
 5039 0004 0123     		movs	r3, #1
 5040 0006 80F83D30 		strb	r3, [r0, #61]
2177:Drivers/STM32F1xx_HAL_Driver/Src/stm32f1xx_hal_tim_ex.c **** #endif /* USE_HAL_TIM_REGISTER_CALLBACKS */
 5041              		.loc 1 2177 3 is_stmt 1 view .LVU1459
 5042 000a FFF7FEFF 		bl	HAL_TIMEx_CommutCallback
 5043              	.LVL360:
2179:Drivers/STM32F1xx_HAL_Driver/Src/stm32f1xx_hal_tim_ex.c **** 
 5044              		.loc 1 2179 1 is_stmt 0 view .LVU1460
 5045 000e 08BD     		pop	{r3, pc}
 5046              		.cfi_endproc
 5047              	.LFE102:
 5049              		.section	.text.HAL_TIMEx_CommutHalfCpltCallback,"ax",%progbits
 5050              		.align	1
 5051              		.weak	HAL_TIMEx_CommutHalfCpltCallback
 5052              		.syntax unified
 5053              		.thumb
 5054              		.thumb_func
 5056              	HAL_TIMEx_CommutHalfCpltCallback:
 5057              	.LVL361:
 5058              	.LFB98:
2076:Drivers/STM32F1xx_HAL_Driver/Src/stm32f1xx_hal_tim_ex.c ****   /* Prevent unused argument(s) compilation warning */
 5059              		.loc 1 2076 1 is_stmt 1 view -0
 5060              		.cfi_startproc
 5061              		@ args = 0, pretend = 0, frame = 0
 5062              		@ frame_needed = 0, uses_anonymous_args = 0
 5063              		@ link register save eliminated.
2078:Drivers/STM32F1xx_HAL_Driver/Src/stm32f1xx_hal_tim_ex.c **** 
 5064              		.loc 1 2078 3 view .LVU1462
2083:Drivers/STM32F1xx_HAL_Driver/Src/stm32f1xx_hal_tim_ex.c **** 
 5065              		.loc 1 2083 1 is_stmt 0 view .LVU1463
 5066 0000 7047     		bx	lr
 5067              		.cfi_endproc
 5068              	.LFE98:
 5070              		.section	.text.TIMEx_DMACommutationHalfCplt,"ax",%progbits
 5071              		.align	1
 5072              		.global	TIMEx_DMACommutationHalfCplt
 5073              		.syntax unified
 5074              		.thumb
 5075              		.thumb_func
 5077              	TIMEx_DMACommutationHalfCplt:
 5078              	.LVL362:
 5079              	.LFB103:
2187:Drivers/STM32F1xx_HAL_Driver/Src/stm32f1xx_hal_tim_ex.c ****   TIM_HandleTypeDef *htim = (TIM_HandleTypeDef *)((DMA_HandleTypeDef *)hdma)->Parent;
 5080              		.loc 1 2187 1 is_stmt 1 view -0
 5081              		.cfi_startproc
ARM GAS  C:\Users\ride_pig\AppData\Local\Temp\ccPlGaWa.s 			page 155


 5082              		@ args = 0, pretend = 0, frame = 0
 5083              		@ frame_needed = 0, uses_anonymous_args = 0
2187:Drivers/STM32F1xx_HAL_Driver/Src/stm32f1xx_hal_tim_ex.c ****   TIM_HandleTypeDef *htim = (TIM_HandleTypeDef *)((DMA_HandleTypeDef *)hdma)->Parent;
 5084              		.loc 1 2187 1 is_stmt 0 view .LVU1465
 5085 0000 08B5     		push	{r3, lr}
 5086              	.LCFI39:
 5087              		.cfi_def_cfa_offset 8
 5088              		.cfi_offset 3, -8
 5089              		.cfi_offset 14, -4
2188:Drivers/STM32F1xx_HAL_Driver/Src/stm32f1xx_hal_tim_ex.c **** 
 5090              		.loc 1 2188 3 is_stmt 1 view .LVU1466
2188:Drivers/STM32F1xx_HAL_Driver/Src/stm32f1xx_hal_tim_ex.c **** 
 5091              		.loc 1 2188 22 is_stmt 0 view .LVU1467
 5092 0002 406A     		ldr	r0, [r0, #36]
 5093              	.LVL363:
2191:Drivers/STM32F1xx_HAL_Driver/Src/stm32f1xx_hal_tim_ex.c **** 
 5094              		.loc 1 2191 3 is_stmt 1 view .LVU1468
2191:Drivers/STM32F1xx_HAL_Driver/Src/stm32f1xx_hal_tim_ex.c **** 
 5095              		.loc 1 2191 15 is_stmt 0 view .LVU1469
 5096 0004 0123     		movs	r3, #1
 5097 0006 80F83D30 		strb	r3, [r0, #61]
2196:Drivers/STM32F1xx_HAL_Driver/Src/stm32f1xx_hal_tim_ex.c **** #endif /* USE_HAL_TIM_REGISTER_CALLBACKS */
 5098              		.loc 1 2196 3 is_stmt 1 view .LVU1470
 5099 000a FFF7FEFF 		bl	HAL_TIMEx_CommutHalfCpltCallback
 5100              	.LVL364:
2198:Drivers/STM32F1xx_HAL_Driver/Src/stm32f1xx_hal_tim_ex.c **** 
 5101              		.loc 1 2198 1 is_stmt 0 view .LVU1471
 5102 000e 08BD     		pop	{r3, pc}
 5103              		.cfi_endproc
 5104              	.LFE103:
 5106              		.section	.text.HAL_TIMEx_BreakCallback,"ax",%progbits
 5107              		.align	1
 5108              		.weak	HAL_TIMEx_BreakCallback
 5109              		.syntax unified
 5110              		.thumb
 5111              		.thumb_func
 5113              	HAL_TIMEx_BreakCallback:
 5114              	.LVL365:
 5115              	.LFB99:
2091:Drivers/STM32F1xx_HAL_Driver/Src/stm32f1xx_hal_tim_ex.c ****   /* Prevent unused argument(s) compilation warning */
 5116              		.loc 1 2091 1 is_stmt 1 view -0
 5117              		.cfi_startproc
 5118              		@ args = 0, pretend = 0, frame = 0
 5119              		@ frame_needed = 0, uses_anonymous_args = 0
 5120              		@ link register save eliminated.
2093:Drivers/STM32F1xx_HAL_Driver/Src/stm32f1xx_hal_tim_ex.c **** 
 5121              		.loc 1 2093 3 view .LVU1473
2098:Drivers/STM32F1xx_HAL_Driver/Src/stm32f1xx_hal_tim_ex.c **** /**
 5122              		.loc 1 2098 1 is_stmt 0 view .LVU1474
 5123 0000 7047     		bx	lr
 5124              		.cfi_endproc
 5125              	.LFE99:
 5127              		.section	.text.HAL_TIMEx_HallSensor_GetState,"ax",%progbits
 5128              		.align	1
 5129              		.global	HAL_TIMEx_HallSensor_GetState
 5130              		.syntax unified
 5131              		.thumb
ARM GAS  C:\Users\ride_pig\AppData\Local\Temp\ccPlGaWa.s 			page 156


 5132              		.thumb_func
 5134              	HAL_TIMEx_HallSensor_GetState:
 5135              	.LVL366:
 5136              	.LFB100:
2124:Drivers/STM32F1xx_HAL_Driver/Src/stm32f1xx_hal_tim_ex.c ****   return htim->State;
 5137              		.loc 1 2124 1 is_stmt 1 view -0
 5138              		.cfi_startproc
 5139              		@ args = 0, pretend = 0, frame = 0
 5140              		@ frame_needed = 0, uses_anonymous_args = 0
 5141              		@ link register save eliminated.
2125:Drivers/STM32F1xx_HAL_Driver/Src/stm32f1xx_hal_tim_ex.c **** }
 5142              		.loc 1 2125 3 view .LVU1476
2125:Drivers/STM32F1xx_HAL_Driver/Src/stm32f1xx_hal_tim_ex.c **** }
 5143              		.loc 1 2125 14 is_stmt 0 view .LVU1477
 5144 0000 90F83D00 		ldrb	r0, [r0, #61]	@ zero_extendqisi2
 5145              	.LVL367:
2126:Drivers/STM32F1xx_HAL_Driver/Src/stm32f1xx_hal_tim_ex.c **** 
 5146              		.loc 1 2126 1 view .LVU1478
 5147 0004 7047     		bx	lr
 5148              		.cfi_endproc
 5149              	.LFE100:
 5151              		.section	.text.HAL_TIMEx_GetChannelNState,"ax",%progbits
 5152              		.align	1
 5153              		.global	HAL_TIMEx_GetChannelNState
 5154              		.syntax unified
 5155              		.thumb
 5156              		.thumb_func
 5158              	HAL_TIMEx_GetChannelNState:
 5159              	.LVL368:
 5160              	.LFB101:
2139:Drivers/STM32F1xx_HAL_Driver/Src/stm32f1xx_hal_tim_ex.c ****   HAL_TIM_ChannelStateTypeDef channel_state;
 5161              		.loc 1 2139 1 is_stmt 1 view -0
 5162              		.cfi_startproc
 5163              		@ args = 0, pretend = 0, frame = 0
 5164              		@ frame_needed = 0, uses_anonymous_args = 0
 5165              		@ link register save eliminated.
2140:Drivers/STM32F1xx_HAL_Driver/Src/stm32f1xx_hal_tim_ex.c **** 
 5166              		.loc 1 2140 3 view .LVU1480
2143:Drivers/STM32F1xx_HAL_Driver/Src/stm32f1xx_hal_tim_ex.c **** 
 5167              		.loc 1 2143 3 view .LVU1481
2145:Drivers/STM32F1xx_HAL_Driver/Src/stm32f1xx_hal_tim_ex.c **** 
 5168              		.loc 1 2145 3 view .LVU1482
2145:Drivers/STM32F1xx_HAL_Driver/Src/stm32f1xx_hal_tim_ex.c **** 
 5169              		.loc 1 2145 19 is_stmt 0 view .LVU1483
 5170 0000 19B9     		cbnz	r1, .L409
2145:Drivers/STM32F1xx_HAL_Driver/Src/stm32f1xx_hal_tim_ex.c **** 
 5171              		.loc 1 2145 19 discriminator 1 view .LVU1484
 5172 0002 90F84200 		ldrb	r0, [r0, #66]	@ zero_extendqisi2
 5173              	.LVL369:
2145:Drivers/STM32F1xx_HAL_Driver/Src/stm32f1xx_hal_tim_ex.c **** 
 5174              		.loc 1 2145 19 discriminator 1 view .LVU1485
 5175 0006 C0B2     		uxtb	r0, r0
 5176 0008 7047     		bx	lr
 5177              	.LVL370:
 5178              	.L409:
2145:Drivers/STM32F1xx_HAL_Driver/Src/stm32f1xx_hal_tim_ex.c **** 
 5179              		.loc 1 2145 19 discriminator 2 view .LVU1486
ARM GAS  C:\Users\ride_pig\AppData\Local\Temp\ccPlGaWa.s 			page 157


 5180 000a 0429     		cmp	r1, #4
 5181 000c 05D0     		beq	.L413
2145:Drivers/STM32F1xx_HAL_Driver/Src/stm32f1xx_hal_tim_ex.c **** 
 5182              		.loc 1 2145 19 discriminator 5 view .LVU1487
 5183 000e 0829     		cmp	r1, #8
 5184 0010 07D0     		beq	.L414
2145:Drivers/STM32F1xx_HAL_Driver/Src/stm32f1xx_hal_tim_ex.c **** 
 5185              		.loc 1 2145 19 discriminator 8 view .LVU1488
 5186 0012 90F84500 		ldrb	r0, [r0, #69]	@ zero_extendqisi2
 5187              	.LVL371:
2145:Drivers/STM32F1xx_HAL_Driver/Src/stm32f1xx_hal_tim_ex.c **** 
 5188              		.loc 1 2145 19 discriminator 8 view .LVU1489
 5189 0016 C0B2     		uxtb	r0, r0
 5190              	.LVL372:
2147:Drivers/STM32F1xx_HAL_Driver/Src/stm32f1xx_hal_tim_ex.c **** }
 5191              		.loc 1 2147 3 is_stmt 1 discriminator 8 view .LVU1490
2148:Drivers/STM32F1xx_HAL_Driver/Src/stm32f1xx_hal_tim_ex.c **** /**
 5192              		.loc 1 2148 1 is_stmt 0 discriminator 8 view .LVU1491
 5193 0018 7047     		bx	lr
 5194              	.LVL373:
 5195              	.L413:
2145:Drivers/STM32F1xx_HAL_Driver/Src/stm32f1xx_hal_tim_ex.c **** 
 5196              		.loc 1 2145 19 discriminator 4 view .LVU1492
 5197 001a 90F84300 		ldrb	r0, [r0, #67]	@ zero_extendqisi2
 5198              	.LVL374:
2145:Drivers/STM32F1xx_HAL_Driver/Src/stm32f1xx_hal_tim_ex.c **** 
 5199              		.loc 1 2145 19 discriminator 4 view .LVU1493
 5200 001e C0B2     		uxtb	r0, r0
 5201 0020 7047     		bx	lr
 5202              	.LVL375:
 5203              	.L414:
2145:Drivers/STM32F1xx_HAL_Driver/Src/stm32f1xx_hal_tim_ex.c **** 
 5204              		.loc 1 2145 19 discriminator 7 view .LVU1494
 5205 0022 90F84400 		ldrb	r0, [r0, #68]	@ zero_extendqisi2
 5206              	.LVL376:
2145:Drivers/STM32F1xx_HAL_Driver/Src/stm32f1xx_hal_tim_ex.c **** 
 5207              		.loc 1 2145 19 discriminator 7 view .LVU1495
 5208 0026 C0B2     		uxtb	r0, r0
 5209 0028 7047     		bx	lr
 5210              		.cfi_endproc
 5211              	.LFE101:
 5213              		.text
 5214              	.Letext0:
 5215              		.file 2 "e:\\gcc-arm-none-eabi\\arm-none-eabi\\include\\machine\\_default_types.h"
 5216              		.file 3 "e:\\gcc-arm-none-eabi\\arm-none-eabi\\include\\sys\\_stdint.h"
 5217              		.file 4 "Drivers/CMSIS/Device/ST/STM32F1xx/Include/stm32f105xc.h"
 5218              		.file 5 "Drivers/CMSIS/Device/ST/STM32F1xx/Include/stm32f1xx.h"
 5219              		.file 6 "Drivers/STM32F1xx_HAL_Driver/Inc/stm32f1xx_hal_def.h"
 5220              		.file 7 "Drivers/STM32F1xx_HAL_Driver/Inc/stm32f1xx_hal_dma.h"
 5221              		.file 8 "Drivers/STM32F1xx_HAL_Driver/Inc/stm32f1xx_hal_tim.h"
 5222              		.file 9 "Drivers/STM32F1xx_HAL_Driver/Inc/stm32f1xx_hal_tim_ex.h"
ARM GAS  C:\Users\ride_pig\AppData\Local\Temp\ccPlGaWa.s 			page 158


DEFINED SYMBOLS
                            *ABS*:00000000 stm32f1xx_hal_tim_ex.c
C:\Users\ride_pig\AppData\Local\Temp\ccPlGaWa.s:18     .text.TIM_CCxNChannelCmd:00000000 $t
C:\Users\ride_pig\AppData\Local\Temp\ccPlGaWa.s:23     .text.TIM_CCxNChannelCmd:00000000 TIM_CCxNChannelCmd
C:\Users\ride_pig\AppData\Local\Temp\ccPlGaWa.s:61     .text.TIM_DMAErrorCCxN:00000000 $t
C:\Users\ride_pig\AppData\Local\Temp\ccPlGaWa.s:66     .text.TIM_DMAErrorCCxN:00000000 TIM_DMAErrorCCxN
C:\Users\ride_pig\AppData\Local\Temp\ccPlGaWa.s:146    .text.TIM_DMADelayPulseNCplt:00000000 $t
C:\Users\ride_pig\AppData\Local\Temp\ccPlGaWa.s:151    .text.TIM_DMADelayPulseNCplt:00000000 TIM_DMADelayPulseNCplt
C:\Users\ride_pig\AppData\Local\Temp\ccPlGaWa.s:271    .text.HAL_TIMEx_HallSensor_MspInit:00000000 $t
C:\Users\ride_pig\AppData\Local\Temp\ccPlGaWa.s:277    .text.HAL_TIMEx_HallSensor_MspInit:00000000 HAL_TIMEx_HallSensor_MspInit
C:\Users\ride_pig\AppData\Local\Temp\ccPlGaWa.s:292    .text.HAL_TIMEx_HallSensor_Init:00000000 $t
C:\Users\ride_pig\AppData\Local\Temp\ccPlGaWa.s:298    .text.HAL_TIMEx_HallSensor_Init:00000000 HAL_TIMEx_HallSensor_Init
C:\Users\ride_pig\AppData\Local\Temp\ccPlGaWa.s:504    .text.HAL_TIMEx_HallSensor_MspDeInit:00000000 $t
C:\Users\ride_pig\AppData\Local\Temp\ccPlGaWa.s:510    .text.HAL_TIMEx_HallSensor_MspDeInit:00000000 HAL_TIMEx_HallSensor_MspDeInit
C:\Users\ride_pig\AppData\Local\Temp\ccPlGaWa.s:525    .text.HAL_TIMEx_HallSensor_DeInit:00000000 $t
C:\Users\ride_pig\AppData\Local\Temp\ccPlGaWa.s:531    .text.HAL_TIMEx_HallSensor_DeInit:00000000 HAL_TIMEx_HallSensor_DeInit
C:\Users\ride_pig\AppData\Local\Temp\ccPlGaWa.s:601    .text.HAL_TIMEx_HallSensor_Start:00000000 $t
C:\Users\ride_pig\AppData\Local\Temp\ccPlGaWa.s:607    .text.HAL_TIMEx_HallSensor_Start:00000000 HAL_TIMEx_HallSensor_Start
C:\Users\ride_pig\AppData\Local\Temp\ccPlGaWa.s:759    .text.HAL_TIMEx_HallSensor_Start:000000a0 $d
C:\Users\ride_pig\AppData\Local\Temp\ccPlGaWa.s:764    .text.HAL_TIMEx_HallSensor_Stop:00000000 $t
C:\Users\ride_pig\AppData\Local\Temp\ccPlGaWa.s:770    .text.HAL_TIMEx_HallSensor_Stop:00000000 HAL_TIMEx_HallSensor_Stop
C:\Users\ride_pig\AppData\Local\Temp\ccPlGaWa.s:829    .text.HAL_TIMEx_HallSensor_Start_IT:00000000 $t
C:\Users\ride_pig\AppData\Local\Temp\ccPlGaWa.s:835    .text.HAL_TIMEx_HallSensor_Start_IT:00000000 HAL_TIMEx_HallSensor_Start_IT
C:\Users\ride_pig\AppData\Local\Temp\ccPlGaWa.s:995    .text.HAL_TIMEx_HallSensor_Start_IT:000000ac $d
C:\Users\ride_pig\AppData\Local\Temp\ccPlGaWa.s:1000   .text.HAL_TIMEx_HallSensor_Stop_IT:00000000 $t
C:\Users\ride_pig\AppData\Local\Temp\ccPlGaWa.s:1006   .text.HAL_TIMEx_HallSensor_Stop_IT:00000000 HAL_TIMEx_HallSensor_Stop_IT
C:\Users\ride_pig\AppData\Local\Temp\ccPlGaWa.s:1070   .text.HAL_TIMEx_HallSensor_Start_DMA:00000000 $t
C:\Users\ride_pig\AppData\Local\Temp\ccPlGaWa.s:1076   .text.HAL_TIMEx_HallSensor_Start_DMA:00000000 HAL_TIMEx_HallSensor_Start_DMA
C:\Users\ride_pig\AppData\Local\Temp\ccPlGaWa.s:1258   .text.HAL_TIMEx_HallSensor_Start_DMA:000000c4 $d
C:\Users\ride_pig\AppData\Local\Temp\ccPlGaWa.s:1266   .text.HAL_TIMEx_HallSensor_Stop_DMA:00000000 $t
C:\Users\ride_pig\AppData\Local\Temp\ccPlGaWa.s:1272   .text.HAL_TIMEx_HallSensor_Stop_DMA:00000000 HAL_TIMEx_HallSensor_Stop_DMA
C:\Users\ride_pig\AppData\Local\Temp\ccPlGaWa.s:1337   .text.HAL_TIMEx_OCN_Start:00000000 $t
C:\Users\ride_pig\AppData\Local\Temp\ccPlGaWa.s:1343   .text.HAL_TIMEx_OCN_Start:00000000 HAL_TIMEx_OCN_Start
C:\Users\ride_pig\AppData\Local\Temp\ccPlGaWa.s:1520   .text.HAL_TIMEx_OCN_Start:000000d8 $d
C:\Users\ride_pig\AppData\Local\Temp\ccPlGaWa.s:1525   .text.HAL_TIMEx_OCN_Stop:00000000 $t
C:\Users\ride_pig\AppData\Local\Temp\ccPlGaWa.s:1531   .text.HAL_TIMEx_OCN_Stop:00000000 HAL_TIMEx_OCN_Stop
C:\Users\ride_pig\AppData\Local\Temp\ccPlGaWa.s:1628   .text.HAL_TIMEx_OCN_Start_IT:00000000 $t
C:\Users\ride_pig\AppData\Local\Temp\ccPlGaWa.s:1634   .text.HAL_TIMEx_OCN_Start_IT:00000000 HAL_TIMEx_OCN_Start_IT
C:\Users\ride_pig\AppData\Local\Temp\ccPlGaWa.s:1849   .text.HAL_TIMEx_OCN_Start_IT:00000114 $d
C:\Users\ride_pig\AppData\Local\Temp\ccPlGaWa.s:1854   .text.HAL_TIMEx_OCN_Stop_IT:00000000 $t
C:\Users\ride_pig\AppData\Local\Temp\ccPlGaWa.s:1860   .text.HAL_TIMEx_OCN_Stop_IT:00000000 HAL_TIMEx_OCN_Stop_IT
C:\Users\ride_pig\AppData\Local\Temp\ccPlGaWa.s:2012   .text.HAL_TIMEx_OCN_Start_DMA:00000000 $t
C:\Users\ride_pig\AppData\Local\Temp\ccPlGaWa.s:2018   .text.HAL_TIMEx_OCN_Start_DMA:00000000 HAL_TIMEx_OCN_Start_DMA
C:\Users\ride_pig\AppData\Local\Temp\ccPlGaWa.s:2427   .text.HAL_TIMEx_OCN_Start_DMA:000001f4 $d
C:\Users\ride_pig\AppData\Local\Temp\ccPlGaWa.s:2435   .text.HAL_TIMEx_OCN_Stop_DMA:00000000 $t
C:\Users\ride_pig\AppData\Local\Temp\ccPlGaWa.s:2441   .text.HAL_TIMEx_OCN_Stop_DMA:00000000 HAL_TIMEx_OCN_Stop_DMA
C:\Users\ride_pig\AppData\Local\Temp\ccPlGaWa.s:2592   .text.HAL_TIMEx_PWMN_Start:00000000 $t
C:\Users\ride_pig\AppData\Local\Temp\ccPlGaWa.s:2598   .text.HAL_TIMEx_PWMN_Start:00000000 HAL_TIMEx_PWMN_Start
C:\Users\ride_pig\AppData\Local\Temp\ccPlGaWa.s:2775   .text.HAL_TIMEx_PWMN_Start:000000d8 $d
C:\Users\ride_pig\AppData\Local\Temp\ccPlGaWa.s:2780   .text.HAL_TIMEx_PWMN_Stop:00000000 $t
C:\Users\ride_pig\AppData\Local\Temp\ccPlGaWa.s:2786   .text.HAL_TIMEx_PWMN_Stop:00000000 HAL_TIMEx_PWMN_Stop
C:\Users\ride_pig\AppData\Local\Temp\ccPlGaWa.s:2883   .text.HAL_TIMEx_PWMN_Start_IT:00000000 $t
C:\Users\ride_pig\AppData\Local\Temp\ccPlGaWa.s:2889   .text.HAL_TIMEx_PWMN_Start_IT:00000000 HAL_TIMEx_PWMN_Start_IT
C:\Users\ride_pig\AppData\Local\Temp\ccPlGaWa.s:3104   .text.HAL_TIMEx_PWMN_Start_IT:00000114 $d
C:\Users\ride_pig\AppData\Local\Temp\ccPlGaWa.s:3109   .text.HAL_TIMEx_PWMN_Stop_IT:00000000 $t
C:\Users\ride_pig\AppData\Local\Temp\ccPlGaWa.s:3115   .text.HAL_TIMEx_PWMN_Stop_IT:00000000 HAL_TIMEx_PWMN_Stop_IT
C:\Users\ride_pig\AppData\Local\Temp\ccPlGaWa.s:3267   .text.HAL_TIMEx_PWMN_Start_DMA:00000000 $t
ARM GAS  C:\Users\ride_pig\AppData\Local\Temp\ccPlGaWa.s 			page 159


C:\Users\ride_pig\AppData\Local\Temp\ccPlGaWa.s:3273   .text.HAL_TIMEx_PWMN_Start_DMA:00000000 HAL_TIMEx_PWMN_Start_DMA
C:\Users\ride_pig\AppData\Local\Temp\ccPlGaWa.s:3682   .text.HAL_TIMEx_PWMN_Start_DMA:000001f4 $d
C:\Users\ride_pig\AppData\Local\Temp\ccPlGaWa.s:3690   .text.HAL_TIMEx_PWMN_Stop_DMA:00000000 $t
C:\Users\ride_pig\AppData\Local\Temp\ccPlGaWa.s:3696   .text.HAL_TIMEx_PWMN_Stop_DMA:00000000 HAL_TIMEx_PWMN_Stop_DMA
C:\Users\ride_pig\AppData\Local\Temp\ccPlGaWa.s:3847   .text.HAL_TIMEx_OnePulseN_Start:00000000 $t
C:\Users\ride_pig\AppData\Local\Temp\ccPlGaWa.s:3853   .text.HAL_TIMEx_OnePulseN_Start:00000000 HAL_TIMEx_OnePulseN_Start
C:\Users\ride_pig\AppData\Local\Temp\ccPlGaWa.s:3981   .text.HAL_TIMEx_OnePulseN_Stop:00000000 $t
C:\Users\ride_pig\AppData\Local\Temp\ccPlGaWa.s:3987   .text.HAL_TIMEx_OnePulseN_Stop:00000000 HAL_TIMEx_OnePulseN_Stop
C:\Users\ride_pig\AppData\Local\Temp\ccPlGaWa.s:4082   .text.HAL_TIMEx_OnePulseN_Start_IT:00000000 $t
C:\Users\ride_pig\AppData\Local\Temp\ccPlGaWa.s:4088   .text.HAL_TIMEx_OnePulseN_Start_IT:00000000 HAL_TIMEx_OnePulseN_Start_IT
C:\Users\ride_pig\AppData\Local\Temp\ccPlGaWa.s:4226   .text.HAL_TIMEx_OnePulseN_Stop_IT:00000000 $t
C:\Users\ride_pig\AppData\Local\Temp\ccPlGaWa.s:4232   .text.HAL_TIMEx_OnePulseN_Stop_IT:00000000 HAL_TIMEx_OnePulseN_Stop_IT
C:\Users\ride_pig\AppData\Local\Temp\ccPlGaWa.s:4337   .text.HAL_TIMEx_ConfigCommutEvent:00000000 $t
C:\Users\ride_pig\AppData\Local\Temp\ccPlGaWa.s:4343   .text.HAL_TIMEx_ConfigCommutEvent:00000000 HAL_TIMEx_ConfigCommutEvent
C:\Users\ride_pig\AppData\Local\Temp\ccPlGaWa.s:4456   .text.HAL_TIMEx_ConfigCommutEvent_IT:00000000 $t
C:\Users\ride_pig\AppData\Local\Temp\ccPlGaWa.s:4462   .text.HAL_TIMEx_ConfigCommutEvent_IT:00000000 HAL_TIMEx_ConfigCommutEvent_IT
C:\Users\ride_pig\AppData\Local\Temp\ccPlGaWa.s:4575   .text.HAL_TIMEx_ConfigCommutEvent_DMA:00000000 $t
C:\Users\ride_pig\AppData\Local\Temp\ccPlGaWa.s:4581   .text.HAL_TIMEx_ConfigCommutEvent_DMA:00000000 HAL_TIMEx_ConfigCommutEvent_DMA
C:\Users\ride_pig\AppData\Local\Temp\ccPlGaWa.s:4711   .text.HAL_TIMEx_ConfigCommutEvent_DMA:00000084 $d
C:\Users\ride_pig\AppData\Local\Temp\ccPlGaWa.s:5020   .text.TIMEx_DMACommutationCplt:00000000 TIMEx_DMACommutationCplt
C:\Users\ride_pig\AppData\Local\Temp\ccPlGaWa.s:5077   .text.TIMEx_DMACommutationHalfCplt:00000000 TIMEx_DMACommutationHalfCplt
C:\Users\ride_pig\AppData\Local\Temp\ccPlGaWa.s:4718   .text.HAL_TIMEx_MasterConfigSynchronization:00000000 $t
C:\Users\ride_pig\AppData\Local\Temp\ccPlGaWa.s:4724   .text.HAL_TIMEx_MasterConfigSynchronization:00000000 HAL_TIMEx_MasterConfigSynchronization
C:\Users\ride_pig\AppData\Local\Temp\ccPlGaWa.s:4846   .text.HAL_TIMEx_MasterConfigSynchronization:00000070 $d
C:\Users\ride_pig\AppData\Local\Temp\ccPlGaWa.s:4851   .text.HAL_TIMEx_ConfigBreakDeadTime:00000000 $t
C:\Users\ride_pig\AppData\Local\Temp\ccPlGaWa.s:4857   .text.HAL_TIMEx_ConfigBreakDeadTime:00000000 HAL_TIMEx_ConfigBreakDeadTime
C:\Users\ride_pig\AppData\Local\Temp\ccPlGaWa.s:4967   .text.HAL_TIMEx_RemapConfig:00000000 $t
C:\Users\ride_pig\AppData\Local\Temp\ccPlGaWa.s:4973   .text.HAL_TIMEx_RemapConfig:00000000 HAL_TIMEx_RemapConfig
C:\Users\ride_pig\AppData\Local\Temp\ccPlGaWa.s:4993   .text.HAL_TIMEx_CommutCallback:00000000 $t
C:\Users\ride_pig\AppData\Local\Temp\ccPlGaWa.s:4999   .text.HAL_TIMEx_CommutCallback:00000000 HAL_TIMEx_CommutCallback
C:\Users\ride_pig\AppData\Local\Temp\ccPlGaWa.s:5014   .text.TIMEx_DMACommutationCplt:00000000 $t
C:\Users\ride_pig\AppData\Local\Temp\ccPlGaWa.s:5050   .text.HAL_TIMEx_CommutHalfCpltCallback:00000000 $t
C:\Users\ride_pig\AppData\Local\Temp\ccPlGaWa.s:5056   .text.HAL_TIMEx_CommutHalfCpltCallback:00000000 HAL_TIMEx_CommutHalfCpltCallback
C:\Users\ride_pig\AppData\Local\Temp\ccPlGaWa.s:5071   .text.TIMEx_DMACommutationHalfCplt:00000000 $t
C:\Users\ride_pig\AppData\Local\Temp\ccPlGaWa.s:5107   .text.HAL_TIMEx_BreakCallback:00000000 $t
C:\Users\ride_pig\AppData\Local\Temp\ccPlGaWa.s:5113   .text.HAL_TIMEx_BreakCallback:00000000 HAL_TIMEx_BreakCallback
C:\Users\ride_pig\AppData\Local\Temp\ccPlGaWa.s:5128   .text.HAL_TIMEx_HallSensor_GetState:00000000 $t
C:\Users\ride_pig\AppData\Local\Temp\ccPlGaWa.s:5134   .text.HAL_TIMEx_HallSensor_GetState:00000000 HAL_TIMEx_HallSensor_GetState
C:\Users\ride_pig\AppData\Local\Temp\ccPlGaWa.s:5152   .text.HAL_TIMEx_GetChannelNState:00000000 $t
C:\Users\ride_pig\AppData\Local\Temp\ccPlGaWa.s:5158   .text.HAL_TIMEx_GetChannelNState:00000000 HAL_TIMEx_GetChannelNState

UNDEFINED SYMBOLS
HAL_TIM_ErrorCallback
HAL_TIM_PWM_PulseFinishedCallback
TIM_Base_SetConfig
TIM_TI1_SetConfig
TIM_OC2_SetConfig
TIM_CCxChannelCmd
HAL_DMA_Start_IT
TIM_DMACaptureCplt
TIM_DMACaptureHalfCplt
TIM_DMAError
HAL_DMA_Abort_IT
TIM_DMADelayPulseHalfCplt
