S315080000007829002069010008A96100088D530008B5
S3150800001031610008AD100008BD7700080000000037
S31508000020000000000000000000000000416C00080D
S31508000030ED1B00080000000085660008156D000825
S315080000408301000883010008830100088301000872
S315080000508301000883010008830100088301000862
S315080000608301000883010008830100088301000852
S315080000708301000883010008830100088301000842
S31508000080830100088301000883010008C1100008E5
S31508000090B11000088301000883010008EF1B00085F
S315080000A08301000883010008830100088301000812
S315080000B0B56D0008C56D00088301000883010008B6
S315080000C0830100088301000883010008956A000877
S315080000D083010008830100088301000883010008E2
S315080000E0830100088301000883010008000000005E
S315080000F000000000000000000000000000000000F2
S31508000100000000000000000083010008A56A00083E
S3150800011083010008830100088301000883010008A1
S315080001208301000883010008830100088301000891
S31508000130830100080000000000000000E11000082C
S3150800014083010008D1100008830100088301000814
S31508000150DFF810D000F01AFC00480047D17B0008F1
S31508000160AFF30080782900200648804706480047F4
S31508000170FEE7FEE7FEE7FEE7FEE7FEE7FEE7FEE749
S31508000180FEE7FEE7B16D0008510100082DE9F05FB2
S315080001900546002092469B468846064681464024E8
S315080001A01BE0284641464746224600F020F85346BB
S315080001B05A46C01A914110D311461846224600F0F5
S315080001C02FFB2D1A67EB01084F4622460120002116
S315080001D000F026FB17EB00094E41201EA4F101048E
S315080001E0DFDC484631462A464346BDE8F09F202ACA
S315080001F004DB203A21FA02F00021704721FA02F3C3
S31508000200D040C2F120029140084319467047D2B245
S3150800021001E000F8012B491EFBD270470022F6E7E1
S3150800022010B513460A4604461946FFF7F0FF20465E
S3150800023010BDF0B480EA0102D40F4200B2EB410FC0
S3150800024002D20246084611464A0042D0C30DDDB224
S31508000250C1F3C752AD1A202D35DAC1F3160141F4A0
S31508000260000204B15242C5F1200602FA06F12A41FB
S315080002701044B3EBD05F23D0C4B1012DA0EBC3501B
S3150800028009DCF0BC4FF0004202EAC352DBB200F5CB
S31508000290000000F0EFBA400000F1807000EBC35098
S315080002A0A0F1807040EAD170490009E0490841EAA6
S315080002B0C071A0EBC35000F50000400800EBC35026
S315080002C0F0BC00F0CEBA6142012202EB4101001BEC
S315080002D0F6E7F0BC704781F00041AAE780F00040DD
S315080002E0A7E780EA010210B502F00043400022D0D9
S315080002F04A001FD0010E01EB1261C0F35600C2F38B
S31508000300560240F4000042F40002A0FB022000045A
S315080003107F39140400D0401C50EA124001D4400032
S31508000320491EC2B20C0604EBD010401C4008802AB5
S3150800033002D003E0002010BD20F00100002900DAF9
S315080003400020184310BD30B480EA010202F00045CF
S3150800035030F0004221F0004013D090B1C30DD40D07
S31508000360C2F31601C0F31600E41A41F4000140F482
S3150800037000027D34914201D3641C00E04900002C40
S3150800038002DA30BC002070474FF400000023914287
S3150800039001D3891A034340084FEA4101F7D151B105
S315080003A0914202D14FF0004105E002D24FF001011F
S315080003B001E06FF0010103EBC450284430BC00F0A3
S315080003C050BA2DE9FE4F804681EA0300C00F0C465D
S315080003D0009021F0004123F00045B8EB0200A94146
S315080003E005D24046214690461C460B46024623F057
S315080003F00040104347D0270DC7F30A00C3F30A513C
S315080004000290401A019040286BDAC3F3130040F4B7
S31508000410801B0098924620B10023D2EB030A63EBB7
S315080004200B0B01985946C0F14002504600F0F8F906
S3150800043006460D4650465946019A00F000FA10EB5A
S3150800044008006141002487EA115284EAE7731A43D7
S3150800045040D0009A62B3019A012A4FEA075215DC86
S31508000460001B61EB02014FF0004202EA0752CDE998
S315080004700042001C41F5801132462B4600F037FA3F
S3150800048003B0BDE8F08F40462146F9E7001B61EB53
S315080004900201001C41F5801300185B412018A2F5E3
S315080004A0001747EB030140EAD570B6196D4111E014
S315080004B06D084FEA360645EAC0754FEA0752001B33
S315080004C061EB0201001C41F5801149084FEA300032
S315080004D00019514132462B4603B0BDE8F04F00F0F3
S315080004E0F7B90098012240000023D0EB020263EB23
S315080004F0E073009821464FEAE074B8EB000061EB20
S315080005000401E9E783F000435BE781F0004158E71F
S315080005102DE9FE4F81EA030404F0004421F000416E
S3150800052000944FF0000B23F0004350EA01045ED01C
S3150800053052EA03045BD0C3F30A54C1F30A552C44A8
S31508000540A4F2F3340194A0FB0254C1F3130141F45D
S315080005508011C3F3130343F4801301FB024400FB29
S31508000560034E840A970A44EA815447EA8357A4FB50
S31508000570076802958D0A05FB07854FEA932C04FB4D
S315080005800C542705029D4FEA065847EA1637B5EB7D
S3150800059008056EEB070C870E920E47EA811742EAAA
S315080005A08312A7FB0201B6EB0B0164EB00042B0DCB
S315080005B043EA0C335E1844EB1C50DA465146E7FB17
S315080005C00201C5F313044FEA0B3343EA14534FEA07
S315080005D00432019C43EA0603A4F10C040294009C2D
S315080005E0CDE900B400F083F903B0BDE8F08F002030
S315080005F00146F9E72DE9F04D81EA030404F0004BC2
S3150800060021F0004514464FF0000A23F0004150EA55
S31508000610050220D054EA01021DD0C5F30A57024646
S31508000620C5F31303C1F31300C1F30A5640F480154A
S3150800063043F48013A7EB0608101BD64608F2FD38CC
S3150800064073EB050002D308F1010801E092185B413B
S31508000650B8F1000F03DA00200146BDE8F08D00204E
S315080006604FF48011064684460EE0171B73EB050708
S3150800067005D3121B63EB050306434CEA010C490834
S315080006804FEA300092185B4150EA0107EDD152EA71
S31508000690030012D082EA040083EA0501084305D064
S315080006A0101BAB4106D20122002306E000224FF0C0
S315080006B0004302E06FF0010253101AEB06004CEB00
S315080006C0085110EB0A0041EB0B01BDE8F04D00F0B4
S315080006D0FFB8C10F80EAE0700844CA0796230021D4
S315080006E000F0C8B896230022114600F0C3B80EB52C
S315080006F040F2334102910021CDE900110A460B462A
S3150800070000F0F5F803B000BD20F00040C10DC0F3BD
S31508000710160040F400007F2901DA00207047962968
S3150800072003DCC1F19601C840704796398840704786
S31508000730C1F30A5210B5C1F3130140F2FF3341F475
S3150800074080119A4201DA002010BD40F233439A42E2
S31508000750A2F2334203DC5242FFF749FD10BD904036
S3150800076010BD00F0004230F000400AD0C10D01F57E
S315080007706071C0F3160042EA0151C20840071143EE
S31508000780704700200146704730B5041E71F1000419
S3150800079004DB4FF00044404264EB0101141E73F180
S315080007A0000405DB1C464FF00043524263EB04038A
S315080007B08B4208BF824230BD30B5041E71F1000479
S315080007C004DB4FF00044404264EB0101141E73F150
S315080007D0000405DB1C464FF00043524263EB04035A
S315080007E0994208BF904230BD01F0004330B421F071
S315080007F0004150EA010206D00A0DA2F56072C1F363
S315080008001301002A02DC30BC00207047440F44EA7A
S31508000810C104C100E01830BC00EBC25000F021B89A
S31508000820202A04DB203A00FA02F1002070479140A2
S31508000830C2F1200320FA03F3194390407047202A97
S3150800084006DBCB17203A41FA02F043EAE07306E0EA
S3150800085041FA02F3D040C2F12002914008431946FA
S3150800086070470029A8BF7047401C490008BF20F000
S315080008700100704710B4B0FA80FC00FA0CF050EA98
S31508000880010404BF10BC704749B1CCF1200421FA19
S3150800089004F411FA0CF118BF012121430843A3EB14
S315080008A00C01CB1D4FEA00614FEA102042BF002021
S315080008B010BC704700EBC35010440029A4BF10BCFD
S315080008C07047401C490008BF20F0010010BC704763
S315080008D010B5141E73F1000408DA401C41F100013A
S315080008E092185B411A4301D120F0010010BD2DE991
S315080008F0F04D92469B4611B1B1FA81F202E0B0FA88
S3150800090080F220329046FFF78BFF04460F4640EAF6
S315080009100A0041EA0B0153465A46084313D01146CA
S3150800092053EA010019D0C8F140025046FFF75FFCB0
S3150800093005460E46504659464246FFF771FF08439C
S3150800094005D0012004E020463946BDE8F08D002098
S31508000950054346EAE0762C4337430A986305E40ADA
S31508000960A0EB08000022FD0A44EA47540A3002D5E3
S3150800097000200146E9E7010510196941DDE9084546
S3150800098000196941BDE8F04DA2E70000064C074D85
S3150800099006E0E06840F0010394E807009847103441
S315080009A0AC42F6D3FFF7D8FB6886000888860008AD
S315080009B070B58C1810F8015B15F0070301D110F813
S315080009C0013B2A1106D110F8012B03E010F8016B40
S315080009D001F8016B5B1EF9D12B0705D40023521EC3
S315080009E00DD401F8013BFAE710F8013BCB1A921C2B
S315080009F003E013F8015B01F8015B521EF9D5A14229
S31508000A00D8D3002070BD70B50446002520688068DC
S31508000A1000F0010018B32068806820F00100216802
S31508000A20886002F0BDFE054613E002F0B9FE401BE1
S31508000A3002280ED92068806800F0010048B1A06A33
S31508000A4040F01000A062E06A40F00100E062012078
S31508000A5070BD2068806800F001000028E5D10020FC
S31508000A60F6E7000038B50446002500200090206807
S31508000A70806800F0010078BB2068806840F00100BB
S31508000A8021688860194800681949B0FBF1F00090A0
S31508000A9002E00098401E009000980028F9D102F064
S31508000AA07FFE054619E002F07BFE401B022814D99A
S31508000AB02068806800F0010078B9A06A40F010004C
S31508000AC0A062E06A40F00100E06200BF002084F8FE
S31508000AD0240000BF012038BD05E02068806800F0CA
S31508000AE001000028DFD00020F5E7000038010020CB
S31508000AF040420F0010B500224FF40071014802F081
S31508000B0049FE10BD0008014010B5012251020248F5
S31508000B1002F040FE10BD00000008014010B54FF479
S31508000B200041044802F02EFE08B9002010BD01203D
S31508000B30FCE70000000C014010B500224FF40071DC
S31508000B40014802F027FE10BD0010014010B5012231
S31508000B505102024802F01EFE10BD000000100140BE
S31508000B6010B54FF48041044802F00CFE08B9002085
S31508000B7010BD0120FCE70000000C014010B505F08F
S31508000B8083FDFFF7B7FFFFF7D7FF10BD10B5044683
S31508000B900648007C20B10121002000F0B3FC03E0E8
S31508000BA00121084600F0AEFC10BD0000101F002011
S31508000BB010B500F071FD03480078401C0149087023
S31508000BC010BD00008000002010B5FFF7D7FF06F023
S31508000BD043F810BD10B501F011F810BD10B56F48F7
S31508000BE090F85C0270B16D4890F85C02012802D05A
S31508000BF0022806D102E0FFF7A9FF02E0FFF79CFFF3
S31508000C0000BF00BF654890F85D0270B1634890F870
S31508000C105D02012802D0022806D102E0FFF774FF20
S31508000C2002E0FFF767FF00BF00BF5C4890F85C0270
S31508000C30012810D1594890F85E0201280BD10121EC
S31508000C40564880F8D0110720544988730021534824
S31508000C5080F8611210BD514890F85E0270B14F4895
S31508000C6090F85E02012802D0022806D102E005F0BB
S31508000C7015FD02E005F008FD00BF00BF474890F8E3
S31508000C805F02A0B1454890F85F02012802D0022809
S31508000C900CD105E001228021414802F07BFD05E0E8
S31508000CA0002280213E4802F075FD00BF00BF3B4888
S31508000CB090F8600270B1394890F86002012802D0B5
S31508000CC0022806D102E000F0C7FF02E000F0BAFFF2
S31508000CD000BF00BF314890F86102C8B12F4890F8AC
S31508000CE06102012802D0022811D103E00A202B490B
S31508000CF088730CE0032029498873FFF73FFF00F04B
S31508000D00A1FF00228021264802F044FD00BF00BF53
S31508000D10224890F8620268B1204890F862020128D9
S31508000D2002D0022805D103E005201C49887300E09B
S31508000D3000BF00BF194890F8610202280ED1174873
S31508000D4090F86202012809D1072014498873002106
S31508000D50124880F8611280F862127BE70F4890F813
S31508000D606202012818D10D4890F85C02012809D1C1
S31508000D700A4890F85D02012804D1084890F85E02F6
S31508000D80022809D00720054988730021034880F8FE
S31508000D90611280F862125DE700BF5BE7101F002052
S31508000DA00010014010B505F0E3FD10BD2DE9FC5F0C
S31508000DB005F03EFE36480078052804DA34480078FF
S31508000DC0401C334908703348B0F8BC0100F40040B1
S31508000DD028B1FFF799FEFFF7B9FE05F055FC2D4936
S31508000DE091F85A02FFF783FC04460D462949C8883C
S31508000DF0FFF77DFC06460F4626490889FFF777FC6C
S31508000E000022254BCDE90001FFF782FB82463246D8
S31508000E103B46FFF7EFFB804622462B46FFF7B4FC1E
S31508000E2034D2C82002F0FAFA06F052F80446FFF760
S31508000E306BFC1849C88005F0EDFB0446FFF764FC17
S31508000E401449088191F85A02FFF751FC82468B46ED
S31508000E501049C888FFF74BFC04460D460D4908891A
S31508000E60FFF745FC804600220B4BFFF751FB064671
S31508000E7022462B46FFF7BEFB52465B46CDE90001EC
S31508000E80FFF782FC02D2062002498873BDE8FC9F60
S31508000E9081000020101F00200000594010B5FFF700
S31508000EA06DFE05F0D9FE03200A4988730A480078C2
S31508000EB005280ADA0121074880F8CF11B0F8BC01E5
S31508000EC000F4004008B900F099FE002002490870B5
S31508000ED010BD0000101F00208100002010B5022060
S31508000EE03B4988730846D0F8BC0100284DD001223A
S31508000EF08021384802F04EFC642002F08FFA002266
S31508000F008021344802F046FC322002F087FA01229A
S31508000F108021304802F03EFC642002F07FFA00226D
S31508000F2080212C4802F036FC322002F077FA0122A2
S31508000F308021284802F02EFC642002F06FFA002275
S31508000F408021244802F026FC322002F067FA0122AA
S31508000F508021204802F01EFC642002F05FFA00227D
S31508000F6080211C4802F016FC322002F057FA0122B2
S31508000F708021184802F00EFC642002F04FFA002285
S31508000F808021144802F006FC0DE001228021114858
S31508000F9002F000FC4FF4FA7002F040FA00228021B9
S31508000FA00C4802F0F7FB05F093FF05F033FB00F061
S31508000FB0FFFC00F0C1FC00F083FC04F025FA0448AD
S31508000FC0807B072802D003200149887310BD0000E2
S31508000FD0101F00200010014010B505F03DFE05F079
S31508000FE039F904468CB31948807B03282DD105F0BE
S31508000FF0EFF805F02FF940B31448807B032824D175
S3150800100005F0E4FC05F0B4FCF8B104210F4A91732D
S315080010100F49486815E00F4A8168926891420FD1D6
S3150800102000210170094991F85B1201EB4102C2EBFC
S31508001030C1114FF6FF7202EAC1018180418002E0C8
S3150800104000690028E7D100BF00BF10BD101F0020AF
S31508001050700000208021002010B504461248807BCD
S31508001060C01E08281DD2DFE800F004070A0D101379
S315080010701619FFF7B1FF14E0FFF794FE11E0FFF72A
S3150800108095FE0EE0FFF70AFF0BE0FFF7A3FD08E069
S31508001090FFF78EFD05E0FFF797FD02E0FFF79EFDDF
S315080010A000BF00BF10BD0000101F002000BFFEE7F4
S315080010B010B5024801F0BDFC10BD000080010020FB
S315080010C010B5024801F0B5FC10BD000080010020F3
S315080010D010B5024801F0ADFC10BD0000A8010020C3
S315080010E010B5024801F0A5FC10BD0000A8010020BB
S315080010F02DE9FF4F884615461F46DDE90E9BDDF8AC
S3150800110034A0288838802888A9F800000020AAF882
S315080011100000ABF80000002459E0002651E004EB7B
S31508001120440000EBC40005EB001030F81600B9F8CF
S31508001130001088421CDA04EB440000EBC40005EBFF
S31508001140001030F8160040F65431884210DD04EBE2
S31508001150440000EBC40005EB001030F81600A9F8AF
S31508001160000042463146204605F020F8ABF800005C
S3150800117004EB440000EBC40005EB001030F8160041
S31508001180398888421BDD04EB440000EBC40005EBFC
S31508001190001030F8160041F2301188420FDA04EBDD
S315080011A0440000EBC40005EB001030F81600388048
S315080011B042463146204604F0F9FFAAF80000701CA2
S315080011C0C6B218F80400B042A9DC601CC4B2009884
S315080011D08442A2DBBDE8FF8F70B505460E460124A2
S315080011E0284607F0B1F904F0DBFB04F0E0F92846DD
S315080011F007F0AAF900BF0BE0284607F0A5F9224632
S315080012000021022004F048FA04F0F2FB601CC4B284
S31508001210072CF1DB284607F097F9324629460020C5
S3150800122004F0D0FC04F0BCFB70BDF0B505460C46D6
S31508001230002065E0002100EB400606EBC00603EB44
S315080012400616316300BF56E000EB4006C6EB4016B3
S3150800125002EBC6061E3636F8116048F69467BE429B
S315080012600CDB00EB4006C6EB401602EBC6061E3644
S3150800127036F811604AF21C27BE420FDD00EB400625
S31508001280C6EB401602EBC606378C00EB4006C6EBEB
S31508001290401602EBC6061E3626F8117000EB40060D
S315080012A0C6EB401602EBC6061E3636F811600A274C
S315080012B096FBF7F600EB400707EBC00703EB0717AB
S315080012C027F8116000EB400606EBC00603EB06168E
S315080012D036F8116000EB400707EBC00703EB07176A
S315080012E03F6B3E4400EB400707EBC00703EB0717CD
S315080012F03E634E1CF1B2265C8E42A5DC411CC8B288
S31508001300A84297DB04200AE0011F03F5307636F879
S31508001310116003F1B00121F81060411CC8B2617870
S315080013208142F1DCF0BD00002DE9FC5F4FF0000BB7
S31508001330002006E0164931F8101059441FFA81FBBF
S31508001340401C0528F6DB5846FFF7D1F980460022EF
S31508001350104BFFF74FF9064600220F4BFFF7D8F858
S315080013600446FFF7E5F91FFA80FA0020009001907D
S315080013700AF0FF008DF8000000208DF80100012317
S31508001380002240F20141684600F02EF9BDE8FC9FB4
S31508001390442000200000244000001440144800683F
S315080013A01449096801EB00101249086008460068EC
S315080013B0114988420ADB0F480068401A0D4908603F
S315080013C00B484089401E0A49488110E009480068D0
S315080013D00949494288420ADC0648006849420844E5
S315080013E00449086002484089401C01494881704701
S315080013F0101F00200C000020000B010370B58AB0F6
S31508001400054600240026042001903B48039004204A
S3150800141004900020059008200690012D48D1172039
S315080014208DF820003E208DF8210000208DF824003C
S31508001430052404E0002008A90855601CC4B2082C3D
S31508001440F8DB2E48007805280BDA00208DF82200F4
S315080014500F208DF8230029480078401C274908707A
S315080014603BE0264800780A280BDA00208DF822008F
S3150800147019208DF8230021480078401C1F49087060
S315080014802BE01E4800780F280BDA00208DF8220082
S3150800149023208DF8230019480078401C1749087046
S315080014A01BE000208DF8220032208DF8230014E07E
S315080014B000208DF820008DF821008DF822008DF887
S315080014C0230001208DF82400052404E0002008A943
S315080014D00855601CC4B2082CF8DB01E0701C86B203
S315080014E001AB08AA02A9064801F0A1F810B1B6F5A1
S315080014F07A7FF3DB0AB070BDF4E506180000002019
S31508001500A801002038B505460C4601230222D10160
S315080015103348009400F0A6F80020012324224FF453
S31508001520827100902E48143000F09CF800200123A8
S315080015300C224FF4947100902A4800F093F800208A
S3150800154001231A464FF49A7100902648603000F03D
S3150800155089F800200123032240F235110090214822
S31508001560683000F07FF8002001231A464FF49C717A
S3150800157000901C487A3000F075F8002001231A46BE
S3150800158040F23911009017487E3000F06BF80020C1
S3150800159001231A464FF4A07100901248823000F0D9
S315080015A061F800200123032240F2411100900D4802
S315080015B0883000F057F80020012303224FF4A27167
S315080015C0009008489E3000F04DF8002001231A4686
S315080015D040F2471100900348B13000F043F838BD97
S315080015E0101F0020442000202DE9F04188B006464F
S315080015F00D461746984601200790022006900024BB
S315080016000095019500200390082004900020029080
S31508001610012F0CD101E0601C84B207AB3246694643
S315080016200E4801F004F810B1B4F57A7FF3DB002018
S3150800163002900024B8F1010F0CD101E0601C84B2BD
S3150800164006AB32466946064800F0F1FF10B1B4F51C
S315080016507A7FF3DB08B0BDE8F08100008001002046
S31508001660A80100202DE9F04704460D46174698467E
S31508001670DDF8209000260AE04B46424629462046D9
S31508001680FFF7B2FF0834681C85B2701CC6B2BE42AA
S31508001690F2DBBDE8F087000010B54A48006810F58F
S315080016A0FA7F08DB4748808841F20C71884202DBE2
S315080016B009204449887344480078642806DD0121D6
S315080016C0404880F8CA1100F099FA72E0FFF748FA24
S315080016D001280CD001213B4880F8D011D0F8BC0174
S315080016E000F48030002864D100F088FA61E0FFF742
S315080016F015FA012809D03348D0F8BC0100F4803027
S31508001700002856D100F07AFA53E004F077FF48B182
S315080017102C48D0F8BC0100F48030002849D100F0EC
S315080017206DFA46E0274890F8C20101280ED12548EF
S3150800173090F8BC0100F0040040B9224890F8BC01BA
S3150800174000F00400A8BB00F059FA32E01D4890F8F2
S31508001750C00101280CD11B48B0F8BC0100F40040B8
S3150800176030B1FFF7D1F9FFF7F1F904F08DFF20E06A
S31508001770144890F8C00101281BD1124890F8BC0102
S3150800178000F00100A8B9FFF7F9F905F065FA0D4868
S31508001790807B07280DD009200A4988730846808867
S315080017A0A0F29F10002801DD642048810020074927
S315080017B008700448807B072801D0012010BD00204E
S315080017C0FCE70000101F0020800000200000002019
S315080017D008B53A480068642190FBF1F000B2009021
S315080017E0BDF90000002804DABDF80000404200B246
S315080017F000903248807B05282BD130480168B0F824
S31508001800FC01814204DD01212C4880F8C81108BD7D
S315080018102A480168B0F8FE01814204DD0221274802
S3150800182080F8C811F3E725480168B0F8000281423C
S3150800183004DD0321214880F8C811E8E71F4801683C
S31508001840B0F80202814237DD04211C4880F8C8112D
S3150800185032E01A48807B08282ED11848B0F80402CE
S31508001860BDF90010884204DA0121144880F8C9112C
S31508001870CDE71248B0F80602BDF90010884204DA2E
S3150800188002210E4880F8C911C1E70C48B0F80802D1
S31508001890BDF90010884204DA0321084880F8C91106
S315080018A0B5E70648B0F80A02BDF90010884203DA1F
S315080018B00421024880F8C91100BFA8E7101F0020BC
S315080018C00EB51649082005F0B5FC154B134A062136
S315080018D0082005F0E1FB124A0621082005F0C4FCA1
S315080018E010481149114A124BCDE9002102900622EF
S315080018F008210B4805F06EFB0E4A0B490C4806F00A
S315080019002FFC08480849094A094BCDE900210290ED
S3150800191008220349074806F09CFB0EBD5007002025
S31508001920D00100202A0000202800002026000020E0
S3150800193024000020101F00201FB515490820FFF7B6
S315080019404BFC144B124A14490820FFF76EFC134847
S315080019501349144A144BCDE9002102900D4A0E4949
S315080019600820FFF7C5FB114A0D490F4806F0CAFCC7
S315080019700A480B490B4A0C4BCDE90032CDE9021057
S31508001980054B08220349094806F09BFB1FBD0000CA
S3150800199050070020D001002014000020220000205B
S315080019A0200000201E0000201C000020101F002020
S315080019B010B506F0D7F80821224804F0BBFB2249E7
S315080019C0082003F0F7FF2049082003F0D1FD08207E
S315080019D006F0BAFD1C49082003F0F4FD1A49082050
S315080019E003F01AFE00202AE0082825D2DFE800F0D6
S315080019F004080C1014181C201221144A11541BE058
S31508001A001221124A115417E01221104A115413E0F8
S31508001A1012210E4A11540FE012210C4A11540BE000
S31508001A2012210A4A115407E01221084A115403E008
S31508001A301221064A115400BF00BF411CC8B208282B
S31508001A40D2DB10BDD0010020500700201400002072
S31508001A5010B506F087F808215F4804F06BFB0020F4
S31508001A6021E006281CD2DFE800F003070B0F131746
S31508001A7012215A4A115413E01221584A11540FE000
S31508001A801221564A11540BE01221544A115407E008
S31508001A901221524A115403E01221504A115400BF30
S31508001AA000BF411CC8B20828DBDB4D49082003F0FB
S31508001AB081FF4B49082003F05BFD082006F02CFD4A
S31508001AC04749082003F07EFD4549082003F0A4FD98
S31508001AD005F076FF05F0A0FF0120424988734FF410
S31508001AE05E704881002006E000223E49143121F844
S31508001AF01020411CC8B29028F6D3002005E0002229
S31508001B00394921F81020411CC8B23028F7D30020E3
S31508001B1005E00022344968310A54411CC8B212282B
S31508001B20F7D300212F48A0F89411A0F89611A0F831
S31508001B309811A0F89A1180F8AE1180F8AF1180F8C4
S31508001B40B01180F8B1110020264981F8B2010021B0
S31508001B50244880F8B31180F8B41180F8C01180F8D1
S31508001B60C11180F8C21180F8C31180F8C61180F837
S31508001B70C71180F8C81180F8C91180F8CB1180F810
S31508001B80CC1180F8CD1180F8CE1180F8CF1180F8ED
S31508001B90D01180F8D111002005E0002212499E31AB
S31508001BA00A54411CC8B21328F7D3002005E00022C6
S31508001BB00D49B1310A54411CC8B20628F7D3002092
S31508001BC00849C8734FF4AF7001F028FC05F0DAFC39
S31508001BD000F0A0F810BD0000D0010020140000207D
S31508001BE050070020101F002044200020704710B521
S31508001BF04FF4807001F028FC10BD000010B50B48AA
S31508001C00807B0A2811D00A48007820B90122802151
S31508001C10084801F0BFFD00220421074801F0BAFD7B
S31508001C20072002498873FEF7A9FF10BD101F002080
S31508001C3012860008001001400008014072B600BF75
S31508001C40FEE7000010B500224FF48061014801F05C
S31508001C50A1FD10BD0008014010B5012291020248FD
S31508001C6001F098FD10BD0000000801401CB50FA04A
S31508001C7000680190002204210D4801F08BFD4FF405
S31508001C807A73012201A90B4802F0B5FE4FF47A7364
S31508001C9001226946074802F0EFFD012204210448A3
S31508001CA001F078FD9DF800001CBD0000050000004D
S31508001CB0001401408C220020F8B505460C4616464D
S31508001CC003208DF80000200C8DF80100200A8DF8FD
S31508001CD00200E0B28DF80300002204210B4801F04F
S31508001CE059FD4FF47A7304226946094802F083FEC7
S31508001CF04FF47A7332462946054802F0BDFD0122A3
S31508001D000421024801F046FDF8BD00000014014018
S31508001D108C22002010B5042291020248FFF7CCFF5E
S31508001D2010BD0000CC20002010B501224FF4405110
S31508001D300348FFF7C1FF02480F38C07B10BD0000FB
S31508001D401F1F002038B5044600F028F820208DF81B
S31508001D500000C4F307108DF80100F02000EA041013
S31508001D608DF8020000208DF803000022042109489E
S31508001D7001F010FD4FF47A7304226946064802F012
S31508001D803AFE01220421034801F004FD00F022F87E
S31508001D9038BD0000001401408C22002008B50AA0B6
S31508001DA00068009000220421084801F0F3FC4FF473
S31508001DB07A7301226946064802F01DFE01220421B3
S31508001DC0024801F0E7FC08BD0600000000140140C7
S31508001DD08C22002010B500BFFFF748FF00F0010075
S31508001DE00028F9D110BD00002DE9F84380460D46BC
S31508001DF014460026002727E0FFF7D0FF02208DF8BB
S31508001E000000280C8DF80100280A8DF80200E8B2B7
S31508001E108DF8030000220421294801F0BBFC4FF489
S31508001E207A7304226946274802F0E5FD4FF47A736F
S31508001E3022464146234802F0DEFD012204212048BD
S31508001E4001F0A8FC701C86B2E11704EB1161B6EB31
S31508001E50212FD1DBFFF7BEFFE11704EB1161091251
S31508001E60A4EB012139B3FFF799FF05EB06270220FA
S31508001E708DF80000380C8DF80100380A8DF802003C
S31508001E80F8B28DF80300002204210D4801F082FC07
S31508001E904FF47A73042269460A4802F0ACFD4FF4FF
S31508001EA07A7322464146074802F0A5FD012204211D
S31508001EB0034801F06FFCFFF78DFFBDE8F8830000CB
S31508001EC0001401408C22002010B50120FFF73AFFCC
S31508001ED0042291020148FFF787FF10BDCC2000209D
S31508001EE010B50320FFF72EFF01224FF44051024898
S31508001EF0FFF77AFF10BD00001F1F002010B5042051
S31508001F00FFF720FF70224FF480410248FFF76CFF6D
S31508001F1010BD0000FC200020F8B50446002600206D
S31508001F20009000BF94F82400012801D10220F8BDD2
S31508001F30012084F8240000BF2046FEF764FD06460B
S31508001F402046FEF78FFD0646002E69D1A06A20F4CA
S31508001F50885040F00200A062022001F0F9FC3449E2
S31508001F600968B1FBF0F04000009002E00098401EBE
S31508001F70009000980028F9D12068806840F0080091
S31508001F802168886001F00CFC054616E001F008FCA3
S31508001F90401B0A2811D92068806800F0080060B143
S31508001FA0A06A20F0020040F01000A06200BF0020E6
S31508001FB084F8240000BF0120B9E72068806800F093
S31508001FC008000028E2D12068806840F004002168F3
S31508001FD0886001F0E5FB054616E001F0E1FB401BD1
S31508001FE00A2811D92068806800F0040060B1A06A48
S31508001FF020F0020040F01000A06200BF002084F824
S31508002000240000BF012092E72068806800F00400E1
S315080020100028E2D1A06A20F0020040F00100A06288
S3150800202000BF002084F8240000BF30467FE7000088
S315080020303801002038B5024600230020009000BF72
S3150800204092F82400012801D1022038BD012082F827
S31508002050240000BF4868072812D21068406B0C7924
S31508002060641E04EB84051F24AC40A0430D796D1E45
S3150800207005EB85050C68AC4020431468606327E0CF
S3150800208048680D2812D21068006B0C79E41F04EB1F
S3150800209084051F24AC40A0430D79ED1F05EB85058B
S315080020A00C68AC4020431468206311E01068C06ACD
S315080020B00C790D3C04EB84051F24AC40A0430D7934
S315080020C00D3D05EB85050C68AC4020431468E062BD
S315080020D008680A2812D31068C0680C780A3C04EB12
S315080020E044050724AC40A0430D780A3D05EB450599
S315080020F08C68AC4020431468E0600FE01068006903
S315080021000C7804EB44050724AC40A0430D7805EB96
S3150800211045058C68AC40204314682061086810287F
S3150800212002D00868112827D1174C1068A0421ED182
S315080021301068806800F40000F0B91068806840F400
S3150800214000001468A0600868102815D10F480068B8
S315080021500F4CB0FBF4F000EB80004000009002E06A
S315080021600098401E009000980028F9D104E0906A73
S3150800217040F020009062012300BF002082F824006E
S3150800218000BF184661E7000000240140380100201E
S3150800219040420F000146886A704701460868C06CCD
S315080021A0704700002DE9F041044600270025002667
S315080021B0A84614B90120BDE8F081A06810B1207DB9
S315080021C000B100BFA06A30B90020E06284F824009C
S315080021D0204600F089F82046FEF715FC0746A06A57
S315080021E000F01000002873D1002F71D1A06A20F4E6
S315080021F0885040F00200A062E16960680843217BCC
S3150800220040EA41000643A068B0F5807F02D0A06886
S31508002210012802D14FF4807000E000200543207D9C
S31508002220012811D1207B38B9A069401E4FF40061FE
S3150800223041EA4030054307E0A06A40F02000A0626A
S31508002240E06A40F00100E0622068406820F46940D6
S31508002250284321684860206880682149084030433F
S3150800226021688860A068B0F5807F02D0A068012840
S3150800227002D14FF4807000E00020B0F5807F03D1D2
S31508002280208A401E4FEA00582068C06A20F4700071
S3150800229040EA08002168C862206880681149084039
S315080022A0B04208D10020E062A06A20F0020040F0A7
S315080022B00100A06211E0A06A20F0020040F01000C0
S315080022C0A062E06A40F00100E062012705E0FFE74E
S315080022D0A06A40F01000A062012738466BE70000AC
S315080022E0FDF7E1FFFE0E1FFF10B586B0044600207D
S315080022F0029003900490059013492068884221D1E2
S3150800230000BF1248806940F4007010498861084689
S31508002310806900F40070019000BF00BF00BF084646
S31508002320806940F0040088610846806900F004006E
S31508002330019000BF00BF03200290039002A9044841
S3150800234001F090F806B010BD0024014000100240CC
S3150800235000080140F8B504460D4600260020009006
S31508002360002701F01DFA06462068806800F4807090
S3150800237050B1A06A40F02000A06200BF002084F897
S31508002380240000BF0120F8BD2068406800F4807072
S3150800239020BB2068C06A00F47000F8B917E0681C12
S315080023A0A8B125B101F0FCF9801BA8420FD9206815
S315080023B0006800F0020050B9A06A40F00400A0626C
S315080023C000BF002084F8240000BF0320DBE7206854
S315080023D0006800F002000028E1D053E0022001F076
S315080023E0B7FA38490968B1FBF0F021680969364A35
S315080023F0114091B92168C9689211114069B92168DB
S315080024000969324A114031B92168C96892111140E7
S3150800241009B9142117E0292115E0216809692B4A11
S31508002420114021B92168C9689211114041B121684A
S315080024300969274A114029B92168C968114009B9AB
S31508002440542100E0FC2100FB01F718E0681C98B154
S3150800245025B101F0A5F9801BA8420DD90098B8420C
S315080024600AD2A06A40F00400A06200BF002084F8E7
S31508002470240000BF032086E70098401C00900098BF
S31508002480B842E3D36FF0120021680860A06A40F4EE
S315080024900070A0622068806800F46020B0F5602FA4
S315080024A00DD1207B58B9A06A20F48070A062A06A7A
S315080024B000F4805018B9A06A40F00100A06200201C
S315080024C061E7000038010020244992249224491229
S315080024D04992240070B50446002500BF94F82400EC
S315080024E0012801D1022070BD012084F8240000BF14
S315080024F02046FEF7B7FA0546002D77D1A06A40F2C6
S315080025000121884340F48070A0623C4920688842D3
S3150800251008D13B48006800F4702008B9012002E0A1
S31508002520002000E0012078B1A06A20F48010A062A3
S315080025302068406800F4806000B3A06A20F4005068
S3150800254040F48050A06219E0A06A40F48010A062AE
S315080025502B49091F2068884203D0284920688842E9
S3150800256004D12748006800F4806000E0002028B104
S31508002570A06A20F4005040F48050A062A06A00F4DB
S31508002580805020B1E06A20F00600E06201E00020F9
S31508002590E06200BF002084F8240000BFC01E216846
S315080025A008602068806800F46020B0F5602F16D1B6
S315080025B012492068884208D11148006800F4702042
S315080025C008B9012002E0002000E0012038B12068A7
S315080025D0806840F4A000216888600CE006E0206866
S315080025E0806840F480102168886004E000BF0020FD
S315080025F084F8240000BF284675E70000002801403B
S315080026000424014010B5024692F82030012B01D06F
S31508002610022B06D1106840690843146860610020DF
S3150800262010BD506A40F4802050620120F8E7F0B5EA
S3150800263004460D461E4694F8207020688368A868EC
S3150800264000B900E000BF012F01D0022F7DD103F0B1
S31508002650806030B903F0006018B903F08050002894
S315080026607ED0C3F30161012088403060A86860B954
S31508002670B5F800C0E86840EA4C5C206800F5C07010
S3150800268000EB0110C0F800C00FE0D5E901C040EA30
S31508002690CC00D5F80CC040EA0C00D4F800C00CF504
S315080026A0C07C0CEB011CCCF80000D5F810C02068E3
S315080026B000F5C07000EB0110C0F804C0287D0128A1
S315080026C00ED1206800F5C07000EB0110406840F498
S315080026D0807C206800F5C07000EB0110C0F804C0CB
S315080026E0D079000692F806C040EA0C4092F805C078
S315080026F040EA0C2092F804C040EA0C00D4F800C066
S315080027000CF5C07C0CEB011CCCF80C00D07800064C
S3150800271092F802C040EA0C4092F801C040EA0C2048
S3150800272092F800C040EA0C00D4F800C00CF5C07C52
S315080027300CEB011CCCF80800206800F5C07000EB13
S315080027400110006840F0010C01E00FE008E0206885
S3150800275000F5C07000EB0110C0F800C00020F0BD05
S31508002760606A40F4001060620120F8E7606A40F48D
S31508002770802060620120F2E7F0B504460A46216827
S3150800278094F82050012D01D0022D7ED1424901F541
S315080027900071086840F001000860086820F47C5061
S315080027A008600868566A40EA06200860107D00F04E
S315080027B01F06012000FA06F3C8699843C861A1F507
S315080027C00071D069C8B9D1F80C029843C1F80C0257
S315080027D0908880B2968940EA064601F510705769D6
S315080027E040F83760108880B2168940EA064601F537
S315080027F01070576900EBC7004660D069012819D1E7
S31508002800D1F80C021843C1F80C02908880B21688D9
S3150800281040EA064601F51070576940F83760908916
S3150800282080B2168940EA064601F51070576900EB32
S31508002830C7004660906928B9D1F804029843C1F8E0
S31508002840040204E0D1F804021843C1F8040210692E
S3150800285028B9D1F814029843C1F8140204E0D1F853
S3150800286014021843C1F81402106A012804D1D1F8D9
S315080028701C021843C1F81C02D1F8000220F001001E
S31508002880C1F800020020F0BDFFE7606A40F480202E
S3150800289060620120F7E7000000640040704770B5E9
S315080028A0044694F82050012D01D0022D7DD151B94E
S315080028B02068C06800F0030080B9606A40F4001020
S315080028C06062012070BD2068006900F0030028B925
S315080028D0606A40F4001060620120F3E7206800F5A2
S315080028E0D87000EB0110006800F004009060906852
S315080028F040B9206800F5D87000EB01100068400D5B
S31508002900106007E0206800F5D87000EB0110006839
S31508002910C0085060206800F5D87000EB0110006808
S3150800292000F00200D060206800F5D87000EB0110B6
S31508002930406800F00F00082802D30820106108E05C
S31508002940206800F5D87000EB0110406800F00F0011
S315080029501061206800F5D87000EB0110406800F49B
S315080029607F40000A9061206800F5D87000EB0110DE
S315080029704068000C5061206800F5D87000EB011023
S3150800298080681870206800F5D87000EB0110806820
S3150800299000F47F40000A5870206800F5D87000EBF4
S315080029A00110806800F47F0000E03CE0000C98709D
S315080029B0206800F5D87000EB01108068000ED8700A
S315080029C0206800F5D87000EB0110C06818712068FF
S315080029D000F5D87000EB0110C06800F47F40000ACB
S315080029E05871206800F5D87000EB0110C06800F433
S315080029F07F00000C9871206800F5D87000EB011074
S31508002A00C068000ED87131B92068C06840F020004F
S31508002A102668F06005E02068006940F02000266816
S31508002A20306100204EE7606A40F480206062012031
S31508002A3048E72DE9F05F04460025206846692068C6
S31508002A40D0F80490206887682068D0F80CA0206821
S31508002A50D0F810B02068D0F8188006F001000028D9
S31508002A6055D007F00100C0B101202168886007F041
S31508002A70020018B1204600F0F6FB0EE007F004004D
S31508002A8010B145F4006508E007F0080010B145F4F8
S31508002A90805502E0204600F0E5FB07F48070C8B1D7
S31508002AA04FF480702168886007F4007018B12046DA
S31508002AB000F0DBFB0EE007F4806010B145F400552A
S31508002AC008E007F4006010B145F4804502E02046AE
S31508002AD000F0CAFB07F48030C8B14FF48030216893
S31508002AE0886007F4003018B1204600F0C0FB0EE0FD
S31508002AF007F4802010B145F4004508E007F40020EB
S31508002B0010B145F4803502E0204600F0AFFB06F030
S31508002B10080038B10AF0100020B145F400751020FD
S31508002B202168C86006F0040040B10AF0080028B120
S31508002B3008202168C860204600F026FA06F0020040
S31508002B4038B12068C06800F0030010B1204600F0D4
S31508002B501DFA06F0400038B10BF0100020B145F41C
S31508002B60806510202168086106F0200040B10BF04E
S31508002B70080028B1082021680861204600F0F6FA06
S31508002B8006F0100038B12068006900F0030010B1A3
S31508002B90204600F0EDFA06F4003040B109F01000C6
S31508002BA028B1102021684860204600F02BFB06F467
S31508002BB0803040B109F0080028B108202168486033
S31508002BC0204600F055FB06F4004088B309F00400DF
S31508002BD078B306F4807020B108F0010008B145F01A
S31508002BE0010506F4007020B108F0020008B145F0AE
S31508002BF0020506F4806020B108F0040008B145F02B
S31508002C00040506F40060A0B108F0700088B108F069
S31508002C107000402817D006DC10280BD020280CD0CE
S31508002C20302819D10CE0502810D0602814D110E0B3
S31508002C301DE019E045F008050FE045F010050CE029
S31508002C4045F0200509E045F0400506E045F0800519
S31508002C5003E045F4807500E000BF00BF2068806986
S31508002C6020F07000216888610420216848602DB131
S31508002C70606A284360622046FFF710FEBDE8F09FB1
S31508002C8070B504460CB9012070BD94F8200010B93F
S31508002C90204600F0AFF82068006840F0010021687F
S31508002CA0086000F07DFD05460DE000F079FD401B4B
S31508002CB00A2808D9606A40F400306062052084F862
S31508002CC020000120E0E72068406800F001000028A5
S31508002CD0EBD02068006820F002002168086000F048
S31508002CE05FFD05460DE000F05BFD401B0A2808D98C
S31508002CF0606A40F400306062052084F820000120F4
S31508002D00C2E72068406800F002000028EBD1207E68
S31508002D10012806D12068006840F080002168086014
S31508002D2005E02068006820F0800021680860607E61
S31508002D30012806D12068006840F040002168086034
S31508002D4005E02068006820F0400021680860A07E41
S31508002D50012806D12068006840F020002168086034
S31508002D6005E02068006820F0200021680860E07E01
S31508002D70012806D12068006820F010002168086044
S31508002D8005E02068006840F0100021680860207F90
S31508002D90012806D12068006840F00800216808600C
S31508002DA005E02068006820F0080021680860607F58
S31508002DB0012806D12068006840F0040021680860F0
S31508002DC005E02068006820F0040021680860D4E95E
S31508002DD00201084321690843616908436168491E7D
S31508002DE008432168C86100206062012084F8200039
S31508002DF0002049E710B586B00446002002900390EB
S31508002E000490059059492068884249D15848006875
S31508002E10401C574908600846006801280DD100BFC4
S31508002E205448C06940F000705249C8610846C069F4
S31508002E3000F00070019000BF00BF00BF4D488069D8
S31508002E4040F004004B4988610846806900F0040098
S31508002E50019000BF00BFC8140290002003900490A0
S31508002E6002A9454800F0FEFA4FF48050029002206D
S31508002E7003900320059002A93F4800F0F3FA0022C8
S31508002E801146132000F012FD132000F0FFFC00226B
S31508002E901146142000F00AFD142000F0F7FC62E049
S31508002EA03649206888425ED100BF3248C06940F082
S31508002EB080603049C8610846C06900F080600190AA
S31508002EC000BF00BF2A480068401C29490860084618
S31508002ED0006801280DD100BF2648C06940F000707F
S31508002EE02449C8610846C06900F00070019000BF17
S31508002EF000BF00BF1F48806940F008001D4988616F
S31508002F000846806900F00800019000BF00BF202035
S31508002F10029000200390049002A9194800F0A2FA32
S31508002F2040200290022003900320059002A914482D
S31508002F3000F098FA00BF1349486840F0E06040F492
S31508002F408000486000BF002211463F2000F0AEFC1A
S31508002F503F2000F09BFC00221146412000F0A6FC11
S31508002F60412000F093FC06B010BD0000006400404C
S31508002F7010000020001002400008014000680040D0
S31508002F80000C0140000001407047000010B58AB0EF
S31508002F90044608AB01AA00212046FFF780FC00285A
S31508002FA07ED16C4884427CD140F201110198884256
S31508002FB00FD100206849C873FEF792FF04F0E2FAC1
S31508002FC0002001230E224FF4A87100906348FEF7F3
S31508002FD049FB0198B0F5997F12D19DF820009DF81C
S31508002FE0211000EB01209DF8221000EB01409DF80E
S31508002FF0231000EB01605849C1F8BC01FEF764FFD5
S3150800300057490988019888422ED100200BE008A963
S31508003010095C544A1268117052490968491C514A98
S315080030201160411CC8B20828F1DB4D480088401CD5
S315080030304B49088008460088B0F5A77F14DB4FF493
S31508003040A070088045484749086001204249C8736E
S315080030500320FEF777FE01224FF440513E480F3019
S31508003060FEF7C2FEFEF74AFF0198B0F5A77F08D122
S31508003070002001230E224FF4A87100903748FEF76E
S31508003080F1FA0198B0F5A87F23D19DF820003249BE
S3150800309081F85C029DF821102F4880F85D1201E046
S315080030A053E031E09DF8221080F85E129DF8231057
S315080030B080F85F129DF8241080F860129DF825109C
S315080030C080F861129DF8261080F862120A202249BB
S315080030D0887340F2C2310198884238D19DF82000A1
S315080030E000069DF8211000EB01409DF8221000EB28
S315080030F001209DF8231008444FF6FF71884204D139
S315080031000121154880F8CD1121E09DF82000000620
S315080031109DF8211000EB01409DF8221000EB0120DC
S315080031209DF82310084400F100400B490860002070
S315080031300D4908700848807B052803D00648807B1F
S31508003140082804D1FEF72AF901E0FEF777FD0AB050
S3150800315010BD000080010020101F0020FC20002068
S3150800316008000020040000206C00002070470000C2
S3150800317010B58AB0044608AB01AA01212046FFF71C
S315080031808EFB88BB1B48844231D11B490298884272
S315080031902DD19DF821009DF8201000EB012017493C
S315080031A0A1F8B6019DF823009DF8221000EB012036
S315080031B081B21248A0F8B8119DF8241080F8BA1107
S315080031C001200E490874084690F8BA01102807D05D
S315080031D0084690F8BA0118B10121084880F8CA11C2
S315080031E000200749087002E0FFE7FEF727FD0AB04E
S315080031F010BD0000A8010020E550FF18101F002090
S3150800320080000020704770B5044694F82000012815
S3150800321022D1022084F820002068006820F00100EE
S315080032202168086000F0BCFA05460DE000F0B8FA1F
S31508003230401B0A2808D9606A40F4003060620520FD
S3150800324084F82000012070BD2068406800F0010065
S315080032500028EBD16062F6E7606A40F400206062FD
S315080032600120F0E77047704770477047704770470E
S315080032707047000070B50446002594F8210002281E
S3150800328003D00420A0630125C1E02068006820F06F
S315080032900E00216808602068006820F00100216897
S315080032A008605C492068884252D95A4978392068AA
S315080032B0884201D1012047E056496439206888428E
S315080032C001D1102040E0534950392068884201D185
S315080032D0801539E04F493C392068884201D180146D
S315080032E032E04C4928392068884202D14FF48030B0
S315080032F02AE0484914392068884202D14FF48010E0
S3150800330022E044492068884201D140041CE0424931
S315080033102068884201D1012016E03F49143120680F
S31508003320884201D110200FE03B49283120688842A5
S3150800333001D1801508E038493C312068884201D11E
S31508003340801401E04FF480303349091F086051E0CA
S31508003350304978392068884201D1012047E02D4953
S3150800336064392068884201D1102040E02949503943
S315080033702068884201D1801539E026493C39206801
S31508003380884201D1801432E02249283920688842CF
S3150800339002D14FF480302AE01E4914392068884249
S315080033A002D14FF4801022E01A492068884201D1E0
S315080033B040041CE018492068884201D1012016E023
S315080033C0154914312068884201D110200FE01249AE
S315080033D028312068884201D1801508E00E493C3121
S315080033E02068884201D1801401E04FF480300949F1
S315080033F080394860012084F8210000BF002084F845
S31508003400200000BF606B10B12046616B88472846D4
S3150800341070BD0000800002400804024070B50446F2
S3150800342000F0BEF906462546681C10B10448007827
S31508003430054400BF00F0B4F9801BA842FAD370BD5A
S31508003440440100207047000010B50446044800688F
S31508003450204020B1024804602046FFF7F3FF10BD64
S31508003460140401402DE9F8470346002294466EE10C
S315080034704FF0010808FA02F4D1F8008008EA0400BF
S31508003480A0427DD1DFF8DCA2D1F80480A8EB0A09B6
S31508003490D0453AD014DCB8F1030F50D009DCB8F1A6
S315080034A0000F31D0B8F1010F1CD0B8F1020F49D185
S315080034B020E0B8F1110F18D0B8F1120F42D11EE072
S315080034C0B9F5881F25D006DCB9F5803F20D0B9F5B7
S315080034D0801F37D11AE0B9F5001F18D0B9F5041FB7
S315080034E030D117E0D1F80CC02DE0D1F80C8008F1E6
S315080034F0040C28E0D1F80C8008F1080C23E0D1F878
S315080035000C8008F10C0C1EE000BF00BF00BF00BF16
S3150800351000BF00BFD1F80880B8F1000F02D14FF004
S31508003520040C0BE0D1F80880B8F1010F03D14FF075
S31508003530080C1C6102E04FF0080C5C6103E04FF0D8
S31508003540000C00E000BF00BFFF2801D8984601E044
S3150800355003F104084646FF2802D84FEA820803E02A
S31508003560A2F108084FEA88084746D6F800804FF0C7
S315080035700F0909FA07F928EA09080CFA07F900E019
S3150800358088E048EA0908C6F80080D1F8048008F0FF
S315080035908058B8F1805F7DD100BFDFF8CC81D8F8BC
S315080035A0188048F00108DFF8C091C9F81880C846A5
S315080035B0D8F8188008F00108CDF8008000BF00BFD1
S315080035C04FEAB9384FEA920958F829504FEA8278F3
S315080035D04FEA18794FF00F0808FA09F825EA08059E
S315080035E0DFF88881434502D14FF0000816E0DFF87E
S315080035F08081434502D14FF001080FE0DFF874815E
S31508003600434502D14FF0020808E0DFF86C814345D4
S3150800361002D14FF0030801E04FF004084FEA82791F
S315080036204FEA197908FA09F848EA0505DFF84C81DE
S315080036304FEA920948F82950D1F8048008F480180E
S31508003640B8F5801F0AD1DFF83881D8F8008048EA33
S315080036500008DFF82C91C9F8008009E0DFF820811E
S31508003660D8F8008028EA0008DFF81491C9F8008025
S31508003670D1F8048008F40018B8F5001F10D1DFF857
S31508003680008108F10408D8F8008048EA0008DFF845
S31508003690F09000E05AE009F10409C9F800800DE04D
S315080036A0DFF8DC8008F10408D8F8008028EA00086A
S315080036B0DFF8CC9009F10409C9F80080D1F8048034
S315080036C008F40038B8F5003F0ED1DFF8B480A8F149
S315080036D00408D8F8008048EA0008DFF8A490A9F1A1
S315080036E00409C9F800800DE0DFF89480A8F1040801
S315080036F0D8F8008028EA0008DFF88490A9F10409C0
S31508003700C9F80080D1F8048008F48038B8F5803FFD
S315080037100ED1DFF86C80A8F10808D8F8008048EACE
S315080037200008DFF85C90A9F10809C9F800800DE0E7
S31508003730DFF84C80A8F10808D8F8008028EA0008C5
S31508003740DFF83C90A9F10809C9F80080521CD1F8A5
S31508003750008028FA02F8B8F1000F7FF489AEBDE8B8
S31508003760F887000000001110001002400008014010
S31508003770000C0140001001400014014008000140FF
S3150800378008040140024693680B400BB1012000E093
S31508003790002070470AB1016101E00B04036170471C
S315080037A001480068704700003C0100200348006893
S315080037B00349097808440149086070473C0100201C
S315080037C04401002010B50848006840F0100006497A
S315080037D00860032000F0A8F8002000F007F800F0C1
S315080037E02BF8002010BD00000020024070B50446EA
S315080037F00E4800784FF47A71B1FBF0F00C4909686D
S31508003800B1FBF0F5284601F0F4FA08B1012070BDC5
S31508003810102C07D200222146501E00F047F8054812
S31508003820046001E00120F2E70020F0E744010020EF
S31508003830380100204001002008B500BF1148806902
S3150800384040F001000F4988610846806900F00100D0
S31508003850009000BF00BF00BF0846C06940F0805016
S31508003860C8610846C06900F08050009000BF00BFDC
S3150800387000BF0549486820F0E06040F000704860E5
S3150800388000BF08BD0010024000000140014608467E
S31508003890002809DB00F01F0301229A4043099B0018
S315080038A003F1E023C3F8002100BF70472DE9F05F5C
S315080038B080460D461646002704F004F807463946A2
S315080038C02A46334601F00700C0F1070ABAF1040F89
S315080038D002D94FF0040A01E0C0F1070AD14600F107
S315080038E0040ABAF1070F02D24FF0000A01E0A0F16C
S315080038F0030AD4464FF0010A0AFA09FAAAF1010A9C
S315080039000AEA020A0AFA0CFA4FF0010B0BFA0CFB48
S31508003910ABF1010B0BEA030B4AEA0B0421464046BE
S3150800392003F0D8FFBDE8F09F00BF00F00702064B82
S3150800393019684FF6FF031940044B0B4343EA02216B
S31508003940014B196000BF70470CED00E00000FA0556
S315080039502DE9F84F80464FF0000900250026AB46B2
S31508003960AA460027002400200090B8F1040F59D079
S3150800397006DCB8F1010F76D0B8F1020F74D1C0E0B9
S31508003980B8F1080F72D0B8F1100FF7D1654844683E
S31508003990006800F08070002843D06348C4F3834170
S315080039A0465C04F4803058B35E48C06A00F00F00E5
S315080039B05E4911F800905B48C06A00F48030A0B1F7
S315080039C05848C06AC0F30310471C5648C06AC0F37B
S315080039D0032000F1020B5648B0FBF7F000FB0BF092
S315080039E0B0FBF9F000FB06F504E05148B0FBF9F02E
S315080039F000FB06F54C48407BB04204D16D0802E056
S31508003A004C4806FB00F54748406800F48000B0F5CE
S31508003A10800F01D1009504E068000321B0FBF1F0A6
S31508003A2000907BE03F48C06A00F4003018B900F007
S31508003A3067FA009016E03B48006800F0805088B1AD
S31508003A403848C06AC0F30310471C3648C06AC0F33A
S31508003A50033000F1020A3648B0FBF7F000FB0AF023
S31508003A60400000905AE022E057E0FFE72D48C06A80
S31508003A7000F4802018B900F043FA009016E02948AF
S31508003A80006800F0805088B12648C06AC0F3031069
S31508003A90471C2448C06AC0F3033000F1020A2448D0
S31508003AA0B0FBF7F000FB0AF04000009036E01D4836
S31508003AB0046A04F44070B0F5807F06D104F0020071
S31508003AC018B14FF4004000901AE004F44070B0F5C5
S31508003AD0007F08D11348406A00F0020018B149F681
S31508003AE0404000900CE004F44070B0F5407F07D1E8
S31508003AF00C48006800F4003010B14FF224400090E2
S31508003B000CE000F0EDF907494968C1F38131491C19
S31508003B104900B0FBF1F0009000E000BF00BF00983C
S31508003B20BDE8F88F0010024049860008578600084D
S31508003B3000127A0000093D002DE9F84304460026E4
S31508003B4000250027207800F0010000286ED0A8463E
S31508003B507948C06900F0805078B900BF7648C069D6
S31508003B6040F080507449C8610846C06900F080502A
S31508003B70009000BF00BF4FF001087048006800F4CD
S31508003B808070B8B96D48006840F480706B49086069
S31508003B90FFF706FE064607E0FFF702FE801B6428CD
S31508003BA002D90320BDE8F8836448006800F48070F1
S31508003BB00028F1D06048006A00F440752DB3A0884B
S31508003BC000F44070A84220D05B48006A20F4407593
S31508003BD001205B490860002008605748056205F027
S31508003BE0010090B1FFF7DCFD064608E0FFF7D8FDB7
S31508003BF0801B41F28831884201D90320D2E74E481A
S31508003C00006A00F002000028F0D04B48006A20F451
S31508003C1040706168084348490862B8F1010F04D149
S31508003C200846C06920F08050C86100BF207800F0BF
S31508003C300200022807D14048406820F44040A168A5
S31508003C4008433D494860207800F00400042807D15D
S31508003C503948C06A20F40030E16808433649C8622A
S31508003C60207800F00800082807D13348C06A20F4F5
S31508003C708020216908433049C8622F48C06A00F489
S31508003C80003020B92C48C06A00F4802000B1012712
S31508003C90012F41D12848006800F0805090BB264883
S31508003CA0006800F0806040B12348C06A00F0F00167
S31508003CB0A069814201D0012074E71F48C06A20F03C
S31508003CC0F000A16908431C49C8620846C06A20F486
S31508003CD07040616908431849C86201201949086794
S31508003CE0FFF75EFD064606E0FFF75AFD801B6428CF
S31508003CF001D9032056E71048006800F00050002854
S31508003D00F2D009E0FFE70C48C06A00F47040616928
S31508003D10884201D0012045E7207800F010001028DD
S31508003D2007D10548406820F48000E1690843024944
S31508003D304860002036E7000000100240007000408E
S31508003D40400442420000424270B504460D460CB992
S31508003D50012070BD5A48006800F00700A8420ED23C
S31508003D605748006820F00700284355490860084668
S31508003D70006800F00700A84201D00120E9E7207892
S31508003D8000F0020002281DD1207800F00400042863
S31508003D9005D14C48406840F4E0604A4948602078BC
S31508003DA000F00800082805D14648406840F46050ED
S31508003DB0444948604348406820F0F000A168084339
S31508003DC040494860207800F0010078B3606801280F
S31508003DD006D13C48006800F4003090B90120B8E7E5
S31508003DE06068022806D13748006800F0007040B9BC
S31508003DF00120AEE73348006800F0020008B9012048
S31508003E00A7E73048406820F00300616808432D4959
S31508003E104860FFF7C5FC064609E0FFF7C1FC801BB2
S31508003E2041F28831884202D9032092E707E0254803
S31508003E30406800F00C006168B0EB810FEDD12048B6
S31508003E40006800F00700A8420ED91D48006820F057
S31508003E50070028431A4908600846006800F007006A
S31508003E60A84201D0012074E7207800F00400042855
S31508003E7007D11448406820F4E060E1680843114916
S31508003E804860207800F00800082808D10D484068E6
S31508003E9020F46050216940EAC1000A49486000F0F0
S31508003EA02FF808494968C1F30311074A515CC8400D
S31508003EB00649086006480068FFF798FC002048E7AE
S31508003EC00020024000100240138600083801002036
S31508003ED040010020014800687047000038010020B2
S31508003EE000B5FFF7F7FF04494968C1F3C221034A41
S31508003EF0515CC84000BD000000100240238600083F
S31508003F002DE9FE4F4FF00009CB46CA460024002093
S31508003F100290019000902F48D0F8049009F00C0008
S31508003F2000284FD0042802D008284AD102E02A489F
S31508003F3002904AE02948C9F38341445C09F4803079
S31508003F40C0B32448C06A00F00F00254911F800B034
S31508003F502048C06A00F4803008B31E48C06AC0F31F
S31508003F600310401C01901B48C06AC0F30320801C44
S31508003F7000900198A0FB0B50064617490098A1FB34
S31508003F8000120023A1FB047C02FB04C201FB0321EF
S31508003F902A4633463846FCF7F9F8824603E00E48C7
S31508003FA06043B0FBFBFA0D48407BA04206D14FEABE
S31508003FB05A0A03E0FFE70B4804FB00FACDF808A00D
S31508003FC003E000BF0448029000BF00BF0298BDE8A6
S31508003FD0FE8F00000010024000127A002B860008AF
S31508003FE03986000800093D00F8B504460CB90120D9
S31508003FF0F8BD207800F00100002878D0FD48406818
S3150800400000F00C0004280CD0FA48406800F00C00B8
S31508004010082811D1F748406800F48030B0F5803F91
S315080040200AD1F448006800F4003000285FD0A06880
S3150800403000285CD10120DBE700BFA068B0F5803F0F
S3150800404006D1EC48006840F48030EA49086028E068
S31508004050A06858B9E748006820F48030E549086048
S315080040600846006820F4802008601AE0A068B0F5C9
S31508004070A02F0BD1DF48006840F48020DD49086096
S315080040800846006840F4803008600AE0D9480068AD
S3150800409020F48030D74908600846006820F480205C
S315080040A0086000BFA06888B1FFF77AFB054606E0FE
S315080040B0FFF776FB401B642801D9032098E7CD4813
S315080040C0006800F400300028F2D010E0FFF768FB23
S315080040D0054606E0FFF764FB401B642801D9032068
S315080040E086E7C448006800F400300028F2D120783A
S315080040F000F00200022857D1BE48406800F00C00C4
S3150800410050B1BC48406800F00C00082818D1B948DE
S31508004110406800F4803098B9B648006800F002009C
S3150800412020B16069012801D0012061E7B148006823
S3150800413020F0F800A16940EAC100AE49086033E002
S315080041406069E8B10120AC490860FFF729FB05461C
S3150800415006E0FFF725FB401B022801D9032047E7A5
S31508004160A448006800F002000028F2D0A1480068C0
S3150800417020F0F800A16940EAC1009E49086013E0F2
S3150800418000209D490860FFF70BFB054606E0FFF790
S3150800419007FB401B022801D9032029E79548006838
S315080041A000F002000028F2D1207800F00800082864
S315080041B02DD1E069B8B1012090490860FFF7F0FAFF
S315080041C0054606E0FFF7ECFA401B022801D9032052
S315080041D00EE78848406A00F002000028F2D0012065
S315080041E002F012FC13E0002084490860FFF7D8FAB1
S315080041F0054606E0FFF7D4FA401B022801D903203A
S31508004200F6E67C48406A00F002000028F2D12078E1
S3150800421000F00400042873D100277648C06900F02E
S31508004220805070B900BF7348C06940F0805071492A
S31508004230C8610846C06900F08050009000BF00BF02
S3150800424001276F48006800F48070B0B96C480068B0
S3150800425040F480706A490860FFF7A2FA054606E04E
S31508004260FFF79EFA401B642801D90320C0E664487C
S31508004270006800F480700028F2D000BF2069012889
S3150800428006D15C48006A40F001005A49086227E0F6
S31508004290206958B95748006A20F001005549086254
S315080042A00846006A20F00400086219E0206905281B
S315080042B00BD15048006A40F004004E49086208468F
S315080042C0006A40F0010008620AE04A48006A20F0E5
S315080042D00100484908620846006A20F0040008629E
S315080042E000BF2069A0B1FFF75BFA054609E0FFF7B2
S315080042F057FA401B41F28831884202D9032077E6F3
S3150800430022E03C48006A00F002000028EFD012E0E4
S31508004310FFF746FA054608E0FFF742FA401B41F266
S315080043208831884201D9032062E63248006A00F0E3
S3150800433002000028F0D1012F05D12E48C06920F0CF
S3150800434080502C49C86100BFE06AA0B3294840687C
S3150800435000F48030B0F5803F0ED12648406800F062
S315080043600C00082808D12348C06A00F48030B0F54C
S31508004370803F01D101203BE6E06A022850D11D4862
S31508004380006800F0805040B11A48C06A00F0F00199
S31508004390606B814201D001202AE600201649886612
S315080043A0FFF7FEF9054607E0FFF7FAF9401B642810
S315080043B002D903201CE64DE00E48006800F00060B4
S315080043C00028F1D10B48C06A20F0F000616B084361
S315080043D00849C8620846C06A20F47060216B084321
S315080043E00449C862012004498866FFF7D9F90546D9
S315080043F00FE00000001002400000424280044242E2
S3150800440000700040FFF7CCF9401B642801D903204F
S31508004410EEE54E48006800F000600028F2D019E08A
S315080044204A48C06A20F480304849C8620020484992
S315080044308866FFF7B5F9054606E0FFF7B1F9401BB0
S31508004440642801D90320D3E54048006800F00060DD
S315080044500028F2D1206AE0B33C48406800F00C001E
S3150800446008285ED0206A022846D100203849086606
S31508004470FFF796F9054606E0FFF792F9401B022872
S3150800448001D90320B4E53148006800F0007000281F
S31508004490F2D1606AB0F5803F0DD12C48C06A6168D8
S315080044A008432A49C8620846C06A20F00F00E16836
S315080044B008432649C862D4E90901084323494968DB
S315080044C021F47411084321494860012020490866EF
S315080044D000E038E0FFF764F9054606E0FFF760F903
S315080044E0401B022801D9032082E51848006800F01D
S315080044F000700028F2D026E0002015490866FFF76C
S315080045004FF9054606E0FFF74BF9401B022801D98B
S3150800451003206DE50D48006800F000700028F2D110
S3150800452011E0206A012800D162E50848466806F4C9
S315080045308031606A814204D106F47011A06A814212
S3150800454001D0012054E5002052E500000010024089
S315080045500000424270470000F8B5044620684668E5
S3150800456020688568C5F3801048B905F0010030B1A8
S31508004570C6F3801018B12046216C8847F8BDC5F3EC
S31508004580400030B1C6F3C01018B12046616C8847A8
S31508004590F4E7C5F3401018B9C5F38010002871D0A8
S315080045A0C6F3401000286DD0C5F38010F0B194F81A
S315080045B0510003280ED0606D40F00400606500BF0E
S315080045C0002000902068C0680090206880680090ED
S315080045D000BF0BE000BF002000902068C068009074
S315080045E020688068009000BF00BFC7E7C5F3401089
S315080045F088B1606D40F00100606500BF0020009042
S315080046002068806800902068006820F040002168D3
S31508004610086000BF00BF606D70B32068406820F076
S31508004620E00021684860012084F8510006F0020085
S3150800463010B906F0010000B32068406820F00300B6
S3150800464021684860E06C50B10F48E16C4863E06C43
S31508004650FEF710FE18B1606D40F040006065A06C72
S3150800466050B10948A16C4863A06CFEF703FE18B167
S31508004670606D40F04000606502E02046FFF76AFF83
S315080046807CE7FFE700BF79E7B56A000810B504467E
S315080046900CB9012010BD606A38B96068B0F5827F30
S315080046A000D105E00021E16102E00021216161619C
S315080046B00021A16294F8510028B9002084F850001E
S315080046C0204600F043F8022084F85100206800686C
S315080046D020F0400021680860A08800F482702189D3
S315080046E001F404410843A18901F400610843217CCF
S315080046F001F002010843217D01F001010843218BE5
S3150800470001F400710843217F01F038010843202194
S31508004710095D01F080010843218D01F40051084329
S31508004720216808600421A06901EA104021684860F0
S315080047302068C06920F400602168C86100206065AF
S31508004740012084F851000020A4E7000010B586B0C7
S315080047500446002002900390049005904049206882
S31508004760884236D100BF3F48806940F480503D49B1
S3150800477088610846806900F48050019000BF00BF38
S3150800478000BF0846806940F00400886108468069D1
S3150800479000F00400019000BF00BFA0200290022094
S315080047A003900320059002A92F48FEF75BFE4020E0
S315080047B0029000200390049002A92B48FEF752FEAF
S315080047C0002211462320FFF771F82320FFF75EF831
S315080047D044E026492068884240D100BF2148C06984
S315080047E040F400401F49C8610846C06900F400400B
S315080047F0019000BF00BF00BF0846806940F0100066
S3150800480088610846806900F01000019000BF00BF6B
S315080048104FF4A0500290022003900320059002A9AD
S315080048201348FEF71FFE4FF4006002900020039025
S31508004830049002A90E48FEF715FE00BF0D49486808
S3150800484040F0E06040F08050486000BF002211460A
S315080048503320FFF72BF83320FFF718F806B010BD02
S31508004860003001400010024000080140003C0040B2
S3150800487000100140000001402DE9F843044688462F
S3150800488016461D464FF0000994F85100012802D03B
S315080048904FF00209A8E06068B0F5827F0DD1A068E4
S315080048A058B9042084F8510033464246414620460A
S315080048B0009500F07EF9BDE8F88300BF94F8500033
S315080048C0012801D10220F6E7012084F8500000BF34
S315080048D0FEF766FF0746B8F1000F00D016B94FF08D
S315080048E0010981E0042084F8510000206065C4F8BD
S315080048F03880A687E6872063A086E0862064606401
S31508004900A068B0F5004F0BD12068006820F0400081
S31508004910216808602068006820F4804021680860E3
S315080049202068006800F04000402805D0206800682C
S3150800493040F0400021680860E06810BB1DE0206870
S31508004940806800F0010050B12068007BA16B0870F8
S31508004950A06B401CA063E08F401EE0870DE0FEF7C9
S315080049601FFFC01BA84201D3681C00B92DB94FF020
S315080049700309012084F8510036E0E08F0028DED1D3
S3150800498021E01DE02068806800F0010050B1206831
S31508004990C068A16B0880A06B801CA063E08F401ED6
S315080049A0E0870DE0FEF7FCFEC01BA84201D3681C99
S315080049B000B92DB94FF00309012084F8510013E01E
S315080049C0E08F0028DED13A462946204602F07CF8D8
S315080049D008B120206065606D10B14FF0010902E052
S315080049E0012084F8510000BF00BF002084F8500061
S315080049F000BF48465FE72DE9F84F04468846164645
S31508004A001D464FF0000A00BF94F85000012802D155
S31508004A100220BDE8F88F012084F8500000BFFEF799
S31508004A20BFFE0746B14694F85100012802D04FF060
S31508004A30020AB7E0B8F1000F00D016B94FF0010A24
S31508004A40B0E0032084F8510000206065C4F8308087
S31508004A50A686E686A063A087E08760642064A068CF
S31508004A60B0F5004F0BD12068006820F0400021689F
S31508004A7008602068006840F4804021680860206863
S31508004A80006800F04000402805D02068006840F023
S31508004A90400021680860E068B0F5006F32D16068B0
S31508004AA010B1B9F1010F09D1206B00882168C860DF
S31508004AB0206B801C2063E08E401EE0861EE0206886
S31508004AC0806800F0020002280AD1206B008821685D
S31508004AD0C860206B801C2063E08E401EE0860DE0D7
S31508004AE0FEF75EFEC01BA84201D3681C00B92DB9AB
S31508004AF04FF0030A012084F8510053E0E08E0028A5
S31508004B00DDD131E0606810B1B9F1010F09D1206B30
S31508004B10007821680873206B401C2063E08E401ED5
S31508004B20E0861EE02068806800F0020002280AD1AC
S31508004B30206B007821680873206B401C2063E08E88
S31508004B40401EE0860DE0FEF72BFEC01BA84201D3EF
S31508004B50681C00B92DB94FF0030A012084F85100EA
S31508004B6020E0E08E0028DDD13A462946204601F0AD
S31508004B70E7FF08B120206065A06850B900BF002093
S31508004B8000902068C068009020688068009000BF88
S31508004B9000BF606D10B14FF0010A02E0012084F8F1
S31508004BA0510000BF00BF002084F8500000BF5046E7
S31508004BB02FE72DE9FF5F0446884691461D460E9E5F
S31508004BC0012002900020019000BF94F850000128AF
S31508004BD003D1022004B0BDE8F09F012084F85000FC
S31508004BE000BFFEF7DDFD074694F851B060680390F4
S31508004BF0AA46BBF1010F0BD00398B0F5827F04D10A
S31508004C00A06810B9BBF1040F02D002200190E9E0B8
S31508004C10B8F1000F03D0B9F1000F00D015B9012083
S31508004C200190DFE094F85100042802D0052084F8AA
S31508004C30510000206065C4F83890E587A587C4F858
S31508004C403080E586A586206460642068006800F0E8
S31508004C504000402805D02068006840F040002168E0
S31508004C600860E068B0F5006F4DD1606810B1BAF120
S31508004C70010F09D1206B00882168C860206B801C51
S31508004C802063E08E401EE08636E02068806800F0EB
S31508004C900200022810D1E08E70B1029801280BD1CB
S31508004CA0206B00882168C860206B801C2063E08E1A
S31508004CB0401EE086002002902068806800F001000F
S31508004CC068B1E08F58B12068C068A16B0880A06BF6
S31508004CD0801CA063E08F401EE08701200290FEF74B
S31508004CE05FFDC01BB04207D3701C28B1032001909A
S31508004CF0012084F8510075E0E08E0028C5D1E08FC8
S31508004D000028C2D14DE0606810B1BAF1010F09D18F
S31508004D10206B007821680873206B401C2063E08EA6
S31508004D20401EE08637E02068806800F0020002280E
S31508004D3010D1E08E70B1029801280BD1206B007853
S31508004D4021680873206B401C2063E08E401EE086B5
S31508004D50002002902068806800F0010068B1E08FAA
S31508004D6058B12068C068A16B0870A06B401CA0638E
S31508004D70E08F401EE08701200290FEF711FDC01B60
S31508004D80B04201D3701C00B92EB90320019001204E
S31508004D9084F8510026E0E08E0028C4D1E08F002870
S31508004DA0C1D13A463146204601F0CAFE20B101205B
S31508004DB001902020606515E0A06850B900BF00206A
S31508004DC000902068C068009020688068009000BF46
S31508004DD000BF606D10B10120019002E0012084F847
S31508004DE0510000BF00BF002084F8500000BF0198A2
S31508004DF0F0E670B504462546681EB0F1807F01D3FB
S31508004E0001200FE0681E4FF0E02148610F214FF0A6
S31508004E10FF3002F05FFD00204FF0E0218861072097
S31508004E200861002070BD70477047000030B5024623
S31508004E300B4600BF92F83C00012801D1022030BD84
S31508004E40012082F83C0000BF022082F83D0010686D
S31508004E5044681068816824F0700418680443106870
S31508004E604460124D1068A8420FD01068B0F1804F08
S31508004E700BD00F4D1068A84207D00E4D1068A842F7
S31508004E8003D00D4D1068A84205D121F0800158685D
S31508004E90014310688160012082F83D0000BF0020B0
S31508004EA082F83C0000BF00BFC9E70000002C0140A3
S31508004EB00004004000080040000C004010B50446FD
S31508004EC00CB9012010BD94F83D0028B9002084F8DB
S31508004ED03C00204600F026F8022084F83D00211DFB
S31508004EE0206801F077FF012084F8460000BF84F8A7
S31508004EF03E0001213F200155402001554120015522
S31508004F0000BF00BF012084F8420043200155442019
S31508004F1001554520015500BF012084F83D000020B9
S31508004F20D0E7000038B504462068B0F1804F16D1A6
S31508004F3000BF1848C06940F001001649C861084614
S31508004F40C06900F00100009000BF00BF00221146B2
S31508004F501C20FEF7ABFC1C20FEF798FC19E00E4956
S31508004F602068884215D100BF0A48C06940F002008F
S31508004F700849C8610846C06900F00200009000BFF1
S31508004F8000BF002211461D20FEF790FC1D20FEF7EB
S31508004F907DFC38BD0010024000040040014691F82F
S31508004FA03D00012801D001207047022081F83D000C
S31508004FB00868C06840F001000B68D860144B0868A0
S31508004FC098420FD00868B0F1804F0BD0114B086893
S31508004FD0984207D0104B0868984203D00F4B0868D0
S31508004FE098420CD10868806800F00702062A0CD09F
S31508004FF00868006840F001000B68186005E008685A
S31508005000006840F001000B6818600020CCE700003B
S31508005010002C01400004004000080040000C00403D
S315080050202DE9F04104460D46002700BF94F83C00E0
S31508005030012802D10220BDE8F081012084F83C0055
S3150800504000BF022084F83D002068866826F07706AF
S3150800505026F47F46206886602868502833D00CDC02
S31508005060202850D004DC00284BD0102851D149E024
S31508005070302849D040284CD139E060282DD07028F6
S3150800508007D0B0F5805F03D0B0F5005F41D10DE0E1
S3150800509041E0D5E902136A68206801F0DDFE206860
S315080050A0866846F077062068866034E0D5E90213FC
S315080050B06A68206801F0D0FE2068806840F4804065
S315080050C02168886027E0EA686968206801F0D8FEE8
S315080050D05021206801F0CBFE1DE0EA686968206867
S315080050E001F0E1FE6021206801F0C1FE13E0EA68E4
S315080050F06968206801F0C4FE4021206801F0B7FE07
S3150800510009E000BF00BF00BF2968206801F0AFFEB4
S3150800511001E0012700BF00BF012084F83D0000BF61
S31508005120002084F83C0000BF384684E7704710B575
S31508005130044620680069C0F34000D8B12068C068FA
S31508005140C0F34000B0B16FF0020021680861012089
S3150800515020772068806900F0030018B12046FFF721
S31508005160E5FF05E0204600F0ADF8204600F0ABF874
S315080051700020207720680069C0F38000D8B1206835
S31508005180C068C0F38000B0B16FF004002168086100
S31508005190022020772068806900F4407018B1204604
S315080051A0FFF7C4FF05E0204600F08CF8204600F023
S315080051B08AF80020207720680069C0F3C000D8B1BB
S315080051C02068C068C0F3C000B0B16FF0080021685D
S315080051D00861042020772068C06900F0030018B130
S315080051E02046FFF7A3FF05E0204600F06BF82046AF
S315080051F000F069F80020207720680069C0F30010E5
S31508005200D8B12068C068C0F30010B0B16FF01000C4
S3150800521021680861082020772068C06900F440707A
S3150800522018B12046FFF782FF05E0204600F04AF84D
S31508005230204600F048F8002020772068006900F032
S31508005240010058B12068C06800F0010030B16FF065
S31508005250010021680861204600F036F820680069D8
S31508005260C0F3C01058B12068C068C0F3C01030B190
S315080052706FF08000216808612046FFF7D4FD20689A
S315080052800069C0F3801058B12068C068C0F3801068
S3150800529030B16FF0400021680861204600F034F80C
S315080052A020680069C0F3401058B12068C068C0F390
S315080052B0401030B16FF02000216808612046FFF7E2
S315080052C0B3FD10BD7047704710B504460B492068FA
S315080052D00968884201D101F069FE09492068096810
S315080052E088420AD10748007828B906480078401C41
S315080052F00449087001E0FCF717F810BDE422002005
S315080053002C2300206A0000207047000010B50446D0
S315080053101C480078401C1B4908700846007802287B
S315080053200BDD0121184880F8CC11B0F8BC0100F457
S31508005330805008B9FCF762FC10BD134890F84D027E
S3150800534010490978884204DA02210F4880F8CC11FE
S31508005350F2E70D4890F84E020A490978884204DABD
S315080053600321094880F8CC11E6E7074890F84F0270
S3150800537004490978884203DA0421034880F8CC11E5
S3150800538000BFD9E76C000020101F002000BFFEE711
S3150800539010B5044615480078062821DB00F02CF8DD
S315080053A0B0B11348007898B10520FEF737F800F039
S315080053B023F850B101210F4880F8CB1100200C4981
S315080053C0087028B1FCF71AFC02E0012008490870A9
S315080053D000F012F848B90021064880F8CB1104E01D
S315080053E002480078401C0149087010BD7A00002068
S315080053F079000020101F002010B580210148FEF713
S31508005400C1F910BD000C01402DE9F04F87B0544991
S315080054108888FBF76CF980460022524BFBF778F830
S315080054200022514BCDE90201FBF7E4F8CDE904016E
S31508005430FBF77EF9824641F23600824504D94FF4DD
S315080054407A704749488187E0BAF5616F03D2002030
S315080054504349488180E04FF0000B7AE05046FBF75D
S3150800546046F9CDE90401414800EB0B10D0E9028367
S3150800547042460498FBF7A0F967D85046FBF737F978
S31508005480CDE9040139490BF1010001EB0010D0E91F
S3150800549002834246DDE90401FBF776F955D833481D
S315080054A000EB0B11D1E9028301460BF1010001EB78
S315080054B00010C16880684246CDE90001FBF722F872
S315080054C0CDE90401294800EB0B102849D0E90083EF
S315080054D00BF1010001EB001003C84246CDE90001BB
S315080054E0FBF710F8CDE90201DDE90423FBF782F8A2
S315080054F004460D461D4800EB0B10D0E902834246D0
S3150800550020462946FBF704F8CDE90401174800EBC5
S315080055100B10D0E9008342460498FAF7F6FF0646D0
S315080055200F465046FBF7E3F8804622462B46FAF725
S31508005530EFFF32463B46CDE90201FAF742FFCDE9D5
S315080055400401FBF7F5F8064948810BF1010000F064
S31508005550FF0BBBF10A0F81DB07B0BDE8F08F000037
S31508005560101F0020000059400000624088000020FB
S3150800557030B50346002017E0002209E0002500EBBD
S315080055804004C4EB401401EBC4040F34A554521C68
S31508005590062AF3DB0F2200EB4004C4EB401401EBB0
S315080055A0C404E273421CD0B29842E5DB30BD08B5AC
S315080055B000208DF8000028208DF80100684602F0CA
S315080055C079FA08BDF0B5C1B004460D4611A00068C9
S315080055D0409000260027002013E0074600210CE033
S315080055E007EB4702C2EB471205EBC202525C0DF805
S315080055F00620721CD6B24A1CD1B20629F0DB411C21
S31508005600C8B2A042E9DB6A4640A9204602F0ABFFD1
S3150800561041B0F0BD00010000F0B5C1B004460D462A
S3150800562012A00068409000260027002014E00746D4
S3150800563000210DE007EB4702C2EB471205EBC20259
S315080056400F32525C0DF80620721CD6B24A1CD1B233
S315080056500629EFDB411CC8B2A042E8DB6A4640A92E
S31508005660204602F080FF41B0F0BD00000024000093
S31508005670F8B504460D46C4F34006301D8DF8000003
S31508005680E007060E06F160002844C0B28DF8010056
S31508005690684602F00FFAF8BDF8B504460D461646F8
S315080056A0C4F34007B81C8DF80000E007070E07F1A1
S315080056B0600000EB05103044C0B28DF80100684662
S315080056C002F0F8F9F8BD2DE9F84304460D461646EA
S315080056D01F46C4F3400808F102008DF80000E007F1
S315080056E04FEA106808F1280000EB8510304400EBFB
S315080056F00710C0B28DF80100684602F0DBF9BDE874
S31508005700F88370B503460C46052C72D2DFE804F020
S315080057100372B4F73A00002031E000EB4005C5EB10
S31508005720401502EBC505B5F8C05000EB4006C6EBC0
S31508005730401602EBC606B67B354400EB4006C6EBC0
S31508005740401602EBC606A6F8C05000EB4005C5EBAE
S31508005750401502EBC505B5F8C25000EB4006C6EB8E
S31508005760401602EBC606B67B3544AEB200EB4005E2
S31508005770C5EB401502EBC505A5F8C260401C98426A
S31508005780CBDB00E1002031E000EB4005C5EB40151E
S3150800579002EBC505B5F8C06000EB4005C5EB401542
S315080057A002EBC5056D7F354400EB4006C6EB401697
S315080057B002EBC606A6F8C05000EB4005C5EB40153F
S315080057C002EBC505B5F8C26000EB4005C5EB401510
S315080057D002EBC5056D7F3544AEB200EB4005C5EB5F
S315080057E0401502EBC505A5F8C260401C9842CBDB04
S315080057F0C9E0C7E000203CE0002135E000EB4005A9
S31508005800C5EB401502EBC505B5F8C06000EB4005D1
S31508005810C5EB401502EBC50542356D5C354400EB1A
S315080058204006C6EB401602EBC606A6F8C05000EBCB
S315080058304005C5EB401502EBC505C43535F81160C2
S3150800584000EB4005C5EB401502EBC50542356D5C1E
S315080058503544AEB200EB4005C5EB401502EBC50575
S31508005860C43525F81160491CDF25AD5C8D42C5DCC1
S31508005870401C9842C0DB86E000203CE0002135E071
S3150800588000EB4005C5EB401502EBC505B5F8C06051
S3150800589000EB4005C5EB401502EBC50560356D5CB0
S315080058A0354400EB4006C6EB401602EBC606A6F8E2
S315080058B0C05000EB4005C5EB401502EBC505D035D9
S315080058C035F8116000EB4005C5EB401502EBC50540
S315080058D060356D5C3544AEB200EB4005C5EB40154E
S315080058E002EBC505D03525F81160491CE025AD5CED
S315080058F08D42C5DC401C9842C0DB44E0FFE700202F
S315080059003DE0002135E000EB4005C5EB401502EB14
S31508005910C505B5F8C06000EB4005C5EB401502EBC0
S31508005920C50571356D5C354400EB4006C6EB40167F
S3150800593002EBC606A6F8C05000EB4005C5EB4015BD
S3150800594002EBC505D83535F8116000EB4005C5EB07
S31508005950401502EBC50571356D5C3544AEB200EBFA
S315080059604005C5EB401502EBC505D83525F811608D
S31508005970491CE125AD5C6D1E8D42C4DC401C984275
S31508005980BFDB00E000BF00BF70BD000008B503A084
S3150800599000680090684602F08DF808BD07120000FE
S315080059A008B503A000680090684602F083F808BDB1
S315080059B00711000030B50346002015E0012208E073
S315080059C0002400EB4005C5EB401501EBC505AC54BA
S315080059D0521C062AF4DBFE2400EB4005C5EB4015F5
S315080059E001F83540441CE0B29842E7DB30BD0000C0
S315080059F07CB5002400260020019007208DF80000C1
S31508005A0014208DF801000221684602F0E9F90546DE
S31508005A1028128DF80200E8B28DF8030002F070F83B
S31508005A206946042002F052FD0DE04FF47A73012214
S31508005A3001A90948FEF720FF9DF80400002801DDAA
S31508005A40012600E00A340548844201D2002EECD033
S31508005A5002F04CF820467CBD34220020400D03009D
S31508005A602DE9F84F81460D4616464FF0000A0024E8
S31508005A70E80002F035F98346B9F1000F2DD1012768
S31508005A8028E05A462946384600F053F8FFF77EFFC5
S31508005A904FF000081AE008F0FF0404EB4400C0EBDE
S31508005AA0441006EBC000603004EB4401C1EB44111E
S31508005AB006EBC10101F14803009008F0FF005A46C1
S31508005AC0394602F043F9824608F10108A845E2DBA7
S31508005AD0781CC7B2052FD4DB20E05A46294648462B
S31508005AE000F027F8002717E0FCB204EB4400C0EBEF
S31508005AF0441006EBC000603004EB4401C1EB4411CE
S31508005B0006EBC10101F148030090F8B25A4649462E
S31508005B1002F01CF982467F1CAF42E5DB32460221C1
S31508005B202846FFF7EEFD584601F0F4FF5046BDE85B
S31508005B30F88F2DE9F84304460E4617464FF0080835
S31508005B40012C06D10C208DF8010000208DF80000EC
S31508005B5020E0022C06D10E208DF8010000208DF8D9
S31508005B60000017E0032C06D10D208DF80100002057
S31508005B708DF800000EE0042C06D10F208DF80100E8
S31508005B8000208DF8000005E00C208DF801000020AB
S31508005B908DF800000221684602F022F9054628120F
S31508005BA08DF80200E8B28DF8030001F0A9FFF006AF
S31508005BB0030E3A460421684602F096FC01F0A0FF5F
S31508005BC0BDE8F8832DE9F84F81460D4616464FF095
S31508005BD0000A0024E80002F083F88346B9F1000FB2
S31508005BE02DD1012728E05A462946384600F058F8AC
S31508005BF04FF000081CE008F0FF0404EB4400C0EB7B
S31508005C00441006EBC000423004EB4401C1EB4411DA
S31508005C1006EBC10101F11E03009008F0FF005A4689
S31508005C20394602F093F850444FFA80FA08F1010811
S31508005C30A845E0DB781CC7B2072FD4DB24E05A4618
S31508005C402946484600F02CF800271BE0FCB204EB76
S31508005C504400C0EB441006EBC000423004EB44019C
S31508005C60C1EB441106EBC10101F11E03082101FB3A
S31508005C7004B20090F8B2494602F068F850444FFA68
S31508005C8080FA7F1CAF42E1DB324601212846FFF746
S31508005C9038FD584601F03EFF0AF0FF00BDE8F88FD0
S31508005CA02DE9FC4104460E46174608200190012CB2
S31508005CB006D104208DF8010000208DF800002BE0A5
S31508005CC0022C06D106208DF8010000208DF8000070
S31508005CD022E0032C06D108208DF8010000208DF85B
S31508005CE0000019E0042C06D10A208DF801000020D6
S31508005CF08DF8000010E0052C06D109208DF801006A
S31508005D0000208DF8000007E0062C05D10B208DF841
S31508005D10010000208DF800000221684602F060F8B4
S31508005D20054628128DF80200E8B28DF8030001F046
S31508005D30E7FE9DF804007043C3B23A46042168465C
S31508005D4002F0D2FB01F0D2FEBDE8FC810EB50020C0
S31508005D5000900190029012481249086000211148EB
S31508005D608160017301754FF46021C16100200D49FE
S31508005D70486001210B480161FCF714FA08B1FBF7EA
S31508005D805DFF0020009001200190052002906946E1
S31508005D900448FCF74FF908B1FBF750FF0EBD0000A9
S31508005DA0002401405001002010B510481049086031
S31508005DB00420486000210E488160C1604FF400212C
S31508005DC001614FF4E001416100210176012141762C
S31508005DD0002181760121C176002101774177FCF700
S31508005DE04FFF08B1FBF72AFF10BD00000064004012
S31508005DF08001002010B5104810490860042048604A
S31508005E0000210E488160C1604FF4002101614FF402
S31508005E10E001416100210176012141760021817668
S31508005E200121C176002101774177FCF729FF08B1E6
S31508005E30FBF704FF10BD000000680040A801002021
S31508005E4000B585B00020019002900390049000BF31
S31508005E505748806940F0200055498861084680699E
S31508005E6000F02000009000BF00BF00BF0846806910
S31508005E7040F0040088610846806900F0040000903C
S31508005E8000BF00BF00BF0846806940F0080088616F
S31508005E900846806900F00800009000BF00BF00BFF8
S31508005EA00846806940F0100088610846806900F05D
S31508005EB01000009000BF00BF012214213D48FDF7E5
S31508005EC069FC00224FF420713B48FDF763FC002271
S31508005ED04FF4E0613748FDF75DFC0122042137489D
S31508005EE0FDF758FC40F20470019011200290002042
S31508005EF003900320049001A92E48FDF7B3FA102059
S31508005F00019001200290002003900320049001A92B
S31508005F102848FDF7A7FA4CF280000190002002906D
S31508005F20039001A92648FDF79DFA4020019000201C
S31508005F300290039001A92048FDF794FA8020019069
S31508005F4001200290002003900220049001A91A481B
S31508005F50FDF788FA4FF4807001901A4802900020E5
S31508005F60039001A91448FDF77DFA4FF400700190DB
S31508005F7011200290002003900320049001A90E48E6
S31508005F80FDF770FA04200190012002900390032087
S31508005F90049001A90948FDF765FA00220121172096
S31508005FA0FDF784FC1720FDF771FC05B000BD000065
S31508005FB00010024000080140001001400014014092
S31508005FC0000C01400000211010B50F480F49086069
S31508005FD04FF48270486000210C488160C16002213C
S31508005FE0016101214161490281612821C1610021C4
S31508005FF00162416281620A21C162FEF747FB08B16C
S31508006000FBF71CFE10BD00000030014034220020C2
S3150800601010B50E480E4908604FF48270486000219A
S315080060200B488160C160016141614FF40071816173
S315080060300821C16100210162416281620A21C162AF
S31508006040FEF724FB08B1FBF7F9FD10BD003C004044
S315080060508C22002000B587B000200390049005909C
S315080060600690019002904FF080401449086040F273
S3150800607067104860002111488160C721C16000216E
S31508006080016180218161FEF719FF08B1FBF7D6FD92
S315080060904FF48050039003A90848FEF7C1FF08B1E2
S315080060A0FBF7CCFD00200190029001A90348FEF7FA
S315080060B0BDFE08B1FBF7C2FD07B000BDE422002013
S315080060C000B587B0002003900490059006900190D3
S315080060D0029015481549086040F2AF404860002113
S315080060E0124881604EF65F21C1600021016180215E
S315080060F08161FEF7E3FE08B1FBF7A0FD4FF480507F
S31508006100039003A90948FEF78BFF08B1FBF796FD34
S3150800611000200190029001A90448FEF787FE08B105
S31508006120FBF78CFD07B000BD000400402C230020BF
S3150800613000BFFEE730B502460B46002031E00021DD
S315080061400BE04FF47A6400EB400505EBC00502EB63
S31508006150051525F811404C1CE1B21229F1DB002186
S315080061600BE01A2500EB400404EBC00402EB041410
S31508006170243424F811504C1CE1B20629F1DB4021E5
S3150800618000EB400404EBC00402EB04142163002175
S3150800619000EB400404EBC00402EB04146163411CE9
S315080061A0C8B29842CBDB30BD00BFFEE730B5034628
S315080061B00C460021002004E0155C0D44A9B2451CDC
S315080061C0E8B29842F8DB601C084481B2C8B230BD18
S315080061D010B5012280211E48FDF7DCFA6420FDF780
S315080061E01DF9002280211A48FDF7D4FA6420FDF72C
S315080061F015F9012280211648FDF7CCFA6420FDF72F
S315080062000DF9002280211248FDF7C4FA6420FDF733
S3150800621005F9012280210E48FDF7BCFA6420FDF736
S31508006220FDF8002280210A48FDF7B4FA6420FDF73C
S31508006230F5F8012280210648FDF7ACFA4FF47A708A
S31508006240FDF7ECF8002280210148FDF7A3FA10BDFE
S315080062500010014010B54FF480710248FDF792FA1C
S3150800626010BD00000010014010B50446064B074A51
S315080062700821074800F00EF8034B044A0821044891
S3150800628001F0DCFD10BD0000D00100201400002044
S31508006290101F00202DE9FF4F83B01E464FF000095E
S315080062A04FF47A6002904FF0000A0127049802F032
S315080062B04BF9FFF775FB00BF0AE000233A460121B8
S315080062C00220FFF700FAFFF793FB8244781CC7B257
S315080062D0072FF2DB049802F037F901270AE00023BA
S315080062E03A4601210220FFF7EEF9FFF781FB8244C7
S315080062F0781CC7B2072FF2DB049802F025F9B84AD2
S3150800630000200499FFF75EFC049802F01DF9FFF7D8
S3150800631047FB01270AE000233A4619460220FFF701
S31508006320D2F9FFF765FB8244781CC7B2072FF2DB68
S31508006330049802F009F901270AE000233A461946AB
S315080063400220FFF7C0F9FFF753FB8244781CC7B257
S31508006350072FF2DBFFF74CFB82445046FAF7C2F9E7
S31508006360A0490860A04A00200499FFF72BFCFFF714
S3150800637017FB00240AE1012C00D105E10598055D0B
S315080063800598055D680001F0ABFC8346680001F0DE
S31508006390A7FC8046680001F0A3FC0190680001F0A4
S315080063A09FFC009000200DE004EB4401C1EB441172
S315080063B08B4A02EBC1011E3131F810102BF8101070
S315080063C0411CC8B2A842EFDB00200DE004EB4401F3
S315080063D0C1EB4411844A02EBC1011E3131F8101099
S315080063E028F81010411CC8B2A842EFDB002022E0B2
S315080063F038F810103BF8102091420DDD38F81010CF
S315080064003BF81020891A8AB2009921F81020002238
S31508006410019921F810200CE03BF8101038F81020EC
S31508006420891A8AB2019921F810200022009921F8C8
S315080064301020411CC8B2A842DADB002031E0002255
S3150800644004EB440101EBC40106EB011180310A5447
S31508006450421C009931F81210B1F57A6F0CDD012251
S3150800646004EB440101EBC40106EB011180310A5427
S3150800647009F1010101F0FF09019931F81010B1F590
S315080064807A6F0CDD012204EB440101EBC40106EB33
S31508006490011180310A5409F1010101F0FF09411C7B
S315080064A0C8B2691E8142CADC681E38F8100068B98D
S315080064B0012204EB440000EBC40006EB0010803018
S315080064C0425409F1010000F0FF0909E0002204EB3B
S315080064D0440000EBC40006EB00108030691E4254ED
S315080064E0A81E38F8100068B9012204EB440000EB36
S315080064F0C40006EB00108030A91E425409F10100C1
S3150800650000F0FF0900980088B0F57A6F0DDD0120CC
S3150800651004EB440101EBC40106EB011181F8AA0062
S3150800652009F1010000F0FF0908E0002004EB44012E
S3150800653001EBC40106EB011181F8AA00B8F80000C6
S315080065404FF6FF71884212D100200AE0012204EBBF
S31508006550440101EBC40106EB011180310A54411CC8
S31508006560C8B2A842F2DB09F1010000F0FF0958465B
S3150800657001F0D0FA404601F0CDFA009801F0CAFAC7
S31508006580019801F0C7FA00BF601CC4B2052CFFF6DB
S31508006590F2AEB9F1000F1CD014480078012812DDBC
S315080065A00121134880F8C411039890F8BC0100F043
S315080065B0100008B9FBF722FB0E4B0F4A0821039877
S315080065C001F0E6FC08E009480078401C0749087015
S315080065D002E000200549087007B0BDE8F08F00000A
S315080065E0900E002034000020D01500206300002003
S315080065F0101F0020D00100201400002010B54021F3
S315080066000348FDF7BFF808B9002010BD0120FCE7D4
S31508006610001001402DE9FF5F1421002001F07EF9EA
S3150800662003900398FAF763F880460022104BF9F7AF
S31508006630E1FF4FF066320F4BCDE90001F9F768FF2D
S31508006640064600220C4BF9F7D5FF044600220B4BF1
S31508006650F9F75EFF8246FAF7C7F802900298FAF74A
S3150800666053F807490881029804B0BDE8F09F000076
S315080066700000B04066660A400000E03F00408F40D8
S31508006680101F00207047000010B500224FF48071DB
S315080066900148FDF77FF810BD0008014010B501223A
S315080066A011020248FDF776F810BD00000008014007
S315080066B02DE9FC5FAA48807B042875D100F008FC08
S315080066C00446FAF721F8A649C880FFF7A3FF04464F
S315080066D0FAF71AF8A24908810846B0F8BC0100F48E
S315080066E00040002870D00846007C002837D00024D7
S315080066F003E0FAF72BFA601CC4B2642CF9DB002419
S3150800670003E0FAF701FA601CC4B2642CF9DB002432
S3150800671003E0FFF7B9FF601CC4B2642CF9DB642000
S31508006720FCF77CFE002403E0FAF710FA601CC4B2FA
S31508006730642CF9DB002403E0FAF7E6F9601CC4B21E
S31508006740642CF9DBFAF7A8FF002807D0844890F8EC
S31508006750CA01002802D1082081498873FEE0002476
S3150800676003E0FAF7F3F9601CC4B2642CF9DB0024E1
S3150800677003E0FAF7C9F9601CC4B2642CF9DB0024FB
S3150800678003E0FFF781FF601CC4B2642CF9DB6420C8
S31508006790FCF744FE002403E0FAF7D8F9601CC4B2FB
S315080067A0642CF9DB002404E0C9E0FAF7ADF9601CB3
S315080067B0C4B2642CF9DB00F03BF90028CED00520E2
S315080067C067498873CAE0FFE7654991F85A02F9F7FD
S315080067D08EFF04460D466249C888F9F788FF0646C3
S315080067E00F465F490889F9F782FF00225D4BCDE91C
S315080067F00001F9F78DFE804632463B46F9F7FAFE68
S31508006800824622462B46F9F7D7FF76D25448007CB3
S31508006810002846D0002407E0FAF798F9FAF774F941
S31508006820FFF732FF601CC4B2642CF5DB6420FCF76A
S31508006830F5FD002403E0FAF789F9601CC4B2642C5C
S31508006840F9DB002403E0FAF75FF9601CC4B2642C94
S31508006850F9DB002403E0FFF717FF601CC4B2642CC1
S31508006860F9DB6420FCF7DAFD002403E0FAF76EF999
S31508006870601CC4B2642CF9DB002403E0FAF744F97F
S31508006880601CC4B2642CF9DBFAF706FF002865D051
S31508006890334890F8CA01002860D108203049887327
S315080068A05CE0002407E0FAF751F9FAF72DF9FFF74B
S315080068B0EBFE601CC4B2642CF5DB6420FCF7AEFD6D
S315080068C0002403E0FAF742F9601CC4B2642CF9DB31
S315080068D0002403E0FAF718F9601CC4B2642CF9DB4B
S315080068E0002403E0FFF7D0FE601CC4B2642CF9DB79
S315080068F06420FCF793FD002404E014E0FAF726F977
S31508006900601CC4B2642CF9DB002403E0FAF7FCF837
S31508006910601CC4B2642CF9DB00F08AF8F0B10520DB
S315080069200F4988731AE001210D4880F8CF11B0F895
S31508006930BC0100F4004088B9FBF760F90EE00A498B
S31508006940486808E0094A81689268914202D14FF680
S31508006950FF71818000690028F4D100BFBDE8FC9F63
S31508006960101F0020000059407000002080210020E0
S3150800697010B5FAF7F5F848B11348D0F8BC0100F499
S31508006980803018B9FBF73AF9002010BDFAF7C6F8B7
S31508006990012809D00C48D0F8BC0100F4803018B999
S315080069A0FBF72CF90020F0E7FFF728FE012809D0AD
S315080069B00548D0F8BC0100F4803018B9FBF71EF979
S315080069C00020E2E70120E0E7101F002010B50024B0
S315080069D003E0FAF7B1F8601CC4B2012CF9DB002415
S315080069E003E0FAF791F8601CC4B2012CF9DB0A201F
S315080069F0FCF714FD002403E0FFF750FE601CC4B248
S31508006A00012CF9DB10BD000008B508490968C9085A
S31508006A104FF47A72B1FBF2F14143009100BF00BF17
S31508006A2000994A1E00920029F9D108BD38010020B4
S31508006A3010B5FAF795F801280AD00121144880F80C
S31508006A40D011D0F8BC0100F4803008B9002010BD80
S31508006A50FAF764F801280AD001210D4880F8D01108
S31508006A60D0F8BC0100F4803008B90020EFE7FFF742
S31508006A70C5FD50B10121064880F8D011D0F8BC01F7
S31508006A8000F4803008B90020E1E70120DFE70000C4
S31508006A90101F002010B50248FDF75EFD10BD00006E
S31508006AA03422002010B50248FDF756FD10BD00003F
S31508006AB08C22002070B505466C6A0020E087E086C7
S31508006AC02046FDF747FD70BDF8B504460E46154647
S31508006AD06068B0F5827F0DD1A068B0F5004F03D08D
S31508006AE0A068B0F5806F05D12068006820F04000E6
S31508006AF0216808606068B0F5827F11D1A068B0F59A
S31508006B00806F0DD13346002201212046009500F002
S31508006B102BF898B1606D40F0200060650320F8BD41
S31508006B203346002280212046009500F01DF828B142
S31508006B30606D40F0200060650320F0E70020EEE776
S31508006B40F8B504460D4616462B46002280212046F7
S31508006B50009600F009F828B1606D40F020006065E5
S31508006B600320F8BD0020FCE72DE9F84F04460D4642
S31508006B7090461E46DDF82890FCF712FEA0EB0900A9
S31508006B80371AFCF70DFE82462C480068C0F3CB3056
S31508006B907843009045E0701C002842D0FCF700FEC0
S31508006BA0A0EB0A00B84200D2A7BB2068406820F0D4
S31508006BB0E000216848606068B0F5827F0DD1A06862
S31508006BC0B0F5004F03D0A068B0F5806F05D12068F6
S31508006BD0006820F0400021680860A06AB0F5005FF0
S31508006BE00DD100BF2068006820F4005021680860B5
S31508006BF02068006840F400502168086000BF012042
S31508006C0084F8510000BF002084F8500000BF03201C
S31508006C10BDE8F88FFFE7009800B900270098401EE6
S31508006C200090206880682840A84201D1012000E031
S31508006C3000204045AFD10020EAE7000038010020D7
S31508006C40704710B50446082001F07EFCFAF774FE7A
S31508006C50FAF736FE10BD000010B5F9F78FFFF9F701
S31508006C607FFF60B10121174880F8D011D0F8BC0128
S31508006C7000F4803018B9FAF7C1FF002010BDF9F703
S31508006C804DFF60B101210F4880F8D011D0F8BC0142
S31508006C9000F4803018B9FAF7B1FF0020EEE7FFF7E5
S31508006CA0ADFC60B10121074880F8D011D0F8BC01CD
S31508006CB000F4803018B9FAF7A1FF0020DEE70120BA
S31508006CC0DCE70000101F002070B5054600F000F94B
S31508006CD00446F9F719FD0E49C880FFF79BFC0446E0
S31508006CE0F9F712FD0A490881F9F73AFF084981F8C8
S31508006CF0B201F9F713FF064981F8B301FFF77EFCE5
S31508006D00034981F8B40100F05BFDFAF761FD70BD37
S31508006D10101F002010B5FCF749FD10BD00B59BB04B
S31508006D2038210DA8F9F77AFA142108A8F9F776FA9E
S31508006D3020216846F9F772FA01200D9000040F9099
S31508006D40002010900120129000200E90022015902D
S31508006D50C10316914FF4E0111791002018900DA861
S31508006D60FDF742F908B1FAF769FF0F2008900220EB
S31508006D70099000200A904FF480600B9000200C9038
S31508006D80022108A8FCF7E0FF08B1FAF757FF02202E
S31508006D900090800302906846FCF7CEFE08B1FAF729
S31508006DA04DFF0120014908671BB000BD00004242A3
S31508006DB07047000010B50248FEF7B9F910BD00008B
S31508006DC0E422002010B50248FEF7B1F910BD000014
S31508006DD02C23002010B502681B4B98420BD0B0F14B
S31508006DE0804F08D0194B984205D0194B984202D0CB
S31508006DF0184B984203D122F070024B681A43124B83
S31508006E0098420BD0B0F1804F08D0104B984205D06D
S31508006E100F4B984202D00F4B984203D122F440728E
S31508006E20CB681A4322F080034C6943EA04020260E5
S31508006E308B68C3620B688362034B984201D10B6966
S31508006E4003630123436110BD002C01400004004088
S31508006E5000080040000C004030B50C46816821F45B
S31508006E607F4142EA032525432943816030BD0A460E
S31508006E70816821F0700142F0070319438160704769
S31508006E8030B50B461446026A056A25F00105056207
S31508006E90816921F0F00141EA041122F00A021A433D
S31508006EA08161026230BD30B50B461446026A056A36
S31508006EB025F010050562816921F4704141EA043123
S31508006EC022F0A00242EA03128161026230BD00008C
S31508006ED02DE9FF5F1421012000F020FD039003989F
S31508006EE0F9F705FC80460022104BF9F783FB4FF0B3
S31508006EF066320F4BCDE90001F9F70AFB0646002278
S31508006F000C4BF9F777FB044600220B4BF9F700FB0D
S31508006F108246F9F769FC02900298F9F7F5FB0749EA
S31508006F20C880029804B0BDE8F09F00000000B04099
S31508006F3066660A400000E03F00408F40101F0020B0
S31508006F4030B50C46848044808260C360002101709D
S31508006F5001610749496841B1054D696800E0096959
S31508006F600D69002DFBD1086101E00149486030BD7B
S31508006F707000002010B50C48446812E020780228FA
S31508006F8009D10120207008480460D4E90210884716
S31508006F900020054908602078012801D100202070CA
S31508006FA02469002CEAD110BD700000200849486801
S31508006FB00BE0017841B94188491E4180418819B9D9
S31508006FC0818841800221017000690028F1D170474B
S31508006FD0700000202DE9F04304468C46DDE9085789
S31508006FE0079EA08C1880A08C2880002030803880CE
S31508006FF000BF4DE0002147E000EB400808EBC00861
S3150800700004EB081808F1240838F81180B5F8009040
S31508007010C84513DA00EB400808EBC00804EB08186B
S3150800702008F1240838F81180A5F8008001F1010854
S315080070304FF0060909FB0088A7F8008000EB400816
S3150800704008EBC00804EB081808F1240838F8118082
S31508007050B3F80090C84513DD00EB400808EBC008FC
S3150800706004EB081808F1240838F81180A3F8008002
S3150800707001F101084FF0060909FB0088A6F800800F
S3150800708001F1010808F0FF019142B5DB411CC8B2C5
S315080070906045AFDBBDE8F0832DE9FF5F82460E460B
S315080070A0154699460024BCE00A2E3CDA062E3BDA41
S315080070B04FF0000B35E004EB4401C1EB441105EB3E
S315080070C0C101483131F81B00F9F711FB07460022C8
S315080070D0564BF9F71AFACDE9020104EB4401C1EB64
S315080070E0441105EBC101483131F81B00F9F7FFFAE5
S315080070F0074600224E4BF9F70BFACDE90001DDE908
S315080071000223F9F777FA04EB440202EBC40209EB0F
S315080071100212503202EBCB0203C20BF1010000F05F
S31508007120FF0BB345C7DB7AE04FF0000B35E004EB05
S315080071304401C1EB441105EBC101483131F81B008C
S31508007140F9F7D5FA07460022384BF9F7DEF9CDE903
S31508007150020104EB4401C1EB441105EBC1014831BE
S3150800716031F81B00F9F7C3FA07460022304BF9F746
S31508007170CFF9CDE90001DDE90223F9F73BFA04EB83
S31508007180440202EBC40209EB0212503202EBCB02B4
S3150800719003C20BF1010000F0FF0BBBF1050FC6DBC4
S315080071A04FF0050B39E004EB4401C1EB441105EB44
S315080071B0C10148310BF1010231F81200F9F797FACB
S315080071C007460022194BF9F7A0F9CDE9020104EBAD
S315080071D04401C1EB441105EBC10148310BF1010231
S315080071E031F81200F9F783FA07460022104BF9F72F
S315080071F08FF9CDE90001DDE90223F9F7FBF904EB84
S31508007200440202EBC40209EB0212503202EBCB0233
S3150800721003C20BF1010000F0FF0BB345C3DB601C92
S31508007220C4B25445FFF640AFBDE8FF9F004CDD40B1
S315080072300000344070B504460D46204601F084F936
S31508007240FEF7A4FB204601F07FF900210220FEF795
S315080072500FFAFEF7CDFB204601F076F92A462146BD
S315080072600020FEF7FDFB70BD2DE9F04F8DB082467C
S315080072708B4617464FF000084FF0050901200C9081
S31508007280002574E100266DE14FF000084FF005096E
S3150800729001200C90B94951F82800F9F762FACDE9AE
S315080072A0080105EB450000EBC50007EB0010503060
S315080072B000EBC60103C902460B46CDE90601DDE926
S315080072C00801F9F761FA7DD2AC4951F82900F9F7B6
S315080072D048FACDE9080105EB450000EBC50007EBC8
S315080072E00010503000EBC60103C902460B46CDE933
S315080072F00601DDE90801F9F75FFAE4D22AE108EBAD
S31508007300090000EBD071C1F347049C4951F82400E9
S31508007310F9F727FACDE9080105EB450000EBC500AA
S3150800732007EB0010503000EBC60103C902460B46B6
S31508007330CDE90601DDE90801F9F73EFA79D2611EC1
S315080073408E4A52F82100F9F70CFACDE9080105EB47
S31508007350450000EBC50007EB0010503000EBC601F6
S3150800736003C902460B46CDE90601DDE90801F9F72E
S315080073700BFA5BD200200C90621E804B53F8221049
S315080073801A4652F82400F8F7A6FF7D49099031F805
S315080073901420611E7A4B33F81110501AF9F799F92F
S315080073A008900999F8F7CFFF0B90744850F8241005
S315080073B00B98F8F796FF7249099031F81400F9F717
S315080073C091F900E0CCE008900999F8F784FF0A9053
S315080073D00A98F9F7C6F9CDE906010B98F9F7C1F944
S315080073E0CDE9020105EB450000EBC50007EB0010EF
S315080073F0503000EBC60003C8CDE90001DDE90223E1
S31508007400F9F786F8CDE90401DDE90623F8F7D9FF8F
S31508007410CDE90801F9F78CF981B205EB450000EBD7
S31508007420C50007EB0010243020F81610601E00F087
S31508007430FF09524951F82400F9F793F9CDE90801F3
S3150800744005EB450000EBC50007EB0010503000EBDC
S31508007450C60003C802460B46CDE90601DDE9080168
S31508007460F9F792F976D2454A611C52F82100F9F7E4
S3150800747078F9CDE9080105EB450000EBC50007EBF7
S315080074800010503000EBC60003C802460B46CDE993
S315080074900601DDE90801F9F78FF958D200200C90AA
S315080074A0364A52F824101346621C53F82200F8F79D
S315080074B012FF334A611C099032F8111032F8142071
S315080074C0881AF9F706F908900999F8F73CFF0B901E
S315080074D02A4850F824100B98F8F703FF2849099012
S315080074E031F81400F9F7FEF808900999F8F7F3FE51
S315080074F00A900A98F9F735F9CDE906010B98F9F7D4
S3150800750030F9CDE9020105EB450000EBC50007EBB4
S315080075100010503000EBC60103C9CDE90001DDE9D2
S315080075200223F8F7F5FFCDE90401DDE90623F8F7AC
S3150800753048FFCDE90801F9F7FBF881B205EB4500EC
S3150800754000EBC50007EB0010243020F81610601C6D
S3150800755000F0FF08C84503DC0C9800287FF4CFAE7E
S31508007560701CC6B25E45FFF68FAE681CC5B255459F
S31508007570FFF688AE0DB0BDE8F08F0000440000208D
S315080075803800002010B5FAF7CFFB30B170224FF45F
S3150800759080418848FAF790FB0BE141F24A00864998
S315080075A0A1F8EC014FF481518348A0F8EE114FF48D
S315080075B07A61A0F8F01140F63861A0F8F2114FF49C
S315080075C03461A0F8F41140F6B831A0F8F6114FF47A
S315080075D04861A0F8F81140F64851A0F8FA114FF49E
S315080075E0FA61A0F8FC114FF4D261A0F8FE114FF42D
S315080075F07A71A0F8001240F2B631A0F8021264219E
S31508007600A0F804125021A0F806123F21A0F808128B
S315080076103E21A0F80A124FF47A71A0F80C124FF422
S315080076206171A0F80E1240F25231A0F810124FF410
S315080076304871A0F812123221A0F814126421A0F899
S3150800764016129621A0F81812C821A0F81A1241F2AB
S31508007650FE01A0F81C1241F2CC01A0F81E1241F25C
S315080076600401A0F820124FF47A61A0F8221240F61D
S31508007670B831A0F8241240F61C41A0F8261240F6AC
S31508007680B241A0F8281240F64E41A0F82A124FF44B
S315080076907A71A0F82C124910A0F82E124FF49671A0
S315080076A0A0F830126421A0F832123C2180F8341276
S315080076B0322180F83512282180F83612232180F8E5
S315080076C03712002180F838120A2180F839120F2162
S315080076D080F83A12142180F83B120A2180F83C12ED
S315080076E0052180F83D12042180F83E12032180F816
S315080076F03F12642180F84812502180F8491232213D
S3150800770080F84A120A2180F84B12642180F8401248
S31508007710502180F84112322180F842120A2180F85D
S315080077204312642180F84412502180F84512322110
S3150800773080F846120A2180F84712642180F8481218
S31508007740502180F84912322180F84A120A2180F81D
S315080077504B12062180F84C12052180F84D1204219F
S3150800776080F84E12032180F84F120A2180F8501231
S31508007770082180F85112062180F85212032180F858
S315080077805312052180F85B125F2180F85A123221C4
S3150800779080F858121E2180F85912202180F85412B8
S315080077A01E2180F85512082180F85612032180F808
S315080077B0571210BDFC200020101F002000BFFEE756
S315080077C0F8B5002000903C48C0883B498988884223
S315080077D018DD3948C08838498988401A80B200902F
S315080077E03548C088BDF8001091FBF0F73846F8F721
S315080077F070FF06463149F8F774FD0546F8F784FF29
S31508007800C4B217E02C4880882B49C988401A80B230
S31508007810009029488088BDF8001091FBF0F738469B
S31508007820F8F757FF06462549F8F75BFD0546F8F7CA
S315080078306BFFC4B2204890F85302A04205DA2048EC
S315080078400078401C1E49087002E000201C49087098
S315080078501B48007802282DDD174890F85002A042F0
S315080078600BDA0121144880F8D111D0F8BC0100F4D4
S315080078700030F8B9FAF7C2F91CE00F4890F851023F
S31508007880A04204DA02210C4880F8D11112E00A4815
S3150800789090F85202A04204DA0321074880F8D11171
S315080078A008E0054890F85302A04203DA042102488A
S315080078B080F8D111F8BD0000101F00200000C84252
S315080078C07800002002480068C0F3022070470000D4
S315080078D00CED00E010B5002804DB0A07130E054A74
S315080078E0135406E00A07140E034A00F00F031B1F81
S315080078F0D45410BD00E400E018ED00E002E008C82A
S31508007900121F08C1002AFAD170477047002001E00B
S3150800791001C1121F002AFBD17047000070B5054649
S315080079200E464DB1012D0FD13146002000F012F858
S3150800793007490880044607E03146012000F00AF8A6
S3150800794003494880044600BF00BFA0B270BD0000CE
S3150800795074210020FEB506460C460027002000903C
S315080079600190029000960120019005200290694638
S315080079701248FAF75FFB08B1FAF760F9002516E036
S315080079800E48FAF7A7FD4FF4FA710C48FAF7E2FC2D
S315080079900A48FAF7FFFB00F4007020B10748FAF727
S315080079A0FCFB074401E0681EC5B2681CC5B2A542C7
S315080079B0E6DBB7FBF4F080B2FEBD00005001002004
S315080079C010B58AB0002005900690079010480090E0
S315080079D047F6600001900020029003900490012071
S315080079E0089069460B48FAF7C7FE08B1FAF726F970
S315080079F00848FBF708FC04460CB1FAF71FF9022100
S31508007A000448FAF7FFFD08B1FAF718F90AB010BDED
S31508007A10E0FF1F008001002010B58AB00E200590F7
S31508007A200120069007904CF2FA70009048F22C70EC
S31508007A3001900020029003900120049008900E20E7
S31508007A40099069460A48FAF797FE08B1FAF7F6F870
S31508007A500748FBF7D8FB04460CB1FAF7EFF81021F4
S31508007A600348FAF7CFFD08B1FAF7E8F80AB010BDEF
S31508007A70A801002010B504460D48807B082803D1CC
S31508007A800120F9F7BBFC12E00948807B092803D1DD
S31508007A900020F9F7B3FC0AE00548807B072806D1E1
S31508007AA00348007C012802D10020F9F7A7FC10BD85
S31508007AB0101F002038B5044620788DF8000060783D
S31508007AC08DF801000221684600F08AF90546281259
S31508007AD08DF80200E8B28DF8030000F011F8694647
S31508007AE0042000F0F3FC00F001F838BD10B50122BF
S31508007AF010210248FBF74EFE10BD000000080140A9
S31508007B0010B5002210210248FBF744FE10BD000004
S31508007B100008014010B5002821D0114B0022001F93
S31508007B20196803E0814203D80A4649680029F9D151
S31508007B3052B11368841A9C4204D100681844106034
S31508007B40104602E0506000E0186039B102680B1A6E
S31508007B50934203D10B681A4402604968416010BD1C
S31508007B604801002000202AE0C20112B2154B1A80F3
S31508007B7008211BE0134A128802F480427AB1114A9E
S31508007B801288520012B20F4B1A801A46B2F9002018
S31508007B900D4BB3F900305A400A4B1A8005E0094AE2
S31508007BA01288520012B2074B1A80491E0029E1DCDE
S31508007BB0044AB2F90020054B23F81020401CFF2880
S31508007BC0D2DD70476600002064000020101D0020EA
S31508007BD0FBF7F8FDFFF7A2F8FEF732F9FEF7B6F85D
S31508007BE0FEF7E2F8FEF706F9FEF7EEF9FEF710FAE9
S31508007BF0FEF730FAFEF764FA2448FAF78DF90023FF
S31508007C00234A4FF6FF712348FFF79AF90023224AC1
S31508007C104FF47A712148FFF793F90023204A32215D
S31508007C202048FFF78DF900231F4A64211F48FFF7F4
S31508007C3087F900231E4A64211E48FFF781F90023AD
S31508007C401D4AC8211D48FFF77BF900231C4AFA2163
S31508007C501C48FFF775F900231B4A64211B48FFF7E8
S31508007C606FF900231A4A4FF4FA711A48FFF768F9B0
S31508007C70F9F7EEFEF9F732F91748FDF78FF91748C5
S31508007C80FDF78CF901E0FFF775F9FCE750010020D4
S31508007C90B166000880210020757A0008942100202A
S31508007CA059100008A82100200D530008BC21002007
S31508007CB0C96C0008D0210020436C0008E42100208C
S31508007CC069620008F82100208D0B00080C220020AC
S31508007CD09153000820220020E42200202C230020B3
S31508007CE0F0B50B30154D20F007010024144A0FE0BB
S31508007CF003688B420BD38B4205D95E1A4318476833
S31508007D00C3E9006700E04368136002C004E0021D8F
S31508007D1010680028ECD12046002802D1286808B14E
S31508007D200020F0BD064A07481060074A121A22F0DA
S31508007D300702C0E9002401202860D7E74C0100208B
S31508007D40480100207C230020782500202DE9FF4FDC
S31508007D5006460F4614469A460620039003200290CC
S31508007D6000200190F006050E4FF0000913E0615D52
S31508007D70681C205C01EB00201FFA80FB781E9DF82A
S31508007D80081000FB01902AF810B0A81CC5B209F12A
S31508007D90010000F0FF099DF808008145E7DB681C33
S31508007DA0205C615D40EA0120009004EBC6009DF866
S31508007DB00C1000F015F880460098404506D00120C2
S31508007DC001900122781E0D990A5403E00022781EBC
S31508007DD00D990A54A81CC5B2019804B0BDE8F08FE5
S31508007DE010B502460B461020114C2080002114E0E5
S31508007DF0505C0F4C248880EAE410C0B20D4C2080F9
S31508007E000D48B4F9004030F81400094C247880EA8B
S31508007E10042000B2064C2080491C9942E8DB04483D
S31508007E20B0F900004FF6FF7404EA400010BD0000E8
S31508007E306600002068000020101D00202DE9FC5F68
S31508007E4004468A4699464FF0000B00250026002076
S31508007E5005E0002204F2E5110A54411CC8B20628BE
S31508007E60F7D302276CE04FF0000864E0002107EB27
S31508007E70470000EBC70009EB0010A43000F8081013
S31508007E8007EB470000EBC70009EB0010503000EB8A
S31508007E90C80003C800223A4BCDE90001F8F774FC84
S31508007EA010D307EB470000EBC70009EB0010503072
S31508007EB000EBC80103C9334A334BCDE90001F8F793
S31508007EC07BFC22D2012140F2C510015507EB470081
S31508007ED000EBC70009EB0010A43000F8081004F204
S31508007EE0E510805DA9400843C1B204F2E51081554A
S31508007EF00BF1010000F0FF0B681CC5B205F0070086
S31508007F00A8B90025701CC6B211E004F2E510805D20
S31508007F100021A9400843C1B204F2E5108155681C46
S31508007F20C5B205F0070010B90025701CC6B208F1E5
S31508007F30010000F0FF08B8F1060F97DB781CC7B2FE
S31508007F40574590DBBBF1000F15D010480078012883
S31508007F500BDD012140F2C510015594F8BC0100F073
S31508007F60200058B9F9F74AFE08E008480078401C8E
S31508007F700649087002E0002004490870BDE8FC9F25
S31508007F800000E03F21B0726891EDF43F62000020E6
S31508007F902DE9F0430C4617464FF0000C0022002549
S31508007FA0002107E04FF0000800F5E97606F80180A1
S31508007FB04E1CF1B21329F5D3002131E0002629E041
S31508007FC000F5E97818F8058001EB410909EBC109C4
S31508007FD003EB091909F1800919F8069009FA02F95B
S31508007FE048EA090808F0FF0900F5E97808F8059055
S31508007FF002F1010808F0FF0202F00708B8F1000FC5
S3150800800004D1002205F1010808F0FF0506F1010870
S3150800801008F0FF0617F80180B045D1DC4E1CF1B216
S31508008020A142CBDB00210EE001EB410606EBC106BF
S3150800803003EB061696F8AA608E4046EA0C0606F08A
S31508008040FF0C4E1CF1B2A142EEDB80F8E4C1BDE89C
S31508008050F0832DE9F0470C461546DDE909C8089F67
S31508008060002600211BE0002215E001EB410909EB7F
S31508008070C10904EB091909F1240939F812A000F518
S315080080809A7929F816A006F1010909F0FF0602F106
S31508008090010909F0FF02062AE7DB4A1CD1B2A94208
S315080080A0E1DB1A88A0F898213A7880F8B021BCF864
S315080080B00020A0F89A2198F8002080F8B121BDE8A0
S315080080C0F0872DE9F84F0C4698460AAD95E8E0107A
S315080080D000210091894600BF1BE0002313E001EB55
S315080080E0410A0AEBC10A04EB0A1A3AF813B000F17E
S315080080F0140A2AF819B009F1010A0AF0FF0903F16E
S31508008100010A0AF0FF0318F801A09A45E7DC4B1CA0
S31508008110D9B29142E1DB00210CE001EB410303EB0C
S31508008120C10304EB03131B6BDDF800A05344009353
S315080081304B1CD9B29142F0DB64230099B1FBF3F1F1
S3150800814081802B88A0F89431337880F8AE313B884B
S31508008150A0F896319CF8003080F8AF31BDE8F88F6A
S315080081602DE9F04105460E46144628883188401AFE
S3150800817087B2298894F83702814205DD5D48007880
S31508008180401C5C49087002E000205A490870318892
S3150800819094F83B02814205DA57480078401C564954
S315080081A0087002E000205449087094F83F02B8426B
S315080081B005DA52480078401C5049087002E0002051
S315080081C04E4908704B48007803282EDD298894F814
S315080081D0340281420CDD01214FF4E1700155484813
S315080081E090F8BC0100F00400F8B9F9F707FD1CE0A7
S315080081F0298894F83502814204DD02214FF4E170A2
S31508008200015512E0298894F83602814204DD0321DB
S315080082104FF4E170015508E0298894F83702814245
S3150800822003DD04214FF4E170015533480078032833
S315080082302EDD318894F8380281420CDA012140F2A9
S31508008240C31001552E4890F8BC0100F00800F8B993
S31508008250F9F7D4FC1CE0318894F83902814204DA33
S31508008260022140F2C310015512E0318894F83A020F
S31508008270814204DA032140F2C310015508E031882F
S3150800828094F83B02814203DA042140F2C3100155F7
S315080082901A48007803282ADD94F83C02B8420CDA1A
S315080082A0012140F2C7100155154890F8BC0100F0AD
S315080082B08000E0B9F9F7A2FC19E094F83D02B8424B
S315080082C004DA022140F2C710015510E094F83E0284
S315080082D0B84204DA032140F2C710015507E094F8C2
S315080082E03F02B84203DA042140F2C7100155BDE83F
S315080082F0F08100005F00002060000020610000207F
S31508008300101F00202DE9F04105460E461446288820
S315080083103188401A87B2298840F22220005B8142C0
S3150800832005DD66480078401C6449087002E00020B4
S3150800833062490870318840F22A20005B814205DADA
S315080083405F480078401C5E49087002E000205C49DE
S315080083500870B4F83202B84205DA5A480078401C68
S315080083605849087002E000205649087053480078BA
S3150800837003283ADD29884FF40770005B814214DD33
S3150800838001214FF4E07001554F4890F8BC0100F008
S315080083900100F8B94C48807B082826D04A48807BDB
S315080083A0092822D0F9F72AFC1FE0298840F21E2066
S315080083B0005B814204DD02214FF4E070015514E0B0
S315080083C029884FF40870005B814204DD03214FF4CD
S315080083D0E070015509E0298840F22220005B8142BD
S315080083E003DD04214FF4E070015535480078032871
S315080083F032DD31884FF40970005B81420CDA0121C5
S3150800840040F2C1100155304890F8BC0100F0020056
S3150800841010BBF9F7F3FB1FE0318840F22620005B1A
S31508008420814204DA022140F2C110015514E0318874
S315080084304FF40A70005B814204DA032140F2C1104E
S31508008440015509E0318840F22A20005B814203DAAF
S31508008450042140F2C11001551A48007803282ADD84
S31508008460B4F82C02B8420CDA01214FF4E370015536
S31508008470154890F8BC0100F04000E0B9F9F7BEFBDA
S3150800848019E0B4F82E02B84204DA02214FF4E37078
S31508008490015510E0B4F83002B84204DA03214FF46B
S315080084A0E370015507E0B4F83202B84203DA042152
S315080084B04FF4E3700155BDE8F08100005C00002030
S315080084C05D0000205E000020101F002070B50446E5
S315080084D00D464FF47A73224629460248FCF78BFA72
S315080084E070BD0000342200202DE9F04104460D46F7
S315080084F016461F464FF47A732A4621460548FCF766
S315080085007AFA4FF47A733A4631460248FCF7B4F9D8
S31508008510BDE8F0813422002038B50446FF200090DB
S3150800852000250CE0FFF7ECFA4FF47A73012269464E
S315080085300448FCF760FAFFF7D9FA681CC5B2A542E9
S31508008540F0DB38BD3422002070B50446002507E06C
S31508008550FFF7D6FA0120FAF761FFFFF7C7FA6D1C95
S31508008560A542F5DB70BD2DE9FC5F8046894692463B
S31508008570062001904FEAC800001D00F0FF0B584680
S31508008580FFF7AEFB044699F80000207099F8010041
S31508008590607002212046FFF723FC00900098001225
S315080085A0A0700098E0700425474623E000200BE001
S315080085B0791E01EB410100EB41011AF801106155E2
S315080085C0691CCDB2411CC8B29DF804108842EFDB85
S315080085D0791E01EB41010AEB41009DF80410FFF7F3
S315080085E0FFFB064630126055681C2654A81CC5B207
S315080085F0781EC7B2002FD9DCFFF782FA2146584603
S31508008600FFF764FFFFF772FA2046FFF783FABDE823
S31508008610FC9F0100000000000000000102030406A0
S31508008620070809000000000102030400000405060B
S3150800863007080900000000000D01020304050607EB
S3150800864008090A0B0C0D0E0F100000040506070892
S315080086500900000000000D010203040506070809C9
S315080086600A0B0C0D0E0F100088860008000000206B
S3150800867050010000B00900080C87000850010020CE
S31508008680282800000C7900084113FC20042E2040FD
S31508008690011206120712081209120A320B18128062
S315080086A03F85EB813F8B6C873FDF4F8D3F46B69307
S315080086B00C83A73F03139945091A706420AC404AF6
S315080086C059086AC8104A69084B18AD084BC07208A1
S315080086D05A6410114A79085A88104B407F086AACC8
S315080086E0304A82085AF8104BE085085B82AE404A49
S315080086F089085AF0105B208C205AAF504A8F08140C
S3110800870036B0405324F4DA10CB00000019
S70508000151A0
